0.0	-70.6	0.0	
2.5E-5	-70.6	0.0	
5.0E-5	-70.528824	1.779365E-4	
7.5E-5	-70.45784	5.332233E-4	
1.0E-4	-70.38705	0.001065276	
1.25E-4	-70.31644	0.0017735114	
1.5E-4	-70.246025	0.0026573483	
1.75E-4	-70.17579	0.0037162069	
2.0E-4	-70.10575	0.0049495087	
2.25E-4	-70.0359	0.0063566775	
2.5E-4	-69.966225	0.007937138	
2.75E-4	-69.89674	0.009690317	
3.0E-4	-69.827446	0.011615642	
3.25E-4	-69.75834	0.013712543	
3.5E-4	-69.68941	0.01598045	
3.75E-4	-69.62067	0.018418798	
4.0E-4	-69.55211	0.021027021	
4.25E-4	-69.483734	0.023804553	
4.5E-4	-69.415535	0.026750831	
4.75E-4	-69.34753	0.029865297	
5.0E-4	-69.27969	0.033147387	
5.25E-4	-69.21205	0.036596548	
5.5E-4	-69.144585	0.04021222	
5.75E-4	-69.07729	0.04399385	
6.0E-4	-69.010185	0.04794088	
6.25E-4	-68.94326	0.052052766	
6.5E-4	-68.87651	0.05632895	
6.75E-4	-68.809944	0.060768887	
7.0E-4	-68.74355	0.06537203	
7.25E-4	-68.67734	0.07013783	
7.5E-4	-68.6113	0.07506574	
7.75E-4	-68.54544	0.08015522	
8.0E-4	-68.47976	0.08540574	
8.25E-4	-68.414246	0.09081674	
8.5E-4	-68.348915	0.0963877	
8.75E-4	-68.28375	0.10211807	
9.0E-4	-68.21877	0.10800731	
9.25E-4	-68.15396	0.1140549	
9.5E-4	-68.089325	0.120260306	
9.75E-4	-68.024864	0.12662299	
0.001	-67.96057	0.13314241	
0.001025	-67.896454	0.13981807	
0.00105	-67.832504	0.14664942	
0.001075	-67.76873	0.15363593	
0.0011	-67.705124	0.1607771	
0.001125	-67.64169	0.16807239	
0.00115	-67.57843	0.17552128	
0.001175	-67.515335	0.18312325	
0.0012	-67.45241	0.19087778	
0.001225	-67.38965	0.19878437	
0.00125	-67.32706	0.20684248	
0.001275	-67.26464	0.2150516	
0.0013	-67.202385	0.22341125	
0.001325	-67.1403	0.23192087	
0.00135	-67.07838	0.24057998	
0.001375	-67.01662	0.24938807	
0.0014	-66.95503	0.25834462	
0.001425	-66.89361	0.26744914	
0.00145	-66.832344	0.27670112	
0.001475	-66.771255	0.28610006	
0.0015	-66.71032	0.29564545	
0.001525	-66.64955	0.30533677	
0.00155	-66.58895	0.31517357	
0.001575	-66.5285	0.32515532	
0.0016	-66.46822	0.33528155	
0.001625	-66.408104	0.34555173	
0.00165	-66.34815	0.35596538	
0.001675	-66.28835	0.366522	
0.0017	-66.22872	0.37722114	
0.001725	-66.16924	0.38806227	
0.00175	-66.109924	0.39904493	
0.001775	-66.050766	0.4101686	
0.0018	-65.99177	0.42143282	
0.001825	-65.93293	0.4328371	
0.00185	-65.87425	0.44438094	
0.001875	-65.81573	0.4560639	
0.0019	-65.75736	0.46788543	
0.001925	-65.69915	0.47984514	
0.00195	-65.6411	0.4919425	
0.001975	-65.5832	0.50417703	
0.002	-65.52546	0.5165483	
0.002025	-65.46787	0.5290558	
0.00205	-65.41044	0.541699	
0.002075	-65.35316	0.5544776	
0.0021	-65.296036	0.5673909	
0.002125	-65.23907	0.5804387	
0.00215	-65.18224	0.59362024	
0.002175	-65.12558	0.60693526	
0.0022	-65.06907	0.62038326	
0.002225	-65.01271	0.63396376	
0.00225	-64.9565	0.6476763	
0.002275	-64.900444	0.66152036	
0.0023	-64.844536	0.67549556	
0.002325	-64.78878	0.6896015	
0.00235	-64.73317	0.7038375	
0.002375	-64.67772	0.71820337	
0.0024	-64.622406	0.73269844	
0.002425	-64.567245	0.7473224	
0.00245	-64.51224	0.7620747	
0.002475	-64.457375	0.776955	
0.0025	-64.40266	0.79196274	
0.002525	-64.34809	0.80709755	
0.00255	-64.29367	0.8223589	
0.002575	-64.239395	0.83774644	
0.0026	-64.185265	0.8532597	
0.002625	-64.13129	0.8688982	
0.00265	-64.077446	0.8846615	
0.002675	-64.02376	0.9005492	
0.0027	-63.970207	0.9165608	
0.002725	-63.916805	0.932696	
0.00275	-63.863544	0.94895416	
0.002775	-63.81043	0.965335	
0.0028	-63.757454	0.98183805	
0.002825	-63.704624	0.99846286	
0.00285	-63.651936	1.015209	
0.002875	-63.59939	1.032076	
0.0029	-63.546986	1.0490634	
0.002925	-63.49472	1.066171	
0.00295	-63.442596	1.0833981	
0.002975	-63.390614	1.1007445	
0.003	-63.33877	1.1182096	
0.003025	-63.28707	1.1357931	
0.00305	-63.235508	1.1534944	
0.003075	-63.184082	1.1713133	
0.0031	-63.132797	1.1892492	
0.003125	-63.08165	1.2073019	
0.00315	-63.03064	1.2254707	
0.003175	-62.979767	1.2437553	
0.0032	-62.92903	1.2621554	
0.003225	-62.878433	1.2806704	
0.00325	-62.827972	1.2993001	
0.003275	-62.777645	1.318044	
0.0033	-62.727455	1.3369015	
0.003325	-62.677402	1.3558724	
0.00335	-62.627483	1.3749563	
0.003375	-62.577698	1.3941528	
0.0034	-62.528046	1.4134612	
0.003425	-62.47853	1.4328815	
0.00345	-62.429146	1.4524131	
0.003475	-62.379898	1.4720556	
0.0035	-62.33078	1.4918087	
0.003525	-62.281796	1.5116718	
0.00355	-62.232944	1.5316446	
0.003575	-62.184223	1.5517267	
0.0036	-62.135635	1.5719178	
0.003625	-62.087177	1.5922174	
0.00365	-62.03885	1.6126251	
0.003675	-61.990654	1.6331407	
0.0037	-61.942585	1.6537634	
0.003725	-61.89465	1.6744932	
0.00375	-61.84684	1.6953295	
0.003775	-61.799164	1.7162721	
0.0038	-61.751614	1.7373204	
0.003825	-61.704193	1.7584741	
0.00385	-61.6569	1.7797328	
0.003875	-61.609734	1.8010961	
0.0039	-61.562695	1.8225636	
0.003925	-61.51578	1.8441352	
0.00395	-61.468998	1.86581	
0.003975	-61.42234	1.8875881	
0.004	-61.37581	1.9094688	
0.004025	-61.3294	1.9314519	
0.00405	-61.28312	1.953537	
0.004075	-61.23696	1.9757236	
0.0041	-61.19093	1.9980115	
0.004125	-61.145023	2.0204	
0.00415	-61.09924	2.0428894	
0.004175	-61.053577	2.0654786	
0.0042	-61.00804	2.0881674	
0.004225	-60.962627	2.1109557	
0.00425	-60.917336	2.1338432	
0.004275	-60.87217	2.156829	
0.0043	-60.82712	2.1799133	
0.004325	-60.782196	2.2030952	
0.00435	-60.737392	2.2263749	
0.004375	-60.692707	2.2497516	
0.0044	-60.648148	2.273225	
0.004425	-60.603706	2.2967951	
0.00445	-60.559383	2.3204613	
0.004475	-60.51518	2.344223	
0.0045	-60.471096	2.3680801	
0.004525	-60.42713	2.3920321	
0.00455	-60.38329	2.416079	
0.004575	-60.33956	2.4402199	
0.0046	-60.29595	2.464455	
0.004625	-60.25246	2.4887836	
0.00465	-60.209087	2.5132053	
0.004675	-60.165833	2.53772	
0.0047	-60.122692	2.5623271	
0.004725	-60.079666	2.5870266	
0.00475	-60.036762	2.6118178	
0.004775	-59.99397	2.6367004	
0.0048	-59.951294	2.6616743	
0.004825	-59.908733	2.686739	
0.00485	-59.866287	2.711894	
0.004875	-59.823956	2.7371392	
0.0049	-59.78174	2.762474	
0.004925	-59.739635	2.7878985	
0.00495	-59.697643	2.813412	
0.004975	-59.65577	2.839014	
0.005	-59.614006	2.8647046	
0.005025	-59.572353	2.8904834	
0.00505	-59.530815	2.91635	
0.005075	-59.48939	2.9423037	
0.0051	-59.448074	2.9683444	
0.005125	-59.40687	2.994472	
0.00515	-59.36578	3.0206861	
0.005175	-59.3248	3.046986	
0.0052	-59.283928	3.073372	
0.005225	-59.243168	3.0998433	
0.00525	-59.202515	3.1263995	
0.005275	-59.161976	3.1530406	
0.0053	-59.121544	3.1797662	
0.005325	-59.08122	3.2065756	
0.00535	-59.041004	3.233469	
0.005375	-59.000896	3.2604458	
0.0054	-58.9609	3.2875059	
0.005425	-58.92101	3.3146486	
0.00545	-58.881226	3.341874	
0.005475	-58.84155	3.3691814	
0.0055	-58.80198	3.3965707	
0.005525	-58.76252	3.4240415	
0.00555	-58.72316	3.4515936	
0.005575	-58.68391	3.4792266	
0.0056	-58.644764	3.5069401	
0.005625	-58.605724	3.534734	
0.00565	-58.56679	3.5626078	
0.005675	-58.52796	3.5905614	
0.0057	-58.489235	3.6185942	
0.005725	-58.45061	3.6467059	
0.00575	-58.412094	3.6748965	
0.005775	-58.37368	3.7031655	
0.0058	-58.33537	3.7315125	
0.005825	-58.29716	3.7599375	
0.00585	-58.259052	3.78844	
0.005875	-58.22105	3.8170195	
0.0059	-58.183147	3.845676	
0.005925	-58.145348	3.8744092	
0.00595	-58.10765	3.9032185	
0.005975	-58.070053	3.9321039	
0.006	-58.032555	3.9610648	
0.006025	-57.99516	3.9901013	
0.00605	-57.957863	4.0192127	
0.006075	-57.920666	4.048399	
0.0061	-57.883568	4.07766	
0.006125	-57.846573	4.106995	
0.00615	-57.809673	4.136404	
0.006175	-57.772873	4.1658864	
0.0062	-57.73617	4.195442	
0.006225	-57.69957	4.2250714	
0.00625	-57.663063	4.254773	
0.006275	-57.626656	4.2845473	
0.0063	-57.590343	4.3143935	
0.006325	-57.55413	4.3443117	
0.00635	-57.518013	4.3743014	
0.006375	-57.48199	4.4043627	
0.0064	-57.446068	4.4344945	
0.006425	-57.41024	4.4646974	
0.00645	-57.374504	4.494971	
0.006475	-57.338867	4.5253143	
0.0065	-57.30332	4.5557275	
0.006525	-57.267876	4.5862107	
0.00655	-57.23252	4.616763	
0.006575	-57.197258	4.647384	
0.0066	-57.162094	4.6780744	
0.006625	-57.127018	4.708833	
0.00665	-57.092037	4.73966	
0.006675	-57.05715	4.770555	
0.0067	-57.022358	4.8015175	
0.006725	-56.98765	4.832547	
0.00675	-56.95304	4.863644	
0.006775	-56.918526	4.8948083	
0.0068	-56.884098	4.9260387	
0.006825	-56.84976	4.9573355	
0.00685	-56.815514	4.9886985	
0.006875	-56.78136	5.0201273	
0.0069	-56.747295	5.0516214	
0.006925	-56.713318	5.083181	
0.00695	-56.679436	5.114805	
0.006975	-56.645638	5.1464944	
0.007	-56.61193	5.178248	
0.007025	-56.578312	5.210066	
0.00705	-56.544785	5.2419477	
0.007075	-56.51134	5.273893	
0.0071	-56.47799	5.3059015	
0.007125	-56.444725	5.3379736	
0.00715	-56.411545	5.3701086	
0.007175	-56.378452	5.402306	
0.0072	-56.345448	5.434566	
0.007225	-56.31253	5.466888	
0.00725	-56.279697	5.4992723	
0.007275	-56.246952	5.531718	
0.0073	-56.214294	5.5642247	
0.007325	-56.181717	5.5967927	
0.00735	-56.149227	5.6294217	
0.007375	-56.11682	5.6621113	
0.0074	-56.084503	5.694861	
0.007425	-56.052265	5.727671	
0.00745	-56.020115	5.760541	
0.007475	-55.988045	5.793471	
0.0075	-55.95606	5.8264594	
0.007525	-55.924156	5.8595076	
0.00755	-55.892338	5.8926144	
0.007575	-55.8606	5.9257803	
0.0076	-55.828945	5.9590044	
0.007625	-55.79737	5.992286	
0.00765	-55.76588	6.0256267	
0.007675	-55.73447	6.0590243	
0.0077	-55.70314	6.0924797	
0.007725	-55.67189	6.1259923	
0.00775	-55.640724	6.1595616	
0.007775	-55.609634	6.1931877	
0.0078	-55.578625	6.2268705	
0.007825	-55.5477	6.2606096	
0.00785	-55.51685	6.2944045	
0.007875	-55.48608	6.328255	
0.0079	-55.455387	6.3621616	
0.007925	-55.424774	6.3961234	
0.00795	-55.394238	6.43014	
0.007975	-55.36378	6.464212	
0.008	-55.333405	6.498338	
0.008025	-55.3031	6.532519	
0.00805	-55.272877	6.566754	
0.008075	-55.24273	6.6010427	
0.0081	-55.212654	6.6353855	
0.008125	-55.18266	6.6697817	
0.00815	-55.15274	6.7042313	
0.008175	-55.122894	6.738734	
0.0082	-55.093124	6.7732897	
0.008225	-55.06343	6.8078976	
0.00825	-55.033813	6.842558	
0.008275	-55.00427	6.8772707	
0.0083	-54.974796	6.9120355	
0.008325	-54.9454	6.946852	
0.00835	-54.916077	6.98172	
0.008375	-54.886826	7.016639	
0.0084	-54.857647	7.05161	
0.008425	-54.828545	7.0866313	
0.00845	-54.79951	7.121703	
0.008475	-54.77055	7.156826	
0.0085	-54.74166	7.191999	
0.008525	-54.712845	7.2272215	
0.00855	-54.6841	7.2624946	
0.008575	-54.655426	7.2978168	
0.0086	-54.62682	7.3331885	
0.008625	-54.598286	7.3686094	
0.00865	-54.569824	7.40408	
0.008675	-54.541428	7.4395986	
0.0087	-54.513103	7.475166	
0.008725	-54.484848	7.510782	
0.00875	-54.45666	7.546446	
0.008775	-54.428543	7.582158	
0.0088	-54.400494	7.617918	
0.008825	-54.372513	7.6537256	
0.00885	-54.344597	7.6895804	
0.008875	-54.316753	7.7254825	
0.0089	-54.28897	7.7614317	
0.008925	-54.26126	7.7974277	
0.00895	-54.233612	7.8334703	
0.008975	-54.20603	7.8695593	
0.009	-54.17852	7.9056945	
0.009025	-54.15107	7.941876	
0.00905	-54.123688	7.978103	
0.009075	-54.09637	8.014376	
0.0091	-54.069115	8.0506935	
0.009125	-54.041927	8.087057	
0.00915	-54.0148	8.1234665	
0.009175	-53.98774	8.15992	
0.0092	-53.960743	8.196418	
0.009225	-53.93381	8.232961	
0.00925	-53.906937	8.269547	
0.009275	-53.88013	8.306179	
0.0093	-53.853382	8.342854	
0.009325	-53.8267	8.379573	
0.00935	-53.800076	8.416335	
0.009375	-53.773514	8.453141	
0.0094	-53.747017	8.48999	
0.009425	-53.720577	8.526883	
0.00945	-53.6942	8.563818	
0.009475	-53.66788	8.600796	
0.0095	-53.64162	8.637816	
0.009525	-53.61542	8.674879	
0.00955	-53.589283	8.711985	
0.009575	-53.5632	8.749131	
0.0096	-53.53718	8.78632	
0.009625	-53.511215	8.82355	
0.00965	-53.48531	8.860823	
0.009675	-53.459465	8.898136	
0.0097	-53.433674	8.935491	
0.009725	-53.40794	8.972886	
0.00975	-53.382263	9.010323	
0.009775	-53.356644	9.047799	
0.0098	-53.33108	9.085317	
0.009825	-53.305573	9.122874	
0.00985	-53.28012	9.160472	
0.009875	-53.254726	9.198111	
0.0099	-53.229385	9.235788	
0.009925	-53.204098	9.273505	
0.00995	-53.178864	9.311262	
0.009975	-53.153687	9.349058	
0.01	-53.12856	9.386894	
0.010025	-53.10349	9.424768	
0.01005	-53.078472	9.462682	
0.010075	-53.053505	9.500634	
0.0101	-53.02859	9.538625	
0.010125	-53.00373	9.5766535	
0.01015	-52.97892	9.61472	
0.010175	-52.954163	9.652826	
0.0102	-52.929455	9.690969	
0.010225	-52.9048	9.729151	
0.01025	-52.880196	9.767369	
0.010275	-52.85564	9.805626	
0.0103	-52.831135	9.84392	
0.010325	-52.80668	9.88225	
0.01035	-52.782272	9.920618	
0.010375	-52.757915	9.9590225	
0.0104	-52.733604	9.997464	
0.010425	-52.709347	10.035943	
0.01045	-52.68513	10.074457	
0.010475	-52.660965	10.1130085	
0.0105	-52.63685	10.151596	
0.010525	-52.612778	10.190219	
0.01055	-52.588753	10.228878	
0.010575	-52.564774	10.267573	
0.0106	-52.54084	10.306304	
0.010625	-52.516953	10.34507	
0.01065	-52.49311	10.383872	
0.010675	-52.469315	10.4227085	
0.0107	-52.445564	10.46158	
0.010725	-52.421856	10.500487	
0.01075	-52.39819	10.539429	
0.010775	-52.37457	10.578405	
0.0108	-52.35099	10.617416	
0.010825	-52.327457	10.656462	
0.01085	-52.303963	10.695541	
0.010875	-52.280514	10.734655	
0.0109	-52.257107	10.773804	
0.010925	-52.233738	10.812985	
0.01095	-52.21041	10.852201	
0.010975	-52.187126	10.891451	
0.011	-52.163883	10.930735	
0.011025	-52.140675	10.970051	
0.01105	-52.11751	11.009401	
0.011075	-52.094383	11.048784	
0.0111	-52.071297	11.088201	
0.011125	-52.04825	11.127649	
0.01115	-52.025238	11.167131	
0.011175	-52.002266	11.206647	
0.0112	-51.979332	11.246194	
0.011225	-51.956432	11.285774	
0.01125	-51.93357	11.325387	
0.011275	-51.910748	11.365031	
0.0113	-51.88796	11.404708	
0.011325	-51.865204	11.444417	
0.01135	-51.842487	11.4841585	
0.011375	-51.819805	11.5239315	
0.0114	-51.797153	11.563736	
0.011425	-51.77454	11.603572	
0.01145	-51.75196	11.64344	
0.011475	-51.729412	11.683339	
0.0115	-51.706898	11.72327	
0.011525	-51.684414	11.763232	
0.01155	-51.661964	11.8032255	
0.011575	-51.639545	11.843249	
0.0116	-51.61716	11.883305	
0.011625	-51.594803	11.92339	
0.01165	-51.57248	11.963507	
0.011675	-51.550182	12.0036545	
0.0117	-51.52792	12.043832	
0.011725	-51.505684	12.084041	
0.01175	-51.483475	12.124279	
0.011775	-51.461296	12.164548	
0.0118	-51.439148	12.204847	
0.011825	-51.417027	12.245177	
0.01185	-51.39493	12.285537	
0.011875	-51.372864	12.325926	
0.0119	-51.35082	12.366345	
0.011925	-51.328804	12.406795	
0.01195	-51.306816	12.447273	
0.011975	-51.28485	12.487782	
0.012	-51.26291	12.528319	
0.012025	-51.240993	12.568887	
0.01205	-51.2191	12.609483	
0.012075	-51.197235	12.650109	
0.0121	-51.17539	12.690764	
0.012125	-51.153564	12.731449	
0.01215	-51.131763	12.772162	
0.012175	-51.109985	12.812904	
0.0122	-51.088226	12.853676	
0.012225	-51.06649	12.894476	
0.01225	-51.044773	12.935306	
0.012275	-51.02308	12.976163	
0.0123	-51.0014	13.017049	
0.012325	-50.97974	13.057964	
0.01235	-50.9581	13.098907	
0.012375	-50.936478	13.13988	
0.0124	-50.914875	13.180881	
0.012425	-50.893288	13.221909	
0.01245	-50.871716	13.262966	
0.012475	-50.85016	13.304051	
0.0125	-50.82862	13.345164	
0.012525	-50.807095	13.386306	
0.01255	-50.785583	13.427476	
0.012575	-50.764088	13.468674	
0.0126	-50.742607	13.509899	
0.012625	-50.721134	13.551152	
0.01265	-50.699677	13.592434	
0.012675	-50.67823	13.633743	
0.0127	-50.6568	13.675079	
0.012725	-50.635376	13.716444	
0.01275	-50.61396	13.757836	
0.012775	-50.59256	13.799256	
0.0128	-50.571163	13.840704	
0.012825	-50.549778	13.882179	
0.01285	-50.5284	13.923682	
0.012875	-50.50703	13.965212	
0.0129	-50.48567	14.00677	
0.012925	-50.464314	14.048355	
0.01295	-50.442963	14.089967	
0.012975	-50.421616	14.131607	
0.013	-50.400276	14.173274	
0.013025	-50.378937	14.214968	
0.01305	-50.357605	14.25669	
0.013075	-50.336273	14.298439	
0.0131	-50.314945	14.340215	
0.013125	-50.293617	14.382018	
0.01315	-50.272293	14.423849	
0.013175	-50.250965	14.465706	
0.0132	-50.22964	14.507591	
0.013225	-50.208313	14.549503	
0.01325	-50.186985	14.591442	
0.013275	-50.165653	14.633409	
0.0133	-50.144318	14.675402	
0.013325	-50.122982	14.7174225	
0.01335	-50.10164	14.75947	
0.013375	-50.08029	14.801544	
0.0134	-50.05894	14.843646	
0.013425	-50.03758	14.885775	
0.01345	-50.016212	14.927931	
0.013475	-49.99484	14.970114	
0.0135	-49.973454	15.012323	
0.013525	-49.95206	15.054561	
0.01355	-49.93066	15.096825	
0.013575	-49.909245	15.139116	
0.0136	-49.88782	15.181435	
0.013625	-49.866383	15.223781	
0.01365	-49.84493	15.266153	
0.013675	-49.823463	15.308554	
0.0137	-49.801983	15.350981	
0.013725	-49.780487	15.393435	
0.01375	-49.758976	15.435917	
0.013775	-49.737442	15.478426	
0.0138	-49.715897	15.520962	
0.013825	-49.69433	15.563525	
0.01385	-49.672737	15.606116	
0.013875	-49.65113	15.648735	
0.0139	-49.629498	15.6913805	
0.013925	-49.607845	15.734054	
0.01395	-49.586166	15.776754	
0.013975	-49.564465	15.819483	
0.014	-49.542736	15.862239	
0.014025	-49.52098	15.905023	
0.01405	-49.499195	15.947834	
0.014075	-49.477383	15.990673	
0.0141	-49.455544	16.03354	
0.014125	-49.43367	16.076435	
0.01415	-49.411766	16.119358	
0.014175	-49.389828	16.162308	
0.0142	-49.367855	16.205288	
0.014225	-49.34585	16.248295	
0.01425	-49.323807	16.29133	
0.014275	-49.301727	16.334393	
0.0143	-49.279606	16.377485	
0.014325	-49.257446	16.420607	
0.01435	-49.23525	16.463755	
0.014375	-49.213005	16.506933	
0.0144	-49.190716	16.550138	
0.014425	-49.168385	16.593374	
0.01445	-49.146008	16.636639	
0.014475	-49.12358	16.679932	
0.0145	-49.10111	16.723253	
0.014525	-49.078583	16.766605	
0.01455	-49.056007	16.809986	
0.014575	-49.033375	16.853395	
0.0146	-49.010693	16.896835	
0.014625	-48.987953	16.940306	
0.01465	-48.965153	16.983805	
0.014675	-48.942295	17.027334	
0.0147	-48.919376	17.070894	
0.014725	-48.896397	17.114483	
0.01475	-48.873352	17.158104	
0.014775	-48.85024	17.201754	
0.0148	-48.82706	17.245436	
0.014825	-48.803814	17.289148	
0.01485	-48.780495	17.332891	
0.014875	-48.757103	17.376665	
0.0149	-48.73364	17.420471	
0.014925	-48.710094	17.464308	
0.01495	-48.68647	17.508177	
0.014975	-48.66277	17.552076	
0.015	-48.638985	17.596008	
0.015025	-48.615112	17.639975	
0.01505	-48.591156	17.683971	
0.015075	-48.56711	17.728	
0.0151	-48.542973	17.772062	
0.015125	-48.51874	17.816158	
0.01515	-48.49441	17.860289	
0.015175	-48.469986	17.90445	
0.0152	-48.44546	17.948647	
0.015225	-48.42083	17.992876	
0.01525	-48.39609	18.03714	
0.015275	-48.371246	18.08144	
0.0153	-48.34629	18.125772	
0.015325	-48.32122	18.170141	
0.01535	-48.296032	18.214544	
0.015375	-48.27072	18.258984	
0.0154	-48.245293	18.30346	
0.015425	-48.219734	18.34797	
0.01545	-48.194046	18.392517	
0.015475	-48.16823	18.437101	
0.0155	-48.14227	18.481722	
0.015525	-48.116177	18.52638	
0.01555	-48.089935	18.571077	
0.015575	-48.06355	18.61581	
0.0156	-48.037014	18.660583	
0.015625	-48.010323	18.705395	
0.01565	-47.983475	18.750246	
0.015675	-47.956463	18.795135	
0.0157	-47.929283	18.840065	
0.015725	-47.901936	18.885035	
0.01575	-47.87441	18.930046	
0.015775	-47.846703	18.975098	
0.0158	-47.81881	19.020191	
0.015825	-47.79073	19.065327	
0.01585	-47.76245	19.110504	
0.015875	-47.73397	19.155725	
0.0159	-47.705288	19.20099	
0.015925	-47.67639	19.2463	
0.01595	-47.647278	19.291653	
0.015975	-47.61794	19.33705	
0.016	-47.58837	19.382494	
0.016025	-47.558567	19.427982	
0.01605	-47.528522	19.473518	
0.016075	-47.498222	19.519102	
0.0161	-47.467667	19.564734	
0.016125	-47.436848	19.610415	
0.01615	-47.405754	19.656143	
0.016175	-47.374382	19.701921	
0.0162	-47.342716	19.747751	
0.016225	-47.310757	19.793633	
0.01625	-47.27849	19.839565	
0.016275	-47.245903	19.88555	
0.0163	-47.21299	19.93159	
0.016325	-47.17974	19.977682	
0.01635	-47.146145	20.02383	
0.016375	-47.11219	20.070036	
0.0164	-47.077866	20.116297	
0.016425	-47.043156	20.162617	
0.01645	-47.008053	20.208996	
0.016475	-46.97254	20.255434	
0.0165	-46.936607	20.301931	
0.016525	-46.900238	20.348494	
0.01655	-46.863415	20.395117	
0.016575	-46.826122	20.441805	
0.0166	-46.788345	20.488558	
0.016625	-46.750065	20.535378	
0.01665	-46.711266	20.582264	
0.016675	-46.671925	20.629221	
0.0167	-46.63202	20.676247	
0.016725	-46.591534	20.723345	
0.01675	-46.55044	20.770517	
0.016775	-46.508717	20.817764	
0.0168	-46.46634	20.865088	
0.016825	-46.42328	20.912487	
0.01685	-46.37951	20.959969	
0.016875	-46.334995	21.007532	
0.0169	-46.289707	21.055178	
0.016925	-46.24361	21.10291	
0.01695	-46.19667	21.150728	
0.016975	-46.148846	21.198637	
0.017	-46.100098	21.246637	
0.017025	-46.05038	21.294731	
0.01705	-45.99965	21.342924	
0.017075	-45.947845	21.391214	
0.0171	-45.894924	21.439608	
0.017125	-45.84082	21.488106	
0.01715	-45.785473	21.536713	
0.017175	-45.728817	21.58543	
0.0172	-45.670773	21.634262	
0.017225	-45.611263	21.683212	
0.01725	-45.5502	21.732285	
0.017275	-45.48749	21.781483	
0.0173	-45.423035	21.830812	
0.017325	-45.356712	21.880276	
0.01735	-45.288406	21.92988	
0.017375	-45.21798	21.97963	
0.0174	-45.14528	22.02953	
0.017425	-45.07014	22.079584	
0.01745	-44.99238	22.129805	
0.017475	-44.91179	22.180193	
0.0175	-44.82814	22.23076	
0.017525	-44.741173	22.281513	
0.01755	-44.650597	22.33246	
0.017575	-44.556076	22.383614	
0.0176	-44.457237	22.43498	
0.017625	-44.35364	22.486574	
0.01765	-44.244785	22.538408	
0.017675	-44.13009	22.590496	
0.0177	-44.008865	22.642855	
0.017725	-43.880302	22.695503	
0.01775	-43.743427	22.748459	
0.017775	-43.597076	22.801748	
0.0178	-43.43982	22.855398	
0.017825	-43.269882	22.90944	
0.01785	-43.085033	22.963907	
0.017875	-42.88242	23.01885	
0.0179	-42.658287	23.074318	
0.017925	-42.4076	23.130377	
0.01795	-42.12339	23.18711	
0.017975	-41.795605	23.24463	
0.018	-41.409096	23.30308	
0.018025	-40.939568	23.362667	
0.01805	-48.5	103.423706	
0.018075	-48.5	103.414314	
0.0181	-48.483208	103.40497	
0.018125	-48.466347	103.395676	
0.01815	-48.44941	103.38643	
0.018175	-48.432396	103.377235	
0.0182	-48.41531	103.36809	
0.018225	-48.398144	103.358986	
0.01825	-48.380898	103.34993	
0.018275	-48.36357	103.34093	
0.0183	-48.346165	103.33198	
0.018325	-48.328674	103.323074	
0.01835	-48.3111	103.31422	
0.018375	-48.293434	103.30541	
0.0184	-48.275684	103.29666	
0.018425	-48.257843	103.28796	
0.01845	-48.23991	103.2793	
0.018475	-48.221886	103.27069	
0.0185	-48.203766	103.26214	
0.018525	-48.185547	103.25364	
0.01855	-48.167233	103.245186	
0.018575	-48.148815	103.236786	
0.0186	-48.1303	103.22844	
0.018625	-48.111675	103.22014	
0.01865	-48.092945	103.2119	
0.018675	-48.07411	103.203705	
0.0187	-48.055157	103.195564	
0.018725	-48.0361	103.18748	
0.01875	-48.016922	103.17944	
0.018775	-47.997627	103.171455	
0.0188	-47.978214	103.16353	
0.018825	-47.95868	103.155655	
0.01885	-47.939022	103.147835	
0.018875	-47.919235	103.140076	
0.0189	-47.89932	103.13236	
0.018925	-47.879272	103.1247	
0.01895	-47.85909	103.1171	
0.018975	-47.838768	103.10956	
0.019	-47.818306	103.10207	
0.019025	-47.797703	103.094635	
0.01905	-47.77695	103.08726	
0.019075	-47.75605	103.07994	
0.0191	-47.734993	103.07268	
0.019125	-47.713783	103.065475	
0.01915	-47.692413	103.05833	
0.019175	-47.67088	103.05124	
0.0192	-47.649178	103.044205	
0.019225	-47.627308	103.03724	
0.01925	-47.605263	103.03033	
0.019275	-47.58304	103.023476	
0.0193	-47.56063	103.016685	
0.019325	-47.538036	103.00996	
0.01935	-47.51525	103.00328	
0.019375	-47.49227	102.99667	
0.0194	-47.469093	102.99013	
0.019425	-47.445705	102.98365	
0.01945	-47.42211	102.97723	
0.019475	-47.3983	102.97087	
0.0195	-47.374268	102.96458	
0.019525	-47.350014	102.95835	
0.01955	-47.325523	102.95219	
0.019575	-47.300797	102.94609	
0.0196	-47.27583	102.940056	
0.019625	-47.25061	102.9341	
0.01965	-47.225136	102.9282	
0.019675	-47.199398	102.92237	
0.0197	-47.17339	102.91661	
0.019725	-47.147102	102.91092	
0.01975	-47.120533	102.9053	
0.019775	-47.09367	102.89975	
0.0198	-47.066505	102.89427	
0.019825	-47.039032	102.88886	
0.01985	-47.011242	102.88353	
0.019875	-46.983124	102.87827	
0.0199	-46.95467	102.873085	
0.019925	-46.92587	102.86797	
0.01995	-46.89671	102.86294	
0.019975	-46.86718	102.85798	
0.02	-46.837276	102.8531	
0.020025	-46.806976	102.848305	
0.02005	-46.776276	102.84358	
0.020075	-46.74516	102.83894	
0.0201	-46.713615	102.83438	
0.020125	-46.68162	102.82991	
0.02015	-46.649174	102.825516	
0.020175	-46.61625	102.82121	
0.0202	-46.582836	102.816986	
0.020225	-46.548916	102.81286	
0.02025	-46.51447	102.808815	
0.020275	-46.479477	102.804855	
0.0203	-46.44392	102.800995	
0.020325	-46.40778	102.797226	
0.02035	-46.37103	102.79355	
0.020375	-46.33365	102.78997	
0.0204	-46.295612	102.78648	
0.020425	-46.256897	102.783104	
0.02045	-46.217472	102.779816	
0.020475	-46.177307	102.77664	
0.0205	-46.13637	102.77356	
0.020525	-46.094635	102.77059	
0.02055	-46.05206	102.76773	
0.020575	-46.00861	102.76498	
0.0206	-45.964245	102.76234	
0.020625	-45.91892	102.75982	
0.02065	-45.872593	102.75741	
0.020675	-45.825214	102.75513	
0.0207	-45.77673	102.75296	
0.020725	-45.727085	102.75092	
0.02075	-45.67622	102.74901	
0.020775	-45.62407	102.74723	
0.0208	-45.570557	102.74559	
0.020825	-45.515614	102.74409	
0.02085	-45.459152	102.74272	
0.020875	-45.401085	102.74151	
0.0209	-45.341312	102.74044	
0.020925	-45.279728	102.739525	
0.02095	-45.216213	102.73878	
0.020975	-45.15064	102.73818	
0.021	-45.082863	102.73777	
0.021025	-45.01273	102.737526	
0.02105	-44.940063	102.737465	
0.021075	-44.864674	102.73759	
0.0211	-44.78634	102.737915	
0.021125	-44.704815	102.73844	
0.02115	-44.619835	102.73918	
0.021175	-44.531086	102.740135	
0.0212	-44.438217	102.74133	
0.021225	-44.34082	102.74277	
0.02125	-44.238434	102.74445	
0.021275	-44.130524	102.746414	
0.0213	-44.016457	102.74866	
0.021325	-43.89549	102.7512	
0.02135	-43.76675	102.75407	
0.021375	-43.62918	102.75727	
0.0214	-43.481503	102.76084	
0.021425	-43.322136	102.76481	
0.02145	-43.14912	102.76921	
0.021475	-42.959957	102.77408	
0.0215	-42.751423	102.779465	
0.021525	-42.519238	102.78543	
0.02155	-42.257576	102.792046	
0.021575	-41.958233	102.79941	
0.0216	-41.60916	102.80763	
0.021625	-41.191704	102.8169	
0.02165	-40.674908	102.82745	
0.021675	-48.5	182.83968	
0.0217	-48.5	182.78065	
0.021725	-48.49027	182.7217	
0.02175	-48.480495	182.66278	
0.021775	-48.47067	182.60394	
0.0218	-48.4608	182.54517	
0.021825	-48.450882	182.48645	
0.02185	-48.440914	182.4278	
0.021875	-48.430897	182.3692	
0.0219	-48.42083	182.31067	
0.021925	-48.41071	182.2522	
0.02195	-48.400543	182.19379	
0.021975	-48.39032	182.13544	
0.022	-48.38005	182.07715	
0.022025	-48.369724	182.01894	
0.02205	-48.359344	181.96077	
0.022075	-48.34891	181.90268	
0.0221	-48.338425	181.84464	
0.022125	-48.32788	181.78667	
0.02215	-48.317284	181.72876	
0.022175	-48.306625	181.67091	
0.0222	-48.295914	181.61313	
0.022225	-48.28514	181.5554	
0.02225	-48.27431	181.49774	
0.022275	-48.26342	181.44016	
0.0223	-48.25247	181.38261	
0.022325	-48.24146	181.32515	
0.02235	-48.230385	181.26775	
0.022375	-48.219246	181.2104	
0.0224	-48.208046	181.15314	
0.022425	-48.19678	181.09592	
0.02245	-48.18545	181.03877	
0.022475	-48.174057	180.98169	
0.0225	-48.162594	180.92467	
0.022525	-48.151062	180.8677	
0.02255	-48.13946	180.81082	
0.022575	-48.127792	180.754	
0.0226	-48.116055	180.69724	
0.022625	-48.10424	180.64053	
0.02265	-48.092358	180.58391	
0.022675	-48.0804	180.52734	
0.0227	-48.068367	180.47084	
0.022725	-48.05626	180.4144	
0.02275	-48.044075	180.35803	
0.022775	-48.031815	180.30173	
0.0228	-48.01947	180.2455	
0.022825	-48.00705	180.18932	
0.02285	-47.99455	180.13322	
0.022875	-47.981964	180.07718	
0.0229	-47.969296	180.02121	
0.022925	-47.956543	179.9653	
0.02295	-47.943703	179.90947	
0.022975	-47.930775	179.8537	
0.023	-47.91776	179.79799	
0.023025	-47.904655	179.74236	
0.02305	-47.891457	179.68678	
0.023075	-47.87817	179.63129	
0.0231	-47.864784	179.57585	
0.023125	-47.851307	179.5205	
0.02315	-47.83773	179.4652	
0.023175	-47.824055	179.40997	
0.0232	-47.81028	179.35481	
0.023225	-47.796402	179.29973	
0.02325	-47.78242	179.2447	
0.023275	-47.768333	179.18976	
0.0233	-47.75414	179.13489	
0.023325	-47.739838	179.08008	
0.02335	-47.725426	179.02533	
0.023375	-47.7109	178.97067	
0.0234	-47.696262	178.91608	
0.023425	-47.681507	178.86154	
0.02345	-47.666634	178.80708	
0.023475	-47.651638	178.7527	
0.0235	-47.636524	178.6984	
0.023525	-47.62128	178.64415	
0.02355	-47.605915	178.58998	
0.023575	-47.59042	178.53589	
0.0236	-47.57479	178.48187	
0.023625	-47.55903	178.42792	
0.02365	-47.54313	178.37404	
0.023675	-47.527096	178.32025	
0.0237	-47.510918	178.26651	
0.023725	-47.494595	178.21286	
0.02375	-47.478127	178.15929	
0.023775	-47.46151	178.10579	
0.0238	-47.44474	178.05235	
0.023825	-47.427814	177.99901	
0.02385	-47.41073	177.94572	
0.023875	-47.393482	177.89253	
0.0239	-47.376072	177.8394	
0.023925	-47.358494	177.78636	
0.02395	-47.340744	177.73338	
0.023975	-47.32282	177.6805	
0.024	-47.304718	177.62769	
0.024025	-47.28643	177.57495	
0.02405	-47.26796	177.5223	
0.024075	-47.249294	177.46973	
0.0241	-47.23044	177.41724	
0.024125	-47.211384	177.36482	
0.02415	-47.192123	177.31248	
0.024175	-47.172657	177.26022	
0.0242	-47.152977	177.20805	
0.024225	-47.13308	177.15598	
0.02425	-47.112965	177.10397	
0.024275	-47.092617	177.05205	
0.0243	-47.07204	177.00021	
0.024325	-47.051224	176.94846	
0.02435	-47.030163	176.89679	
0.024375	-47.00885	176.8452	
0.0244	-46.987286	176.7937	
0.024425	-46.965454	176.7423	
0.02445	-46.94336	176.69098	
0.024475	-46.920986	176.63974	
0.0245	-46.898327	176.5886	
0.024525	-46.87538	176.53754	
0.02455	-46.852135	176.48657	
0.024575	-46.828583	176.4357	
0.0246	-46.804718	176.38492	
0.024625	-46.78053	176.33423	
0.02465	-46.75601	176.28362	
0.024675	-46.731148	176.23312	
0.0247	-46.705933	176.18271	
0.024725	-46.68036	176.13239	
0.02475	-46.654415	176.08217	
0.024775	-46.628086	176.03206	
0.0248	-46.60136	175.98203	
0.024825	-46.57423	175.9321	
0.02485	-46.546684	175.88228	
0.024875	-46.5187	175.83255	
0.0249	-46.490273	175.78293	
0.024925	-46.461388	175.73341	
0.02495	-46.432022	175.684	
0.024975	-46.402164	175.63469	
0.025	-46.371803	175.5855	
0.025025	-46.34091	175.5364	
0.02505	-46.30948	175.48741	
0.025075	-46.277477	175.43854	
0.0251	-46.244896	175.38979	
0.025125	-46.211704	175.34114	
0.02515	-46.177887	175.2926	
0.025175	-46.143414	175.24419	
0.0252	-46.108265	175.19589	
0.025225	-46.072407	175.1477	
0.02525	-46.03582	175.09966	
0.025275	-45.998463	175.05171	
0.0253	-45.96031	175.0039	
0.025325	-45.92133	174.95622	
0.02535	-45.88148	174.90868	
0.025375	-45.840725	174.86125	
0.0254	-45.799023	174.81398	
0.025425	-45.756325	174.76683	
0.02545	-45.71259	174.71982	
0.025475	-45.667767	174.67294	
0.0255	-45.62179	174.62622	
0.025525	-45.57462	174.57964	
0.02555	-45.526176	174.53322	
0.025575	-45.4764	174.48694	
0.0256	-45.42521	174.44083	
0.025625	-45.372528	174.39487	
0.02565	-45.31827	174.34908	
0.025675	-45.262344	174.30345	
0.0257	-45.20464	174.258	
0.025725	-45.145046	174.21272	
0.02575	-45.08344	174.16763	
0.025775	-45.01968	174.12273	
0.0258	-44.95362	174.07802	
0.025825	-44.885094	174.03351	
0.02585	-44.81391	173.9892	
0.025875	-44.739864	173.9451	
0.0259	-44.662724	173.90123	
0.025925	-44.58223	173.85759	
0.02595	-44.498085	173.81418	
0.025975	-44.409954	173.77103	
0.026	-44.31746	173.72812	
0.026025	-44.220154	173.6855	
0.02605	-44.117535	173.64314	
0.026075	-44.009007	173.60109	
0.0261	-43.893883	173.55936	
0.026125	-43.771336	173.51796	
0.02615	-43.64039	173.47691	
0.026175	-43.49985	173.43623	
0.0262	-43.348274	173.39597	
0.026225	-43.183857	173.35614	
0.02625	-43.004333	173.31677	
0.026275	-42.80679	173.27794	
0.0263	-42.587402	173.23967	
0.026325	-42.341026	173.20204	
0.02635	-42.060516	173.16515	
0.026375	-41.735554	173.12907	
0.0264	-41.350525	173.094	
0.026425	-40.880264	173.0601	
0.02645	-48.5	253.02774	
0.026475	-48.5	252.92485	
0.0265	-48.49651	252.82204	
0.026525	-48.492996	252.71928	
0.02655	-48.48946	252.61661	
0.026575	-48.4859	252.514	
0.0266	-48.482315	252.41148	
0.026625	-48.478703	252.30904	
0.02665	-48.475067	252.20665	
0.026675	-48.47141	252.10434	
0.0267	-48.467724	252.0021	
0.026725	-48.464016	251.89995	
0.02675	-48.46028	251.79785	
0.026775	-48.45652	251.69585	
0.0268	-48.452732	251.5939	
0.026825	-48.44892	251.49203	
0.02685	-48.445084	251.39024	
0.026875	-48.441223	251.28851	
0.0269	-48.437332	251.18686	
0.026925	-48.43342	251.0853	
0.02695	-48.429474	250.9838	
0.026975	-48.425507	250.88235	
0.027	-48.42151	250.781	
0.027025	-48.41749	250.67972	
0.02705	-48.413437	250.57852	
0.027075	-48.40936	250.47739	
0.0271	-48.405254	250.37631	
0.027125	-48.401123	250.27533	
0.02715	-48.39696	250.17442	
0.027175	-48.392773	250.07358	
0.0272	-48.388557	249.97281	
0.027225	-48.38431	249.87212	
0.02725	-48.380035	249.7715	
0.027275	-48.375732	249.67094	
0.0273	-48.371403	249.57048	
0.027325	-48.367043	249.47008	
0.02735	-48.36265	249.36975	
0.027375	-48.35823	249.2695	
0.0274	-48.353783	249.16933	
0.027425	-48.3493	249.06921	
0.02745	-48.34479	248.9692	
0.027475	-48.340252	248.86923	
0.0275	-48.33568	248.76935	
0.027525	-48.331078	248.66954	
0.02755	-48.326443	248.56981	
0.027575	-48.321777	248.47014	
0.0276	-48.31708	248.37056	
0.027625	-48.312355	248.27104	
0.02765	-48.307594	248.1716	
0.027675	-48.302803	248.07224	
0.0277	-48.297977	247.97295	
0.027725	-48.29312	247.87373	
0.02775	-48.28823	247.7746	
0.027775	-48.283306	247.67552	
0.0278	-48.278347	247.57654	
0.027825	-48.273357	247.47762	
0.02785	-48.268333	247.37877	
0.027875	-48.26327	247.28	
0.0279	-48.25818	247.1813	
0.027925	-48.25305	247.08269	
0.02795	-48.247887	246.98413	
0.027975	-48.242687	246.88567	
0.028	-48.237453	246.78726	
0.028025	-48.23218	246.68895	
0.02805	-48.226875	246.5907	
0.028075	-48.22153	246.49252	
0.0281	-48.216152	246.39442	
0.028125	-48.210735	246.2964	
0.02815	-48.20528	246.19846	
0.028175	-48.199787	246.10059	
0.0282	-48.194256	246.00278	
0.028225	-48.18869	245.90506	
0.02825	-48.183083	245.80742	
0.028275	-48.177433	245.70984	
0.0283	-48.17175	245.61234	
0.028325	-48.166023	245.51492	
0.02835	-48.16026	245.41757	
0.028375	-48.154453	245.3203	
0.0284	-48.148605	245.2231	
0.028425	-48.14272	245.12598	
0.02845	-48.136787	245.02893	
0.028475	-48.130817	244.93196	
0.0285	-48.124805	244.83507	
0.028525	-48.118748	244.73825	
0.02855	-48.11265	244.64151	
0.028575	-48.10651	244.54485	
0.0286	-48.100323	244.44824	
0.028625	-48.094093	244.35173	
0.02865	-48.08782	244.2553	
0.028675	-48.0815	244.15894	
0.0287	-48.075134	244.06264	
0.028725	-48.068726	243.96643	
0.02875	-48.062267	243.8703	
0.028775	-48.055763	243.77425	
0.0288	-48.049213	243.67825	
0.028825	-48.042614	243.58235	
0.02885	-48.03597	243.48653	
0.028875	-48.029274	243.39078	
0.0289	-48.02253	243.29509	
0.028925	-48.01574	243.1995	
0.02895	-48.008896	243.10397	
0.028975	-48.002	243.00853	
0.029	-47.995056	242.91316	
0.029025	-47.98806	242.81787	
0.02905	-47.98101	242.72266	
0.029075	-47.97391	242.62752	
0.0291	-47.966755	242.53246	
0.029125	-47.95955	242.43748	
0.02915	-47.952286	242.34258	
0.029175	-47.94497	242.24776	
0.0292	-47.937595	242.153	
0.029225	-47.93017	242.05833	
0.02925	-47.922684	241.96373	
0.029275	-47.915142	241.86922	
0.0293	-47.90754	241.77478	
0.029325	-47.899883	241.68042	
0.02935	-47.892166	241.58615	
0.029375	-47.884388	241.49194	
0.0294	-47.87655	241.39781	
0.029425	-47.86865	241.30377	
0.02945	-47.860687	241.20981	
0.029475	-47.852665	241.11592	
0.0295	-47.844578	241.02211	
0.029525	-47.836426	240.92838	
0.02955	-47.82821	240.83473	
0.029575	-47.819927	240.74117	
0.0296	-47.81158	240.64766	
0.029625	-47.803165	240.55426	
0.02965	-47.79468	240.46092	
0.029675	-47.78613	240.36766	
0.0297	-47.777508	240.27449	
0.029725	-47.768814	240.1814	
0.02975	-47.76005	240.08838	
0.029775	-47.751217	239.99545	
0.0298	-47.74231	239.9026	
0.029825	-47.733326	239.80983	
0.02985	-47.724266	239.71713	
0.029875	-47.715134	239.62453	
0.0299	-47.70592	239.532	
0.029925	-47.696632	239.43954	
0.02995	-47.687267	239.34718	
0.029975	-47.67782	239.2549	
0.03	-47.66829	239.16269	
0.030025	-47.658676	239.07056	
0.03005	-47.648983	238.97852	
0.030075	-47.639202	238.88657	
0.0301	-47.629337	238.79468	
0.030125	-47.61939	238.7029	
0.03015	-47.60935	238.61118	
0.030175	-47.59922	238.51955	
0.0302	-47.589	238.428	
0.030225	-47.57869	238.33653	
0.03025	-47.568287	238.24515	
0.030275	-47.557785	238.15385	
0.0303	-47.54719	238.06264	
0.030325	-47.5365	237.97151	
0.03035	-47.52571	237.88046	
0.030375	-47.51482	237.7895	
0.0304	-47.503826	237.69862	
0.030425	-47.492733	237.60783	
0.03045	-47.48153	237.51712	
0.030475	-47.470222	237.4265	
0.0305	-47.45881	237.33597	
0.030525	-47.447285	237.24551	
0.03055	-47.43565	237.15514	
0.030575	-47.423897	237.06487	
0.0306	-47.412033	236.97466	
0.030625	-47.40005	236.88455	
0.03065	-47.38795	236.79453	
0.030675	-47.37573	236.70459	
0.0307	-47.363384	236.61475	
0.030725	-47.350918	236.52498	
0.03075	-47.338318	236.4353	
0.030775	-47.325592	236.34572	
0.0308	-47.312737	236.25623	
0.030825	-47.299744	236.16681	
0.03085	-47.286617	236.0775	
0.030875	-47.273354	235.98827	
0.0309	-47.259945	235.89912	
0.030925	-47.246395	235.81007	
0.03095	-47.2327	235.7211	
0.030975	-47.218853	235.63223	
0.031	-47.204857	235.54346	
0.031025	-47.190704	235.45476	
0.03105	-47.176395	235.36617	
0.031075	-47.161926	235.27765	
0.0311	-47.147293	235.18924	
0.031125	-47.132496	235.1009	
0.03115	-47.117523	235.01268	
0.031175	-47.102383	234.92455	
0.0312	-47.087063	234.83649	
0.031225	-47.07156	234.74854	
0.03125	-47.055878	234.66069	
0.031275	-47.040005	234.57292	
0.0313	-47.02394	234.48526	
0.031325	-47.007683	234.39767	
0.03135	-46.991222	234.3102	
0.031375	-46.974556	234.22282	
0.0314	-46.957684	234.13554	
0.031425	-46.940598	234.04836	
0.03145	-46.92329	233.96126	
0.031475	-46.905766	233.87427	
0.0315	-46.88801	233.78738	
0.031525	-46.870018	233.70059	
0.03155	-46.851788	233.61389	
0.031575	-46.833317	233.52731	
0.0316	-46.81459	233.44081	
0.031625	-46.795612	233.35443	
0.03165	-46.776367	233.26814	
0.031675	-46.756855	233.18196	
0.0317	-46.73707	233.09587	
0.031725	-46.717	233.0099	
0.03175	-46.696636	232.92403	
0.031775	-46.675976	232.83826	
0.0318	-46.655014	232.7526	
0.031825	-46.633736	232.66704	
0.03185	-46.612133	232.58159	
0.031875	-46.590202	232.49625	
0.0319	-46.567932	232.41103	
0.031925	-46.54531	232.3259	
0.03195	-46.522327	232.24089	
0.031975	-46.498978	232.15599	
0.032	-46.475246	232.07121	
0.032025	-46.451122	231.98654	
0.03205	-46.42659	231.90198	
0.032075	-46.401646	231.81754	
0.0321	-46.37627	231.73322	
0.032125	-46.350456	231.649	
0.03215	-46.32418	231.56491	
0.032175	-46.297432	231.48094	
0.0322	-46.2702	231.39708	
0.032225	-46.24246	231.31335	
0.03225	-46.2142	231.22975	
0.032275	-46.185402	231.14627	
0.0323	-46.156044	231.06291	
0.032325	-46.12611	230.97968	
0.03235	-46.095573	230.89658	
0.032375	-46.064415	230.81361	
0.0324	-46.032616	230.73077	
0.032425	-46.00014	230.64806	
0.03245	-45.966972	230.56549	
0.032475	-45.93308	230.48305	
0.0325	-45.898434	230.40076	
0.032525	-45.863	230.3186	
0.03255	-45.826748	230.23659	
0.032575	-45.789642	230.15471	
0.0326	-45.751644	230.07298	
0.032625	-45.712715	229.99141	
0.03265	-45.67281	229.90997	
0.032675	-45.63188	229.8287	
0.0327	-45.589886	229.74759	
0.032725	-45.546764	229.66663	
0.03275	-45.50246	229.58583	
0.032775	-45.456913	229.5052	
0.0328	-45.41006	229.42473	
0.032825	-45.361824	229.34444	
0.03285	-45.312134	229.26431	
0.032875	-45.2609	229.18437	
0.0329	-45.20803	229.10461	
0.032925	-45.153427	229.02504	
0.03295	-45.09698	228.94566	
0.032975	-45.038578	228.86647	
0.033	-44.978077	228.78749	
0.033025	-44.915337	228.70871	
0.03305	-44.8502	228.63013	
0.033075	-44.78249	228.55179	
0.0331	-44.712	228.47366	
0.033125	-44.63852	228.39577	
0.03315	-44.56179	228.31812	
0.033175	-44.48154	228.2407	
0.0332	-44.39745	228.16357	
0.033225	-44.309155	228.0867	
0.03325	-44.216244	228.0101	
0.033275	-44.118237	227.93379	
0.0333	-44.014584	227.8578	
0.033325	-43.904633	227.78214	
0.03335	-43.787624	227.7068	
0.033375	-43.662643	227.63182	
0.0334	-43.5286	227.55724	
0.033425	-43.38416	227.48305	
0.03345	-43.227688	227.4093	
0.033475	-43.057125	227.33603	
0.0335	-42.869858	227.26328	
0.033525	-42.662487	227.19107	
0.03355	-42.43049	227.1195	
0.033575	-42.167667	227.04863	
0.0336	-41.865227	226.97856	
0.033625	-41.51015	226.90942	
0.03365	-41.082035	226.8414	
0.033675	-40.54651	226.77477	
0.0337	-48.5	306.70993	
0.033725	-48.5	306.5735	
0.03375	-48.501286	306.43713	
0.033775	-48.50256	306.30084	
0.0338	-48.50383	306.16464	
0.033825	-48.505096	306.02853	
0.03385	-48.50635	305.8925	
0.033875	-48.507603	305.75653	
0.0339	-48.508846	305.62067	
0.033925	-48.510082	305.4849	
0.03395	-48.51131	305.34918	
0.033975	-48.512535	305.21356	
0.034	-48.51375	305.078	
0.034025	-48.514957	304.94257	
0.03405	-48.51616	304.80716	
0.034075	-48.517353	304.67188	
0.0341	-48.518543	304.53665	
0.034125	-48.519722	304.40152	
0.03415	-48.520897	304.26648	
0.034175	-48.522064	304.1315	
0.0342	-48.523224	303.9966	
0.034225	-48.524376	303.8618	
0.03425	-48.52552	303.72708	
0.034275	-48.526657	303.59244	
0.0343	-48.527786	303.45786	
0.034325	-48.528908	303.32336	
0.03435	-48.530025	303.18896	
0.034375	-48.53113	303.05466	
0.0344	-48.532234	302.9204	
0.034425	-48.53333	302.78625	
0.03445	-48.534412	302.6522	
0.034475	-48.535492	302.5182	
0.0345	-48.536564	302.38428	
0.034525	-48.53763	302.25043	
0.03455	-48.538685	302.11667	
0.034575	-48.539734	301.983	
0.0346	-48.54077	301.84943	
0.034625	-48.541805	301.7159	
0.03465	-48.54283	301.5825	
0.034675	-48.54385	301.44913	
0.0347	-48.54486	301.31586	
0.034725	-48.545864	301.18268	
0.03475	-48.546856	301.04956	
0.034775	-48.547844	300.91653	
0.0348	-48.548824	300.7836	
0.034825	-48.549797	300.65073	
0.03485	-48.55076	300.51794	
0.034875	-48.551716	300.38525	
0.0349	-48.55266	300.25262	
0.034925	-48.5536	300.1201	
0.03495	-48.554535	299.9876	
0.034975	-48.555458	299.85522	
0.035	-48.556374	299.72293	
0.035025	-48.55728	299.59073	
0.03505	-48.558178	299.4586	
0.035075	-48.55907	299.3265	
0.0351	-48.559956	299.19455	
0.035125	-48.56083	299.06265	
0.03515	-48.561695	298.93082	
0.035175	-48.562553	298.79907	
0.0352	-48.563404	298.66742	
0.035225	-48.564247	298.53586	
0.03525	-48.56508	298.40436	
0.035275	-48.565907	298.27295	
0.0353	-48.566723	298.1416	
0.035325	-48.56753	298.01035	
0.03535	-48.568333	297.87915	
0.035375	-48.569122	297.74808	
0.0354	-48.569904	297.61703	
0.035425	-48.57068	297.4861	
0.03545	-48.571445	297.35526	
0.035475	-48.572205	297.2245	
0.0355	-48.572952	297.09378	
0.035525	-48.573692	296.96317	
0.03555	-48.574425	296.8326	
0.035575	-48.575146	296.70218	
0.0356	-48.575863	296.57178	
0.035625	-48.576565	296.4415	
0.03565	-48.577263	296.31128	
0.035675	-48.57795	296.18112	
0.0357	-48.57863	296.05106	
0.035725	-48.5793	295.92108	
0.03575	-48.57996	295.7912	
0.035775	-48.580612	295.66138	
0.0358	-48.581257	295.53162	
0.035825	-48.58189	295.40198	
0.03585	-48.582516	295.27237	
0.035875	-48.58313	295.14288	
0.0359	-48.58374	295.01346	
0.035925	-48.584335	294.88412	
0.03595	-48.584927	294.75485	
0.035975	-48.585506	294.62567	
0.036	-48.586075	294.49655	
0.036025	-48.586636	294.36752	
0.03605	-48.58719	294.2386	
0.036075	-48.58773	294.1097	
0.0361	-48.588264	293.98093	
0.036125	-48.588787	293.8522	
0.03615	-48.589302	293.72357	
0.036175	-48.589806	293.59503	
0.0362	-48.5903	293.46655	
0.036225	-48.59079	293.33817	
0.03625	-48.591267	293.20984	
0.036275	-48.591732	293.0816	
0.0363	-48.59219	292.95346	
0.036325	-48.59264	292.82538	
0.03635	-48.593075	292.6974	
0.036375	-48.593506	292.56946	
0.0364	-48.593925	292.44162	
0.036425	-48.594334	292.31384	
0.03645	-48.594734	292.1862	
0.036475	-48.595123	292.05856	
0.0365	-48.5955	291.93103	
0.036525	-48.59587	291.8036	
0.03655	-48.596233	291.67624	
0.036575	-48.59658	291.54895	
0.0366	-48.59692	291.42172	
0.036625	-48.59725	291.2946	
0.03665	-48.597572	291.16754	
0.036675	-48.59788	291.04056	
0.0367	-48.598183	290.91367	
0.036725	-48.598473	290.78687	
0.03675	-48.59875	290.66013	
0.036775	-48.599022	290.53345	
0.0368	-48.59928	290.4069	
0.036825	-48.59953	290.28036	
0.03685	-48.59977	290.15396	
0.036875	-48.599995	290.02762	
0.0369	-48.600216	289.90134	
0.036925	-48.60042	289.77515	
0.03695	-48.60062	289.64905	
0.036975	-48.600807	289.523	
0.037	-48.600983	289.39703	
0.037025	-48.601147	289.27118	
0.03705	-48.601303	289.1454	
0.037075	-48.601448	289.01965	
0.0371	-48.60158	288.894	
0.037125	-48.601707	288.76846	
0.03715	-48.601818	288.64297	
0.037175	-48.60192	288.51755	
0.0372	-48.602013	288.39224	
0.037225	-48.602093	288.26697	
0.03725	-48.60216	288.1418	
0.037275	-48.602222	288.01672	
0.0373	-48.60227	287.8917	
0.037325	-48.602306	287.76675	
0.03735	-48.602333	287.6419	
0.037375	-48.602345	287.51712	
0.0374	-48.60235	287.39243	
0.037425	-48.602345	287.2678	
0.03745	-48.602325	287.14325	
0.037475	-48.602295	287.01877	
0.0375	-48.602253	286.89438	
0.037525	-48.602203	286.77005	
0.03755	-48.60214	286.6458	
0.037575	-48.602066	286.52167	
0.0376	-48.60198	286.39758	
0.037625	-48.601883	286.2736	
0.03765	-48.601772	286.14966	
0.037675	-48.601654	286.02582	
0.0377	-48.60152	285.90204	
0.037725	-48.60138	285.77835	
0.03775	-48.601223	285.65472	
0.037775	-48.60106	285.5312	
0.0378	-48.60088	285.40775	
0.037825	-48.600693	285.28436	
0.03785	-48.60049	285.16104	
0.037875	-48.600277	285.0378	
0.0379	-48.60005	284.91467	
0.037925	-48.599815	284.7916	
0.03795	-48.599567	284.6686	
0.037975	-48.599308	284.5457	
0.038	-48.599033	284.42285	
0.038025	-48.59875	284.3001	
0.03805	-48.598454	284.1774	
0.038075	-48.598145	284.0548	
0.0381	-48.597824	283.93228	
0.038125	-48.597492	283.8098	
0.03815	-48.59715	283.68744	
0.038175	-48.59679	283.56516	
0.0382	-48.59642	283.44293	
0.038225	-48.59604	283.3208	
0.03825	-48.595646	283.19873	
0.038275	-48.595238	283.07675	
0.0383	-48.59482	282.95483	
0.038325	-48.594387	282.833	
0.03835	-48.593945	282.71124	
0.038375	-48.593487	282.58957	
0.0384	-48.593018	282.46796	
0.038425	-48.592537	282.34644	
0.03845	-48.59204	282.225	
0.038475	-48.591534	282.10364	
0.0385	-48.591015	281.98233	
0.038525	-48.59048	281.8611	
0.03855	-48.589935	281.74	
0.038575	-48.58938	281.61893	
0.0386	-48.588806	281.49792	
0.038625	-48.588223	281.377	
0.03865	-48.587624	281.2562	
0.038675	-48.587013	281.13544	
0.0387	-48.58639	281.01477	
0.038725	-48.585754	280.89417	
0.03875	-48.585102	280.77365	
0.038775	-48.58444	280.6532	
0.0388	-48.583763	280.53284	
0.038825	-48.583073	280.41254	
0.03885	-48.582367	280.29233	
0.038875	-48.58165	280.1722	
0.0389	-48.58092	280.05212	
0.038925	-48.580177	279.93216	
0.03895	-48.57942	279.81226	
0.038975	-48.578648	279.6924	
0.039	-48.57786	279.57266	
0.039025	-48.57706	279.453	
0.03905	-48.57625	279.3334	
0.039075	-48.57542	279.21387	
0.0391	-48.57458	279.09442	
0.039125	-48.573727	278.97507	
0.03915	-48.572857	278.85577	
0.039175	-48.571976	278.73654	
0.0392	-48.57108	278.6174	
0.039225	-48.570168	278.49835	
0.03925	-48.56924	278.37936	
0.039275	-48.568302	278.26047	
0.0393	-48.56735	278.14163	
0.039325	-48.56638	278.02286	
0.03935	-48.565395	277.9042	
0.039375	-48.5644	277.78558	
0.0394	-48.56339	277.66705	
0.039425	-48.562363	277.5486	
0.03945	-48.56132	277.43024	
0.039475	-48.560265	277.31195	
0.0395	-48.559193	277.19373	
0.039525	-48.55811	277.0756	
0.03955	-48.557007	276.95752	
0.039575	-48.555893	276.83954	
0.0396	-48.554764	276.72162	
0.039625	-48.553616	276.6038	
0.03965	-48.552456	276.48602	
0.039675	-48.55128	276.36835	
0.0397	-48.55009	276.25076	
0.039725	-48.548885	276.1332	
0.03975	-48.54766	276.01578	
0.039775	-48.546425	275.8984	
0.0398	-48.545174	275.7811	
0.039825	-48.543903	275.66388	
0.03985	-48.54262	275.54672	
0.039875	-48.54132	275.42966	
0.0399	-48.54001	275.31265	
0.039925	-48.538677	275.19574	
0.03995	-48.53733	275.0789	
0.039975	-48.53597	274.96213	
0.04	-48.534588	274.84546	
0.040025	-48.533195	274.72885	
0.04005	-48.531784	274.6123	
0.040075	-48.530357	274.49585	
0.0401	-48.528915	274.37946	
0.040125	-48.527454	274.26315	
0.04015	-48.525978	274.14694	
0.040175	-48.524487	274.03076	
0.0402	-48.522976	273.9147	
0.040225	-48.521454	273.7987	
0.04025	-48.51991	273.68277	
0.040275	-48.518353	273.56693	
0.0403	-48.516777	273.45114	
0.040325	-48.515182	273.33545	
0.04035	-48.513573	273.21985	
0.040375	-48.511948	273.1043	
0.0404	-48.510303	272.98883	
0.040425	-48.508644	272.87344	
0.04045	-48.506966	272.75812	
0.040475	-48.505272	272.64288	
0.0405	-48.50356	272.52774	
0.040525	-48.501827	272.41266	
0.04055	-48.50008	272.29764	
0.040575	-48.498314	272.1827	
0.0406	-48.496532	272.06784	
0.040625	-48.49473	271.95306	
0.04065	-48.492912	271.83838	
0.040675	-48.491077	271.72375	
0.0407	-48.489223	271.6092	
0.040725	-48.48735	271.49472	
0.04075	-48.48546	271.3803	
0.040775	-48.48355	271.266	
0.0408	-48.48162	271.15176	
0.040825	-48.479675	271.0376	
0.04085	-48.47771	270.9235	
0.040875	-48.475727	270.80948	
0.0409	-48.47373	270.69553	
0.040925	-48.471706	270.58167	
0.04095	-48.469666	270.4679	
0.040975	-48.46761	270.3542	
0.041	-48.46553	270.24054	
0.041025	-48.463436	270.12698	
0.04105	-48.46132	270.0135	
0.041075	-48.459183	269.9001	
0.0411	-48.45703	269.78677	
0.041125	-48.454857	269.6735	
0.04115	-48.452663	269.56033	
0.041175	-48.450447	269.44724	
0.0412	-48.448215	269.3342	
0.041225	-48.44596	269.22125	
0.04125	-48.443687	269.10837	
0.041275	-48.441395	268.99557	
0.0413	-48.439083	268.88287	
0.041325	-48.43675	268.77023	
0.04135	-48.434395	268.65765	
0.041375	-48.432022	268.54517	
0.0414	-48.429626	268.43274	
0.041425	-48.427208	268.3204	
0.04145	-48.424774	268.20816	
0.041475	-48.422314	268.09595	
0.0415	-48.419838	267.98386	
0.041525	-48.417336	267.87183	
0.04155	-48.414814	267.75986	
0.041575	-48.412273	267.64798	
0.0416	-48.40971	267.53616	
0.041625	-48.407124	267.42444	
0.04165	-48.404514	267.3128	
0.041675	-48.401886	267.20123	
0.0417	-48.399235	267.08972	
0.041725	-48.39656	266.9783	
0.04175	-48.393867	266.86694	
0.041775	-48.391148	266.75568	
0.0418	-48.38841	266.6445	
0.041825	-48.385647	266.5334	
0.04185	-48.382862	266.42233	
0.041875	-48.380054	266.31137	
0.0419	-48.37722	266.20047	
0.041925	-48.374367	266.08966	
0.04195	-48.37149	265.97894	
0.041975	-48.36859	265.8683	
0.042	-48.365665	265.7577	
0.042025	-48.362717	265.6472	
0.04205	-48.359745	265.53677	
0.042075	-48.35675	265.42642	
0.0421	-48.35373	265.31613	
0.042125	-48.35069	265.20593	
0.04215	-48.34762	265.09583	
0.042175	-48.34453	264.98578	
0.0422	-48.34141	264.8758	
0.042225	-48.33827	264.7659	
0.04225	-48.335102	264.6561	
0.042275	-48.33191	264.54636	
0.0423	-48.328693	264.43668	
0.042325	-48.32545	264.3271	
0.04235	-48.322186	264.2176	
0.042375	-48.31889	264.10815	
0.0424	-48.31557	263.9988	
0.042425	-48.312225	263.88953	
0.04245	-48.308857	263.7803	
0.042475	-48.305458	263.67117	
0.0425	-48.302036	263.56213	
0.042525	-48.298584	263.45316	
0.04255	-48.29511	263.34427	
0.042575	-48.291603	263.23544	
0.0426	-48.28807	263.1267	
0.042625	-48.28451	263.01804	
0.04265	-48.280926	262.90945	
0.042675	-48.277313	262.80093	
0.0427	-48.27367	262.6925	
0.042725	-48.27	262.58414	
0.04275	-48.266304	262.47586	
0.042775	-48.262577	262.36768	
0.0428	-48.25882	262.25955	
0.042825	-48.255035	262.1515	
0.04285	-48.251225	262.04352	
0.042875	-48.247383	261.9356	
0.0429	-48.24351	261.8278	
0.042925	-48.23961	261.72006	
0.04295	-48.23568	261.6124	
0.042975	-48.231716	261.50482	
0.043	-48.227726	261.3973	
0.043025	-48.223705	261.28986	
0.04305	-48.219654	261.18253	
0.043075	-48.21557	261.07523	
0.0431	-48.211456	260.96802	
0.043125	-48.20731	260.8609	
0.04315	-48.203133	260.75388	
0.043175	-48.198925	260.64688	
0.0432	-48.194683	260.54	
0.043225	-48.19041	260.4332	
0.04325	-48.186104	260.32645	
0.043275	-48.181767	260.2198	
0.0433	-48.177395	260.11322	
0.043325	-48.17299	260.0067	
0.04335	-48.168552	259.9003	
0.043375	-48.16408	259.79395	
0.0434	-48.159573	259.68765	
0.043425	-48.155033	259.58148	
0.04345	-48.15046	259.47537	
0.043475	-48.14585	259.36932	
0.0435	-48.141205	259.26337	
0.043525	-48.136528	259.15747	
0.04355	-48.13181	259.05167	
0.043575	-48.12706	258.94595	
0.0436	-48.122272	258.8403	
0.043625	-48.117447	258.73474	
0.04365	-48.112587	258.62924	
0.043675	-48.10769	258.52383	
0.0437	-48.102753	258.41852	
0.043725	-48.097782	258.31323	
0.04375	-48.09277	258.20807	
0.043775	-48.087723	258.10297	
0.0438	-48.082634	257.99796	
0.043825	-48.077507	257.893	
0.04385	-48.072342	257.78815	
0.043875	-48.067135	257.68335	
0.0439	-48.06189	257.57864	
0.043925	-48.056602	257.47403	
0.04395	-48.051277	257.36948	
0.043975	-48.04591	257.265	
0.044	-48.0405	257.1606	
0.044025	-48.03505	257.0563	
0.04405	-48.029556	256.95206	
0.044075	-48.02402	256.8479	
0.0441	-48.01844	256.74384	
0.044125	-48.01282	256.63983	
0.04415	-48.007156	256.53592	
0.044175	-48.001446	256.43207	
0.0442	-47.995693	256.3283	
0.044225	-47.98989	256.22464	
0.04425	-47.984047	256.12103	
0.044275	-47.978157	256.01752	
0.0443	-47.97222	255.91408	
0.044325	-47.96624	255.81071	
0.04435	-47.96021	255.70743	
0.044375	-47.954132	255.60423	
0.0444	-47.948006	255.50111	
0.044425	-47.941833	255.39807	
0.04445	-47.93561	255.2951	
0.044475	-47.92934	255.19221	
0.0445	-47.923016	255.08942	
0.044525	-47.916645	254.9867	
0.04455	-47.91022	254.88405	
0.044575	-47.903748	254.7815	
0.0446	-47.89722	254.679	
0.044625	-47.89064	254.57661	
0.04465	-47.88401	254.47429	
0.044675	-47.877323	254.37204	
0.0447	-47.870583	254.26988	
0.044725	-47.86379	254.16782	
0.04475	-47.856937	254.06581	
0.044775	-47.850033	253.9639	
0.0448	-47.84307	253.86206	
0.044825	-47.836052	253.7603	
0.04485	-47.828976	253.65863	
0.044875	-47.82184	253.55704	
0.0449	-47.814644	253.45554	
0.044925	-47.807392	253.35411	
0.04495	-47.800076	253.25276	
0.044975	-47.7927	253.15149	
0.045	-47.785263	253.05031	
0.045025	-47.777763	252.9492	
0.04505	-47.770203	252.84819	
0.045075	-47.762577	252.74725	
0.0451	-47.754883	252.64641	
0.045125	-47.747128	252.54562	
0.04515	-47.739307	252.44495	
0.045175	-47.731415	252.34433	
0.0452	-47.72346	252.2438	
0.045225	-47.715435	252.14337	
0.04525	-47.70734	252.04301	
0.045275	-47.699173	251.94273	
0.0453	-47.690937	251.84254	
0.045325	-47.68263	251.74243	
0.04535	-47.674248	251.64241	
0.045375	-47.665794	251.54247	
0.0454	-47.657265	251.44261	
0.045425	-47.64866	251.34283	
0.04545	-47.63998	251.24315	
0.045475	-47.631218	251.14354	
0.0455	-47.622383	251.04402	
0.045525	-47.613464	250.9446	
0.04555	-47.604465	250.84523	
0.045575	-47.595387	250.74597	
0.0456	-47.586224	250.64679	
0.045625	-47.576977	250.5477	
0.04565	-47.567646	250.44868	
0.045675	-47.558228	250.34976	
0.0457	-47.54872	250.25092	
0.045725	-47.539127	250.15216	
0.04575	-47.52944	250.0535	
0.045775	-47.519665	249.95491	
0.0458	-47.509796	249.85641	
0.045825	-47.499836	249.758	
0.04585	-47.489777	249.65968	
0.045875	-47.479626	249.56145	
0.0459	-47.46937	249.46329	
0.045925	-47.459023	249.36523	
0.04595	-47.448566	249.26726	
0.045975	-47.43801	249.16937	
0.046	-47.427353	249.07156	
0.046025	-47.416588	248.97386	
0.04605	-47.405716	248.87624	
0.046075	-47.394737	248.7787	
0.0461	-47.383644	248.68126	
0.046125	-47.37244	248.5839	
0.04615	-47.361122	248.48663	
0.046175	-47.349686	248.38945	
0.0462	-47.33813	248.29236	
0.046225	-47.32646	248.19536	
0.04625	-47.314667	248.09845	
0.046275	-47.302746	248.00163	
0.0463	-47.290703	247.9049	
0.046325	-47.27853	247.80827	
0.04635	-47.266228	247.71173	
0.046375	-47.25379	247.61528	
0.0464	-47.24122	247.5189	
0.046425	-47.22851	247.42264	
0.04645	-47.215664	247.32646	
0.046475	-47.202675	247.23038	
0.0465	-47.18954	247.13438	
0.046525	-47.176258	247.03848	
0.04655	-47.162827	246.94267	
0.046575	-47.14924	246.84697	
0.0466	-47.135498	246.75134	
0.046625	-47.121597	246.65582	
0.04665	-47.107536	246.5604	
0.046675	-47.09331	246.46506	
0.0467	-47.078915	246.36983	
0.046725	-47.06435	246.27467	
0.04675	-47.049606	246.17964	
0.046775	-47.034687	246.08469	
0.0468	-47.019585	245.98984	
0.046825	-47.0043	245.89508	
0.04685	-46.98882	245.80043	
0.046875	-46.97315	245.70587	
0.0469	-46.95728	245.6114	
0.046925	-46.941208	245.51704	
0.04695	-46.924934	245.42279	
0.046975	-46.908443	245.32863	
0.047	-46.891743	245.23456	
0.047025	-46.874817	245.14061	
0.04705	-46.85767	245.04675	
0.047075	-46.84029	244.95299	
0.0471	-46.822674	244.85934	
0.047125	-46.804817	244.7658	
0.04715	-46.786713	244.67235	
0.047175	-46.768356	244.57901	
0.0472	-46.74974	244.48576	
0.047225	-46.73086	244.39264	
0.04725	-46.711708	244.29962	
0.047275	-46.692276	244.2067	
0.0473	-46.672558	244.11389	
0.047325	-46.652546	244.02118	
0.04735	-46.632236	243.92859	
0.047375	-46.611614	243.8361	
0.0474	-46.590675	243.74373	
0.047425	-46.569412	243.65147	
0.04745	-46.547813	243.55931	
0.047475	-46.52587	243.46727	
0.0475	-46.503574	243.37535	
0.047525	-46.480915	243.28354	
0.04755	-46.457882	243.19185	
0.047575	-46.43446	243.10027	
0.0476	-46.410645	243.0088	
0.047625	-46.386417	242.91745	
0.04765	-46.36177	242.82622	
0.047675	-46.33669	242.7351	
0.0477	-46.311157	242.64413	
0.047725	-46.285164	242.55327	
0.04775	-46.25869	242.46252	
0.047775	-46.231724	242.3719	
0.0478	-46.204247	242.2814	
0.047825	-46.176243	242.19104	
0.04785	-46.14769	242.1008	
0.047875	-46.118572	242.0107	
0.0479	-46.088867	241.92072	
0.047925	-46.058556	241.83087	
0.04795	-46.027615	241.74115	
0.047975	-45.996014	241.65158	
0.048	-45.963737	241.56213	
0.048025	-45.93075	241.47282	
0.04805	-45.89703	241.38367	
0.048075	-45.86254	241.29465	
0.0481	-45.827255	241.20576	
0.048125	-45.791138	241.11703	
0.04815	-45.754154	241.02846	
0.048175	-45.71626	240.94002	
0.0482	-45.677418	240.85175	
0.048225	-45.63758	240.76361	
0.04825	-45.596706	240.67564	
0.048275	-45.55474	240.58783	
0.0483	-45.511627	240.50018	
0.048325	-45.46731	240.4127	
0.04835	-45.421726	240.3254	
0.048375	-45.374805	240.23825	
0.0484	-45.326477	240.15129	
0.048425	-45.276657	240.0645	
0.04845	-45.22526	239.9779	
0.048475	-45.172195	239.89148	
0.0485	-45.117355	239.80525	
0.048525	-45.060627	239.71922	
0.04855	-45.00189	239.63339	
0.048575	-44.941	239.54778	
0.0486	-44.87782	239.46237	
0.048625	-44.81217	239.37717	
0.04865	-44.74387	239.2922	
0.048675	-44.672714	239.20746	
0.0487	-44.598473	239.12296	
0.048725	-44.52088	239.03871	
0.04875	-44.43965	238.95471	
0.048775	-44.354446	238.87097	
0.0488	-44.264885	238.78752	
0.048825	-44.170532	238.70435	
0.04885	-44.070885	238.62148	
0.048875	-43.965347	238.53893	
0.0489	-43.85324	238.45671	
0.048925	-43.73374	238.37485	
0.04895	-43.605877	238.29333	
0.048975	-43.46847	238.21223	
0.049	-43.320084	238.13156	
0.049025	-43.158924	238.05133	
0.04905	-42.982754	237.97159	
0.049075	-42.78868	237.89238	
0.0491	-42.57293	237.81377	
0.049125	-42.33041	237.73581	
0.04915	-42.05407	237.65858	
0.049175	-41.733746	237.58221	
0.0492	-41.354088	237.50684	
0.049225	-40.890427	237.43268	
0.04925	-48.5	317.36002	
0.049275	-48.5	317.21692	
0.0493	-48.50223	317.0739	
0.049325	-48.50446	316.93097	
0.04935	-48.506683	316.78815	
0.049375	-48.508904	316.64536	
0.0494	-48.51112	316.5027	
0.049425	-48.513336	316.36008	
0.04945	-48.515545	316.21756	
0.049475	-48.517754	316.07513	
0.0495	-48.51996	315.9328	
0.049525	-48.522156	315.79053	
0.04955	-48.524353	315.64835	
0.049575	-48.526546	315.50626	
0.0496	-48.528736	315.36426	
0.049625	-48.530922	315.22232	
0.04965	-48.533108	315.08047	
0.049675	-48.535286	314.9387	
0.0497	-48.53746	314.79703	
0.049725	-48.53963	314.65543	
0.04975	-48.5418	314.51392	
0.049775	-48.543964	314.37247	
0.0498	-48.546124	314.23114	
0.049825	-48.548283	314.08987	
0.04985	-48.550434	313.9487	
0.049875	-48.55258	313.8076	
0.0499	-48.55473	313.66656	
0.049925	-48.55687	313.52563	
0.04995	-48.55901	313.3848	
0.049975	-48.561142	313.24402	
0.05	-48.56327	313.10333	
0.050025	-48.565395	312.96274	
0.05005	-48.56752	312.8222	
0.050075	-48.569637	312.68176	
0.0501	-48.57175	312.5414	
0.050125	-48.57386	312.40115	
0.05015	-48.575966	312.26096	
0.050175	-48.578068	312.12085	
0.0502	-48.580166	311.9808	
0.050225	-48.582256	311.84088	
0.05025	-48.584347	311.70102	
0.050275	-48.586433	311.56122	
0.0503	-48.588512	311.42154	
0.050325	-48.590588	311.28192	
0.05035	-48.592663	311.1424	
0.050375	-48.59473	311.00293	
0.0504	-48.596794	310.86356	
0.050425	-48.598854	310.72427	
0.05045	-48.600906	310.58508	
0.050475	-48.60296	310.44595	
0.0505	-48.605003	310.30692	
0.050525	-48.607048	310.16794	
0.05055	-48.609085	310.02908	
0.050575	-48.611115	309.8903	
0.0506	-48.613144	309.75156	
0.050625	-48.61517	309.61295	
0.05065	-48.617188	309.47437	
0.050675	-48.6192	309.3359	
0.0507	-48.621212	309.1975	
0.050725	-48.62322	309.0592	
0.05075	-48.625217	308.921	
0.050775	-48.627216	308.78284	
0.0508	-48.629208	308.64478	
0.050825	-48.631195	308.5068	
0.05085	-48.633175	308.3689	
0.050875	-48.635155	308.23108	
0.0509	-48.637127	308.09335	
0.050925	-48.63909	307.9557	
0.05095	-48.641056	307.8181	
0.050975	-48.643013	307.68063	
0.051	-48.644966	307.5432	
0.051025	-48.646915	307.40588	
0.05105	-48.64886	307.26862	
0.051075	-48.6508	307.13147	
0.0511	-48.652733	306.99435	
0.051125	-48.65466	306.85736	
0.05115	-48.65658	306.72043	
0.051175	-48.6585	306.5836	
0.0512	-48.660416	306.4468	
0.051225	-48.662323	306.31015	
0.05125	-48.664227	306.17352	
0.051275	-48.666126	306.03702	
0.0513	-48.66802	305.90057	
0.051325	-48.669907	305.7642	
0.05135	-48.671787	305.62793	
0.051375	-48.673664	305.49173	
0.0514	-48.675537	305.3556	
0.051425	-48.677402	305.21954	
0.05145	-48.679264	305.0836	
0.051475	-48.68112	304.94772	
0.0515	-48.682972	304.81192	
0.051525	-48.68482	304.6762	
0.05155	-48.686657	304.54056	
0.051575	-48.68849	304.405	
0.0516	-48.690323	304.26953	
0.051625	-48.692146	304.13412	
0.05165	-48.693966	303.9988	
0.051675	-48.695778	303.86356	
0.0517	-48.697586	303.7284	
0.051725	-48.699387	303.59332	
0.05175	-48.701183	303.4583	
0.051775	-48.702972	303.3234	
0.0518	-48.704758	303.18857	
0.051825	-48.70654	303.0538	
0.05185	-48.708313	302.91913	
0.051875	-48.71008	302.78455	
0.0519	-48.71184	302.65002	
0.051925	-48.7136	302.51556	
0.05195	-48.71535	302.38123	
0.051975	-48.717094	302.24692	
0.052	-48.718834	302.11273	
0.052025	-48.72057	301.9786	
0.05205	-48.722294	301.84457	
0.052075	-48.72402	301.7106	
0.0521	-48.725735	301.57672	
0.052125	-48.727444	301.4429	
0.05215	-48.72915	301.30917	
0.052175	-48.730846	301.17554	
0.0522	-48.732536	301.042	
0.052225	-48.734222	300.90848	
0.05225	-48.735905	300.7751	
0.052275	-48.73758	300.64175	
0.0523	-48.739246	300.5085	
0.052325	-48.74091	300.37534	
0.05235	-48.742565	300.24225	
0.052375	-48.744213	300.10922	
0.0524	-48.745857	299.9763	
0.052425	-48.747494	299.84344	
0.05245	-48.749126	299.71066	
0.052475	-48.75075	299.57797	
0.0525	-48.75237	299.44534	
0.052525	-48.753983	299.3128	
0.05255	-48.75559	299.18036	
0.052575	-48.757187	299.04797	
0.0526	-48.75878	298.91568	
0.052625	-48.76037	298.78345	
0.05265	-48.761948	298.6513	
0.052675	-48.763523	298.51926	
0.0527	-48.76509	298.38727	
0.052725	-48.76665	298.25534	
0.05275	-48.768208	298.1235	
0.052775	-48.769756	297.99176	
0.0528	-48.771297	297.8601	
0.052825	-48.772835	297.7285	
0.05285	-48.77436	297.597	
0.052875	-48.775883	297.46555	
0.0529	-48.7774	297.3342	
0.052925	-48.778908	297.2029	
0.05295	-48.78041	297.0717	
0.052975	-48.781906	296.94058	
0.053	-48.783398	296.80954	
0.053025	-48.784878	296.67856	
0.05305	-48.786354	296.54767	
0.053075	-48.787823	296.41687	
0.0531	-48.789288	296.28613	
0.053125	-48.79074	296.15546	
0.05315	-48.79219	296.0249	
0.053175	-48.793633	295.89438	
0.0532	-48.795067	295.76398	
0.053225	-48.796494	295.63364	
0.05325	-48.797916	295.50336	
0.053275	-48.799328	295.37317	
0.0533	-48.800735	295.24307	
0.053325	-48.802135	295.11304	
0.05335	-48.803528	294.98306	
0.053375	-48.804916	294.8532	
0.0534	-48.806293	294.7234	
0.053425	-48.807667	294.5937	
0.05345	-48.809032	294.46405	
0.053475	-48.81039	294.33447	
0.0535	-48.81174	294.205	
0.053525	-48.813084	294.07556	
0.05355	-48.81442	293.94623	
0.053575	-48.81575	293.817	
0.0536	-48.81707	293.6878	
0.053625	-48.818386	293.55872	
0.05365	-48.819695	293.4297	
0.053675	-48.820995	293.30072	
0.0537	-48.82229	293.17188	
0.053725	-48.823574	293.04306	
0.05375	-48.824852	292.91437	
0.053775	-48.826122	292.78574	
0.0538	-48.827385	292.65717	
0.053825	-48.82864	292.5287	
0.05385	-48.82989	292.40027	
0.053875	-48.83113	292.27194	
0.0539	-48.832367	292.1437	
0.053925	-48.83359	292.01553	
0.05395	-48.834812	291.88742	
0.053975	-48.83602	291.7594	
0.054	-48.837227	291.63147	
0.054025	-48.83842	291.5036	
0.05405	-48.83961	291.37582	
0.054075	-48.84079	291.2481	
0.0541	-48.841965	291.12045	
0.054125	-48.84313	290.9929	
0.05415	-48.844288	290.86542	
0.054175	-48.84544	290.738	
0.0542	-48.84658	290.6107	
0.054225	-48.847717	290.48343	
0.05425	-48.848843	290.35626	
0.054275	-48.84996	290.22916	
0.0543	-48.851074	290.10214	
0.054325	-48.852177	289.9752	
0.05435	-48.85327	289.84833	
0.054375	-48.85436	289.72156	
0.0544	-48.855442	289.59482	
0.054425	-48.856514	289.4682	
0.05445	-48.85758	289.34164	
0.054475	-48.85863	289.21515	
0.0545	-48.85968	289.08875	
0.054525	-48.86072	288.9624	
0.05455	-48.86175	288.83615	
0.054575	-48.862778	288.70996	
0.0546	-48.863792	288.58386	
0.054625	-48.8648	288.45782	
0.05465	-48.865803	288.33188	
0.054675	-48.866795	288.20602	
0.0547	-48.867775	288.0802	
0.054725	-48.86875	287.9545	
0.05475	-48.86972	287.82886	
0.054775	-48.870678	287.70328	
0.0548	-48.871628	287.5778	
0.054825	-48.87257	287.45236	
0.05485	-48.873505	287.32703	
0.054875	-48.87443	287.20175	
0.0549	-48.87535	287.07657	
0.054925	-48.87626	286.95145	
0.05495	-48.87716	286.82642	
0.054975	-48.87805	286.70145	
0.055	-48.878937	286.57657	
0.055025	-48.879814	286.45175	
0.05505	-48.88068	286.32703	
0.055075	-48.88154	286.20236	
0.0551	-48.88239	286.0778	
0.055125	-48.883232	285.95328	
0.05515	-48.884064	285.82886	
0.055175	-48.884888	285.7045	
0.0552	-48.885704	285.5802	
0.055225	-48.886513	285.45602	
0.05525	-48.88731	285.33188	
0.055275	-48.888103	285.20782	
0.0553	-48.888885	285.08386	
0.055325	-48.889656	284.95996	
0.05535	-48.890423	284.83612	
0.055375	-48.89118	284.71237	
0.0554	-48.891926	284.58868	
0.055425	-48.892662	284.4651	
0.05545	-48.89339	284.34158	
0.055475	-48.89411	284.21814	
0.0555	-48.894825	284.09476	
0.055525	-48.895527	283.97147	
0.05555	-48.89622	283.84824	
0.055575	-48.896908	283.7251	
0.0556	-48.897583	283.60202	
0.055625	-48.89825	283.479	
0.05565	-48.898907	283.3561	
0.055675	-48.89956	283.23325	
0.0557	-48.9002	283.11047	
0.055725	-48.90083	282.9878	
0.05575	-48.90145	282.86517	
0.055775	-48.902065	282.7426	
0.0558	-48.902668	282.62015	
0.055825	-48.903263	282.49774	
0.05585	-48.90385	282.37543	
0.055875	-48.904427	282.25317	
0.0559	-48.904995	282.131	
0.055925	-48.905552	282.0089	
0.05595	-48.9061	281.8869	
0.055975	-48.906643	281.76495	
0.056	-48.907173	281.64307	
0.056025	-48.907696	281.52127	
0.05605	-48.908207	281.39957	
0.056075	-48.90871	281.27792	
0.0561	-48.909206	281.15634	
0.056125	-48.909687	281.03485	
0.05615	-48.910164	280.91342	
0.056175	-48.91063	280.79208	
0.0562	-48.911087	280.6708	
0.056225	-48.911533	280.5496	
0.05625	-48.91197	280.42847	
0.056275	-48.912395	280.30743	
0.0563	-48.912815	280.18646	
0.056325	-48.913223	280.06555	
0.05635	-48.913624	279.94473	
0.056375	-48.914013	279.82397	
0.0564	-48.91439	279.7033	
0.056425	-48.914764	279.5827	
0.05645	-48.915123	279.4622	
0.056475	-48.915474	279.34174	
0.0565	-48.915817	279.22134	
0.056525	-48.91615	279.10104	
0.05655	-48.91647	278.9808	
0.056575	-48.916782	278.86066	
0.0566	-48.917084	278.74057	
0.056625	-48.917377	278.62057	
0.05665	-48.91766	278.50064	
0.056675	-48.91793	278.38077	
0.0567	-48.918194	278.261	
0.056725	-48.91845	278.1413	
0.05675	-48.91869	278.02167	
0.056775	-48.918926	277.9021	
0.0568	-48.919147	277.7826	
0.056825	-48.91936	277.6632	
0.05685	-48.919563	277.54385	
0.056875	-48.919758	277.4246	
0.0569	-48.91994	277.3054	
0.056925	-48.920116	277.18628	
0.05695	-48.920277	277.06723	
0.056975	-48.92043	276.94827	
0.057	-48.920574	276.82938	
0.057025	-48.920708	276.71057	
0.05705	-48.92083	276.59183	
0.057075	-48.92094	276.47314	
0.0571	-48.921043	276.35455	
0.057125	-48.921135	276.23602	
0.05715	-48.92122	276.11755	
0.057175	-48.921288	275.9992	
0.0572	-48.92135	275.8809	
0.057225	-48.9214	275.76266	
0.05725	-48.92144	275.6445	
0.057275	-48.92147	275.52643	
0.0573	-48.92149	275.40842	
0.057325	-48.921497	275.2905	
0.05735	-48.921497	275.1726	
0.057375	-48.921486	275.05484	
0.0574	-48.921463	274.93713	
0.057425	-48.92143	274.8195	
0.05745	-48.921387	274.7019	
0.057475	-48.921333	274.5844	
0.0575	-48.92127	274.467	
0.057525	-48.921192	274.34967	
0.05755	-48.921104	274.2324	
0.057575	-48.92101	274.1152	
0.0576	-48.920902	273.99808	
0.057625	-48.920784	273.881	
0.05765	-48.920654	273.76404	
0.057675	-48.920513	273.64713	
0.0577	-48.920364	273.5303	
0.057725	-48.920204	273.41354	
0.05775	-48.92003	273.29688	
0.057775	-48.919846	273.18027	
0.0578	-48.919655	273.06372	
0.057825	-48.91945	272.94727	
0.05785	-48.91923	272.83087	
0.057875	-48.919006	272.71454	
0.0579	-48.918766	272.5983	
0.057925	-48.918518	272.48215	
0.05795	-48.91826	272.36603	
0.057975	-48.917988	272.25	
0.058	-48.917706	272.13406	
0.058025	-48.91741	272.0182	
0.05805	-48.917107	271.90237	
0.058075	-48.91679	271.78665	
0.0581	-48.916466	271.671	
0.058125	-48.916126	271.55542	
0.05815	-48.915775	271.4399	
0.058175	-48.915417	271.32446	
0.0582	-48.915043	271.2091	
0.058225	-48.91466	271.0938	
0.05825	-48.914265	270.97858	
0.058275	-48.91386	270.86343	
0.0583	-48.91344	270.74835	
0.058325	-48.913013	270.63336	
0.05835	-48.91257	270.51843	
0.058375	-48.91212	270.4036	
0.0584	-48.911655	270.2888	
0.058425	-48.911182	270.1741	
0.05845	-48.910694	270.05945	
0.058475	-48.910194	269.9449	
0.0585	-48.909683	269.8304	
0.058525	-48.909164	269.71597	
0.05855	-48.90863	269.60165	
0.058575	-48.908085	269.48737	
0.0586	-48.907528	269.37317	
0.058625	-48.906956	269.25903	
0.05865	-48.906376	269.145	
0.058675	-48.905785	269.031	
0.0587	-48.905178	268.9171	
0.058725	-48.904564	268.80328	
0.05875	-48.903934	268.6895	
0.058775	-48.903294	268.5758	
0.0588	-48.90264	268.4622	
0.058825	-48.901978	268.34866	
0.05885	-48.9013	268.2352	
0.058875	-48.90061	268.1218	
0.0589	-48.89991	268.00845	
0.058925	-48.899197	267.8952	
0.05895	-48.89847	267.78204	
0.058975	-48.897736	267.6689	
0.059	-48.896984	267.55588	
0.059025	-48.896225	267.44293	
0.05905	-48.89545	267.33005	
0.059075	-48.89466	267.21722	
0.0591	-48.893864	267.10446	
0.059125	-48.89305	266.9918	
0.05915	-48.892227	266.8792	
0.059175	-48.89139	266.76666	
0.0592	-48.89054	266.6542	
0.059225	-48.88968	266.54184	
0.05925	-48.888805	266.4295	
0.059275	-48.88792	266.3173	
0.0593	-48.88702	266.2051	
0.059325	-48.88611	266.09302	
0.05935	-48.88518	265.981	
0.059375	-48.884247	265.86905	
0.0594	-48.883293	265.75717	
0.059425	-48.88233	265.6454	
0.05945	-48.881355	265.53363	
0.059475	-48.880367	265.42197	
0.0595	-48.879364	265.3104	
0.059525	-48.87835	265.19888	
0.05955	-48.877323	265.08743	
0.059575	-48.87628	264.97607	
0.0596	-48.875225	264.86478	
0.059625	-48.87416	264.75354	
0.05965	-48.873077	264.6424	
0.059675	-48.871986	264.5313	
0.0597	-48.87088	264.4203	
0.059725	-48.86976	264.30936	
0.05975	-48.868626	264.1985	
0.059775	-48.867477	264.0877	
0.0598	-48.866318	263.977	
0.059825	-48.865147	263.86633	
0.05985	-48.863956	263.75577	
0.059875	-48.86276	263.64526	
0.0599	-48.861546	263.53482	
0.059925	-48.860317	263.42447	
0.05995	-48.859074	263.31418	
0.059975	-48.85782	263.20395	
0.06	-48.856552	263.0938	
0.060025	-48.85527	262.98373	
0.06005	-48.853973	262.87375	
0.060075	-48.852665	262.76382	
0.0601	-48.85134	262.65396	
0.060125	-48.850002	262.54416	
0.06015	-48.84865	262.43445	
0.060175	-48.847286	262.32483	
0.0602	-48.845905	262.21524	
0.060225	-48.844513	262.10574	
0.06025	-48.843105	261.99634	
0.060275	-48.841682	261.887	
0.0603	-48.84025	261.7777	
0.060325	-48.838795	261.6685	
0.06035	-48.83733	261.55936	
0.060375	-48.835854	261.4503	
0.0604	-48.83436	261.3413	
0.060425	-48.83285	261.2324	
0.06045	-48.83133	261.12354	
0.060475	-48.829792	261.01477	
0.0605	-48.82824	260.90604	
0.060525	-48.826675	260.79742	
0.06055	-48.825096	260.68884	
0.060575	-48.823498	260.58038	
0.0606	-48.821888	260.47195	
0.060625	-48.820263	260.36362	
0.06065	-48.818623	260.25534	
0.060675	-48.81697	260.14713	
0.0607	-48.8153	260.039	
0.060725	-48.813614	259.93094	
0.06075	-48.811916	259.82297	
0.060775	-48.8102	259.71503	
0.0608	-48.80847	259.6072	
0.060825	-48.806725	259.49942	
0.06085	-48.804966	259.39172	
0.060875	-48.80319	259.2841	
0.0609	-48.8014	259.17654	
0.060925	-48.79959	259.06906	
0.06095	-48.79777	258.96164	
0.060975	-48.795933	258.8543	
0.061	-48.79408	258.74704	
0.061025	-48.792213	258.63983	
0.06105	-48.79033	258.5327	
0.061075	-48.788425	258.42566	
0.0611	-48.78651	258.31866	
0.061125	-48.78458	258.21176	
0.06115	-48.78263	258.10492	
0.061175	-48.78067	257.99817	
0.0612	-48.77869	257.89145	
0.061225	-48.77669	257.78485	
0.06125	-48.77468	257.67828	
0.061275	-48.77265	257.5718	
0.0613	-48.770607	257.4654	
0.061325	-48.768547	257.35907	
0.06135	-48.76647	257.2528	
0.061375	-48.764378	257.1466	
0.0614	-48.762268	257.04047	
0.061425	-48.76014	256.93442	
0.06145	-48.757996	256.82846	
0.061475	-48.755836	256.72253	
0.0615	-48.753662	256.6167	
0.061525	-48.75147	256.51096	
0.06155	-48.749256	256.40524	
0.061575	-48.74703	256.29962	
0.0616	-48.744785	256.1941	
0.061625	-48.742523	256.0886	
0.06165	-48.740246	255.9832	
0.061675	-48.73795	255.87785	
0.0617	-48.735634	255.7726	
0.061725	-48.733303	255.6674	
0.06175	-48.730957	255.56229	
0.061775	-48.728592	255.45724	
0.0618	-48.726208	255.35226	
0.061825	-48.72381	255.24736	
0.06185	-48.72139	255.14253	
0.061875	-48.718952	255.03777	
0.0619	-48.7165	254.93307	
0.061925	-48.714027	254.82846	
0.06195	-48.711536	254.7239	
0.061975	-48.709026	254.61943	
0.062	-48.7065	254.51503	
0.062025	-48.703957	254.4107	
0.06205	-48.701393	254.30644	
0.062075	-48.69881	254.20226	
0.0621	-48.696213	254.09813	
0.062125	-48.693592	253.9941	
0.06215	-48.690956	253.89012	
0.062175	-48.6883	253.78621	
0.0622	-48.685623	253.68239	
0.062225	-48.68293	253.57863	
0.06225	-48.680218	253.47493	
0.062275	-48.677486	253.37132	
0.0623	-48.674736	253.26778	
0.062325	-48.671967	253.1643	
0.06235	-48.669174	253.0609	
0.062375	-48.666367	252.95758	
0.0624	-48.663536	252.85432	
0.062425	-48.66069	252.75113	
0.06245	-48.65782	252.64801	
0.062475	-48.654934	252.54497	
0.0625	-48.652027	252.442	
0.062525	-48.649097	252.33911	
0.06255	-48.646152	252.23628	
0.062575	-48.643185	252.13353	
0.0626	-48.640194	252.03084	
0.062625	-48.637188	251.92822	
0.06265	-48.63416	251.82568	
0.062675	-48.631107	251.72322	
0.0627	-48.62804	251.62082	
0.062725	-48.624947	251.5185	
0.06275	-48.621834	251.41624	
0.062775	-48.618702	251.31406	
0.0628	-48.615547	251.21194	
0.062825	-48.612373	251.10991	
0.06285	-48.609177	251.00795	
0.062875	-48.60596	250.90605	
0.0629	-48.602722	250.80423	
0.062925	-48.59946	250.70247	
0.06295	-48.596176	250.6008	
0.062975	-48.592873	250.49919	
0.063	-48.589546	250.39764	
0.063025	-48.586197	250.29619	
0.06305	-48.582825	250.1948	
0.063075	-48.579433	250.09348	
0.0631	-48.57602	249.99223	
0.063125	-48.57258	249.89105	
0.06315	-48.56912	249.78995	
0.063175	-48.565636	249.68892	
0.0632	-48.56213	249.58795	
0.063225	-48.558598	249.48706	
0.06325	-48.555046	249.38625	
0.063275	-48.55147	249.2855	
0.0633	-48.54787	249.18483	
0.063325	-48.544247	249.08423	
0.06335	-48.5406	248.9837	
0.063375	-48.53693	248.88324	
0.0634	-48.533234	248.78285	
0.063425	-48.529514	248.68254	
0.06345	-48.525772	248.5823	
0.063475	-48.522007	248.48213	
0.0635	-48.51821	248.38203	
0.063525	-48.514397	248.28201	
0.06355	-48.510555	248.18205	
0.063575	-48.506687	248.08218	
0.0636	-48.502796	247.98236	
0.063625	-48.49888	247.88263	
0.06365	-48.494938	247.78297	
0.063675	-48.49097	247.68338	
0.0637	-48.486977	247.58386	
0.063725	-48.482956	247.4844	
0.06375	-48.47891	247.38504	
0.063775	-48.47484	247.28574	
0.0638	-48.470737	247.18651	
0.063825	-48.466614	247.08734	
0.06385	-48.462463	246.98825	
0.063875	-48.458282	246.88925	
0.0639	-48.45408	246.7903	
0.063925	-48.449844	246.69144	
0.06395	-48.445583	246.59264	
0.063975	-48.441296	246.49391	
0.064	-48.43698	246.39526	
0.064025	-48.432636	246.29669	
0.06405	-48.428265	246.19818	
0.064075	-48.423866	246.09975	
0.0641	-48.419437	246.00139	
0.064125	-48.414978	245.90309	
0.06415	-48.410492	245.80489	
0.064175	-48.40598	245.70674	
0.0642	-48.401432	245.60867	
0.064225	-48.39686	245.51067	
0.06425	-48.392254	245.41275	
0.064275	-48.38762	245.3149	
0.0643	-48.382957	245.21712	
0.064325	-48.37826	245.1194	
0.06435	-48.37354	245.02177	
0.064375	-48.368782	244.92421	
0.0644	-48.363995	244.82672	
0.064425	-48.359177	244.72931	
0.06445	-48.35433	244.63197	
0.064475	-48.349445	244.5347	
0.0645	-48.344536	244.4375	
0.064525	-48.33959	244.34038	
0.06455	-48.334614	244.24333	
0.064575	-48.3296	244.14636	
0.0646	-48.32456	244.04945	
0.064625	-48.319485	243.95262	
0.06465	-48.314373	243.85587	
0.064675	-48.30923	243.75919	
0.0647	-48.304054	243.66258	
0.064725	-48.298843	243.56604	
0.06475	-48.2936	243.46957	
0.064775	-48.28832	243.37318	
0.0648	-48.283005	243.27687	
0.064825	-48.277653	243.18063	
0.06485	-48.272266	243.08446	
0.064875	-48.266846	242.98837	
0.0649	-48.261387	242.89235	
0.064925	-48.255894	242.7964	
0.06495	-48.250362	242.70053	
0.064975	-48.244797	242.60472	
0.065	-48.239193	242.509	
0.065025	-48.23355	242.41335	
0.06505	-48.22787	242.31776	
0.065075	-48.222153	242.22226	
0.0651	-48.216393	242.12683	
0.065125	-48.210598	242.03148	
0.06515	-48.204765	241.9362	
0.065175	-48.19889	241.84099	
0.0652	-48.192974	241.74585	
0.065225	-48.18702	241.6508	
0.06525	-48.181026	241.55582	
0.065275	-48.17499	241.4609	
0.0653	-48.16891	241.36607	
0.065325	-48.162792	241.2713	
0.06535	-48.15663	241.17662	
0.065375	-48.15043	241.08202	
0.0654	-48.144184	240.98747	
0.065425	-48.137894	240.893	
0.06545	-48.13156	240.79863	
0.065475	-48.125187	240.70432	
0.0655	-48.118763	240.61008	
0.065525	-48.1123	240.51591	
0.06555	-48.10579	240.42183	
0.065575	-48.09923	240.32782	
0.0656	-48.09263	240.23387	
0.065625	-48.08598	240.14001	
0.06565	-48.079285	240.04623	
0.065675	-48.07254	239.95251	
0.0657	-48.06575	239.85889	
0.065725	-48.05891	239.76532	
0.06575	-48.05202	239.67184	
0.065775	-48.045082	239.57843	
0.0658	-48.038094	239.4851	
0.065825	-48.031055	239.39185	
0.06585	-48.023968	239.29868	
0.065875	-48.016827	239.20557	
0.0659	-48.009636	239.11253	
0.065925	-48.00239	239.01959	
0.06595	-47.995094	238.92671	
0.065975	-47.987743	238.83391	
0.066	-47.98034	238.7412	
0.066025	-47.97288	238.64854	
0.06605	-47.965366	238.55597	
0.066075	-47.957794	238.46349	
0.0661	-47.95017	238.37106	
0.066125	-47.942486	238.27873	
0.06615	-47.934742	238.18648	
0.066175	-47.926945	238.09428	
0.0662	-47.919083	238.00218	
0.066225	-47.911167	237.91016	
0.06625	-47.903187	237.81819	
0.066275	-47.89515	237.72632	
0.0663	-47.887047	237.63452	
0.066325	-47.878883	237.54282	
0.06635	-47.870655	237.45117	
0.066375	-47.862366	237.3596	
0.0664	-47.85401	237.26813	
0.066425	-47.845592	237.17671	
0.06645	-47.837105	237.08539	
0.066475	-47.828552	236.99414	
0.0665	-47.81993	236.90297	
0.066525	-47.81124	236.81187	
0.06655	-47.802483	236.72086	
0.066575	-47.79365	236.62993	
0.0666	-47.78475	236.53906	
0.066625	-47.77578	236.44829	
0.06665	-47.766735	236.35759	
0.066675	-47.757618	236.26698	
0.0667	-47.748425	236.17644	
0.066725	-47.739155	236.08598	
0.06675	-47.72981	235.9956	
0.066775	-47.720387	235.9053	
0.0668	-47.710884	235.8151	
0.066825	-47.7013	235.72495	
0.06685	-47.69164	235.63489	
0.066875	-47.681892	235.54492	
0.0669	-47.672066	235.45502	
0.066925	-47.662155	235.3652	
0.06695	-47.652157	235.27547	
0.066975	-47.642075	235.18582	
0.067	-47.6319	235.09625	
0.067025	-47.621643	235.00676	
0.06705	-47.611294	234.91736	
0.067075	-47.60085	234.82803	
0.0671	-47.590317	234.73878	
0.067125	-47.57969	234.64963	
0.06715	-47.568962	234.56055	
0.067175	-47.558144	234.47154	
0.0672	-47.547226	234.38263	
0.067225	-47.536205	234.29381	
0.06725	-47.525085	234.20506	
0.067275	-47.513863	234.1164	
0.0673	-47.502533	234.02782	
0.067325	-47.4911	233.93932	
0.06735	-47.47956	233.8509	
0.067375	-47.46791	233.76259	
0.0674	-47.45615	233.67435	
0.067425	-47.444275	233.58618	
0.06745	-47.432285	233.49811	
0.067475	-47.42018	233.41013	
0.0675	-47.407955	233.32222	
0.067525	-47.39561	233.2344	
0.06755	-47.383144	233.14668	
0.067575	-47.370552	233.05904	
0.0676	-47.357838	232.97148	
0.067625	-47.34499	232.88402	
0.06765	-47.332012	232.79663	
0.067675	-47.3189	232.70934	
0.0677	-47.305656	232.62213	
0.067725	-47.29227	232.535	
0.06775	-47.278748	232.44797	
0.067775	-47.26508	232.36104	
0.0678	-47.251266	232.27419	
0.067825	-47.237305	232.18741	
0.06785	-47.223194	232.10074	
0.067875	-47.208927	232.01416	
0.0679	-47.194504	231.92766	
0.067925	-47.17992	231.84125	
0.06795	-47.165176	231.75494	
0.067975	-47.150265	231.66872	
0.068	-47.135185	231.58258	
0.068025	-47.11993	231.49655	
0.06805	-47.104504	231.4106	
0.068075	-47.088894	231.32475	
0.0681	-47.0731	231.23898	
0.068125	-47.05712	231.15332	
0.06815	-47.040955	231.06775	
0.068175	-47.02459	230.98227	
0.0682	-47.008022	230.89688	
0.068225	-46.991257	230.8116	
0.06825	-46.97428	230.7264	
0.068275	-46.957092	230.64131	
0.0683	-46.93969	230.5563	
0.068325	-46.922062	230.4714	
0.06835	-46.90421	230.3866	
0.068375	-46.88612	230.3019	
0.0684	-46.867798	230.21729	
0.068425	-46.84923	230.13277	
0.06845	-46.830414	230.04837	
0.068475	-46.81134	229.96405	
0.0685	-46.792007	229.87985	
0.068525	-46.772408	229.79575	
0.06855	-46.752533	229.71173	
0.068575	-46.732376	229.62784	
0.0686	-46.711933	229.54404	
0.068625	-46.69119	229.46034	
0.06865	-46.670143	229.37675	
0.068675	-46.64879	229.29327	
0.0687	-46.62711	229.2099	
0.068725	-46.605103	229.12663	
0.06875	-46.582756	229.04347	
0.068775	-46.560066	228.96042	
0.0688	-46.537014	228.87747	
0.068825	-46.513596	228.79465	
0.06885	-46.4898	228.71193	
0.068875	-46.465614	228.62932	
0.0689	-46.441025	228.54681	
0.068925	-46.416023	228.46443	
0.06895	-46.390594	228.38217	
0.068975	-46.364723	228.30002	
0.069	-46.3384	228.21799	
0.069025	-46.311607	228.13606	
0.06905	-46.284332	228.05428	
0.069075	-46.256554	227.9726	
0.0691	-46.22826	227.89104	
0.069125	-46.19943	227.80962	
0.06915	-46.170044	227.7283	
0.069175	-46.140087	227.64713	
0.0692	-46.10953	227.56607	
0.069225	-46.07836	227.48515	
0.06925	-46.04655	227.40436	
0.069275	-46.014072	227.32368	
0.0693	-45.980907	227.24316	
0.069325	-45.94702	227.16277	
0.06935	-45.912388	227.0825	
0.069375	-45.876972	227.0024	
0.0694	-45.840748	226.92241	
0.069425	-45.803677	226.84258	
0.06945	-45.76572	226.7629	
0.069475	-45.72684	226.68335	
0.0695	-45.686996	226.60394	
0.069525	-45.646137	226.5247	
0.06955	-45.60422	226.44562	
0.069575	-45.561188	226.36668	
0.0696	-45.516987	226.28792	
0.069625	-45.471558	226.2093	
0.06965	-45.42483	226.13086	
0.069675	-45.37674	226.05258	
0.0697	-45.327206	225.97449	
0.069725	-45.27615	225.89656	
0.06975	-45.223476	225.81882	
0.069775	-45.169094	225.74126	
0.0698	-45.11289	225.6639	
0.069825	-45.05475	225.58672	
0.06985	-44.994537	225.50974	
0.069875	-44.932125	225.43295	
0.0699	-44.867344	225.3564	
0.069925	-44.800022	225.28004	
0.06995	-44.729973	225.20392	
0.069975	-44.65697	225.12802	
0.07	-44.580776	225.05237	
0.070025	-44.501118	224.97696	
0.07005	-44.417686	224.90181	
0.070075	-44.33013	224.82692	
0.0701	-44.238045	224.7523	
0.070125	-44.140965	224.67798	
0.07015	-44.038353	224.60396	
0.070175	-43.92959	224.53026	
0.0702	-43.813923	224.4569	
0.070225	-43.690487	224.38388	
0.07025	-43.558224	224.31125	
0.070275	-43.415855	224.23901	
0.0703	-43.261806	224.1672	
0.070325	-43.094124	224.09587	
0.07035	-42.910316	224.02504	
0.070375	-42.707165	223.95476	
0.0704	-42.480408	223.88507	
0.070425	-42.22424	223.81609	
0.07045	-41.930492	223.74788	
0.070475	-41.58718	223.68057	
0.0705	-41.175755	223.61433	
0.070525	-40.665478	223.54941	
0.07055	-48.5	303.48618	
0.070575	-48.5	303.35175	
0.0706	-48.500996	303.2174	
0.070625	-48.501987	303.08313	
0.07065	-48.502968	302.94897	
0.070675	-48.503944	302.81485	
0.0707	-48.50491	302.68085	
0.070725	-48.505867	302.5469	
0.07075	-48.506817	302.41302	
0.070775	-48.50776	302.27927	
0.0708	-48.508694	302.14557	
0.070825	-48.50962	302.01193	
0.07085	-48.51054	301.87842	
0.070875	-48.51145	301.74496	
0.0709	-48.512352	301.6116	
0.070925	-48.51325	301.4783	
0.07095	-48.514133	301.3451	
0.070975	-48.51501	301.21198	
0.071	-48.51588	301.07892	
0.071025	-48.516743	300.94595	
0.07105	-48.517597	300.81305	
0.071075	-48.518444	300.68027	
0.0711	-48.51928	300.54755	
0.071125	-48.520107	300.4149	
0.07115	-48.520927	300.28232	
0.071175	-48.52174	300.14984	
0.0712	-48.522545	300.01746	
0.071225	-48.52334	299.88513	
0.07125	-48.524128	299.7529	
0.071275	-48.524906	299.62073	
0.0713	-48.525673	299.48865	
0.071325	-48.526436	299.35666	
0.07135	-48.527187	299.22473	
0.071375	-48.52793	299.0929	
0.0714	-48.528667	298.96115	
0.071425	-48.529392	298.82947	
0.07145	-48.53011	298.69788	
0.071475	-48.53082	298.56638	
0.0715	-48.53152	298.43494	
0.071525	-48.53221	298.3036	
0.07155	-48.532894	298.1723	
0.071575	-48.53357	298.04114	
0.0716	-48.534233	297.91	
0.071625	-48.53489	297.779	
0.07165	-48.535538	297.64804	
0.071675	-48.536175	297.51715	
0.0717	-48.536804	297.38638	
0.071725	-48.537422	297.25568	
0.07175	-48.538036	297.12503	
0.071775	-48.538635	296.99448	
0.0718	-48.53923	296.864	
0.071825	-48.539814	296.7336	
0.07185	-48.540386	296.6033	
0.071875	-48.54095	296.47308	
0.0719	-48.541508	296.34293	
0.071925	-48.542053	296.21286	
0.07195	-48.54259	296.0829	
0.071975	-48.543118	295.95297	
0.072	-48.543636	295.82315	
0.072025	-48.544147	295.6934	
0.07205	-48.544643	295.56372	
0.072075	-48.545135	295.4341	
0.0721	-48.545616	295.30463	
0.072125	-48.546085	295.17517	
0.07215	-48.546547	295.04584	
0.072175	-48.547	294.91656	
0.0722	-48.54744	294.78738	
0.072225	-48.547874	294.65826	
0.07225	-48.548294	294.52924	
0.072275	-48.54871	294.40027	
0.0723	-48.54911	294.2714	
0.072325	-48.549503	294.1426	
0.07235	-48.54989	294.0139	
0.072375	-48.550262	293.88525	
0.0724	-48.550625	293.7567	
0.072425	-48.55098	293.62823	
0.07245	-48.551323	293.49985	
0.072475	-48.551655	293.37152	
0.0725	-48.55198	293.2433	
0.072525	-48.55229	293.1151	
0.07255	-48.552593	292.98703	
0.072575	-48.552887	292.85904	
0.0726	-48.55317	292.73114	
0.072625	-48.553444	292.60327	
0.07265	-48.553707	292.47552	
0.072675	-48.55396	292.34784	
0.0727	-48.5542	292.22025	
0.072725	-48.554432	292.0927	
0.07275	-48.554653	291.96527	
0.072775	-48.554863	291.8379	
0.0728	-48.55506	291.71063	
0.072825	-48.555252	291.5834	
0.07285	-48.55543	291.45627	
0.072875	-48.5556	291.32922	
0.0729	-48.555756	291.20227	
0.072925	-48.555904	291.07538	
0.07295	-48.556038	290.94855	
0.072975	-48.556164	290.82184	
0.073	-48.55628	290.69516	
0.073025	-48.556385	290.5686	
0.07305	-48.556477	290.4421	
0.073075	-48.55656	290.31567	
0.0731	-48.55663	290.18933	
0.073125	-48.55669	290.06308	
0.07315	-48.55674	289.9369	
0.073175	-48.556778	289.8108	
0.0732	-48.556805	289.68478	
0.073225	-48.556824	289.55884	
0.07325	-48.556828	289.43295	
0.073275	-48.55682	289.3072	
0.0733	-48.556805	289.18146	
0.073325	-48.556774	289.05585	
0.07335	-48.556736	288.9303	
0.073375	-48.556683	288.8048	
0.0734	-48.55662	288.6794	
0.073425	-48.55655	288.5541	
0.07345	-48.55646	288.42886	
0.073475	-48.556366	288.3037	
0.0735	-48.55626	288.17862	
0.073525	-48.556137	288.05362	
0.07355	-48.556007	287.9287	
0.073575	-48.555862	287.80386	
0.0736	-48.555706	287.67908	
0.073625	-48.555542	287.5544	
0.07365	-48.555363	287.42978	
0.073675	-48.555172	287.30527	
0.0737	-48.55497	287.18082	
0.073725	-48.554756	287.05643	
0.07375	-48.55453	286.93213	
0.073775	-48.55429	286.80792	
0.0738	-48.554043	286.68378	
0.073825	-48.55378	286.55972	
0.07385	-48.553505	286.43573	
0.073875	-48.55322	286.31183	
0.0739	-48.55292	286.188	
0.073925	-48.552612	286.06424	
0.07395	-48.552288	285.94058	
0.073975	-48.551952	285.817	
0.074	-48.551605	285.69348	
0.074025	-48.551247	285.57004	
0.07405	-48.550873	285.4467	
0.074075	-48.550488	285.3234	
0.0741	-48.55009	285.2002	
0.074125	-48.549683	285.07706	
0.07415	-48.54926	284.954	
0.074175	-48.548824	284.83105	
0.0742	-48.548374	284.70816	
0.074225	-48.547916	284.58536	
0.07425	-48.547443	284.46262	
0.074275	-48.546955	284.33997	
0.0743	-48.546455	284.21738	
0.074325	-48.545944	284.09488	
0.07435	-48.545418	283.97244	
0.074375	-48.54488	283.8501	
0.0744	-48.54433	283.72784	
0.074425	-48.543766	283.60565	
0.07445	-48.543186	283.48355	
0.074475	-48.542595	283.3615	
0.0745	-48.541992	283.23956	
0.074525	-48.541374	283.11768	
0.07455	-48.540745	282.99588	
0.074575	-48.5401	282.87415	
0.0746	-48.539444	282.7525	
0.074625	-48.538773	282.63095	
0.07465	-48.538086	282.50946	
0.074675	-48.537388	282.38803	
0.0747	-48.53668	282.2667	
0.074725	-48.53595	282.14545	
0.07475	-48.53521	282.02426	
0.074775	-48.53446	281.90317	
0.0748	-48.53369	281.78214	
0.074825	-48.53291	281.6612	
0.07485	-48.532116	281.54034	
0.074875	-48.531307	281.41953	
0.0749	-48.530483	281.29883	
0.074925	-48.529644	281.1782	
0.07495	-48.528793	281.05762	
0.074975	-48.527927	280.93716	
0.075	-48.527046	280.81674	
0.075025	-48.526154	280.6964	
0.07505	-48.525246	280.57617	
0.075075	-48.524323	280.456	
0.0751	-48.523384	280.3359	
0.075125	-48.52243	280.21588	
0.07515	-48.521465	280.09595	
0.075175	-48.52048	279.9761	
0.0752	-48.519485	279.85632	
0.075225	-48.518475	279.7366	
0.07525	-48.51745	279.61697	
0.075275	-48.516407	279.49744	
0.0753	-48.51535	279.37796	
0.075325	-48.51428	279.25854	
0.07535	-48.513195	279.13922	
0.075375	-48.512093	279.02	
0.0754	-48.510975	278.90082	
0.075425	-48.509846	278.78174	
0.07545	-48.508698	278.66272	
0.075475	-48.507534	278.5438	
0.0755	-48.506355	278.42493	
0.075525	-48.50516	278.30615	
0.07555	-48.503952	278.18747	
0.075575	-48.502728	278.06885	
0.0756	-48.501488	277.9503	
0.075625	-48.500233	277.83182	
0.07565	-48.49896	277.71344	
0.075675	-48.497673	277.59512	
0.0757	-48.49637	277.47687	
0.075725	-48.49505	277.3587	
0.07575	-48.49371	277.24063	
0.075775	-48.49236	277.12262	
0.0758	-48.49099	277.0047	
0.075825	-48.489605	276.88684	
0.07585	-48.488205	276.76907	
0.075875	-48.486786	276.65137	
0.0759	-48.48535	276.53375	
0.075925	-48.4839	276.4162	
0.07595	-48.482433	276.29874	
0.075975	-48.48095	276.18134	
0.076	-48.479446	276.06403	
0.076025	-48.47793	275.9468	
0.07605	-48.476395	275.82965	
0.076075	-48.474842	275.71255	
0.0761	-48.47327	275.59555	
0.076125	-48.471684	275.47864	
0.07615	-48.47008	275.3618	
0.076175	-48.46846	275.24503	
0.0762	-48.46682	275.12833	
0.076225	-48.465164	275.0117	
0.07625	-48.463493	274.89517	
0.076275	-48.4618	274.7787	
0.0763	-48.46009	274.66232	
0.076325	-48.458366	274.546	
0.07635	-48.45662	274.42978	
0.076375	-48.454857	274.3136	
0.0764	-48.453075	274.19754	
0.076425	-48.45128	274.08154	
0.07645	-48.44946	273.9656	
0.076475	-48.447624	273.84976	
0.0765	-48.44577	273.73398	
0.076525	-48.443897	273.6183	
0.07655	-48.44201	273.5027	
0.076575	-48.440098	273.38715	
0.0766	-48.438168	273.27167	
0.076625	-48.436222	273.15628	
0.07665	-48.434258	273.041	
0.076675	-48.43227	272.92575	
0.0767	-48.430267	272.8106	
0.076725	-48.42824	272.69553	
0.07675	-48.4262	272.5805	
0.076775	-48.424137	272.4656	
0.0768	-48.422054	272.35074	
0.076825	-48.419956	272.236	
0.07685	-48.417835	272.12128	
0.076875	-48.41569	272.00668	
0.0769	-48.413532	271.89212	
0.076925	-48.41135	271.77768	
0.07695	-48.40915	271.6633	
0.076975	-48.40693	271.54898	
0.077	-48.40469	271.43475	
0.077025	-48.402428	271.3206	
0.07705	-48.400143	271.2065	
0.077075	-48.397842	271.09253	
0.0771	-48.39552	270.9786	
0.077125	-48.393173	270.86475	
0.07715	-48.39081	270.751	
0.077175	-48.388424	270.6373	
0.0772	-48.386017	270.52368	
0.077225	-48.383587	270.41016	
0.07725	-48.381138	270.2967	
0.077275	-48.378666	270.18332	
0.0773	-48.37617	270.07	
0.077325	-48.373657	269.9568	
0.07735	-48.37112	269.84363	
0.077375	-48.36856	269.73056	
0.0774	-48.365982	269.61755	
0.077425	-48.363377	269.50464	
0.07745	-48.360752	269.39178	
0.077475	-48.358105	269.27902	
0.0775	-48.355434	269.16635	
0.077525	-48.35274	269.05374	
0.07755	-48.350025	268.9412	
0.077575	-48.347286	268.82874	
0.0776	-48.344524	268.71637	
0.077625	-48.34174	268.60406	
0.07765	-48.338932	268.49182	
0.077675	-48.3361	268.3797	
0.0777	-48.333244	268.2676	
0.077725	-48.330364	268.1556	
0.07775	-48.32746	268.0437	
0.077775	-48.324535	267.93185	
0.0778	-48.321583	267.8201	
0.077825	-48.318607	267.70844	
0.07785	-48.31561	267.59683	
0.077875	-48.312584	267.4853	
0.0779	-48.309536	267.37384	
0.077925	-48.30646	267.26245	
0.07795	-48.30336	267.15115	
0.077975	-48.300236	267.03995	
0.078	-48.297085	266.9288	
0.078025	-48.29391	266.81775	
0.07805	-48.29071	266.70676	
0.078075	-48.287483	266.59583	
0.0781	-48.28423	266.48502	
0.078125	-48.28095	266.37424	
0.07815	-48.277645	266.26358	
0.078175	-48.27431	266.15298	
0.0782	-48.270954	266.04245	
0.078225	-48.267567	265.932	
0.07825	-48.264156	265.82162	
0.078275	-48.260715	265.71133	
0.0783	-48.257248	265.60114	
0.078325	-48.253754	265.491	
0.07835	-48.250233	265.38095	
0.078375	-48.24668	265.27097	
0.0784	-48.243103	265.16104	
0.078425	-48.239494	265.05124	
0.07845	-48.235863	264.9415	
0.078475	-48.232197	264.83182	
0.0785	-48.228504	264.72223	
0.078525	-48.22478	264.6127	
0.07855	-48.22103	264.50327	
0.078575	-48.21725	264.39392	
0.0786	-48.21344	264.28464	
0.078625	-48.209602	264.17545	
0.07865	-48.20573	264.0663	
0.078675	-48.20183	263.95728	
0.0787	-48.1979	263.8483	
0.078725	-48.19394	263.7394	
0.07875	-48.189945	263.63058	
0.078775	-48.18592	263.52185	
0.0788	-48.181866	263.4132	
0.078825	-48.17778	263.30463	
0.07885	-48.17366	263.19614	
0.078875	-48.16951	263.0877	
0.0789	-48.16533	262.97937	
0.078925	-48.161114	262.8711	
0.07895	-48.156864	262.7629	
0.078975	-48.152584	262.65482	
0.079	-48.14827	262.54678	
0.079025	-48.14392	262.4388	
0.07905	-48.139538	262.33096	
0.079075	-48.13512	262.22314	
0.0791	-48.130672	262.11545	
0.079125	-48.126186	262.0078	
0.07915	-48.121666	261.90024	
0.079175	-48.11711	261.79276	
0.0792	-48.112522	261.68536	
0.079225	-48.107895	261.57803	
0.07925	-48.103233	261.4708	
0.079275	-48.098534	261.36362	
0.0793	-48.0938	261.25653	
0.079325	-48.089027	261.14954	
0.07935	-48.084217	261.0426	
0.079375	-48.079372	260.93576	
0.0794	-48.074486	260.82898	
0.079425	-48.069565	260.7223	
0.07945	-48.0646	260.6157	
0.079475	-48.059605	260.50916	
0.0795	-48.054565	260.40268	
0.079525	-48.049484	260.29633	
0.07955	-48.04437	260.19003	
0.079575	-48.03921	260.0838	
0.0796	-48.03401	259.97766	
0.079625	-48.02877	259.8716	
0.07965	-48.02349	259.76562	
0.079675	-48.01817	259.65973	
0.0797	-48.012806	259.55392	
0.079725	-48.0074	259.44818	
0.07975	-48.00195	259.3425	
0.079775	-47.996456	259.23694	
0.0798	-47.99092	259.13144	
0.079825	-47.985344	259.026	
0.07985	-47.97972	258.92065	
0.079875	-47.974052	258.8154	
0.0799	-47.968338	258.71024	
0.079925	-47.96258	258.60513	
0.07995	-47.956776	258.5001	
0.079975	-47.950924	258.39517	
0.08	-47.945026	258.2903	
0.080025	-47.939083	258.18552	
0.08005	-47.93309	258.08084	
0.080075	-47.92705	257.9762	
0.0801	-47.92096	257.87167	
0.080125	-47.91482	257.7672	
0.08015	-47.908634	257.66284	
0.080175	-47.902397	257.55853	
0.0802	-47.896107	257.45435	
0.080225	-47.88977	257.3502	
0.08025	-47.883377	257.24615	
0.080275	-47.876934	257.14218	
0.0803	-47.870438	257.03827	
0.080325	-47.863888	256.93448	
0.08035	-47.857285	256.83075	
0.080375	-47.850628	256.7271	
0.0804	-47.843918	256.62354	
0.080425	-47.837147	256.52005	
0.08045	-47.830326	256.41666	
0.080475	-47.823444	256.31332	
0.0805	-47.816505	256.2101	
0.080525	-47.80951	256.10693	
0.08055	-47.802456	256.00388	
0.080575	-47.79534	255.90088	
0.0806	-47.78817	255.79797	
0.080625	-47.780933	255.69514	
0.08065	-47.77364	255.5924	
0.080675	-47.76628	255.48975	
0.0807	-47.75886	255.38716	
0.080725	-47.751377	255.28467	
0.08075	-47.74383	255.18225	
0.080775	-47.736217	255.07993	
0.0808	-47.728542	254.97768	
0.080825	-47.7208	254.87552	
0.08085	-47.712986	254.77344	
0.080875	-47.705105	254.67143	
0.0809	-47.69716	254.56953	
0.080925	-47.68914	254.4677	
0.08095	-47.681053	254.36595	
0.080975	-47.672894	254.2643	
0.081	-47.66466	254.16272	
0.081025	-47.656357	254.06122	
0.08105	-47.647976	253.95981	
0.081075	-47.639523	253.85849	
0.0811	-47.630993	253.75725	
0.081125	-47.622387	253.6561	
0.08115	-47.6137	253.55502	
0.081175	-47.604935	253.45404	
0.0812	-47.596092	253.35315	
0.081225	-47.587166	253.25233	
0.08125	-47.57816	253.15161	
0.081275	-47.56907	253.05096	
0.0813	-47.559895	252.95041	
0.081325	-47.550636	252.84993	
0.08135	-47.541286	252.74956	
0.081375	-47.531853	252.64925	
0.0814	-47.522327	252.54904	
0.081425	-47.512714	252.44891	
0.08145	-47.503006	252.34888	
0.081475	-47.49321	252.24893	
0.0815	-47.483315	252.14906	
0.081525	-47.473324	252.04929	
0.08155	-47.463238	251.9496	
0.081575	-47.453053	251.84999	
0.0816	-47.44277	251.75049	
0.081625	-47.43238	251.65106	
0.08165	-47.421894	251.55173	
0.081675	-47.411297	251.45247	
0.0817	-47.400597	251.35332	
0.081725	-47.38979	251.25424	
0.08175	-47.378872	251.15526	
0.081775	-47.367844	251.05637	
0.0818	-47.3567	250.95757	
0.081825	-47.345444	250.85886	
0.08185	-47.33407	250.76024	
0.081875	-47.32258	250.6617	
0.0819	-47.310963	250.56326	
0.081925	-47.29923	250.4649	
0.08195	-47.28737	250.36665	
0.081975	-47.27538	250.26848	
0.082	-47.263264	250.17041	
0.082025	-47.25102	250.07242	
0.08205	-47.238636	249.97453	
0.082075	-47.22612	249.87674	
0.0821	-47.213467	249.77902	
0.082125	-47.200672	249.68141	
0.08215	-47.187737	249.5839	
0.082175	-47.174652	249.48647	
0.0822	-47.16142	249.38913	
0.082225	-47.148037	249.2919	
0.08225	-47.1345	249.19475	
0.082275	-47.120808	249.0977	
0.0823	-47.106953	249.00075	
0.082325	-47.092937	248.90388	
0.08235	-47.078754	248.80713	
0.082375	-47.064404	248.71046	
0.0824	-47.049877	248.61389	
0.082425	-47.03518	248.51743	
0.08245	-47.020298	248.42105	
0.082475	-47.005238	248.32477	
0.0825	-46.989986	248.22859	
0.082525	-46.974545	248.13252	
0.08255	-46.958908	248.03653	
0.082575	-46.943073	247.94066	
0.0826	-46.927036	247.84488	
0.082625	-46.91079	247.74919	
0.08265	-46.894333	247.65361	
0.082675	-46.877655	247.55814	
0.0827	-46.86076	247.46277	
0.082725	-46.843636	247.3675	
0.08275	-46.82628	247.27232	
0.082775	-46.80868	247.17725	
0.0828	-46.790848	247.08229	
0.082825	-46.77276	246.98743	
0.08285	-46.754417	246.89268	
0.082875	-46.735817	246.79803	
0.0829	-46.71695	246.70349	
0.082925	-46.697803	246.60905	
0.08295	-46.67838	246.51472	
0.082975	-46.65867	246.42052	
0.083	-46.638657	246.3264	
0.083025	-46.618347	246.2324	
0.08305	-46.59772	246.13852	
0.083075	-46.57678	246.04474	
0.0831	-46.555508	245.95107	
0.083125	-46.533897	245.85751	
0.08315	-46.51194	245.76407	
0.083175	-46.489628	245.67075	
0.0832	-46.466946	245.57753	
0.083225	-46.443886	245.48444	
0.08325	-46.42044	245.39146	
0.083275	-46.39659	245.2986	
0.0833	-46.37233	245.20586	
0.083325	-46.34764	245.11324	
0.08335	-46.322517	245.02074	
0.083375	-46.296936	244.92834	
0.0834	-46.27089	244.83609	
0.083425	-46.24436	244.74396	
0.08345	-46.21733	244.65195	
0.083475	-46.189785	244.56007	
0.0835	-46.161705	244.4683	
0.083525	-46.133076	244.3767	
0.08355	-46.10387	244.28519	
0.083575	-46.07407	244.19383	
0.0836	-46.04366	244.1026	
0.083625	-46.012608	244.0115	
0.08365	-45.980892	243.92055	
0.083675	-45.94849	243.82973	
0.0837	-45.91537	243.73904	
0.083725	-45.881508	243.6485	
0.08375	-45.84687	243.5581	
0.083775	-45.81142	243.46785	
0.0838	-45.77513	243.37775	
0.083825	-45.737957	243.2878	
0.08385	-45.699863	243.19798	
0.083875	-45.66081	243.10834	
0.0839	-45.620747	243.01884	
0.083925	-45.579628	242.9295	
0.08395	-45.537403	242.84033	
0.083975	-45.494015	242.75131	
0.084	-45.4494	242.66248	
0.084025	-45.4035	242.5738	
0.08405	-45.35624	242.4853	
0.084075	-45.307545	242.39699	
0.0841	-45.257336	242.30884	
0.084125	-45.20552	242.22089	
0.08415	-45.152	242.13312	
0.084175	-45.096676	242.04555	
0.0842	-45.03942	241.95816	
0.084225	-44.980118	241.87099	
0.08425	-44.91862	241.78403	
0.084275	-44.854774	241.69727	
0.0843	-44.788406	241.61073	
0.084325	-44.719326	241.52443	
0.08435	-44.64732	241.43837	
0.084375	-44.572147	241.35254	
0.0844	-44.49354	241.26695	
0.084425	-44.41119	241.18164	
0.08445	-44.324753	241.09659	
0.084475	-44.23383	241.01181	
0.0845	-44.137962	240.92734	
0.084525	-44.036625	240.84317	
0.08455	-43.929195	240.75932	
0.084575	-43.814953	240.67581	
0.0846	-43.693027	240.59265	
0.084625	-43.562393	240.50987	
0.08465	-43.421795	240.4275	
0.084675	-43.26969	240.34557	
0.0847	-43.10417	240.26408	
0.084725	-42.92281	240.1831	
0.08475	-42.72247	240.10269	
0.084775	-42.499012	240.02287	
0.0848	-42.246822	239.94374	
0.084825	-41.958023	239.86539	
0.08485	-41.62111	239.78792	
0.084875	-41.218388	239.7115	
0.0849	-40.720764	239.63638	
0.084925	-48.5	319.56293	
0.08495	-48.5	319.41846	
0.084975	-48.502426	319.27405	
0.085	-48.504852	319.12973	
0.085025	-48.50727	318.9855	
0.08505	-48.50969	318.84137	
0.085075	-48.512108	318.69733	
0.0851	-48.514523	318.55334	
0.085125	-48.516933	318.40945	
0.08515	-48.51934	318.26566	
0.085175	-48.521744	318.12195	
0.0852	-48.524147	317.9783	
0.085225	-48.526546	317.83475	
0.08525	-48.528946	317.69128	
0.085275	-48.531338	317.54788	
0.0853	-48.53373	317.4046	
0.085325	-48.536118	317.26138	
0.08535	-48.5385	317.11823	
0.085375	-48.540886	316.9752	
0.0854	-48.543266	316.8322	
0.085425	-48.545643	316.68933	
0.08545	-48.548016	316.54654	
0.085475	-48.550385	316.4038	
0.0855	-48.552753	316.26117	
0.085525	-48.55512	316.11862	
0.08555	-48.55748	315.97617	
0.085575	-48.559837	315.83377	
0.0856	-48.56219	315.69147	
0.085625	-48.564545	315.54926	
0.08565	-48.56689	315.40714	
0.085675	-48.569237	315.26508	
0.0857	-48.57158	315.1231	
0.085725	-48.573917	314.9812	
0.08575	-48.576252	314.83942	
0.085775	-48.578587	314.6977	
0.0858	-48.580914	314.55606	
0.085825	-48.58324	314.4145	
0.08585	-48.58556	314.273	
0.085875	-48.58788	314.13162	
0.0859	-48.590195	313.99033	
0.085925	-48.592506	313.8491	
0.08595	-48.594814	313.70795	
0.085975	-48.59712	313.5669	
0.086	-48.599422	313.42593	
0.086025	-48.60172	313.28503	
0.08605	-48.60401	313.14423	
0.086075	-48.606304	313.00348	
0.0861	-48.60859	312.86282	
0.086125	-48.61087	312.72226	
0.08615	-48.61315	312.5818	
0.086175	-48.61543	312.44138	
0.0862	-48.6177	312.30106	
0.086225	-48.61997	312.16083	
0.08625	-48.62223	312.02066	
0.086275	-48.624493	311.88058	
0.0863	-48.626747	311.7406	
0.086325	-48.629	311.60068	
0.08635	-48.631252	311.46085	
0.086375	-48.633495	311.3211	
0.0864	-48.63574	311.18146	
0.086425	-48.637974	311.04187	
0.08645	-48.64021	310.90237	
0.086475	-48.642437	310.76294	
0.0865	-48.64466	310.6236	
0.086525	-48.646885	310.48434	
0.08655	-48.6491	310.34518	
0.086575	-48.651314	310.2061	
0.0866	-48.653522	310.06708	
0.086625	-48.655727	309.92813	
0.08665	-48.65793	309.78928	
0.086675	-48.660126	309.6505	
0.0867	-48.662315	309.51184	
0.086725	-48.664505	309.37323	
0.08675	-48.666687	309.2347	
0.086775	-48.66887	309.09625	
0.0868	-48.671043	308.9579	
0.086825	-48.673214	308.8196	
0.08685	-48.67538	308.6814	
0.086875	-48.677544	308.54327	
0.0869	-48.6797	308.40524	
0.086925	-48.681854	308.2673	
0.08695	-48.684002	308.12943	
0.086975	-48.686146	307.9916	
0.087	-48.688286	307.8539	
0.087025	-48.690422	307.71628	
0.08705	-48.692554	307.5787	
0.087075	-48.69468	307.44125	
0.0871	-48.6968	307.30383	
0.087125	-48.698917	307.16653	
0.08715	-48.70103	307.0293	
0.087175	-48.70314	306.89215	
0.0872	-48.705242	306.7551	
0.087225	-48.70734	306.6181	
0.08725	-48.709435	306.48117	
0.087275	-48.711525	306.34436	
0.0873	-48.713608	306.2076	
0.087325	-48.715687	306.07092	
0.08735	-48.717762	305.93436	
0.087375	-48.71983	305.79782	
0.0874	-48.721897	305.6614	
0.087425	-48.723957	305.52505	
0.08745	-48.72601	305.3888	
0.087475	-48.72806	305.2526	
0.0875	-48.730106	305.1165	
0.087525	-48.732147	304.98047	
0.08755	-48.73418	304.8445	
0.087575	-48.736214	304.70865	
0.0876	-48.738235	304.57288	
0.087625	-48.740257	304.43716	
0.08765	-48.74227	304.3015	
0.087675	-48.74428	304.166	
0.0877	-48.74629	304.03052	
0.087725	-48.748287	303.8951	
0.08775	-48.75028	303.7598	
0.087775	-48.75227	303.62457	
0.0878	-48.754253	303.4894	
0.087825	-48.756233	303.35434	
0.08785	-48.758205	303.21936	
0.087875	-48.760174	303.08444	
0.0879	-48.762135	302.94962	
0.087925	-48.764095	302.81485	
0.08795	-48.766045	302.68018	
0.087975	-48.767994	302.5456	
0.088	-48.76993	302.41107	
0.088025	-48.77187	302.27664	
0.08805	-48.7738	302.14227	
0.088075	-48.775723	302.008	
0.0881	-48.777645	301.8738	
0.088125	-48.779556	301.7397	
0.08815	-48.781467	301.60565	
0.088175	-48.783367	301.47168	
0.0882	-48.785267	301.3378	
0.088225	-48.787155	301.20398	
0.08825	-48.789043	301.07028	
0.088275	-48.790924	300.9366	
0.0883	-48.792797	300.80307	
0.088325	-48.794666	300.66956	
0.08835	-48.796528	300.53616	
0.088375	-48.798386	300.40283	
0.0884	-48.80024	300.26956	
0.088425	-48.802082	300.1364	
0.08845	-48.803925	300.0033	
0.088475	-48.805756	299.8703	
0.0885	-48.807587	299.73737	
0.088525	-48.809406	299.6045	
0.08855	-48.811226	299.4717	
0.088575	-48.813034	299.33902	
0.0886	-48.81484	299.2064	
0.088625	-48.81664	299.07385	
0.08865	-48.81843	298.94138	
0.088675	-48.820217	298.809	
0.0887	-48.822	298.67667	
0.088725	-48.823772	298.54443	
0.08875	-48.82554	298.4123	
0.088775	-48.8273	298.2802	
0.0888	-48.82906	298.14822	
0.088825	-48.83081	298.0163	
0.08885	-48.832554	297.88446	
0.088875	-48.83429	297.7527	
0.0889	-48.83602	297.621	
0.088925	-48.837746	297.48938	
0.08895	-48.839466	297.35788	
0.088975	-48.84118	297.2264	
0.089	-48.842884	297.09503	
0.089025	-48.844585	296.96375	
0.08905	-48.84628	296.83252	
0.089075	-48.847965	296.7014	
0.0891	-48.849648	296.5703	
0.089125	-48.851322	296.43933	
0.08915	-48.85299	296.30844	
0.089175	-48.854652	296.1776	
0.0892	-48.856308	296.04684	
0.089225	-48.857956	295.91617	
0.08925	-48.859596	295.78558	
0.089275	-48.861233	295.65506	
0.0893	-48.86286	295.52463	
0.089325	-48.864487	295.39426	
0.08935	-48.8661	295.26398	
0.089375	-48.86771	295.13376	
0.0894	-48.869312	295.00363	
0.089425	-48.87091	294.87357	
0.08945	-48.872498	294.7436	
0.089475	-48.87408	294.6137	
0.0895	-48.87566	294.4839	
0.089525	-48.877228	294.35413	
0.08955	-48.878788	294.22446	
0.089575	-48.880344	294.09488	
0.0896	-48.881893	293.96536	
0.089625	-48.88344	293.8359	
0.08965	-48.88497	293.70654	
0.089675	-48.8865	293.57727	
0.0897	-48.888023	293.44806	
0.089725	-48.889538	293.31894	
0.08975	-48.891045	293.18988	
0.089775	-48.892544	293.0609	
0.0898	-48.89404	292.932	
0.089825	-48.895527	292.8032	
0.08985	-48.897007	292.67444	
0.089875	-48.89848	292.54578	
0.0899	-48.899944	292.41718	
0.089925	-48.9014	292.28867	
0.08995	-48.902855	292.16025	
0.089975	-48.904297	292.0319	
0.09	-48.905735	291.9036	
0.090025	-48.907166	291.7754	
0.09005	-48.90859	291.64725	
0.090075	-48.910004	291.5192	
0.0901	-48.911415	291.39124	
0.090125	-48.912815	291.2633	
0.09015	-48.914207	291.1355	
0.090175	-48.915596	291.00775	
0.0902	-48.916977	290.88007	
0.090225	-48.918346	290.75247	
0.09025	-48.919712	290.62497	
0.090275	-48.92107	290.49753	
0.0903	-48.92242	290.37015	
0.090325	-48.923763	290.24286	
0.09035	-48.9251	290.11563	
0.090375	-48.926426	289.9885	
0.0904	-48.927746	289.86145	
0.090425	-48.92906	289.73447	
0.09045	-48.930367	289.60754	
0.090475	-48.931664	289.4807	
0.0905	-48.932953	289.35394	
0.090525	-48.93424	289.22726	
0.09055	-48.935513	289.10068	
0.090575	-48.936783	288.97412	
0.0906	-48.93804	288.8477	
0.090625	-48.939293	288.7213	
0.09065	-48.94054	288.595	
0.090675	-48.941776	288.46878	
0.0907	-48.943005	288.34262	
0.090725	-48.94423	288.21655	
0.09075	-48.945442	288.09055	
0.090775	-48.946648	287.96463	
0.0908	-48.947845	287.83878	
0.090825	-48.94904	287.713	
0.09085	-48.950222	287.5873	
0.090875	-48.951397	287.4617	
0.0909	-48.952564	287.33615	
0.090925	-48.953724	287.21066	
0.09095	-48.954876	287.0853	
0.090975	-48.95602	286.95996	
0.091	-48.957153	286.83472	
0.091025	-48.958282	286.70956	
0.09105	-48.959404	286.58447	
0.091075	-48.960514	286.45944	
0.0911	-48.96162	286.3345	
0.091125	-48.962715	286.20963	
0.09115	-48.963802	286.08484	
0.091175	-48.96488	285.96014	
0.0912	-48.965954	285.83548	
0.091225	-48.96702	285.71094	
0.09125	-48.968075	285.58643	
0.091275	-48.969124	285.46204	
0.0913	-48.97016	285.33768	
0.091325	-48.97119	285.2134	
0.09135	-48.972218	285.08923	
0.091375	-48.973232	284.96512	
0.0914	-48.97424	284.8411	
0.091425	-48.975235	284.7171	
0.09145	-48.976227	284.59323	
0.091475	-48.977207	284.46942	
0.0915	-48.978184	284.34567	
0.091525	-48.97915	284.22202	
0.09155	-48.980103	284.09842	
0.091575	-48.981052	283.9749	
0.0916	-48.981995	283.85147	
0.091625	-48.982925	283.72812	
0.09165	-48.98385	283.60483	
0.091675	-48.984764	283.4816	
0.0917	-48.98567	283.35846	
0.091725	-48.98657	283.23538	
0.09175	-48.987457	283.1124	
0.091775	-48.98834	282.9895	
0.0918	-48.989212	282.86664	
0.091825	-48.990074	282.74387	
0.09185	-48.99093	282.6212	
0.091875	-48.99178	282.49857	
0.0919	-48.992615	282.37604	
0.091925	-48.993446	282.25357	
0.09195	-48.994267	282.13116	
0.091975	-48.99508	282.00885	
0.092	-48.995884	281.8866	
0.092025	-48.996677	281.76443	
0.09205	-48.997463	281.64233	
0.092075	-48.99824	281.5203	
0.0921	-48.999012	281.39838	
0.092125	-48.99977	281.2765	
0.09215	-49.000523	281.1547	
0.092175	-49.001263	281.03296	
0.0922	-49.002	280.91132	
0.092225	-49.002724	280.78973	
0.09225	-49.003437	280.66824	
0.092275	-49.004147	280.5468	
0.0923	-49.004845	280.42545	
0.092325	-49.00553	280.30417	
0.09235	-49.006214	280.18295	
0.092375	-49.006886	280.06183	
0.0924	-49.007545	279.94077	
0.092425	-49.0082	279.8198	
0.09245	-49.008846	279.69888	
0.092475	-49.00948	279.57806	
0.0925	-49.010105	279.45728	
0.092525	-49.010723	279.3366	
0.09255	-49.011333	279.21597	
0.092575	-49.011932	279.09546	
0.0926	-49.01252	278.97498	
0.092625	-49.013103	278.85458	
0.09265	-49.01367	278.73428	
0.092675	-49.014236	278.614	
0.0927	-49.01479	278.49387	
0.092725	-49.015335	278.37375	
0.09275	-49.01587	278.25372	
0.092775	-49.01639	278.1338	
0.0928	-49.01691	278.01392	
0.092825	-49.017418	277.8941	
0.09285	-49.017914	277.77438	
0.092875	-49.018402	277.65472	
0.0929	-49.018883	277.53516	
0.092925	-49.019352	277.41565	
0.09295	-49.019814	277.2962	
0.092975	-49.020264	277.17685	
0.093	-49.020702	277.05756	
0.093025	-49.021137	276.93832	
0.09305	-49.021557	276.81918	
0.093075	-49.021973	276.70013	
0.0931	-49.022377	276.58115	
0.093125	-49.02277	276.46222	
0.09315	-49.023155	276.34338	
0.093175	-49.02353	276.2246	
0.0932	-49.023895	276.1059	
0.093225	-49.02425	275.98727	
0.09325	-49.024597	275.8687	
0.093275	-49.024933	275.75024	
0.0933	-49.02526	275.63184	
0.093325	-49.025578	275.5135	
0.09335	-49.025883	275.39523	
0.093375	-49.02618	275.27704	
0.0934	-49.02647	275.15894	
0.093425	-49.02675	275.0409	
0.09345	-49.027016	274.9229	
0.093475	-49.027275	274.80502	
0.0935	-49.027523	274.6872	
0.093525	-49.027763	274.56946	
0.09355	-49.027992	274.45178	
0.093575	-49.028214	274.33417	
0.0936	-49.028423	274.21664	
0.093625	-49.02862	274.09918	
0.09365	-49.028812	273.9818	
0.093675	-49.02899	273.8645	
0.0937	-49.02916	273.74725	
0.093725	-49.02932	273.6301	
0.09375	-49.02947	273.513	
0.093775	-49.02961	273.396	
0.0938	-49.02974	273.27902	
0.093825	-49.029858	273.16217	
0.09385	-49.02997	273.04535	
0.093875	-49.030067	272.92862	
0.0939	-49.03016	272.81198	
0.093925	-49.030235	272.6954	
0.09395	-49.030308	272.5789	
0.093975	-49.030365	272.46243	
0.094	-49.030415	272.34607	
0.094025	-49.030453	272.2298	
0.09405	-49.03048	272.11356	
0.094075	-49.0305	271.9974	
0.0941	-49.030506	271.88135	
0.094125	-49.030502	271.76535	
0.09415	-49.03049	271.6494	
0.094175	-49.030468	271.53357	
0.0942	-49.030434	271.4178	
0.094225	-49.030388	271.30206	
0.09425	-49.030334	271.18643	
0.094275	-49.03027	271.07086	
0.0943	-49.030193	270.95535	
0.094325	-49.03011	270.83994	
0.09435	-49.03001	270.72458	
0.094375	-49.029903	270.6093	
0.0944	-49.02979	270.4941	
0.094425	-49.02966	270.37897	
0.09445	-49.029522	270.26392	
0.094475	-49.029373	270.14893	
0.0945	-49.029213	270.034	
0.094525	-49.02904	269.91916	
0.09455	-49.028862	269.80438	
0.094575	-49.028667	269.6897	
0.0946	-49.028465	269.57507	
0.094625	-49.02825	269.4605	
0.09465	-49.02803	269.34604	
0.094675	-49.027794	269.23163	
0.0947	-49.02755	269.11728	
0.094725	-49.027294	269.00302	
0.09475	-49.027027	268.88882	
0.094775	-49.02675	268.7747	
0.0948	-49.02646	268.66064	
0.094825	-49.026157	268.54666	
0.09485	-49.02585	268.43277	
0.094875	-49.025524	268.3189	
0.0949	-49.025192	268.20517	
0.094925	-49.02485	268.09146	
0.09495	-49.024494	267.97784	
0.094975	-49.024128	267.86432	
0.095	-49.02375	267.75082	
0.095025	-49.023365	267.63742	
0.09505	-49.022964	267.5241	
0.095075	-49.022556	267.41083	
0.0951	-49.022133	267.29764	
0.095125	-49.0217	267.18454	
0.09515	-49.021255	267.0715	
0.095175	-49.0208	266.95853	
0.0952	-49.020336	266.8456	
0.095225	-49.01986	266.7328	
0.09525	-49.01937	266.62003	
0.095275	-49.01887	266.50735	
0.0953	-49.018356	266.39474	
0.095325	-49.017834	266.2822	
0.09535	-49.0173	266.16974	
0.095375	-49.016754	266.05734	
0.0954	-49.016197	265.945	
0.095425	-49.01563	265.83276	
0.09545	-49.01505	265.72055	
0.095475	-49.014458	265.60846	
0.0955	-49.013855	265.4964	
0.095525	-49.01324	265.38446	
0.09555	-49.01261	265.27255	
0.095575	-49.011974	265.16074	
0.0956	-49.011326	265.04898	
0.095625	-49.010666	264.9373	
0.09565	-49.00999	264.82568	
0.095675	-49.009308	264.71414	
0.0957	-49.00861	264.60266	
0.095725	-49.0079	264.49127	
0.09575	-49.007183	264.37994	
0.095775	-49.00645	264.2687	
0.0958	-49.005707	264.1575	
0.095825	-49.00495	264.0464	
0.09585	-49.00418	263.93536	
0.095875	-49.003403	263.8244	
0.0959	-49.00261	263.7135	
0.095925	-49.00181	263.60266	
0.09595	-49.00099	263.4919	
0.095975	-49.000164	263.38123	
0.096	-48.999325	263.27063	
0.096025	-48.998474	263.1601	
0.09605	-48.99761	263.04962	
0.096075	-48.99673	262.9392	
0.0961	-48.995842	262.8289	
0.096125	-48.99494	262.71863	
0.09615	-48.99403	262.60846	
0.096175	-48.993107	262.49832	
0.0962	-48.99217	262.3883	
0.096225	-48.99122	262.27832	
0.09625	-48.990257	262.16843	
0.096275	-48.98928	262.0586	
0.0963	-48.988293	261.94885	
0.096325	-48.987293	261.83914	
0.09635	-48.986282	261.72952	
0.096375	-48.985256	261.62	
0.0964	-48.984222	261.51053	
0.096425	-48.98317	261.40112	
0.09645	-48.98211	261.29178	
0.096475	-48.981033	261.18253	
0.0965	-48.979946	261.07333	
0.096525	-48.978848	260.96423	
0.09655	-48.977734	260.85516	
0.096575	-48.97661	260.7462	
0.0966	-48.975468	260.6373	
0.096625	-48.974316	260.52847	
0.09665	-48.973152	260.4197	
0.096675	-48.971973	260.311	
0.0967	-48.970783	260.2024	
0.096725	-48.96958	260.09384	
0.09675	-48.968365	259.98535	
0.096775	-48.967136	259.87695	
0.0968	-48.965893	259.76862	
0.096825	-48.964638	259.66034	
0.09685	-48.96337	259.55215	
0.096875	-48.96209	259.44403	
0.0969	-48.960793	259.33597	
0.096925	-48.959484	259.22797	
0.09695	-48.958164	259.12006	
0.096975	-48.95683	259.01224	
0.097	-48.95548	258.90445	
0.097025	-48.954117	258.79675	
0.09705	-48.952744	258.68912	
0.097075	-48.951355	258.58157	
0.0971	-48.94995	258.47406	
0.097125	-48.948536	258.36667	
0.09715	-48.94711	258.2593	
0.097175	-48.945663	258.15204	
0.0972	-48.94421	258.04483	
0.097225	-48.942738	257.93768	
0.09725	-48.941254	257.83063	
0.097275	-48.93976	257.72363	
0.0973	-48.938244	257.6167	
0.097325	-48.93672	257.50986	
0.09735	-48.93518	257.40308	
0.097375	-48.933628	257.29636	
0.0974	-48.93206	257.18973	
0.097425	-48.93048	257.08316	
0.09745	-48.928883	256.97665	
0.097475	-48.927277	256.87024	
0.0975	-48.92565	256.7639	
0.097525	-48.924015	256.6576	
0.09755	-48.922363	256.55136	
0.097575	-48.920696	256.44522	
0.0976	-48.919014	256.33914	
0.097625	-48.91732	256.23315	
0.09765	-48.91561	256.1272	
0.097675	-48.913887	256.02133	
0.0977	-48.91215	255.91554	
0.097725	-48.910397	255.80983	
0.09775	-48.90863	255.70418	
0.097775	-48.90685	255.59859	
0.0978	-48.905052	255.49307	
0.097825	-48.90324	255.38763	
0.09785	-48.901413	255.28227	
0.097875	-48.899574	255.17697	
0.0979	-48.897717	255.07173	
0.097925	-48.895847	254.96657	
0.09795	-48.893963	254.86148	
0.097975	-48.892063	254.75647	
0.098	-48.890144	254.65152	
0.098025	-48.888214	254.54665	
0.09805	-48.88627	254.44183	
0.098075	-48.884308	254.3371	
0.0981	-48.88233	254.23244	
0.098125	-48.88034	254.12784	
0.09815	-48.878334	254.02332	
0.098175	-48.876312	253.91885	
0.0982	-48.874275	253.81447	
0.098225	-48.87222	253.71016	
0.09825	-48.87015	253.60591	
0.098275	-48.86807	253.50174	
0.0983	-48.865967	253.39763	
0.098325	-48.863853	253.2936	
0.09835	-48.86172	253.18964	
0.098375	-48.859573	253.08574	
0.0984	-48.85741	252.98192	
0.098425	-48.85523	252.87817	
0.09845	-48.853035	252.77449	
0.098475	-48.850822	252.67088	
0.0985	-48.848595	252.56734	
0.098525	-48.84635	252.46387	
0.09855	-48.844093	252.36047	
0.098575	-48.841816	252.25714	
0.0986	-48.839523	252.15387	
0.098625	-48.837215	252.05069	
0.09865	-48.834892	251.94757	
0.098675	-48.83255	251.84451	
0.0987	-48.83019	251.74155	
0.098725	-48.827816	251.63864	
0.09875	-48.825424	251.5358	
0.098775	-48.823013	251.43303	
0.0988	-48.82059	251.33034	
0.098825	-48.818146	251.2277	
0.09885	-48.81569	251.12515	
0.098875	-48.81321	251.02266	
0.0989	-48.81072	250.92024	
0.098925	-48.80821	250.8179	
0.09895	-48.80568	250.71562	
0.098975	-48.803135	250.61342	
0.099	-48.80057	250.51129	
0.099025	-48.797993	250.40923	
0.09905	-48.795395	250.30722	
0.099075	-48.792778	250.2053	
0.0991	-48.790146	250.10345	
0.099125	-48.787495	250.00166	
0.09915	-48.784824	249.89995	
0.099175	-48.78214	249.79831	
0.0992	-48.779434	249.69673	
0.099225	-48.776714	249.59523	
0.09925	-48.77397	249.4938	
0.099275	-48.771214	249.39244	
0.0993	-48.768436	249.29115	
0.099325	-48.76564	249.18993	
0.09935	-48.76283	249.08878	
0.099375	-48.759995	248.9877	
0.0994	-48.757145	248.88669	
0.099425	-48.754276	248.78575	
0.09945	-48.75139	248.68488	
0.099475	-48.74848	248.58408	
0.0995	-48.745556	248.48335	
0.099525	-48.74261	248.38269	
0.09955	-48.739647	248.2821	
0.099575	-48.736664	248.18158	
0.0996	-48.73366	248.08113	
0.099625	-48.73064	247.98076	
0.09965	-48.727596	247.88045	
0.099675	-48.724537	247.78021	
0.0997	-48.721455	247.68005	
0.099725	-48.718357	247.57996	
0.09975	-48.715237	247.47993	
0.099775	-48.712097	247.37997	
0.0998	-48.70894	247.28009	
0.099825	-48.705757	247.18027	
0.09985	-48.702557	247.08054	
0.099875	-48.699337	246.98085	
0.0999	-48.6961	246.88126	
0.099925	-48.692837	246.78172	
0.09995	-48.689552	246.68225	
0.099975	-48.686253	246.58287	
0.1	-48.68293	246.48355	
0.100025	-48.679585	246.3843	
0.10005	-48.67622	246.28511	
0.100075	-48.672832	246.186	
0.1001	-48.669426	246.08696	
0.100125	-48.665997	245.98799	
0.10015	-48.662548	245.8891	
0.100175	-48.659077	245.79027	
0.1002	-48.655582	245.69151	
0.100225	-48.65207	245.59282	
0.10025	-48.648533	245.4942	
0.100275	-48.644974	245.39566	
0.1003	-48.64139	245.29718	
0.100325	-48.637787	245.19878	
0.10035	-48.634163	245.10045	
0.100375	-48.630516	245.00218	
0.1004	-48.626846	244.90398	
0.100425	-48.623154	244.80586	
0.10045	-48.619434	244.70781	
0.100475	-48.615696	244.60983	
0.1005	-48.611935	244.51192	
0.100525	-48.60815	244.41408	
0.10055	-48.604343	244.3163	
0.100575	-48.60051	244.21861	
0.1006	-48.596653	244.12097	
0.100625	-48.592777	244.02342	
0.10065	-48.58887	243.92593	
0.100675	-48.584946	243.82852	
0.1007	-48.580994	243.73117	
0.100725	-48.57702	243.6339	
0.10075	-48.57302	243.5367	
0.100775	-48.568996	243.43956	
0.1008	-48.564945	243.3425	
0.100825	-48.56087	243.24551	
0.10085	-48.556774	243.14859	
0.100875	-48.552647	243.05174	
0.1009	-48.5485	242.95496	
0.100925	-48.544323	242.85825	
0.10095	-48.540123	242.76161	
0.100975	-48.535896	242.66505	
0.101	-48.531647	242.56856	
0.101025	-48.527367	242.47214	
0.10105	-48.523064	242.37578	
0.101075	-48.51873	242.2795	
0.1011	-48.514374	242.18329	
0.101125	-48.50999	242.08714	
0.10115	-48.505577	241.99107	
0.101175	-48.50114	241.89508	
0.1012	-48.496674	241.79915	
0.101225	-48.49218	241.7033	
0.10125	-48.48766	241.60751	
0.101275	-48.483112	241.51181	
0.1013	-48.478535	241.41617	
0.101325	-48.47393	241.32059	
0.10135	-48.4693	241.2251	
0.101375	-48.464638	241.12967	
0.1014	-48.459946	241.03432	
0.101425	-48.455227	240.93903	
0.10145	-48.450478	240.84381	
0.101475	-48.4457	240.74867	
0.1015	-48.44089	240.6536	
0.101525	-48.436054	240.55861	
0.10155	-48.43119	240.46367	
0.101575	-48.426292	240.36882	
0.1016	-48.421364	240.27403	
0.101625	-48.416405	240.17932	
0.10165	-48.411415	240.08469	
0.101675	-48.406395	239.99011	
0.1017	-48.401344	239.89561	
0.101725	-48.396263	239.8012	
0.10175	-48.391148	239.70683	
0.101775	-48.386	239.61256	
0.1018	-48.38082	239.51834	
0.101825	-48.37561	239.42421	
0.10185	-48.370365	239.33014	
0.101875	-48.36509	239.23615	
0.1019	-48.35978	239.14223	
0.101925	-48.354435	239.04837	
0.10195	-48.34906	238.9546	
0.101975	-48.343647	238.86089	
0.102	-48.338203	238.76726	
0.102025	-48.33272	238.67369	
0.10205	-48.32721	238.58022	
0.102075	-48.32166	238.48679	
0.1021	-48.316074	238.39345	
0.102125	-48.31045	238.30017	
0.10215	-48.3048	238.20697	
0.102175	-48.299103	238.11385	
0.1022	-48.293373	238.0208	
0.102225	-48.28761	237.92781	
0.10225	-48.281807	237.8349	
0.102275	-48.275967	237.74207	
0.1023	-48.27009	237.6493	
0.102325	-48.26417	237.55661	
0.10235	-48.258217	237.46399	
0.102375	-48.252224	237.37144	
0.1024	-48.246193	237.27898	
0.102425	-48.24012	237.18657	
0.10245	-48.23401	237.09425	
0.102475	-48.22786	237.002	
0.1025	-48.22167	236.90982	
0.102525	-48.215435	236.8177	
0.10255	-48.209164	236.72568	
0.102575	-48.202847	236.63371	
0.1026	-48.19649	236.54182	
0.102625	-48.190094	236.45001	
0.10265	-48.18365	236.35828	
0.102675	-48.17717	236.2666	
0.1027	-48.17064	236.17502	
0.102725	-48.16407	236.0835	
0.10275	-48.157455	235.99205	
0.102775	-48.150795	235.90068	
0.1028	-48.14409	235.80937	
0.102825	-48.13734	235.71815	
0.10285	-48.130543	235.627	
0.102875	-48.1237	235.53592	
0.1029	-48.11681	235.44492	
0.102925	-48.109875	235.35399	
0.10295	-48.10289	235.26314	
0.102975	-48.09586	235.17236	
0.103	-48.08878	235.08167	
0.103025	-48.08165	234.99103	
0.10305	-48.07447	234.90047	
0.103075	-48.067238	234.81	
0.1031	-48.05996	234.71959	
0.103125	-48.052628	234.62926	
0.10315	-48.045246	234.539	
0.103175	-48.03781	234.44882	
0.1032	-48.030323	234.3587	
0.103225	-48.02278	234.26868	
0.10325	-48.015186	234.17873	
0.103275	-48.007538	234.08884	
0.1033	-47.999832	233.99904	
0.103325	-47.992073	233.9093	
0.10335	-47.984257	233.81966	
0.103375	-47.976383	233.73007	
0.1034	-47.968456	233.64058	
0.103425	-47.96047	233.55115	
0.10345	-47.95242	233.46179	
0.103475	-47.944313	233.37253	
0.1035	-47.936146	233.28333	
0.103525	-47.92792	233.1942	
0.10355	-47.919632	233.10515	
0.103575	-47.91128	233.01619	
0.1036	-47.902866	232.92729	
0.103625	-47.89439	232.83849	
0.10365	-47.88585	232.74974	
0.103675	-47.877243	232.66107	
0.1037	-47.868572	232.5725	
0.103725	-47.859833	232.484	
0.10375	-47.85103	232.39555	
0.103775	-47.84215	232.3072	
0.1038	-47.83321	232.21893	
0.103825	-47.824196	232.13074	
0.10385	-47.815113	232.04262	
0.103875	-47.805958	231.95457	
0.1039	-47.79673	231.86661	
0.103925	-47.787426	231.77872	
0.10395	-47.77805	231.69092	
0.103975	-47.768597	231.60318	
0.104	-47.75907	231.51553	
0.104025	-47.749466	231.42796	
0.10405	-47.73978	231.34047	
0.104075	-47.73002	231.25307	
0.1041	-47.720173	231.16573	
0.104125	-47.710247	231.07848	
0.10415	-47.70024	230.9913	
0.104175	-47.690147	230.9042	
0.1042	-47.67997	230.81718	
0.104225	-47.66971	230.73026	
0.10425	-47.65936	230.6434	
0.104275	-47.64892	230.55663	
0.1043	-47.63839	230.46992	
0.104325	-47.62777	230.38332	
0.10435	-47.617058	230.29678	
0.104375	-47.60625	230.21033	
0.1044	-47.59535	230.12396	
0.104425	-47.58435	230.03767	
0.10445	-47.573257	229.95148	
0.104475	-47.56206	229.86534	
0.1045	-47.550766	229.7793	
0.104525	-47.539368	229.69334	
0.10455	-47.527863	229.60747	
0.104575	-47.516254	229.52167	
0.1046	-47.50454	229.43596	
0.104625	-47.492714	229.35033	
0.10465	-47.48078	229.26479	
0.104675	-47.468735	229.17932	
0.1047	-47.45657	229.09393	
0.104725	-47.444294	229.00865	
0.10475	-47.431896	228.92343	
0.104775	-47.41938	228.8383	
0.1048	-47.406742	228.75327	
0.104825	-47.393982	228.66832	
0.10485	-47.381092	228.58345	
0.104875	-47.368076	228.49866	
0.1049	-47.35493	228.41396	
0.104925	-47.34165	228.32935	
0.10495	-47.328236	228.24483	
0.104975	-47.314682	228.16039	
0.105	-47.30099	228.07603	
0.105025	-47.287155	227.99176	
0.10505	-47.273174	227.90758	
0.105075	-47.25905	227.8235	
0.1051	-47.24477	227.73949	
0.105125	-47.23034	227.65558	
0.10515	-47.21575	227.57176	
0.105175	-47.201004	227.48802	
0.1052	-47.186096	227.40437	
0.105225	-47.17102	227.32082	
0.10525	-47.15578	227.23735	
0.105275	-47.140366	227.15398	
0.1053	-47.124775	227.0707	
0.105325	-47.109005	226.9875	
0.10535	-47.093052	226.9044	
0.105375	-47.076916	226.8214	
0.1054	-47.06059	226.73848	
0.105425	-47.044064	226.65565	
0.10545	-47.027344	226.57294	
0.105475	-47.010418	226.4903	
0.1055	-46.99329	226.40776	
0.105525	-46.975945	226.32532	
0.10555	-46.958385	226.24297	
0.105575	-46.940605	226.1607	
0.1056	-46.9226	226.07855	
0.105625	-46.90436	225.99649	
0.10565	-46.885887	225.91454	
0.105675	-46.86717	225.83267	
0.1057	-46.8482	225.7509	
0.105725	-46.828983	225.66924	
0.10575	-46.809505	225.58766	
0.105775	-46.789757	225.5062	
0.1058	-46.769737	225.42484	
0.105825	-46.749435	225.34357	
0.10585	-46.728848	225.2624	
0.105875	-46.707966	225.18135	
0.1059	-46.68678	225.1004	
0.105925	-46.665283	225.01955	
0.10595	-46.643467	224.9388	
0.105975	-46.621323	224.85815	
0.106	-46.598843	224.77763	
0.106025	-46.576015	224.6972	
0.10605	-46.55283	224.61688	
0.106075	-46.52928	224.53667	
0.1061	-46.505356	224.45657	
0.106125	-46.48104	224.37659	
0.10615	-46.456326	224.2967	
0.106175	-46.4312	224.21695	
0.1062	-46.405647	224.1373	
0.106225	-46.379658	224.05777	
0.10625	-46.353218	223.97835	
0.106275	-46.32631	223.89905	
0.1063	-46.298916	223.81985	
0.106325	-46.271027	223.7408	
0.10635	-46.242622	223.66185	
0.106375	-46.213684	223.58302	
0.1064	-46.184196	223.50432	
0.106425	-46.154137	223.42575	
0.10645	-46.123486	223.3473	
0.106475	-46.092216	223.26898	
0.1065	-46.060314	223.19078	
0.106525	-46.02775	223.11272	
0.10655	-45.994495	223.03479	
0.106575	-45.96053	222.95699	
0.1066	-45.925816	222.87933	
0.106625	-45.89033	222.8018	
0.10665	-45.85404	222.72441	
0.106675	-45.816906	222.64717	
0.1067	-45.77889	222.57007	
0.106725	-45.73996	222.49312	
0.10675	-45.700066	222.4163	
0.106775	-45.65917	222.33965	
0.1068	-45.617214	222.26314	
0.106825	-45.574158	222.18678	
0.10685	-45.529938	222.1106	
0.106875	-45.484493	222.03456	
0.1069	-45.437767	221.95871	
0.106925	-45.389687	221.88301	
0.10695	-45.34017	221.80748	
0.106975	-45.289143	221.73212	
0.107	-45.236515	221.65695	
0.107025	-45.182186	221.58195	
0.10705	-45.126053	221.50716	
0.107075	-45.068	221.43254	
0.1071	-45.0079	221.35812	
0.107125	-44.945606	221.28392	
0.10715	-44.880974	221.20992	
0.107175	-44.813828	221.13612	
0.1072	-44.743973	221.06255	
0.107225	-44.6712	220.98921	
0.10725	-44.59527	220.9161	
0.107275	-44.51591	220.84325	
0.1073	-44.432823	220.77063	
0.107325	-44.345657	220.69829	
0.10735	-44.25402	220.6262	
0.107375	-44.15746	220.55443	
0.1074	-44.05544	220.48294	
0.107425	-43.947353	220.41177	
0.10745	-43.832478	220.34093	
0.107475	-43.709953	220.27045	
0.1075	-43.57875	220.20033	
0.107525	-43.43763	220.13062	
0.10755	-43.285057	220.06131	
0.107575	-43.119137	219.99248	
0.1076	-42.937458	219.92415	
0.107625	-42.73691	219.85635	
0.10765	-42.5134	219.78915	
0.107675	-42.26136	219.72263	
0.1077	-41.973	219.65688	
0.107725	-41.636963	219.592	
0.10775	-41.235798	219.52815	
0.107775	-40.740894	219.4656	
0.1078	-48.5	299.4047	
0.107825	-48.5	299.2728	
0.10785	-48.500633	299.14102	
0.107875	-48.50126	299.0093	
0.1079	-48.501877	298.87766	
0.107925	-48.502483	298.7461	
0.10795	-48.503082	298.61462	
0.107975	-48.50367	298.48325	
0.108	-48.50425	298.35193	
0.108025	-48.50482	298.2207	
0.10805	-48.505383	298.08954	
0.108075	-48.50593	297.95847	
0.1081	-48.506474	297.82748	
0.108125	-48.507008	297.69656	
0.10815	-48.507534	297.56573	
0.108175	-48.508045	297.435	
0.1082	-48.508553	297.30432	
0.108225	-48.509045	297.17374	
0.10825	-48.509533	297.0432	
0.108275	-48.51001	296.9128	
0.1083	-48.510475	296.78244	
0.108325	-48.510933	296.6522	
0.10835	-48.51138	296.522	
0.108375	-48.511818	296.3919	
0.1084	-48.512245	296.26187	
0.108425	-48.51266	296.13193	
0.10845	-48.51307	296.00204	
0.108475	-48.51347	295.87228	
0.1085	-48.51386	295.74258	
0.108525	-48.514236	295.61295	
0.10855	-48.514606	295.4834	
0.108575	-48.514965	295.35394	
0.1086	-48.515312	295.22455	
0.108625	-48.51565	295.09525	
0.10865	-48.51598	294.96603	
0.108675	-48.516296	294.83688	
0.1087	-48.516605	294.70782	
0.108725	-48.516903	294.57883	
0.10875	-48.517193	294.44992	
0.108775	-48.51747	294.3211	
0.1088	-48.51774	294.19235	
0.108825	-48.517994	294.0637	
0.10885	-48.51824	293.9351	
0.108875	-48.518475	293.8066	
0.1089	-48.518703	293.67816	
0.108925	-48.518917	293.54984	
0.10895	-48.519123	293.42157	
0.108975	-48.519318	293.29337	
0.109	-48.5195	293.16525	
0.109025	-48.519672	293.03723	
0.10905	-48.519833	292.9093	
0.109075	-48.519985	292.78143	
0.1091	-48.520126	292.65363	
0.109125	-48.520256	292.5259	
0.10915	-48.520374	292.3983	
0.109175	-48.520485	292.27075	
0.1092	-48.52058	292.14328	
0.109225	-48.520668	292.01587	
0.10925	-48.520744	291.88858	
0.109275	-48.52081	291.76135	
0.1093	-48.520863	291.6342	
0.109325	-48.520905	291.5071	
0.10935	-48.520935	291.38013	
0.109375	-48.520954	291.2532	
0.1094	-48.52096	291.12637	
0.109425	-48.52096	290.9996	
0.10945	-48.520947	290.87292	
0.109475	-48.520924	290.74634	
0.1095	-48.520885	290.6198	
0.109525	-48.52084	290.49338	
0.10955	-48.52078	290.367	
0.109575	-48.520706	290.24072	
0.1096	-48.520626	290.11453	
0.109625	-48.52053	289.9884	
0.10965	-48.520428	289.86237	
0.109675	-48.52031	289.7364	
0.1097	-48.52018	289.6105	
0.109725	-48.52004	289.4847	
0.10975	-48.519886	289.35898	
0.109775	-48.519722	289.23334	
0.1098	-48.519547	289.10776	
0.109825	-48.51936	288.98227	
0.10985	-48.51916	288.85687	
0.109875	-48.518948	288.73154	
0.1099	-48.518723	288.60626	
0.109925	-48.518486	288.4811	
0.10995	-48.518238	288.356	
0.109975	-48.51798	288.231	
0.11	-48.517708	288.10605	
0.110025	-48.51742	287.9812	
0.11005	-48.517124	287.8564	
0.110075	-48.516815	287.7317	
0.1101	-48.516495	287.6071	
0.110125	-48.51616	287.48254	
0.11015	-48.515812	287.35806	
0.110175	-48.515453	287.23367	
0.1102	-48.515083	287.10938	
0.110225	-48.514698	286.98514	
0.11025	-48.5143	286.861	
0.110275	-48.51389	286.7369	
0.1103	-48.51347	286.6129	
0.110325	-48.513035	286.489	
0.11035	-48.512585	286.36517	
0.110375	-48.512123	286.24142	
0.1104	-48.51165	286.11774	
0.110425	-48.51116	285.99414	
0.11045	-48.510662	285.8706	
0.110475	-48.51015	285.74716	
0.1105	-48.509624	285.6238	
0.110525	-48.509083	285.50052	
0.11055	-48.508533	285.3773	
0.110575	-48.507965	285.25418	
0.1106	-48.507385	285.1311	
0.110625	-48.506794	285.00815	
0.11065	-48.506187	284.88525	
0.110675	-48.50557	284.76242	
0.1107	-48.504936	284.63968	
0.110725	-48.504288	284.51703	
0.11075	-48.503628	284.39444	
0.110775	-48.502956	284.27194	
0.1108	-48.502266	284.1495	
0.110825	-48.501564	284.02716	
0.11085	-48.50085	283.9049	
0.110875	-48.500122	283.7827	
0.1109	-48.49938	283.6606	
0.110925	-48.49862	283.53857	
0.11095	-48.49785	283.4166	
0.110975	-48.497063	283.29474	
0.111	-48.496265	283.17294	
0.111025	-48.49545	283.0512	
0.11105	-48.49462	282.92957	
0.111075	-48.49378	282.808	
0.1111	-48.492924	282.68652	
0.111125	-48.49205	282.5651	
0.11115	-48.491165	282.4438	
0.111175	-48.490265	282.3225	
0.1112	-48.48935	282.20135	
0.111225	-48.48842	282.08026	
0.11125	-48.487476	281.95923	
0.111275	-48.486515	281.8383	
0.1113	-48.485542	281.71744	
0.111325	-48.484554	281.59665	
0.11135	-48.483547	281.47592	
0.111375	-48.48253	281.35532	
0.1114	-48.481495	281.23474	
0.111425	-48.480446	281.1143	
0.11145	-48.47938	280.9939	
0.111475	-48.478302	280.87357	
0.1115	-48.477207	280.75333	
0.111525	-48.476097	280.63318	
0.11155	-48.47497	280.5131	
0.111575	-48.473827	280.39307	
0.1116	-48.47267	280.27316	
0.111625	-48.471497	280.1533	
0.11165	-48.47031	280.03354	
0.111675	-48.469105	279.91385	
0.1117	-48.467884	279.79422	
0.111725	-48.46665	279.67468	
0.11175	-48.465397	279.55524	
0.111775	-48.464127	279.43585	
0.1118	-48.46284	279.31653	
0.111825	-48.461544	279.19733	
0.11185	-48.460224	279.07816	
0.111875	-48.458893	278.9591	
0.1119	-48.457542	278.8401	
0.111925	-48.456177	278.7212	
0.11195	-48.454792	278.60236	
0.111975	-48.453392	278.48358	
0.112	-48.451977	278.3649	
0.112025	-48.450542	278.2463	
0.11205	-48.449093	278.12778	
0.112075	-48.447628	278.0093	
0.1121	-48.446144	277.89096	
0.112125	-48.44464	277.77264	
0.11215	-48.443123	277.65445	
0.112175	-48.44159	277.53632	
0.1122	-48.440037	277.41824	
0.112225	-48.438465	277.30026	
0.11225	-48.43688	277.18234	
0.112275	-48.435272	277.06454	
0.1123	-48.43365	276.94678	
0.112325	-48.43201	276.8291	
0.11235	-48.43035	276.71152	
0.112375	-48.428677	276.594	
0.1124	-48.426983	276.47656	
0.112425	-48.42527	276.3592	
0.11245	-48.42354	276.2419	
0.112475	-48.42179	276.1247	
0.1125	-48.420025	276.00757	
0.112525	-48.41824	275.89053	
0.11255	-48.416435	275.77356	
0.112575	-48.41461	275.65668	
0.1126	-48.412773	275.53986	
0.112625	-48.41091	275.4231	
0.11265	-48.409035	275.30646	
0.112675	-48.40714	275.18985	
0.1127	-48.40522	275.07336	
0.112725	-48.403286	274.9569	
0.11275	-48.40133	274.84058	
0.112775	-48.399357	274.7243	
0.1128	-48.39736	274.6081	
0.112825	-48.39535	274.49197	
0.11285	-48.39332	274.37595	
0.112875	-48.391266	274.25998	
0.1129	-48.389194	274.1441	
0.112925	-48.3871	274.0283	
0.11295	-48.38499	273.91257	
0.112975	-48.38286	273.7969	
0.113	-48.380707	273.68134	
0.113025	-48.378532	273.56583	
0.11305	-48.37634	273.4504	
0.113075	-48.374126	273.33508	
0.1131	-48.371895	273.21982	
0.113125	-48.36964	273.1046	
0.11315	-48.367363	272.9895	
0.113175	-48.365067	272.87448	
0.1132	-48.36275	272.75952	
0.113225	-48.360413	272.64465	
0.11325	-48.35805	272.52985	
0.113275	-48.35567	272.41513	
0.1133	-48.353268	272.30048	
0.113325	-48.35084	272.1859	
0.11335	-48.348396	272.07144	
0.113375	-48.34593	271.95703	
0.1134	-48.343437	271.8427	
0.113425	-48.340927	271.72845	
0.11345	-48.33839	271.61426	
0.113475	-48.335835	271.50018	
0.1135	-48.333256	271.38614	
0.113525	-48.330654	271.27222	
0.11355	-48.32803	271.15833	
0.113575	-48.325382	271.04456	
0.1136	-48.322712	270.93085	
0.113625	-48.32002	270.8172	
0.11365	-48.317303	270.70364	
0.113675	-48.314564	270.59018	
0.1137	-48.3118	270.47678	
0.113725	-48.309013	270.36346	
0.11375	-48.306202	270.2502	
0.113775	-48.303368	270.13705	
0.1138	-48.300507	270.02396	
0.113825	-48.297623	269.91095	
0.11385	-48.294716	269.79803	
0.113875	-48.291786	269.68518	
0.1139	-48.28883	269.5724	
0.113925	-48.285847	269.4597	
0.11395	-48.28284	269.34708	
0.113975	-48.279808	269.23453	
0.114	-48.276752	269.12207	
0.114025	-48.27367	269.0097	
0.11405	-48.27056	268.89737	
0.114075	-48.26743	268.78516	
0.1141	-48.264267	268.673	
0.114125	-48.26108	268.56094	
0.11415	-48.25787	268.44894	
0.114175	-48.254635	268.337	
0.1142	-48.25137	268.2252	
0.114225	-48.248077	268.1134	
0.11425	-48.24476	268.00174	
0.114275	-48.241413	267.89014	
0.1143	-48.23804	267.7786	
0.114325	-48.234642	267.66714	
0.11435	-48.231213	267.5558	
0.114375	-48.227757	267.4445	
0.1144	-48.224274	267.33328	
0.114425	-48.220764	267.22214	
0.11445	-48.217224	267.11108	
0.114475	-48.213654	267.00012	
0.1145	-48.210056	266.88922	
0.114525	-48.206432	266.77838	
0.11455	-48.202774	266.66763	
0.114575	-48.19909	266.55698	
0.1146	-48.195377	266.44638	
0.114625	-48.19163	266.33588	
0.11465	-48.18786	266.22546	
0.114675	-48.184055	266.1151	
0.1147	-48.18022	266.00482	
0.114725	-48.176353	265.89462	
0.11475	-48.17246	265.78452	
0.114775	-48.168533	265.6745	
0.1148	-48.164574	265.5645	
0.114825	-48.160583	265.45465	
0.11485	-48.156563	265.34485	
0.114875	-48.15251	265.23514	
0.1149	-48.148426	265.1255	
0.114925	-48.144306	265.01593	
0.11495	-48.140156	264.90643	
0.114975	-48.13597	264.79703	
0.115	-48.131756	264.6877	
0.115025	-48.127506	264.57846	
0.11505	-48.123222	264.46927	
0.115075	-48.118904	264.3602	
0.1151	-48.11455	264.2512	
0.115125	-48.110165	264.14224	
0.11515	-48.105743	264.0334	
0.115175	-48.101288	263.92462	
0.1152	-48.096798	263.81592	
0.115225	-48.09227	263.7073	
0.11525	-48.087708	263.5988	
0.115275	-48.083107	263.49033	
0.1153	-48.078472	263.38193	
0.115325	-48.0738	263.27365	
0.11535	-48.06909	263.16544	
0.115375	-48.064346	263.05728	
0.1154	-48.059563	262.94922	
0.115425	-48.054737	262.84125	
0.11545	-48.049877	262.73334	
0.115475	-48.04498	262.62552	
0.1155	-48.040043	262.5178	
0.115525	-48.035065	262.41013	
0.11555	-48.03005	262.30255	
0.115575	-48.02499	262.19504	
0.1156	-48.019894	262.08762	
0.115625	-48.01476	261.9803	
0.11565	-48.00958	261.87302	
0.115675	-48.00436	261.76584	
0.1157	-47.9991	261.65872	
0.115725	-47.993793	261.5517	
0.11575	-47.98845	261.44476	
0.115775	-47.98306	261.3379	
0.1158	-47.977627	261.2311	
0.115825	-47.972153	261.12442	
0.11585	-47.966633	261.0178	
0.115875	-47.961067	260.91125	
0.1159	-47.95546	260.8048	
0.115925	-47.949806	260.69843	
0.11595	-47.944107	260.59213	
0.115975	-47.93836	260.48593	
0.116	-47.932568	260.3798	
0.116025	-47.926727	260.27374	
0.11605	-47.92084	260.16776	
0.116075	-47.914906	260.06186	
0.1161	-47.908924	259.95605	
0.116125	-47.902893	259.8503	
0.11615	-47.89681	259.74466	
0.116175	-47.89068	259.6391	
0.1162	-47.8845	259.53363	
0.116225	-47.878265	259.42822	
0.11625	-47.871983	259.3229	
0.116275	-47.865646	259.21765	
0.1163	-47.859257	259.1125	
0.116325	-47.852818	259.00742	
0.11635	-47.84632	258.90244	
0.116375	-47.839775	258.79752	
0.1164	-47.83317	258.6927	
0.116425	-47.82651	258.58792	
0.11645	-47.819798	258.48325	
0.116475	-47.813026	258.37866	
0.1165	-47.806202	258.27417	
0.116525	-47.799316	258.16977	
0.11655	-47.792374	258.06543	
0.116575	-47.78537	257.96115	
0.1166	-47.77831	257.857	
0.116625	-47.771187	257.7529	
0.11665	-47.764004	257.6489	
0.116675	-47.75676	257.54498	
0.1167	-47.74945	257.44113	
0.116725	-47.742085	257.33737	
0.11675	-47.73465	257.2337	
0.116775	-47.72715	257.13013	
0.1168	-47.71959	257.0266	
0.116825	-47.71196	256.9232	
0.11685	-47.70426	256.81985	
0.116875	-47.6965	256.7166	
0.1169	-47.688667	256.61343	
0.116925	-47.680767	256.51035	
0.11695	-47.672794	256.40735	
0.116975	-47.664753	256.3044	
0.117	-47.65664	256.2016	
0.117025	-47.648453	256.09885	
0.11705	-47.640194	255.99619	
0.117075	-47.63186	255.89362	
0.1171	-47.623447	255.79112	
0.117125	-47.614964	255.6887	
0.11715	-47.6064	255.5864	
0.117175	-47.597755	255.48415	
0.1172	-47.589035	255.382	
0.117225	-47.58023	255.27994	
0.11725	-47.57135	255.17796	
0.117275	-47.56238	255.07607	
0.1173	-47.55333	254.97426	
0.117325	-47.544197	254.87254	
0.11735	-47.534973	254.7709	
0.117375	-47.525665	254.66936	
0.1174	-47.51627	254.5679	
0.117425	-47.506783	254.46654	
0.11745	-47.497204	254.36525	
0.117475	-47.487534	254.26405	
0.1175	-47.477768	254.16295	
0.117525	-47.46791	254.06192	
0.11755	-47.457954	253.96098	
0.117575	-47.4479	253.86014	
0.1176	-47.437748	253.75938	
0.117625	-47.427494	253.65872	
0.11765	-47.41714	253.55814	
0.117675	-47.40668	253.45764	
0.1177	-47.396114	253.35724	
0.117725	-47.385445	253.25693	
0.11775	-47.374664	253.15671	
0.117775	-47.363773	253.05658	
0.1178	-47.352768	252.95654	
0.117825	-47.341652	252.85658	
0.11785	-47.33042	252.75673	
0.117875	-47.31907	252.65695	
0.1179	-47.3076	252.55727	
0.117925	-47.29601	252.45769	
0.11795	-47.284294	252.35818	
0.117975	-47.272453	252.25879	
0.118	-47.260483	252.15947	
0.118025	-47.248386	252.06024	
0.11805	-47.236156	251.96112	
0.118075	-47.22379	251.86209	
0.1181	-47.21129	251.76314	
0.118125	-47.198647	251.66429	
0.11815	-47.185867	251.56554	
0.118175	-47.17294	251.46687	
0.1182	-47.159866	251.36832	
0.118225	-47.14664	251.26984	
0.11825	-47.133266	251.17146	
0.118275	-47.11973	251.07318	
0.1183	-47.106045	250.97499	
0.118325	-47.092194	250.8769	
0.11835	-47.07818	250.77892	
0.118375	-47.063995	250.68102	
0.1184	-47.04964	250.58322	
0.118425	-47.035114	250.48552	
0.11845	-47.02041	250.38791	
0.118475	-47.005524	250.2904	
0.1185	-46.99045	250.193	
0.118525	-46.97519	250.09569	
0.11855	-46.959736	249.99847	
0.118575	-46.944088	249.90137	
0.1186	-46.928234	249.80437	
0.118625	-46.912178	249.70746	
0.11865	-46.895912	249.61064	
0.118675	-46.87943	249.51395	
0.1187	-46.86273	249.41734	
0.118725	-46.845806	249.32083	
0.11875	-46.82865	249.22444	
0.118775	-46.81126	249.12814	
0.1188	-46.793633	249.03195	
0.118825	-46.775757	248.93587	
0.11885	-46.75763	248.83989	
0.118875	-46.739246	248.74402	
0.1189	-46.7206	248.64825	
0.118925	-46.70168	248.5526	
0.11895	-46.682484	248.45705	
0.118975	-46.663002	248.3616	
0.119	-46.64323	248.26627	
0.119025	-46.623158	248.17104	
0.11905	-46.60278	248.07593	
0.119075	-46.582085	247.98093	
0.1191	-46.561066	247.88603	
0.119125	-46.539715	247.79126	
0.11915	-46.518024	247.6966	
0.119175	-46.49598	247.60204	
0.1192	-46.47357	247.5076	
0.119225	-46.450794	247.41328	
0.11925	-46.42763	247.31908	
0.119275	-46.404076	247.225	
0.1193	-46.38011	247.13103	
0.119325	-46.355732	247.03719	
0.11935	-46.330917	246.94347	
0.119375	-46.30566	246.84985	
0.1194	-46.27994	246.75638	
0.119425	-46.253746	246.66302	
0.11945	-46.227062	246.5698	
0.119475	-46.19987	246.47668	
0.1195	-46.172157	246.3837	
0.119525	-46.143898	246.29085	
0.11955	-46.115078	246.19814	
0.119575	-46.08568	246.10555	
0.1196	-46.05567	246.01309	
0.119625	-46.02504	245.92078	
0.11965	-45.99376	245.82858	
0.119675	-45.961807	245.73654	
0.1197	-45.92915	245.64462	
0.119725	-45.895763	245.55286	
0.11975	-45.861618	245.46124	
0.119775	-45.826683	245.36975	
0.1198	-45.79092	245.27843	
0.119825	-45.7543	245.18724	
0.11985	-45.71678	245.0962	
0.119875	-45.67832	245.00533	
0.1199	-45.638878	244.9146	
0.119925	-45.598404	244.82404	
0.11995	-45.556854	244.73363	
0.119975	-45.514168	244.64339	
0.12	-45.47029	244.5533	
0.120025	-45.42516	244.4634	
0.12005	-45.37871	244.37366	
0.120075	-45.330868	244.2841	
0.1201	-45.28155	244.19472	
0.120125	-45.23068	244.10551	
0.12015	-45.178158	244.01651	
0.120175	-45.123886	243.92769	
0.1202	-45.067753	243.83907	
0.120225	-45.009636	243.75064	
0.12025	-44.9494	243.66241	
0.120275	-44.8869	243.57442	
0.1203	-44.821976	243.48662	
0.120325	-44.754444	243.39906	
0.12035	-44.6841	243.31172	
0.120375	-44.610725	243.22462	
0.1204	-44.53406	243.13777	
0.120425	-44.453823	243.05118	
0.12045	-44.369686	242.96486	
0.120475	-44.28128	242.8788	
0.1205	-44.188187	242.79303	
0.120525	-44.08991	242.70755	
0.12055	-43.985886	242.62239	
0.120575	-43.875446	242.53757	
0.1206	-43.75781	242.4531	
0.120625	-43.63203	242.36897	
0.12065	-43.49699	242.28525	
0.120675	-43.351303	242.20195	
0.1207	-43.193275	242.1191	
0.120725	-43.02077	242.03671	
0.12075	-42.83106	241.95486	
0.120775	-42.620586	241.87358	
0.1208	-42.384598	241.79295	
0.120825	-42.11654	241.71304	
0.12085	-41.807068	241.63396	
0.120875	-41.44221	241.55583	
0.1209	-40.999866	241.47885	
0.120925	-40.442234	241.40332	
0.12095	-48.5	321.3297	
0.120975	-48.5	321.1841	
0.121	-48.502583	321.03864	
0.121025	-48.505165	320.89322	
0.12105	-48.507744	320.7479	
0.121075	-48.510323	320.60263	
0.1211	-48.512897	320.4575	
0.121125	-48.515472	320.3124	
0.12115	-48.518044	320.16742	
0.121175	-48.52061	320.02252	
0.1212	-48.52318	319.8777	
0.121225	-48.525745	319.73294	
0.12125	-48.528305	319.5883	
0.121275	-48.530865	319.44373	
0.1213	-48.533424	319.29926	
0.121325	-48.53598	319.15485	
0.12135	-48.538532	319.01053	
0.121375	-48.541084	318.8663	
0.1214	-48.543633	318.72214	
0.121425	-48.54618	318.57806	
0.12145	-48.54872	318.43408	
0.121475	-48.551266	318.2902	
0.1215	-48.553802	318.14636	
0.121525	-48.55634	318.00266	
0.12155	-48.558872	317.859	
0.121575	-48.561405	317.71542	
0.1216	-48.563934	317.57196	
0.121625	-48.56646	317.42856	
0.12165	-48.56898	317.28525	
0.121675	-48.571503	317.142	
0.1217	-48.57402	316.99884	
0.121725	-48.576534	316.85577	
0.12175	-48.57905	316.7128	
0.121775	-48.58156	316.56992	
0.1218	-48.584064	316.4271	
0.121825	-48.58657	316.28436	
0.12185	-48.589073	316.1417	
0.121875	-48.59157	315.99915	
0.1219	-48.594067	315.85666	
0.121925	-48.596558	315.71426	
0.12195	-48.59905	315.57193	
0.121975	-48.601536	315.4297	
0.122	-48.60402	315.28754	
0.122025	-48.606503	315.14548	
0.12205	-48.60898	315.00348	
0.122075	-48.611454	314.86157	
0.1221	-48.613926	314.71976	
0.122125	-48.616394	314.578	
0.12215	-48.618862	314.43634	
0.122175	-48.621323	314.29477	
0.1222	-48.623783	314.1533	
0.122225	-48.62624	314.01187	
0.12225	-48.628693	313.87054	
0.122275	-48.63114	313.7293	
0.1223	-48.633587	313.58813	
0.122325	-48.636032	313.44705	
0.12235	-48.63847	313.30606	
0.122375	-48.640907	313.16513	
0.1224	-48.64334	313.0243	
0.122425	-48.64577	312.88354	
0.12245	-48.648197	312.74286	
0.122475	-48.65062	312.60226	
0.1225	-48.653038	312.46176	
0.122525	-48.655457	312.32135	
0.12255	-48.657867	312.181	
0.122575	-48.66028	312.04074	
0.1226	-48.66268	311.90054	
0.122625	-48.665085	311.76044	
0.12265	-48.667484	311.62042	
0.122675	-48.669876	311.4805	
0.1227	-48.672268	311.34064	
0.122725	-48.674656	311.20087	
0.12275	-48.67704	311.06116	
0.122775	-48.67942	310.92157	
0.1228	-48.681797	310.782	
0.122825	-48.68417	310.64258	
0.12285	-48.68654	310.5032	
0.122875	-48.6889	310.36392	
0.1229	-48.69126	310.2247	
0.122925	-48.69362	310.0856	
0.12295	-48.695972	309.94653	
0.122975	-48.698322	309.8076	
0.123	-48.70067	309.6687	
0.123025	-48.70301	309.5299	
0.12305	-48.705345	309.39117	
0.123075	-48.70768	309.25253	
0.1231	-48.71001	309.11398	
0.123125	-48.712334	308.97552	
0.12315	-48.714657	308.83713	
0.123175	-48.716972	308.6988	
0.1232	-48.719284	308.56058	
0.123225	-48.721596	308.4224	
0.12325	-48.7239	308.28433	
0.123275	-48.7262	308.14633	
0.1233	-48.728497	308.00842	
0.123325	-48.730785	307.8706	
0.12335	-48.733074	307.73285	
0.123375	-48.73536	307.59518	
0.1234	-48.737637	307.45758	
0.123425	-48.73991	307.32007	
0.12345	-48.74218	307.18265	
0.123475	-48.744446	307.0453	
0.1235	-48.746708	306.90802	
0.123525	-48.748966	306.77084	
0.12355	-48.751217	306.63373	
0.123575	-48.753468	306.4967	
0.1236	-48.75571	306.35974	
0.123625	-48.75795	306.22287	
0.12365	-48.76018	306.0861	
0.123675	-48.762413	305.94937	
0.1237	-48.764637	305.81274	
0.123725	-48.766857	305.67618	
0.12375	-48.769073	305.53973	
0.123775	-48.771286	305.40332	
0.1238	-48.77349	305.26703	
0.123825	-48.775696	305.1308	
0.12385	-48.777893	304.99463	
0.123875	-48.780083	304.85858	
0.1239	-48.782272	304.72256	
0.123925	-48.784454	304.58667	
0.12395	-48.786633	304.45084	
0.123975	-48.788803	304.31506	
0.124	-48.790974	304.1794	
0.124025	-48.793137	304.0438	
0.12405	-48.79529	303.9083	
0.124075	-48.797447	303.77286	
0.1241	-48.799595	303.63748	
0.124125	-48.80174	303.50223	
0.12415	-48.803875	303.36703	
0.124175	-48.80601	303.2319	
0.1242	-48.80814	303.09686	
0.124225	-48.81026	302.96188	
0.12425	-48.812378	302.82703	
0.124275	-48.81449	302.6922	
0.1243	-48.8166	302.5575	
0.124325	-48.818703	302.42285	
0.12435	-48.820797	302.28827	
0.124375	-48.82289	302.15378	
0.1244	-48.824978	302.01938	
0.124425	-48.827057	301.88504	
0.12445	-48.829136	301.7508	
0.124475	-48.831207	301.61664	
0.1245	-48.83327	301.48254	
0.124525	-48.83533	301.3485	
0.12455	-48.837387	301.21457	
0.124575	-48.839436	301.08072	
0.1246	-48.84148	300.94696	
0.124625	-48.843517	300.81323	
0.12465	-48.84555	300.67963	
0.124675	-48.847576	300.54608	
0.1247	-48.849598	300.41263	
0.124725	-48.851616	300.27924	
0.12475	-48.853626	300.14594	
0.124775	-48.855633	300.0127	
0.1248	-48.85763	299.87955	
0.124825	-48.859623	299.74646	
0.12485	-48.861614	299.61346	
0.124875	-48.863594	299.48056	
0.1249	-48.865574	299.34772	
0.124925	-48.867542	299.21494	
0.12495	-48.869507	299.08228	
0.124975	-48.871468	298.94968	
0.125	-48.87342	298.81714	
0.125025	-48.87537	298.6847	
0.12505	-48.87731	298.5523	
0.125075	-48.87925	298.42	
0.1251	-48.88118	298.2878	
0.125125	-48.883102	298.15567	
0.12515	-48.88502	298.02362	
0.125175	-48.886936	297.89163	
0.1252	-48.88884	297.75974	
0.125225	-48.890743	297.6279	
0.12525	-48.892635	297.49615	
0.125275	-48.894524	297.36447	
0.1253	-48.896408	297.23288	
0.125325	-48.898285	297.10138	
0.12535	-48.900154	296.96994	
0.125375	-48.90202	296.83856	
0.1254	-48.903877	296.70728	
0.125425	-48.90573	296.57608	
0.12545	-48.907574	296.44495	
0.125475	-48.909416	296.3139	
0.1255	-48.911247	296.18292	
0.125525	-48.913074	296.05203	
0.12555	-48.914898	295.9212	
0.125575	-48.91671	295.79047	
0.1256	-48.918518	295.6598	
0.125625	-48.920322	295.5292	
0.12565	-48.92212	295.39868	
0.125675	-48.92391	295.26825	
0.1257	-48.92569	295.1379	
0.125725	-48.927467	295.00763	
0.12575	-48.929237	294.8774	
0.125775	-48.931	294.74728	
0.1258	-48.93276	294.61725	
0.125825	-48.93451	294.48727	
0.12585	-48.936253	294.3574	
0.125875	-48.93799	294.22757	
0.1259	-48.93972	294.0978	
0.125925	-48.941444	293.96817	
0.12595	-48.943165	293.83856	
0.125975	-48.944874	293.70905	
0.126	-48.94658	293.57962	
0.126025	-48.948277	293.45026	
0.12605	-48.94997	293.32098	
0.126075	-48.951653	293.19177	
0.1261	-48.95333	293.06265	
0.126125	-48.955	292.9336	
0.12615	-48.95667	292.80463	
0.126175	-48.958324	292.67572	
0.1262	-48.959976	292.5469	
0.126225	-48.96162	292.41815	
0.12625	-48.963257	292.2895	
0.126275	-48.96489	292.1609	
0.1263	-48.96651	292.03238	
0.126325	-48.96813	291.90393	
0.12635	-48.969738	291.77557	
0.126375	-48.97134	291.64728	
0.1264	-48.97294	291.51907	
0.126425	-48.974525	291.39093	
0.12645	-48.97611	291.26288	
0.126475	-48.977684	291.1349	
0.1265	-48.97925	291.007	
0.126525	-48.980812	290.87915	
0.12655	-48.982365	290.7514	
0.126575	-48.983913	290.62372	
0.1266	-48.98545	290.49612	
0.126625	-48.986984	290.3686	
0.12665	-48.98851	290.24115	
0.126675	-48.99003	290.11377	
0.1267	-48.99154	289.98645	
0.126725	-48.993042	289.85922	
0.12675	-48.994537	289.7321	
0.126775	-48.99603	289.605	
0.1268	-48.99751	289.47803	
0.126825	-48.998985	289.3511	
0.12685	-49.000454	289.22424	
0.126875	-49.001915	289.09747	
0.1269	-49.003365	288.9708	
0.126925	-49.00481	288.84418	
0.12695	-49.00625	288.71762	
0.126975	-49.00768	288.59116	
0.127	-49.009106	288.46475	
0.127025	-49.01052	288.33844	
0.12705	-49.01193	288.21222	
0.127075	-49.01333	288.08603	
0.1271	-49.014725	287.95996	
0.127125	-49.01611	287.83392	
0.12715	-49.017487	287.708	
0.127175	-49.01886	287.58212	
0.1272	-49.02022	287.45633	
0.127225	-49.02158	287.33063	
0.12725	-49.022926	287.205	
0.127275	-49.024265	287.07944	
0.1273	-49.0256	286.95395	
0.127325	-49.026924	286.82852	
0.12735	-49.028244	286.7032	
0.127375	-49.029552	286.5779	
0.1274	-49.030857	286.45273	
0.127425	-49.03215	286.3276	
0.12745	-49.033436	286.20258	
0.127475	-49.034718	286.0776	
0.1275	-49.035988	285.95273	
0.127525	-49.03725	285.8279	
0.12755	-49.038506	285.7032	
0.127575	-49.039753	285.57852	
0.1276	-49.040997	285.45392	
0.127625	-49.04223	285.3294	
0.12765	-49.043453	285.20496	
0.127675	-49.044666	285.0806	
0.1277	-49.045876	284.95633	
0.127725	-49.047077	284.8321	
0.12775	-49.04827	284.70795	
0.127775	-49.049454	284.5839	
0.1278	-49.050632	284.4599	
0.127825	-49.0518	284.336	
0.12785	-49.05296	284.21213	
0.127875	-49.05411	284.08838	
0.1279	-49.055256	283.9647	
0.127925	-49.056393	283.84106	
0.12795	-49.05752	283.71753	
0.127975	-49.058643	283.59406	
0.128	-49.059753	283.47064	
0.128025	-49.06086	283.34732	
0.12805	-49.061954	283.2241	
0.128075	-49.06304	283.10092	
0.1281	-49.06412	282.9778	
0.128125	-49.065193	282.8548	
0.12815	-49.066257	282.73184	
0.128175	-49.06731	282.60895	
0.1282	-49.06836	282.48618	
0.128225	-49.069397	282.36343	
0.12825	-49.070427	282.24078	
0.128275	-49.07145	282.1182	
0.1283	-49.07246	281.9957	
0.128325	-49.073467	281.87326	
0.12835	-49.074463	281.75092	
0.128375	-49.07545	281.62863	
0.1284	-49.07643	281.5064	
0.128425	-49.077404	281.38428	
0.12845	-49.078365	281.2622	
0.128475	-49.07932	281.14023	
0.1285	-49.080265	281.0183	
0.128525	-49.081203	280.89648	
0.12855	-49.082134	280.77472	
0.128575	-49.083054	280.653	
0.1286	-49.083965	280.5314	
0.128625	-49.08487	280.40985	
0.12865	-49.085762	280.2884	
0.128675	-49.08665	280.167	
0.1287	-49.08753	280.0457	
0.128725	-49.088398	279.9244	
0.12875	-49.089256	279.80325	
0.128775	-49.090107	279.68213	
0.1288	-49.09095	279.56113	
0.128825	-49.091785	279.44016	
0.12885	-49.092613	279.31927	
0.128875	-49.09343	279.19846	
0.1289	-49.09424	279.07773	
0.128925	-49.095036	278.95706	
0.12895	-49.09583	278.8365	
0.128975	-49.09661	278.71597	
0.129	-49.09738	278.59552	
0.129025	-49.09815	278.47516	
0.12905	-49.098904	278.35486	
0.129075	-49.099648	278.23465	
0.1291	-49.100388	278.1145	
0.129125	-49.101116	277.99442	
0.12915	-49.101837	277.87442	
0.129175	-49.102547	277.7545	
0.1292	-49.10325	277.63464	
0.129225	-49.103943	277.51486	
0.12925	-49.104626	277.39514	
0.129275	-49.1053	277.2755	
0.1293	-49.10597	277.15594	
0.129325	-49.106625	277.03647	
0.12935	-49.107273	276.91705	
0.129375	-49.10791	276.7977	
0.1294	-49.108543	276.67844	
0.129425	-49.10916	276.55923	
0.12945	-49.109776	276.44012	
0.129475	-49.11038	276.32108	
0.1295	-49.11097	276.2021	
0.129525	-49.111557	276.0832	
0.12955	-49.11213	275.96436	
0.129575	-49.112698	275.84558	
0.1296	-49.113255	275.7269	
0.129625	-49.1138	275.60828	
0.12965	-49.11434	275.48975	
0.129675	-49.11487	275.37128	
0.1297	-49.11539	275.2529	
0.129725	-49.1159	275.13455	
0.12975	-49.1164	275.0163	
0.129775	-49.116894	274.89813	
0.1298	-49.117374	274.78003	
0.129825	-49.11785	274.662	
0.12985	-49.118313	274.54404	
0.129875	-49.118767	274.42615	
0.1299	-49.119213	274.30835	
0.129925	-49.119648	274.19058	
0.12995	-49.120075	274.07294	
0.129975	-49.12049	273.95532	
0.13	-49.1209	273.8378	
0.130025	-49.121296	273.72037	
0.13005	-49.121685	273.60297	
0.130075	-49.122066	273.48566	
0.1301	-49.122433	273.36844	
0.130125	-49.122795	273.25128	
0.13015	-49.123146	273.1342	
0.130175	-49.123486	273.01715	
0.1302	-49.123817	272.9002	
0.130225	-49.124138	272.78336	
0.13025	-49.12445	272.66653	
0.130275	-49.124752	272.5498	
0.1303	-49.125046	272.43317	
0.130325	-49.125328	272.31656	
0.13035	-49.1256	272.20007	
0.130375	-49.125866	272.08362	
0.1304	-49.126118	271.96725	
0.130425	-49.12636	271.85095	
0.13045	-49.126595	271.73474	
0.130475	-49.12682	271.6186	
0.1305	-49.127037	271.5025	
0.130525	-49.12724	271.3865	
0.13055	-49.127434	271.27057	
0.130575	-49.12762	271.1547	
0.1306	-49.127796	271.0389	
0.130625	-49.12796	270.9232	
0.13065	-49.128117	270.80756	
0.130675	-49.12826	270.69196	
0.1307	-49.1284	270.57648	
0.130725	-49.128525	270.46103	
0.13075	-49.12864	270.34567	
0.130775	-49.128746	270.23038	
0.1308	-49.12884	270.11517	
0.130825	-49.128925	270.00003	
0.13085	-49.129	269.88495	
0.130875	-49.129066	269.76996	
0.1309	-49.129124	269.65503	
0.130925	-49.12917	269.54016	
0.13095	-49.129204	269.42538	
0.130975	-49.129227	269.31067	
0.131	-49.129242	269.196	
0.131025	-49.12925	269.08145	
0.13105	-49.129242	268.96695	
0.131075	-49.129227	268.85254	
0.1311	-49.1292	268.73816	
0.131125	-49.129166	268.62387	
0.13115	-49.12912	268.50967	
0.131175	-49.129063	268.39554	
0.1312	-49.128998	268.28146	
0.131225	-49.128918	268.16745	
0.13125	-49.12883	268.05353	
0.131275	-49.128735	267.93967	
0.1313	-49.128624	267.8259	
0.131325	-49.128506	267.7122	
0.13135	-49.12838	267.59854	
0.131375	-49.12824	267.485	
0.1314	-49.12809	267.3715	
0.131425	-49.12793	267.25806	
0.13145	-49.127758	267.14468	
0.131475	-49.12758	267.0314	
0.1315	-49.127384	266.91818	
0.131525	-49.127182	266.80505	
0.13155	-49.126972	266.692	
0.131575	-49.126747	266.57898	
0.1316	-49.126514	266.46606	
0.131625	-49.12627	266.3532	
0.13165	-49.126015	266.24042	
0.131675	-49.125748	266.1277	
0.1317	-49.125473	266.01505	
0.131725	-49.125183	265.9025	
0.13175	-49.124886	265.78998	
0.131775	-49.124577	265.67755	
0.1318	-49.12426	265.5652	
0.131825	-49.123928	265.4529	
0.13185	-49.12359	265.3407	
0.131875	-49.123238	265.22855	
0.1319	-49.122875	265.11646	
0.131925	-49.1225	265.00446	
0.13195	-49.122116	264.89252	
0.131975	-49.121723	264.78067	
0.132	-49.121315	264.66888	
0.132025	-49.1209	264.55716	
0.13205	-49.120472	264.4455	
0.132075	-49.120033	264.33392	
0.1321	-49.119583	264.2224	
0.132125	-49.11912	264.111	
0.13215	-49.118652	263.9996	
0.132175	-49.118168	263.88834	
0.1322	-49.117676	263.7771	
0.132225	-49.11717	263.66595	
0.13225	-49.116653	263.55487	
0.132275	-49.116127	263.44385	
0.1323	-49.11559	263.33292	
0.132325	-49.11504	263.22205	
0.13235	-49.11448	263.11124	
0.132375	-49.113907	263.00052	
0.1324	-49.113323	262.88986	
0.132425	-49.11273	262.77927	
0.13245	-49.112125	262.66873	
0.132475	-49.111507	262.5583	
0.1325	-49.110878	262.4479	
0.132525	-49.11024	262.33762	
0.13255	-49.10959	262.2274	
0.132575	-49.108925	262.11722	
0.1326	-49.108253	262.0071	
0.132625	-49.107567	261.8971	
0.13265	-49.106873	261.78714	
0.132675	-49.106163	261.67728	
0.1327	-49.105446	261.56744	
0.132725	-49.104713	261.4577	
0.13275	-49.10397	261.34805	
0.132775	-49.103218	261.23843	
0.1328	-49.10245	261.1289	
0.132825	-49.101673	261.01944	
0.13285	-49.100883	260.91006	
0.132875	-49.100082	260.80075	
0.1329	-49.099274	260.6915	
0.132925	-49.09845	260.5823	
0.13295	-49.097614	260.4732	
0.132975	-49.096764	260.36417	
0.133	-49.095905	260.2552	
0.133025	-49.095036	260.1463	
0.13305	-49.09415	260.03748	
0.133075	-49.093258	259.9287	
0.1331	-49.09235	259.82004	
0.133125	-49.09143	259.71143	
0.13315	-49.090504	259.60287	
0.133175	-49.08956	259.4944	
0.1332	-49.088604	259.386	
0.133225	-49.08764	259.27765	
0.13325	-49.086662	259.1694	
0.133275	-49.08567	259.0612	
0.1333	-49.084667	258.95306	
0.133325	-49.083652	258.845	
0.13335	-49.082626	258.73703	
0.133375	-49.08159	258.62912	
0.1334	-49.080536	258.52127	
0.133425	-49.07947	258.41348	
0.13345	-49.0784	258.3058	
0.133475	-49.07731	258.19815	
0.1335	-49.07621	258.0906	
0.133525	-49.075096	257.9831	
0.13355	-49.073975	257.87567	
0.133575	-49.072834	257.7683	
0.1336	-49.071686	257.66104	
0.133625	-49.070522	257.55383	
0.13365	-49.06935	257.4467	
0.133675	-49.06816	257.3396	
0.1337	-49.066963	257.2326	
0.133725	-49.06575	257.12567	
0.13375	-49.064526	257.0188	
0.133775	-49.06329	256.91202	
0.1338	-49.06204	256.80527	
0.133825	-49.060776	256.6986	
0.13385	-49.0595	256.59204	
0.133875	-49.058212	256.48553	
0.1339	-49.05691	256.3791	
0.133925	-49.0556	256.2727	
0.13395	-49.05427	256.16638	
0.133975	-49.052933	256.06015	
0.134	-49.051582	255.954	
0.134025	-49.050217	255.8479	
0.13405	-49.04884	255.74187	
0.134075	-49.047447	255.63591	
0.1341	-49.046043	255.53003	
0.134125	-49.04463	255.42421	
0.13415	-49.043198	255.31845	
0.134175	-49.041756	255.21278	
0.1342	-49.0403	255.10716	
0.134225	-49.03883	255.00163	
0.13425	-49.037346	254.89616	
0.134275	-49.03585	254.79076	
0.1343	-49.03434	254.68542	
0.134325	-49.032818	254.58017	
0.13435	-49.031284	254.47498	
0.134375	-49.02973	254.36986	
0.1344	-49.02817	254.2648	
0.134425	-49.026596	254.15982	
0.13445	-49.025005	254.05492	
0.134475	-49.023403	253.95007	
0.1345	-49.021786	253.84529	
0.134525	-49.020153	253.74059	
0.13455	-49.018513	253.63596	
0.134575	-49.016853	253.53139	
0.1346	-49.015182	253.4269	
0.134625	-49.013496	253.32248	
0.13465	-49.0118	253.21812	
0.134675	-49.010086	253.11383	
0.1347	-49.008358	253.00961	
0.134725	-49.00662	252.90547	
0.13475	-49.004864	252.80139	
0.134775	-49.003098	252.69737	
0.1348	-49.001312	252.59344	
0.134825	-48.999516	252.48956	
0.13485	-48.997707	252.38577	
0.134875	-48.99588	252.28204	
0.1349	-48.99404	252.17838	
0.134925	-48.99219	252.07478	
0.13495	-48.990322	251.97127	
0.134975	-48.98844	251.86781	
0.135	-48.986546	251.76442	
0.135025	-48.984634	251.66112	
0.13505	-48.982708	251.55786	
0.135075	-48.98077	251.4547	
0.1351	-48.978817	251.3516	
0.135125	-48.97685	251.24855	
0.13515	-48.974865	251.14558	
0.135175	-48.972866	251.04268	
0.1352	-48.970856	250.93985	
0.135225	-48.968826	250.8371	
0.13525	-48.966785	250.7344	
0.135275	-48.96473	250.63179	
0.1353	-48.962658	250.52924	
0.135325	-48.96057	250.42674	
0.13535	-48.95847	250.32434	
0.135375	-48.956352	250.222	
0.1354	-48.95422	250.11972	
0.135425	-48.952076	250.01752	
0.13545	-48.949913	249.91537	
0.135475	-48.947735	249.81331	
0.1355	-48.945545	249.71132	
0.135525	-48.943336	249.60939	
0.13555	-48.941113	249.50752	
0.135575	-48.938873	249.40575	
0.1356	-48.93662	249.30402	
0.135625	-48.93435	249.20236	
0.13565	-48.932064	249.10078	
0.135675	-48.929764	248.99927	
0.1357	-48.92745	248.89783	
0.135725	-48.925114	248.79646	
0.13575	-48.922768	248.69514	
0.135775	-48.920403	248.59392	
0.1358	-48.918022	248.49275	
0.135825	-48.915627	248.39165	
0.13585	-48.913216	248.29062	
0.135875	-48.91079	248.18967	
0.1359	-48.908344	248.08878	
0.135925	-48.905884	247.98796	
0.13595	-48.903408	247.8872	
0.135975	-48.900913	247.78653	
0.136	-48.898407	247.68591	
0.136025	-48.89588	247.58537	
0.13605	-48.893337	247.4849	
0.136075	-48.89078	247.38449	
0.1361	-48.888203	247.28415	
0.136125	-48.885612	247.18388	
0.13615	-48.883003	247.0837	
0.136175	-48.88038	246.98357	
0.1362	-48.877735	246.8835	
0.136225	-48.875076	246.78351	
0.13625	-48.8724	246.6836	
0.136275	-48.869705	246.58374	
0.1363	-48.866997	246.48396	
0.136325	-48.86427	246.38425	
0.13635	-48.861523	246.2846	
0.136375	-48.85876	246.18503	
0.1364	-48.85598	246.08553	
0.136425	-48.853184	245.98608	
0.13645	-48.85037	245.88672	
0.136475	-48.847538	245.78741	
0.1365	-48.84469	245.68819	
0.136525	-48.84182	245.58904	
0.13655	-48.838932	245.48994	
0.136575	-48.83603	245.39091	
0.1366	-48.833107	245.29196	
0.136625	-48.83017	245.19308	
0.13665	-48.82721	245.09427	
0.136675	-48.824234	244.99553	
0.1367	-48.82124	244.89685	
0.136725	-48.81823	244.79825	
0.13675	-48.815197	244.6997	
0.136775	-48.81215	244.60124	
0.1368	-48.80908	244.50284	
0.136825	-48.805992	244.40451	
0.13685	-48.802887	244.30624	
0.136875	-48.799763	244.20805	
0.1369	-48.79662	244.10994	
0.136925	-48.793457	244.01189	
0.13695	-48.790276	243.91391	
0.136975	-48.787075	243.816	
0.137	-48.78385	243.71814	
0.137025	-48.780613	243.62038	
0.13705	-48.777355	243.52266	
0.137075	-48.774075	243.42503	
0.1371	-48.77078	243.32745	
0.137125	-48.76746	243.22997	
0.13715	-48.764122	243.13254	
0.137175	-48.760765	243.03517	
0.1372	-48.757385	242.93788	
0.137225	-48.75399	242.84067	
0.13725	-48.750572	242.74352	
0.137275	-48.74713	242.64642	
0.1373	-48.743675	242.54941	
0.137325	-48.740196	242.45247	
0.13735	-48.736694	242.35559	
0.137375	-48.733173	242.25879	
0.1374	-48.729633	242.16205	
0.137425	-48.72607	242.06538	
0.13745	-48.72249	241.9688	
0.137475	-48.718884	241.87227	
0.1375	-48.715256	241.7758	
0.137525	-48.71161	241.67941	
0.13755	-48.70794	241.5831	
0.137575	-48.70425	241.48685	
0.1376	-48.70054	241.39067	
0.137625	-48.696804	241.29456	
0.13765	-48.69305	241.19852	
0.137675	-48.68927	241.10254	
0.1377	-48.68547	241.00664	
0.137725	-48.68165	240.9108	
0.13775	-48.677807	240.81503	
0.137775	-48.67394	240.71935	
0.1378	-48.670048	240.62372	
0.137825	-48.666138	240.52817	
0.13785	-48.6622	240.43268	
0.137875	-48.65824	240.33727	
0.1379	-48.654263	240.24191	
0.137925	-48.650257	240.14664	
0.13795	-48.64623	240.05144	
0.137975	-48.642178	239.9563	
0.138	-48.638103	239.86122	
0.138025	-48.634003	239.76624	
0.13805	-48.62988	239.6713	
0.138075	-48.625732	239.57645	
0.1381	-48.621563	239.48166	
0.138125	-48.617367	239.38693	
0.13815	-48.613148	239.29228	
0.138175	-48.608902	239.19771	
0.1382	-48.604633	239.1032	
0.138225	-48.600338	239.00876	
0.13825	-48.596016	238.91438	
0.138275	-48.59167	238.82008	
0.1383	-48.587303	238.72585	
0.138325	-48.582905	238.63168	
0.13835	-48.578484	238.5376	
0.138375	-48.57404	238.44357	
0.1384	-48.569565	238.34962	
0.138425	-48.565063	238.25575	
0.13845	-48.56054	238.16194	
0.138475	-48.555984	238.06819	
0.1385	-48.551407	237.97452	
0.138525	-48.5468	237.88092	
0.13855	-48.542168	237.78738	
0.138575	-48.537506	237.69392	
0.1386	-48.532818	237.60054	
0.138625	-48.528103	237.50722	
0.13865	-48.52336	237.41397	
0.138675	-48.51859	237.32079	
0.1387	-48.51379	237.22768	
0.138725	-48.50896	237.13464	
0.13875	-48.504105	237.04167	
0.138775	-48.49922	236.94878	
0.1388	-48.49431	236.85594	
0.138825	-48.489365	236.76318	
0.13885	-48.48439	236.6705	
0.138875	-48.47939	236.57788	
0.1389	-48.474358	236.48534	
0.138925	-48.4693	236.39285	
0.13895	-48.464207	236.30045	
0.138975	-48.459084	236.20811	
0.139	-48.45393	236.11584	
0.139025	-48.44875	236.02365	
0.13905	-48.443535	235.93153	
0.139075	-48.43829	235.83948	
0.1391	-48.43301	235.7475	
0.139125	-48.427704	235.65558	
0.13915	-48.422363	235.56374	
0.139175	-48.41699	235.47197	
0.1392	-48.411583	235.38028	
0.139225	-48.406147	235.28865	
0.13925	-48.400677	235.19708	
0.139275	-48.395172	235.1056	
0.1393	-48.389633	235.01419	
0.139325	-48.384064	234.92284	
0.13935	-48.378456	234.83157	
0.139375	-48.372818	234.74037	
0.1394	-48.367146	234.64923	
0.139425	-48.361435	234.55818	
0.13945	-48.355694	234.4672	
0.139475	-48.349915	234.37627	
0.1395	-48.3441	234.28543	
0.139525	-48.33825	234.19466	
0.13955	-48.332363	234.10396	
0.139575	-48.32644	234.01332	
0.1396	-48.32048	233.92276	
0.139625	-48.314484	233.83228	
0.13965	-48.30845	233.74185	
0.139675	-48.302376	233.6515	
0.1397	-48.29627	233.56123	
0.139725	-48.29012	233.47104	
0.13975	-48.28393	233.3809	
0.139775	-48.277706	233.29085	
0.1398	-48.271442	233.20087	
0.139825	-48.265137	233.11095	
0.13985	-48.258793	233.02112	
0.139875	-48.252407	232.93134	
0.1399	-48.24598	232.84164	
0.139925	-48.239513	232.75201	
0.13995	-48.233006	232.66246	
0.139975	-48.22645	232.57298	
0.14	-48.21986	232.48358	
0.140025	-48.213226	232.39424	
0.14005	-48.206547	232.30498	
0.140075	-48.199825	232.21579	
0.1401	-48.19306	232.12668	
0.140125	-48.18625	232.03763	
0.14015	-48.179398	231.94865	
0.140175	-48.172497	231.85976	
0.1402	-48.16555	231.77094	
0.140225	-48.15856	231.68217	
0.14025	-48.151524	231.59349	
0.140275	-48.14444	231.5049	
0.1403	-48.13731	231.41635	
0.140325	-48.13013	231.3279	
0.14035	-48.122902	231.2395	
0.140375	-48.115627	231.1512	
0.1404	-48.1083	231.06296	
0.140425	-48.100925	230.9748	
0.14045	-48.093502	230.88669	
0.140475	-48.086025	230.79868	
0.1405	-48.0785	230.71072	
0.140525	-48.07092	230.62286	
0.14055	-48.06329	230.53506	
0.140575	-48.055607	230.44734	
0.1406	-48.047867	230.3597	
0.140625	-48.040077	230.27211	
0.14065	-48.03223	230.18462	
0.140675	-48.02433	230.09718	
0.1407	-48.016373	230.00984	
0.140725	-48.00836	229.92256	
0.14075	-48.00029	229.83536	
0.140775	-47.992165	229.74823	
0.1408	-47.98398	229.66118	
0.140825	-47.975735	229.5742	
0.14085	-47.96743	229.48729	
0.140875	-47.959064	229.40047	
0.1409	-47.95064	229.31372	
0.140925	-47.942154	229.22704	
0.14095	-47.933605	229.14044	
0.140975	-47.92499	229.05391	
0.141	-47.916317	228.96747	
0.141025	-47.907578	228.88109	
0.14105	-47.898773	228.7948	
0.141075	-47.8899	228.70857	
0.1411	-47.880962	228.62242	
0.141125	-47.871956	228.53636	
0.14115	-47.86288	228.45036	
0.141175	-47.853737	228.36446	
0.1412	-47.84452	228.27861	
0.141225	-47.835236	228.19286	
0.14125	-47.82588	228.10716	
0.141275	-47.81645	228.02156	
0.1413	-47.806946	227.93602	
0.141325	-47.797367	227.85057	
0.14135	-47.787712	227.7652	
0.141375	-47.77798	227.6799	
0.1414	-47.76817	227.59468	
0.141425	-47.75828	227.50954	
0.14145	-47.748314	227.42447	
0.141475	-47.738266	227.33948	
0.1415	-47.728134	227.25458	
0.141525	-47.717922	227.16975	
0.14155	-47.707623	227.08499	
0.141575	-47.69724	227.00032	
0.1416	-47.68677	226.91574	
0.141625	-47.676212	226.83122	
0.14165	-47.665565	226.74678	
0.141675	-47.65483	226.66243	
0.1417	-47.644	226.57816	
0.141725	-47.63308	226.49397	
0.14175	-47.622063	226.40985	
0.141775	-47.61095	226.32582	
0.1418	-47.599743	226.24187	
0.141825	-47.588436	226.15799	
0.14185	-47.577026	226.0742	
0.141875	-47.565517	225.9905	
0.1419	-47.553905	225.90686	
0.141925	-47.54219	225.82332	
0.14195	-47.53037	225.73985	
0.141975	-47.518436	225.65646	
0.142	-47.506397	225.57317	
0.142025	-47.494244	225.48994	
0.14205	-47.48198	225.40681	
0.142075	-47.469597	225.32376	
0.1421	-47.4571	225.24078	
0.142125	-47.444485	225.1579	
0.14215	-47.431747	225.0751	
0.142175	-47.418888	224.99237	
0.1422	-47.405903	224.90974	
0.142225	-47.39279	224.8272	
0.14225	-47.37955	224.74472	
0.142275	-47.366177	224.66234	
0.1423	-47.352673	224.58005	
0.142325	-47.33903	224.49783	
0.14235	-47.32525	224.41571	
0.142375	-47.311325	224.33368	
0.1424	-47.29726	224.25172	
0.142425	-47.28305	224.16986	
0.14245	-47.26869	224.08809	
0.142475	-47.254177	224.0064	
0.1425	-47.23951	223.92479	
0.142525	-47.224686	223.84328	
0.14255	-47.209698	223.76186	
0.142575	-47.19455	223.68051	
0.1426	-47.179234	223.59926	
0.142625	-47.16375	223.5181	
0.14265	-47.14809	223.43704	
0.142675	-47.13225	223.35606	
0.1427	-47.116234	223.27516	
0.142725	-47.100033	223.19437	
0.14275	-47.083645	223.11366	
0.142775	-47.067062	223.03305	
0.1428	-47.050285	222.95253	
0.142825	-47.033306	222.8721	
0.14285	-47.01612	222.79176	
0.142875	-46.99873	222.71152	
0.1429	-46.981125	222.63138	
0.142925	-46.9633	222.55133	
0.14295	-46.94525	222.47136	
0.142975	-46.92697	222.39151	
0.143	-46.908463	222.31174	
0.143025	-46.88971	222.23207	
0.14305	-46.870712	222.1525	
0.143075	-46.851467	222.07303	
0.1431	-46.831963	221.99365	
0.143125	-46.812195	221.91437	
0.14315	-46.792156	221.83519	
0.143175	-46.771843	221.75612	
0.1432	-46.751244	221.67714	
0.143225	-46.730354	221.59827	
0.14325	-46.709167	221.5195	
0.143275	-46.68767	221.44083	
0.1433	-46.665863	221.36226	
0.143325	-46.64373	221.2838	
0.14335	-46.621265	221.20544	
0.143375	-46.598457	221.1272	
0.1434	-46.575302	221.04906	
0.143425	-46.551785	220.97102	
0.14345	-46.527893	220.8931	
0.143475	-46.50362	220.81528	
0.1435	-46.478954	220.73756	
0.143525	-46.45388	220.65997	
0.14355	-46.42839	220.58249	
0.143575	-46.40247	220.50511	
0.1436	-46.376102	220.42786	
0.143625	-46.349274	220.35072	
0.14365	-46.321976	220.2737	
0.143675	-46.29418	220.1968	
0.1437	-46.26589	220.12001	
0.143725	-46.237064	220.04333	
0.14375	-46.207703	219.9668	
0.143775	-46.177776	219.89037	
0.1438	-46.14727	219.81407	
0.143825	-46.11616	219.7379	
0.14385	-46.084427	219.66185	
0.143875	-46.052044	219.58592	
0.1439	-46.01899	219.51013	
0.143925	-45.98523	219.43448	
0.14395	-45.95074	219.35896	
0.143975	-45.915497	219.28357	
0.144	-45.87946	219.20831	
0.144025	-45.842598	219.13321	
0.14405	-45.80488	219.05824	
0.144075	-45.76626	218.98341	
0.1441	-45.7267	218.90872	
0.144125	-45.686157	218.8342	
0.14415	-45.64459	218.75981	
0.144175	-45.601936	218.68558	
0.1442	-45.558155	218.61151	
0.144225	-45.51318	218.5376	
0.14425	-45.466953	218.46384	
0.144275	-45.419407	218.39024	
0.1443	-45.37047	218.31683	
0.144325	-45.320057	218.24358	
0.14435	-45.26809	218.17052	
0.144375	-45.21447	218.09761	
0.1444	-45.159103	218.0249	
0.144425	-45.10187	217.9524	
0.14445	-45.04266	217.88007	
0.144475	-44.98133	217.80794	
0.1445	-44.917736	217.73601	
0.144525	-44.85172	217.66429	
0.14455	-44.78309	217.5928	
0.144575	-44.71165	217.52151	
0.1446	-44.63718	217.45049	
0.144625	-44.559418	217.37967	
0.14465	-44.478085	217.30911	
0.144675	-44.392853	217.23882	
0.1447	-44.30335	217.16878	
0.144725	-44.209156	217.09903	
0.14475	-44.109783	217.02957	
0.144775	-44.004658	216.96042	
0.1448	-43.89312	216.89159	
0.144825	-43.774376	216.82309	
0.14485	-43.647495	216.75496	
0.144875	-43.511345	216.68721	
0.1449	-43.364548	216.61986	
0.144925	-43.205406	216.55296	
0.14495	-43.031776	216.48654	
0.144975	-42.84094	216.42062	
0.145	-42.629322	216.3553	
0.145025	-42.392178	216.29059	
0.14505	-42.12294	216.22661	
0.145075	-41.812256	216.16344	
0.1451	-41.44614	216.10121	
0.145125	-41.00244	216.04015	
0.14515	-40.443295	215.98051	
0.145175	-48.5	295.9228	
0.1452	-48.5	295.7931	
0.145225	-48.500324	295.66345	
0.14525	-48.50064	295.5339	
0.145275	-48.500942	295.40445	
0.1453	-48.50124	295.2751	
0.145325	-48.501522	295.14578	
0.14535	-48.501797	295.01654	
0.145375	-48.50206	294.88742	
0.1454	-48.50231	294.75836	
0.145425	-48.502556	294.62936	
0.14545	-48.502785	294.50046	
0.145475	-48.503006	294.37164	
0.1455	-48.50322	294.24292	
0.145525	-48.503418	294.11426	
0.14555	-48.50361	293.98566	
0.145575	-48.503788	293.85718	
0.1456	-48.503956	293.72876	
0.145625	-48.504116	293.6004	
0.14565	-48.50426	293.47214	
0.145675	-48.5044	293.34396	
0.1457	-48.504524	293.21585	
0.145725	-48.50464	293.08783	
0.14575	-48.50474	292.9599	
0.145775	-48.504833	292.83203	
0.1458	-48.504917	292.70425	
0.145825	-48.504986	292.57657	
0.14585	-48.505047	292.44894	
0.145875	-48.505096	292.32138	
0.1459	-48.505135	292.19394	
0.145925	-48.505157	292.06653	
0.14595	-48.505173	291.93924	
0.145975	-48.505177	291.812	
0.146	-48.50517	291.68488	
0.146025	-48.50515	291.5578	
0.14605	-48.505123	291.43082	
0.146075	-48.50508	291.3039	
0.1461	-48.505028	291.1771	
0.146125	-48.504963	291.05032	
0.14615	-48.504887	290.92368	
0.146175	-48.5048	290.79706	
0.1462	-48.5047	290.67056	
0.146225	-48.504585	290.54413	
0.14625	-48.504463	290.4178	
0.146275	-48.50433	290.2915	
0.1463	-48.504185	290.1653	
0.146325	-48.504025	290.0392	
0.14635	-48.503857	289.91318	
0.146375	-48.503674	289.7872	
0.1464	-48.50348	289.66135	
0.146425	-48.503273	289.53555	
0.14645	-48.503056	289.40982	
0.146475	-48.502823	289.28418	
0.1465	-48.502583	289.15863	
0.146525	-48.502327	289.03314	
0.14655	-48.50206	288.90775	
0.146575	-48.50178	288.7824	
0.1466	-48.50149	288.6572	
0.146625	-48.501186	288.532	
0.14665	-48.50087	288.40692	
0.146675	-48.50054	288.28192	
0.1467	-48.500202	288.157	
0.146725	-48.499847	288.03217	
0.14675	-48.49948	287.90738	
0.146775	-48.4991	287.78268	
0.1468	-48.49871	287.65808	
0.146825	-48.498306	287.53354	
0.14685	-48.497887	287.4091	
0.146875	-48.49746	287.28473	
0.1469	-48.497013	287.16043	
0.146925	-48.49656	287.03622	
0.14695	-48.49609	286.91208	
0.146975	-48.49561	286.78802	
0.147	-48.495113	286.66403	
0.147025	-48.494606	286.54013	
0.14705	-48.494083	286.41632	
0.147075	-48.49355	286.29257	
0.1471	-48.493	286.1689	
0.147125	-48.49244	286.04532	
0.14715	-48.491867	285.9218	
0.147175	-48.491276	285.79837	
0.1472	-48.490677	285.67502	
0.147225	-48.490063	285.55176	
0.14725	-48.489433	285.42856	
0.147275	-48.48879	285.30545	
0.1473	-48.488132	285.1824	
0.147325	-48.487465	285.05945	
0.14735	-48.486782	284.93658	
0.147375	-48.486084	284.81378	
0.1474	-48.485374	284.69104	
0.147425	-48.484646	284.56842	
0.14745	-48.48391	284.44583	
0.147475	-48.483154	284.32336	
0.1475	-48.482388	284.20096	
0.147525	-48.481606	284.0786	
0.14755	-48.48081	283.95636	
0.147575	-48.48	283.8342	
0.1476	-48.479176	283.7121	
0.147625	-48.478336	283.5901	
0.14765	-48.47748	283.46814	
0.147675	-48.476616	283.34628	
0.1477	-48.47573	283.22452	
0.147725	-48.474834	283.1028	
0.14775	-48.473923	282.98117	
0.147775	-48.472996	282.85962	
0.1478	-48.472054	282.73816	
0.147825	-48.4711	282.6168	
0.14785	-48.470127	282.49545	
0.147875	-48.469143	282.37424	
0.1479	-48.46814	282.25308	
0.147925	-48.467125	282.132	
0.14795	-48.46609	282.01102	
0.147975	-48.465046	281.89008	
0.148	-48.46398	281.76926	
0.148025	-48.462906	281.64847	
0.14805	-48.46181	281.5278	
0.148075	-48.460705	281.4072	
0.1481	-48.45958	281.28665	
0.148125	-48.45844	281.1662	
0.14815	-48.457283	281.04584	
0.148175	-48.456112	280.92554	
0.1482	-48.454926	280.80533	
0.148225	-48.453724	280.68518	
0.14825	-48.452503	280.56512	
0.148275	-48.45127	280.44516	
0.1483	-48.45002	280.32526	
0.148325	-48.44875	280.2054	
0.14835	-48.447468	280.08566	
0.148375	-48.446167	279.966	
0.1484	-48.44485	279.8464	
0.148425	-48.44352	279.7269	
0.14845	-48.44217	279.60748	
0.148475	-48.440804	279.4881	
0.1485	-48.439423	279.36884	
0.148525	-48.438023	279.24963	
0.14855	-48.436607	279.13052	
0.148575	-48.435173	279.01147	
0.1486	-48.433723	278.8925	
0.148625	-48.432255	278.77362	
0.14865	-48.43077	278.65482	
0.148675	-48.42927	278.53607	
0.1487	-48.427753	278.41742	
0.148725	-48.426216	278.29883	
0.14875	-48.424664	278.18033	
0.148775	-48.42309	278.06192	
0.1488	-48.421505	277.94357	
0.148825	-48.419895	277.82532	
0.14885	-48.418274	277.70712	
0.148875	-48.41663	277.58902	
0.1489	-48.41497	277.47098	
0.148925	-48.413292	277.35303	
0.14895	-48.4116	277.23517	
0.148975	-48.40988	277.11737	
0.149	-48.40815	276.99963	
0.149025	-48.4064	276.882	
0.14905	-48.404633	276.76443	
0.149075	-48.402843	276.64694	
0.1491	-48.401035	276.52954	
0.149125	-48.39921	276.41223	
0.14915	-48.39737	276.29498	
0.149175	-48.395504	276.1778	
0.1492	-48.393623	276.0607	
0.149225	-48.391724	275.9437	
0.14925	-48.3898	275.82675	
0.149275	-48.387863	275.70987	
0.1493	-48.385906	275.5931	
0.149325	-48.383926	275.47638	
0.14935	-48.381927	275.35977	
0.149375	-48.37991	275.24323	
0.1494	-48.377872	275.12674	
0.149425	-48.375816	275.01035	
0.14945	-48.37374	274.89404	
0.149475	-48.371643	274.7778	
0.1495	-48.369526	274.66162	
0.149525	-48.36739	274.54556	
0.14955	-48.36523	274.42957	
0.149575	-48.363052	274.31363	
0.1496	-48.360855	274.19778	
0.149625	-48.358635	274.082	
0.14965	-48.35639	273.9663	
0.149675	-48.354134	273.8507	
0.1497	-48.35185	273.73517	
0.149725	-48.349545	273.6197	
0.14975	-48.34722	273.50433	
0.149775	-48.344875	273.389	
0.1498	-48.342506	273.2738	
0.149825	-48.34012	273.15866	
0.14985	-48.337708	273.04358	
0.149875	-48.335274	272.9286	
0.1499	-48.33282	272.8137	
0.149925	-48.33034	272.69885	
0.14995	-48.327843	272.58408	
0.149975	-48.32532	272.46942	
0.15	-48.32278	272.3548	
0.150025	-48.320213	272.2403	
0.15005	-48.317623	272.12585	
0.150075	-48.31501	272.01147	
0.1501	-48.312378	271.8972	
0.150125	-48.30972	271.783	
0.15015	-48.307037	271.66885	
0.150175	-48.304333	271.55478	
0.1502	-48.301605	271.44083	
0.150225	-48.298855	271.32693	
0.15025	-48.296078	271.2131	
0.150275	-48.293278	271.09937	
0.1503	-48.290455	270.9857	
0.150325	-48.28761	270.8721	
0.15035	-48.284737	270.7586	
0.150375	-48.281837	270.64517	
0.1504	-48.27892	270.53183	
0.150425	-48.27597	270.41855	
0.15045	-48.273003	270.30536	
0.150475	-48.270004	270.19223	
0.1505	-48.266983	270.0792	
0.150525	-48.26394	269.96625	
0.15055	-48.260864	269.85336	
0.150575	-48.257767	269.74057	
0.1506	-48.254642	269.62784	
0.150625	-48.251495	269.5152	
0.15065	-48.248318	269.40262	
0.150675	-48.245117	269.29013	
0.1507	-48.241886	269.17773	
0.150725	-48.238632	269.0654	
0.15075	-48.235348	268.95312	
0.150775	-48.23204	268.84097	
0.1508	-48.228703	268.72885	
0.150825	-48.225338	268.61685	
0.15085	-48.221947	268.5049	
0.150875	-48.21853	268.39304	
0.1509	-48.21508	268.28125	
0.150925	-48.211605	268.16956	
0.15095	-48.2081	268.05792	
0.150975	-48.204567	267.94638	
0.151	-48.201004	267.8349	
0.151025	-48.197414	267.7235	
0.15105	-48.193794	267.6122	
0.151075	-48.190147	267.50098	
0.1511	-48.18647	267.38983	
0.151125	-48.182762	267.27875	
0.15115	-48.179024	267.16776	
0.151175	-48.175255	267.05682	
0.1512	-48.171455	266.94598	
0.151225	-48.16763	266.83524	
0.15125	-48.16377	266.72455	
0.151275	-48.159878	266.61395	
0.1513	-48.155956	266.50342	
0.151325	-48.152	266.39297	
0.15135	-48.148014	266.28262	
0.151375	-48.143997	266.17233	
0.1514	-48.13995	266.06213	
0.151425	-48.135868	265.952	
0.15145	-48.131752	265.84195	
0.151475	-48.127605	265.73196	
0.1515	-48.123425	265.62207	
0.151525	-48.11921	265.51227	
0.15155	-48.114964	265.40253	
0.151575	-48.11068	265.29288	
0.1516	-48.106365	265.18332	
0.151625	-48.102016	265.07382	
0.15165	-48.09763	264.9644	
0.151675	-48.09321	264.85507	
0.1517	-48.088753	264.74582	
0.151725	-48.084263	264.63663	
0.15175	-48.07974	264.52753	
0.151775	-48.075172	264.41852	
0.1518	-48.070576	264.30957	
0.151825	-48.06594	264.2007	
0.15185	-48.061268	264.09195	
0.151875	-48.056557	263.98325	
0.1519	-48.051807	263.87463	
0.151925	-48.047024	263.76608	
0.15195	-48.0422	263.65762	
0.151975	-48.037334	263.54926	
0.152	-48.032433	263.44095	
0.152025	-48.027493	263.33273	
0.15205	-48.022514	263.22458	
0.152075	-48.017494	263.11652	
0.1521	-48.012432	263.00854	
0.152125	-48.00733	262.90063	
0.15215	-48.00219	262.79285	
0.152175	-47.997005	262.6851	
0.1522	-47.99178	262.57742	
0.152225	-47.98651	262.46985	
0.15225	-47.9812	262.36237	
0.152275	-47.97585	262.25494	
0.1523	-47.970455	262.1476	
0.152325	-47.965015	262.04034	
0.15235	-47.959534	261.93317	
0.152375	-47.954006	261.82608	
0.1524	-47.948433	261.7191	
0.152425	-47.942814	261.61215	
0.15245	-47.93715	261.50528	
0.152475	-47.931442	261.39853	
0.1525	-47.925686	261.29184	
0.152525	-47.919884	261.18524	
0.15255	-47.914032	261.0787	
0.152575	-47.908134	260.97226	
0.1526	-47.902187	260.8659	
0.152625	-47.89619	260.7596	
0.15265	-47.890144	260.6534	
0.152675	-47.884052	260.5473	
0.1527	-47.877907	260.44125	
0.152725	-47.871708	260.3353	
0.15275	-47.865463	260.22943	
0.152775	-47.85916	260.12363	
0.1528	-47.85281	260.01794	
0.152825	-47.846405	259.9123	
0.15285	-47.83995	259.80676	
0.152875	-47.833435	259.7013	
0.1529	-47.82687	259.59592	
0.152925	-47.820248	259.49063	
0.15295	-47.813572	259.3854	
0.152975	-47.806835	259.28027	
0.153	-47.800045	259.17523	
0.153025	-47.793198	259.07025	
0.15305	-47.78629	258.96536	
0.153075	-47.779324	258.86057	
0.1531	-47.772297	258.75586	
0.153125	-47.765213	258.6512	
0.15315	-47.758068	258.54666	
0.153175	-47.75086	258.4422	
0.1532	-47.743587	258.3378	
0.153225	-47.736256	258.2335	
0.15325	-47.72886	258.12927	
0.153275	-47.721397	258.02515	
0.1533	-47.71387	257.9211	
0.153325	-47.706276	257.81714	
0.15335	-47.69862	257.71326	
0.153375	-47.69089	257.60947	
0.1534	-47.683098	257.50574	
0.153425	-47.675232	257.4021	
0.15345	-47.667297	257.29855	
0.153475	-47.65929	257.1951	
0.1535	-47.651215	257.09174	
0.153525	-47.643063	256.98843	
0.15355	-47.634842	256.88522	
0.153575	-47.62654	256.7821	
0.1536	-47.618168	256.67908	
0.153625	-47.60972	256.57614	
0.15365	-47.601192	256.47327	
0.153675	-47.592587	256.37048	
0.1537	-47.5839	256.2678	
0.153725	-47.575134	256.1652	
0.15375	-47.566288	256.06268	
0.153775	-47.557358	255.96025	
0.1538	-47.548344	255.8579	
0.153825	-47.539246	255.75565	
0.15385	-47.53006	255.65347	
0.153875	-47.520786	255.55138	
0.1539	-47.511425	255.44939	
0.153925	-47.501976	255.34747	
0.15395	-47.492435	255.24565	
0.153975	-47.4828	255.1439	
0.154	-47.473072	255.04227	
0.154025	-47.463253	254.9407	
0.15405	-47.45333	254.83923	
0.154075	-47.443317	254.73785	
0.1541	-47.4332	254.63655	
0.154125	-47.422985	254.53535	
0.15415	-47.412666	254.43423	
0.154175	-47.40224	254.3332	
0.1542	-47.391716	254.23227	
0.154225	-47.38108	254.13142	
0.15425	-47.370335	254.03067	
0.154275	-47.35948	253.93	
0.1543	-47.348515	253.82942	
0.154325	-47.337437	253.72893	
0.15435	-47.32624	253.62854	
0.154375	-47.314926	253.52823	
0.1544	-47.303493	253.42802	
0.154425	-47.29194	253.3279	
0.15445	-47.280262	253.22786	
0.154475	-47.26846	253.12793	
0.1545	-47.256527	253.02808	
0.154525	-47.244465	252.92833	
0.15455	-47.232273	252.82866	
0.154575	-47.219944	252.7291	
0.1546	-47.207478	252.62962	
0.154625	-47.194874	252.53024	
0.15465	-47.18213	252.43095	
0.154675	-47.16924	252.33176	
0.1547	-47.156204	252.23267	
0.154725	-47.143017	252.13367	
0.15475	-47.129677	252.03476	
0.154775	-47.116184	251.93594	
0.1548	-47.10253	251.83722	
0.154825	-47.08872	251.7386	
0.15485	-47.07474	251.64008	
0.154875	-47.060596	251.54166	
0.1549	-47.04628	251.44333	
0.154925	-47.031788	251.3451	
0.15495	-47.01712	251.24696	
0.154975	-47.002274	251.14893	
0.155	-46.98724	251.051	
0.155025	-46.972015	250.95316	
0.15505	-46.9566	250.85542	
0.155075	-46.940987	250.75778	
0.1551	-46.925175	250.66025	
0.155125	-46.909157	250.5628	
0.15515	-46.892925	250.46547	
0.155175	-46.876484	250.36824	
0.1552	-46.85982	250.27112	
0.155225	-46.842934	250.17409	
0.15525	-46.825817	250.07716	
0.155275	-46.808468	249.98035	
0.1553	-46.79088	249.88362	
0.155325	-46.77304	249.78702	
0.15535	-46.75495	249.6905	
0.155375	-46.736607	249.59412	
0.1554	-46.718	249.49782	
0.155425	-46.699116	249.40164	
0.15545	-46.67996	249.30556	
0.155475	-46.66052	249.2096	
0.1555	-46.640785	249.11374	
0.155525	-46.62075	249.01799	
0.15555	-46.600414	248.92235	
0.155575	-46.579758	248.82683	
0.1556	-46.55878	248.73141	
0.155625	-46.537468	248.63611	
0.15565	-46.515816	248.54092	
0.155675	-46.49381	248.44585	
0.1557	-46.471443	248.35089	
0.155725	-46.448704	248.25606	
0.15575	-46.425583	248.16133	
0.155775	-46.40207	248.06673	
0.1558	-46.378147	247.97224	
0.155825	-46.353806	247.87787	
0.15585	-46.329033	247.78363	
0.155875	-46.303818	247.6895	
0.1559	-46.27814	247.5955	
0.155925	-46.251987	247.50162	
0.15595	-46.225346	247.40787	
0.155975	-46.198196	247.31424	
0.156	-46.170525	247.22075	
0.156025	-46.142307	247.12738	
0.15605	-46.113533	247.03413	
0.156075	-46.084175	246.94104	
0.1561	-46.05421	246.84805	
0.156125	-46.023624	246.75522	
0.15615	-45.99239	246.66252	
0.156175	-45.96048	246.56995	
0.1562	-45.927868	246.47752	
0.156225	-45.894527	246.38524	
0.15625	-45.860428	246.2931	
0.156275	-45.82554	246.2011	
0.1563	-45.78982	246.10925	
0.156325	-45.75325	246.01755	
0.15635	-45.71578	245.926	
0.156375	-45.67737	245.83461	
0.1564	-45.637974	245.74336	
0.156425	-45.59755	245.65228	
0.15645	-45.55605	245.56136	
0.156475	-45.513416	245.4706	
0.1565	-45.469593	245.38	
0.156525	-45.424515	245.28958	
0.15655	-45.37812	245.19933	
0.156575	-45.33033	245.10925	
0.1566	-45.281075	245.01936	
0.156625	-45.23026	244.92964	
0.15665	-45.1778	244.84012	
0.156675	-45.123585	244.75078	
0.1567	-45.067516	244.66165	
0.156725	-45.00946	244.57271	
0.15675	-44.949295	244.48398	
0.156775	-44.886868	244.39546	
0.1568	-44.822014	244.30716	
0.156825	-44.754555	244.21907	
0.15685	-44.684288	244.13123	
0.156875	-44.610992	244.04362	
0.1569	-44.534412	243.95625	
0.156925	-44.454266	243.86916	
0.15695	-44.370224	243.7823	
0.156975	-44.281918	243.69574	
0.157	-44.18893	243.60945	
0.157025	-44.09077	243.52347	
0.15705	-43.98687	243.4378	
0.157075	-43.876564	243.35246	
0.1571	-43.759075	243.26747	
0.157125	-43.63346	243.18285	
0.15715	-43.4986	243.0986	
0.157175	-43.35312	243.01479	
0.1572	-43.195324	242.93141	
0.157225	-43.023083	242.84853	
0.15725	-42.833687	242.76616	
0.157275	-42.623585	242.68437	
0.1573	-42.38805	242.60323	
0.157325	-42.120564	242.5228	
0.15735	-41.811825	242.44319	
0.157375	-41.447964	242.36455	
0.1574	-41.007027	242.28705	
0.157425	-40.45154	242.21098	
0.15745	-48.5	322.13684	
0.157475	-48.5	321.99075	
0.1575	-48.502655	321.84476	
0.157525	-48.50531	321.69882	
0.15755	-48.50796	321.553	
0.157575	-48.510612	321.40726	
0.1576	-48.51326	321.2616	
0.157625	-48.515907	321.116	
0.15765	-48.51855	320.97052	
0.157675	-48.521194	320.8251	
0.1577	-48.523834	320.67978	
0.157725	-48.526474	320.53455	
0.15775	-48.52911	320.38937	
0.157775	-48.531746	320.24432	
0.1578	-48.534378	320.09933	
0.157825	-48.537006	319.9544	
0.15785	-48.53964	319.8096	
0.157875	-48.542263	319.66486	
0.1579	-48.544888	319.5202	
0.157925	-48.54751	319.37564	
0.15795	-48.55013	319.23114	
0.157975	-48.55275	319.08676	
0.158	-48.555363	318.94244	
0.158025	-48.557976	318.7982	
0.15805	-48.56059	318.65405	
0.158075	-48.563198	318.50998	
0.1581	-48.565804	318.366	
0.158125	-48.56841	318.2221	
0.15815	-48.57101	318.07828	
0.158175	-48.57361	317.93454	
0.1582	-48.576206	317.7909	
0.158225	-48.5788	317.64734	
0.15825	-48.581394	317.50385	
0.158275	-48.58398	317.36044	
0.1583	-48.58657	317.21713	
0.158325	-48.589153	317.0739	
0.15835	-48.591736	316.93076	
0.158375	-48.594315	316.7877	
0.1584	-48.59689	316.6447	
0.158425	-48.599464	316.5018	
0.15845	-48.602036	316.35898	
0.158475	-48.604607	316.21625	
0.1585	-48.60717	316.07358	
0.158525	-48.609734	315.93103	
0.15855	-48.612293	315.78854	
0.158575	-48.614853	315.64612	
0.1586	-48.61741	315.5038	
0.158625	-48.61996	315.36157	
0.15865	-48.62251	315.21942	
0.158675	-48.625053	315.07733	
0.1587	-48.627598	314.93533	
0.158725	-48.63014	314.79343	
0.15875	-48.632675	314.6516	
0.158775	-48.635212	314.50986	
0.1588	-48.63774	314.3682	
0.158825	-48.64027	314.22662	
0.15885	-48.642796	314.0851	
0.158875	-48.645317	313.9437	
0.1589	-48.647835	313.80237	
0.158925	-48.650352	313.6611	
0.15895	-48.652866	313.51993	
0.158975	-48.655376	313.37885	
0.159	-48.657883	313.23785	
0.159025	-48.660385	313.09692	
0.15905	-48.662884	312.9561	
0.159075	-48.665382	312.8153	
0.1591	-48.667873	312.67465	
0.159125	-48.670364	312.53403	
0.15915	-48.67285	312.39352	
0.159175	-48.675335	312.25308	
0.1592	-48.677814	312.11273	
0.159225	-48.68029	311.97247	
0.15925	-48.682762	311.83228	
0.159275	-48.68523	311.69217	
0.1593	-48.6877	311.55215	
0.159325	-48.69016	311.4122	
0.15935	-48.69262	311.27234	
0.159375	-48.695072	311.13254	
0.1594	-48.697525	310.99286	
0.159425	-48.699974	310.85324	
0.15945	-48.702415	310.71368	
0.159475	-48.704857	310.57422	
0.1595	-48.707294	310.43484	
0.159525	-48.70973	310.29556	
0.15955	-48.71216	310.15634	
0.159575	-48.714584	310.0172	
0.1596	-48.717003	309.87814	
0.159625	-48.71942	309.7392	
0.15965	-48.721836	309.60028	
0.159675	-48.724247	309.4615	
0.1597	-48.726654	309.32275	
0.159725	-48.729057	309.1841	
0.15975	-48.731453	309.04553	
0.159775	-48.73385	308.90704	
0.1598	-48.73624	308.76865	
0.159825	-48.738625	308.6303	
0.15985	-48.74101	308.49207	
0.159875	-48.743385	308.35388	
0.1599	-48.74576	308.21582	
0.159925	-48.74813	308.07782	
0.15995	-48.750496	307.93988	
0.159975	-48.752857	307.80203	
0.16	-48.755215	307.66428	
0.160025	-48.75757	307.52658	
0.16005	-48.75992	307.38898	
0.160075	-48.762264	307.25146	
0.1601	-48.764603	307.114	
0.160125	-48.76694	306.97665	
0.16015	-48.76927	306.83936	
0.160175	-48.7716	306.70218	
0.1602	-48.773922	306.56503	
0.160225	-48.77624	306.428	
0.16025	-48.778557	306.29105	
0.160275	-48.780865	306.15414	
0.1603	-48.78317	306.01733	
0.160325	-48.785473	305.8806	
0.16035	-48.787766	305.744	
0.160375	-48.79006	305.60742	
0.1604	-48.792347	305.47092	
0.160425	-48.79463	305.33453	
0.16045	-48.796906	305.19818	
0.160475	-48.79918	305.06195	
0.1605	-48.80145	304.92578	
0.160525	-48.80371	304.7897	
0.16055	-48.805973	304.6537	
0.160575	-48.808228	304.51776	
0.1606	-48.810474	304.3819	
0.160625	-48.81272	304.24612	
0.16065	-48.81496	304.11044	
0.160675	-48.817196	303.97482	
0.1607	-48.819427	303.8393	
0.160725	-48.82165	303.70386	
0.16075	-48.82387	303.56848	
0.160775	-48.826088	303.43317	
0.1608	-48.8283	303.29794	
0.160825	-48.830505	303.1628	
0.16085	-48.832706	303.02777	
0.160875	-48.8349	302.8928	
0.1609	-48.837093	302.75787	
0.160925	-48.83928	302.62305	
0.16095	-48.841457	302.4883	
0.160975	-48.84363	302.35364	
0.161	-48.845802	302.21906	
0.161025	-48.84797	302.08456	
0.16105	-48.85013	301.95013	
0.161075	-48.852283	301.8158	
0.1611	-48.854435	301.68152	
0.161125	-48.85658	301.54733	
0.16115	-48.858715	301.4132	
0.161175	-48.86085	301.27917	
0.1612	-48.86298	301.1452	
0.161225	-48.8651	301.01132	
0.16125	-48.867218	300.87753	
0.161275	-48.86933	300.7438	
0.1613	-48.871437	300.61017	
0.161325	-48.87354	300.4766	
0.16135	-48.875637	300.3431	
0.161375	-48.877728	300.20972	
0.1614	-48.87981	300.0764	
0.161425	-48.88189	299.9431	
0.16145	-48.883965	299.80994	
0.161475	-48.886032	299.67685	
0.1615	-48.888096	299.54382	
0.161525	-48.890152	299.4109	
0.16155	-48.892204	299.27805	
0.161575	-48.89425	299.14526	
0.1616	-48.89629	299.01254	
0.161625	-48.898327	298.8799	
0.16165	-48.900352	298.74738	
0.161675	-48.902378	298.6149	
0.1617	-48.904396	298.48248	
0.161725	-48.906406	298.3502	
0.16175	-48.908413	298.21793	
0.161775	-48.91041	298.0858	
0.1618	-48.912407	297.9537	
0.161825	-48.914394	297.8217	
0.16185	-48.916374	297.68976	
0.161875	-48.918354	297.5579	
0.1619	-48.920322	297.42612	
0.161925	-48.922287	297.29443	
0.16195	-48.924244	297.1628	
0.161975	-48.926197	297.03128	
0.162	-48.928146	296.8998	
0.162025	-48.930084	296.7684	
0.16205	-48.93202	296.63712	
0.162075	-48.93395	296.50586	
0.1621	-48.93587	296.37473	
0.162125	-48.937786	296.24365	
0.16215	-48.939697	296.11264	
0.162175	-48.9416	295.98172	
0.1622	-48.943497	295.85086	
0.162225	-48.94539	295.7201	
0.16225	-48.947273	295.5894	
0.162275	-48.949154	295.45877	
0.1623	-48.951023	295.32825	
0.162325	-48.952892	295.19778	
0.16235	-48.95475	295.06738	
0.162375	-48.956604	294.9371	
0.1624	-48.95845	294.80685	
0.162425	-48.960293	294.6767	
0.16245	-48.962128	294.54663	
0.162475	-48.963955	294.41663	
0.1625	-48.96578	294.2867	
0.162525	-48.967594	294.15686	
0.16255	-48.969402	294.02707	
0.162575	-48.971203	293.89737	
0.1626	-48.973	293.76776	
0.162625	-48.97479	293.6382	
0.16265	-48.97657	293.50876	
0.162675	-48.978348	293.37936	
0.1627	-48.980118	293.25006	
0.162725	-48.98188	293.12082	
0.16275	-48.983635	292.99167	
0.162775	-48.985386	292.86258	
0.1628	-48.98713	292.73358	
0.162825	-48.988865	292.60464	
0.16285	-48.990593	292.4758	
0.162875	-48.992317	292.34702	
0.1629	-48.994034	292.2183	
0.162925	-48.995743	292.0897	
0.16295	-48.997444	291.96112	
0.162975	-48.999138	291.83264	
0.163	-49.000828	291.70425	
0.163025	-49.00251	291.57593	
0.16305	-49.004185	291.4477	
0.163075	-49.00585	291.31952	
0.1631	-49.007515	291.19144	
0.163125	-49.009167	291.06342	
0.16315	-49.010815	290.93546	
0.163175	-49.012455	290.80762	
0.1632	-49.014088	290.6798	
0.163225	-49.015717	290.5521	
0.16325	-49.017334	290.42447	
0.163275	-49.018948	290.2969	
0.1633	-49.020554	290.1694	
0.163325	-49.022152	290.042	
0.16335	-49.023743	289.91467	
0.163375	-49.025326	289.7874	
0.1634	-49.0269	289.66022	
0.163425	-49.028473	289.5331	
0.16345	-49.030033	289.40607	
0.163475	-49.03159	289.2791	
0.1635	-49.03314	289.15225	
0.163525	-49.03468	289.02542	
0.16355	-49.036213	288.8987	
0.163575	-49.03774	288.77203	
0.1636	-49.039257	288.64548	
0.163625	-49.040768	288.51895	
0.16365	-49.042274	288.39252	
0.163675	-49.04377	288.26617	
0.1637	-49.04526	288.1399	
0.163725	-49.04674	288.0137	
0.16375	-49.048218	287.88757	
0.163775	-49.049683	287.7615	
0.1638	-49.051144	287.63553	
0.163825	-49.052597	287.5096	
0.16385	-49.054043	287.3838	
0.163875	-49.05548	287.25806	
0.1639	-49.05691	287.13235	
0.163925	-49.05833	287.00677	
0.16395	-49.059746	286.88123	
0.163975	-49.061153	286.75577	
0.164	-49.062553	286.6304	
0.164025	-49.063946	286.5051	
0.16405	-49.06533	286.37985	
0.164075	-49.066708	286.2547	
0.1641	-49.068077	286.12964	
0.164125	-49.06944	286.00464	
0.16415	-49.070793	285.8797	
0.164175	-49.07214	285.75485	
0.1642	-49.07348	285.63007	
0.164225	-49.07481	285.50537	
0.16425	-49.076134	285.38074	
0.164275	-49.07745	285.25616	
0.1643	-49.078754	285.13168	
0.164325	-49.080055	285.0073	
0.16435	-49.08135	284.88293	
0.164375	-49.08263	284.7587	
0.1644	-49.083908	284.6345	
0.164425	-49.085175	284.5104	
0.16445	-49.086437	284.38635	
0.164475	-49.08769	284.2624	
0.1645	-49.088932	284.13852	
0.164525	-49.09017	284.0147	
0.16455	-49.0914	283.89096	
0.164575	-49.09262	283.7673	
0.1646	-49.093834	283.6437	
0.164625	-49.095036	283.5202	
0.16465	-49.096233	283.39676	
0.164675	-49.097424	283.27338	
0.1647	-49.098602	283.1501	
0.164725	-49.099777	283.0269	
0.16475	-49.10094	282.90375	
0.164775	-49.102097	282.78067	
0.1648	-49.103245	282.65765	
0.164825	-49.104385	282.53476	
0.16485	-49.10552	282.4119	
0.164875	-49.10664	282.28912	
0.1649	-49.107758	282.1664	
0.164925	-49.108864	282.0438	
0.16495	-49.109962	281.92123	
0.164975	-49.111053	281.79877	
0.165	-49.112137	281.67636	
0.165025	-49.11321	281.55402	
0.16505	-49.114277	281.43176	
0.165075	-49.115334	281.3096	
0.1651	-49.116383	281.18747	
0.165125	-49.117424	281.06546	
0.16515	-49.118458	280.94348	
0.165175	-49.11948	280.8216	
0.1652	-49.1205	280.69977	
0.165225	-49.121506	280.57803	
0.16525	-49.122505	280.45636	
0.165275	-49.123493	280.33478	
0.1653	-49.124477	280.21326	
0.165325	-49.12545	280.0918	
0.16535	-49.126415	279.97043	
0.165375	-49.127373	279.84915	
0.1654	-49.12832	279.7279	
0.165425	-49.12926	279.60675	
0.16545	-49.13019	279.4857	
0.165475	-49.131115	279.3647	
0.1655	-49.132027	279.24374	
0.165525	-49.132935	279.12286	
0.16555	-49.13383	279.0021	
0.165575	-49.134716	278.88138	
0.1656	-49.135597	278.76074	
0.165625	-49.136467	278.64017	
0.16565	-49.13733	278.51968	
0.165675	-49.138184	278.39926	
0.1657	-49.139027	278.2789	
0.165725	-49.139866	278.15863	
0.16575	-49.14069	278.03845	
0.165775	-49.14151	277.9183	
0.1658	-49.14232	277.79825	
0.165825	-49.14312	277.67828	
0.16585	-49.143913	277.55835	
0.165875	-49.144695	277.43854	
0.1659	-49.14547	277.31876	
0.165925	-49.146236	277.19907	
0.16595	-49.14699	277.07947	
0.165975	-49.14774	276.9599	
0.166	-49.14848	276.84045	
0.166025	-49.14921	276.72104	
0.16605	-49.149933	276.6017	
0.166075	-49.150642	276.48245	
0.1661	-49.15135	276.36328	
0.166125	-49.152042	276.24417	
0.16615	-49.152725	276.12515	
0.166175	-49.153404	276.0062	
0.1662	-49.154068	275.8873	
0.166225	-49.154728	275.7685	
0.16625	-49.155376	275.64975	
0.166275	-49.156017	275.53107	
0.1663	-49.156647	275.41248	
0.166325	-49.15727	275.29395	
0.16635	-49.157883	275.17548	
0.166375	-49.158485	275.0571	
0.1664	-49.15908	274.93878	
0.166425	-49.159668	274.82056	
0.16645	-49.160244	274.7024	
0.166475	-49.16081	274.58432	
0.1665	-49.161366	274.46628	
0.166525	-49.161915	274.34833	
0.16655	-49.162457	274.23047	
0.166575	-49.162987	274.11267	
0.1666	-49.163506	273.99493	
0.166625	-49.164017	273.8773	
0.16665	-49.16452	273.7597	
0.166675	-49.165012	273.64218	
0.1667	-49.165497	273.52475	
0.166725	-49.16597	273.40738	
0.16675	-49.166435	273.29007	
0.166775	-49.16689	273.17285	
0.1668	-49.167336	273.0557	
0.166825	-49.167774	272.93863	
0.16685	-49.1682	272.82162	
0.166875	-49.168617	272.70468	
0.1669	-49.169025	272.58783	
0.166925	-49.169426	272.47104	
0.16695	-49.169815	272.3543	
0.166975	-49.170197	272.23767	
0.167	-49.170567	272.1211	
0.167025	-49.170925	272.00458	
0.16705	-49.171276	271.88815	
0.167075	-49.17162	271.7718	
0.1671	-49.17195	271.65552	
0.167125	-49.172276	271.5393	
0.16715	-49.17259	271.42316	
0.167175	-49.17289	271.30707	
0.1672	-49.173183	271.19107	
0.167225	-49.17347	271.07513	
0.16725	-49.173744	270.9593	
0.167275	-49.174007	270.8435	
0.1673	-49.174263	270.72778	
0.167325	-49.174507	270.61215	
0.16735	-49.174744	270.49658	
0.167375	-49.17497	270.38107	
0.1674	-49.175186	270.26566	
0.167425	-49.175392	270.1503	
0.16745	-49.175587	270.03503	
0.167475	-49.175774	269.9198	
0.1675	-49.175953	269.8047	
0.167525	-49.176117	269.6896	
0.16755	-49.176273	269.57462	
0.167575	-49.176422	269.4597	
0.1676	-49.17656	269.34482	
0.167625	-49.176685	269.23004	
0.16765	-49.176804	269.11533	
0.167675	-49.17691	269.0007	
0.1677	-49.17701	268.88614	
0.167725	-49.177097	268.77164	
0.16775	-49.177174	268.6572	
0.167775	-49.177242	268.54285	
0.1678	-49.1773	268.42856	
0.167825	-49.17735	268.31436	
0.16785	-49.177383	268.20023	
0.167875	-49.177414	268.08615	
0.1679	-49.17743	267.97217	
0.167925	-49.177437	267.85822	
0.16795	-49.177433	267.7444	
0.167975	-49.17742	267.63058	
0.168	-49.1774	267.51688	
0.168025	-49.177364	267.40323	
0.16805	-49.177322	267.28967	
0.168075	-49.17727	267.17618	
0.1681	-49.177204	267.06274	
0.168125	-49.177128	266.94937	
0.16815	-49.177044	266.8361	
0.168175	-49.17695	266.72287	
0.1682	-49.176846	266.60974	
0.168225	-49.17673	266.49667	
0.16825	-49.176605	266.38367	
0.168275	-49.176468	266.27072	
0.1683	-49.176323	266.15787	
0.168325	-49.176167	266.04507	
0.16835	-49.176	265.93237	
0.168375	-49.17582	265.8197	
0.1684	-49.175632	265.70712	
0.168425	-49.175434	265.59464	
0.16845	-49.175224	265.4822	
0.168475	-49.175007	265.36984	
0.1685	-49.174778	265.25754	
0.168525	-49.174538	265.14532	
0.16855	-49.174286	265.03317	
0.168575	-49.174026	264.92108	
0.1686	-49.17375	264.80908	
0.168625	-49.17347	264.69714	
0.16865	-49.173176	264.58527	
0.168675	-49.172874	264.47348	
0.1687	-49.172558	264.36176	
0.168725	-49.172234	264.2501	
0.16875	-49.171898	264.1385	
0.168775	-49.17155	264.02698	
0.1688	-49.171196	263.91553	
0.168825	-49.170826	263.80417	
0.16885	-49.17045	263.69287	
0.168875	-49.17006	263.58163	
0.1689	-49.16966	263.47046	
0.168925	-49.16925	263.35938	
0.16895	-49.168827	263.24835	
0.168975	-49.168396	263.1374	
0.169	-49.167953	263.02652	
0.169025	-49.167496	262.9157	
0.16905	-49.167034	262.80496	
0.169075	-49.166557	262.6943	
0.1691	-49.16607	262.5837	
0.169125	-49.165573	262.47318	
0.16915	-49.165062	262.3627	
0.169175	-49.164543	262.25232	
0.1692	-49.164013	262.142	
0.169225	-49.16347	262.03177	
0.16925	-49.162918	261.92157	
0.169275	-49.162354	261.81146	
0.1693	-49.161777	261.70145	
0.169325	-49.161194	261.59146	
0.16935	-49.160595	261.48157	
0.169375	-49.159985	261.37177	
0.1694	-49.159367	261.262	
0.169425	-49.158737	261.1523	
0.16945	-49.158092	261.0427	
0.169475	-49.15744	260.93314	
0.1695	-49.156776	260.82367	
0.169525	-49.1561	260.71426	
0.16955	-49.155415	260.60492	
0.169575	-49.154716	260.49567	
0.1696	-49.154007	260.38647	
0.169625	-49.153286	260.27734	
0.16965	-49.152554	260.1683	
0.169675	-49.15181	260.0593	
0.1697	-49.151054	259.9504	
0.169725	-49.150288	259.84155	
0.16975	-49.14951	259.7328	
0.169775	-49.14872	259.62408	
0.1698	-49.14792	259.51544	
0.169825	-49.147106	259.40686	
0.16985	-49.146282	259.29837	
0.169875	-49.145447	259.18994	
0.1699	-49.1446	259.0816	
0.169925	-49.143738	258.9733	
0.16995	-49.142868	258.86508	
0.169975	-49.141987	258.75696	
0.17	-49.141094	258.64886	
0.170025	-49.140186	258.54086	
0.17005	-49.13927	258.43292	
0.170075	-49.13834	258.32507	
0.1701	-49.1374	258.21725	
0.170125	-49.136448	258.10953	
0.17015	-49.135483	258.0019	
0.170175	-49.134506	257.8943	
0.1702	-49.13352	257.78677	
0.170225	-49.13252	257.67932	
0.17025	-49.131504	257.57196	
0.170275	-49.13048	257.46463	
0.1703	-49.129444	257.3574	
0.170325	-49.1284	257.25024	
0.17035	-49.12734	257.14313	
0.170375	-49.126266	257.0361	
0.1704	-49.125183	256.92914	
0.170425	-49.124084	256.82227	
0.17045	-49.12298	256.71542	
0.170475	-49.121857	256.60867	
0.1705	-49.120724	256.502	
0.170525	-49.11958	256.3954	
0.17055	-49.118423	256.28885	
0.170575	-49.117252	256.18237	
0.1706	-49.116074	256.07596	
0.170625	-49.11488	255.96964	
0.17065	-49.11367	255.86337	
0.170675	-49.112453	255.75717	
0.1707	-49.11122	255.65105	
0.170725	-49.109978	255.54498	
0.17075	-49.108723	255.439	
0.170775	-49.107456	255.33308	
0.1708	-49.106174	255.22723	
0.170825	-49.10488	255.12146	
0.17085	-49.103577	255.01575	
0.170875	-49.102257	254.91011	
0.1709	-49.100925	254.80453	
0.170925	-49.099583	254.69904	
0.17095	-49.098225	254.5936	
0.170975	-49.09686	254.48824	
0.171	-49.095474	254.38293	
0.171025	-49.09408	254.27771	
0.17105	-49.092674	254.17256	
0.171075	-49.091255	254.06747	
0.1711	-49.08982	253.96246	
0.171125	-49.088375	253.85751	
0.17115	-49.086918	253.75264	
0.171175	-49.085445	253.64783	
0.1712	-49.08396	253.54309	
0.171225	-49.082462	253.43842	
0.17125	-49.08095	253.33382	
0.171275	-49.079426	253.22928	
0.1713	-49.077892	253.12482	
0.171325	-49.07634	253.02042	
0.17135	-49.07478	252.91609	
0.171375	-49.0732	252.81184	
0.1714	-49.071613	252.70766	
0.171425	-49.070007	252.60355	
0.17145	-49.068394	252.4995	
0.171475	-49.066765	252.39551	
0.1715	-49.06512	252.2916	
0.171525	-49.063465	252.18776	
0.17155	-49.061794	252.08398	
0.171575	-49.060112	251.98029	
0.1716	-49.058414	251.87665	
0.171625	-49.056705	251.77309	
0.17165	-49.05498	251.66959	
0.171675	-49.05324	251.56616	
0.1717	-49.05149	251.46281	
0.171725	-49.04973	251.35951	
0.17175	-49.047947	251.2563	
0.171775	-49.046158	251.15315	
0.1718	-49.04435	251.05006	
0.171825	-49.04253	250.94705	
0.17185	-49.040695	250.84412	
0.171875	-49.03885	250.74124	
0.1719	-49.036987	250.63843	
0.171925	-49.03511	250.53569	
0.17195	-49.033222	250.43303	
0.171975	-49.03132	250.33043	
0.172	-49.0294	250.22789	
0.172025	-49.02747	250.12544	
0.17205	-49.02552	250.02304	
0.172075	-49.023563	249.92072	
0.1721	-49.021587	249.81847	
0.172125	-49.019596	249.71628	
0.17215	-49.017593	249.61417	
0.172175	-49.015575	249.51212	
0.1722	-49.013542	249.41014	
0.172225	-49.011497	249.30823	
0.17225	-49.009438	249.20639	
0.172275	-49.00736	249.10461	
0.1723	-49.00527	249.00291	
0.172325	-49.003166	248.90128	
0.17235	-49.001045	248.79971	
0.172375	-48.99891	248.69821	
0.1724	-48.99676	248.59679	
0.172425	-48.994595	248.49542	
0.17245	-48.992416	248.39413	
0.172475	-48.990223	248.29291	
0.1725	-48.988014	248.19176	
0.172525	-48.98579	248.09067	
0.17255	-48.98355	247.98965	
0.172575	-48.981297	247.88872	
0.1726	-48.979027	247.78783	
0.172625	-48.97674	247.68703	
0.17265	-48.97444	247.58629	
0.172675	-48.972126	247.48561	
0.1727	-48.969795	247.38501	
0.172725	-48.96745	247.28447	
0.17275	-48.965088	247.184	
0.172775	-48.962708	247.08362	
0.1728	-48.960316	246.98329	
0.172825	-48.95791	246.88303	
0.17285	-48.955482	246.78284	
0.172875	-48.953045	246.68271	
0.1729	-48.95059	246.58266	
0.172925	-48.948116	246.48268	
0.17295	-48.94563	246.38277	
0.172975	-48.943123	246.28291	
0.173	-48.940605	246.18314	
0.173025	-48.93807	246.08342	
0.17305	-48.935516	245.98378	
0.173075	-48.93295	245.88422	
0.1731	-48.930363	245.78471	
0.173125	-48.927765	245.68527	
0.17315	-48.925148	245.5859	
0.173175	-48.922512	245.4866	
0.1732	-48.91986	245.38737	
0.173225	-48.917194	245.28822	
0.17325	-48.914513	245.18913	
0.173275	-48.91181	245.0901	
0.1733	-48.909096	244.99115	
0.173325	-48.90636	244.89227	
0.17335	-48.90361	244.79346	
0.173375	-48.900845	244.6947	
0.1734	-48.89806	244.59602	
0.173425	-48.89526	244.4974	
0.17345	-48.89244	244.39886	
0.173475	-48.889603	244.3004	
0.1735	-48.88675	244.202	
0.173525	-48.88388	244.10365	
0.17355	-48.880993	244.00539	
0.173575	-48.878086	243.9072	
0.1736	-48.875164	243.80907	
0.173625	-48.872223	243.711	
0.17365	-48.869267	243.613	
0.173675	-48.866287	243.51508	
0.1737	-48.863293	243.41722	
0.173725	-48.860283	243.31944	
0.17375	-48.857254	243.22173	
0.173775	-48.854206	243.12407	
0.1738	-48.85114	243.02649	
0.173825	-48.848053	242.92899	
0.17385	-48.84495	242.83154	
0.173875	-48.84183	242.73416	
0.1739	-48.83869	242.63686	
0.173925	-48.835533	242.53963	
0.17395	-48.832355	242.44246	
0.173975	-48.82916	242.34535	
0.174	-48.825947	242.24832	
0.174025	-48.822712	242.15137	
0.17405	-48.81946	242.05447	
0.174075	-48.81619	241.95764	
0.1741	-48.812897	241.86089	
0.174125	-48.80959	241.7642	
0.17415	-48.80626	241.66759	
0.174175	-48.80291	241.57103	
0.1742	-48.799545	241.47455	
0.174225	-48.796158	241.37814	
0.17425	-48.792747	241.2818	
0.174275	-48.78932	241.18552	
0.1743	-48.785877	241.08932	
0.174325	-48.78241	240.99318	
0.17435	-48.778923	240.89711	
0.174375	-48.775414	240.80112	
0.1744	-48.77189	240.70518	
0.174425	-48.76834	240.60933	
0.17445	-48.764774	240.51353	
0.174475	-48.761185	240.4178	
0.1745	-48.757576	240.32214	
0.174525	-48.753944	240.22656	
0.17455	-48.750294	240.13104	
0.174575	-48.746624	240.0356	
0.1746	-48.74293	239.94022	
0.174625	-48.739216	239.84491	
0.17465	-48.73548	239.74966	
0.174675	-48.731724	239.6545	
0.1747	-48.727947	239.55939	
0.174725	-48.724144	239.46436	
0.17475	-48.720325	239.36938	
0.174775	-48.71648	239.27449	
0.1748	-48.712616	239.17966	
0.174825	-48.70873	239.0849	
0.17485	-48.70482	238.99022	
0.174875	-48.700886	238.8956	
0.1749	-48.69693	238.80104	
0.174925	-48.692955	238.70656	
0.17495	-48.688953	238.61214	
0.174975	-48.684933	238.51779	
0.175	-48.68089	238.42352	
0.175025	-48.67682	238.32932	
0.17505	-48.672726	238.23518	
0.175075	-48.668613	238.14111	
0.1751	-48.664474	238.0471	
0.175125	-48.660313	237.95319	
0.17515	-48.656124	237.85931	
0.175175	-48.651917	237.76553	
0.1752	-48.647682	237.6718	
0.175225	-48.643425	237.57816	
0.17525	-48.63914	237.48457	
0.175275	-48.634834	237.39105	
0.1753	-48.630505	237.2976	
0.175325	-48.62615	237.20422	
0.17535	-48.62177	237.11092	
0.175375	-48.617363	237.01768	
0.1754	-48.61293	236.92451	
0.175425	-48.608475	236.83142	
0.17545	-48.603992	236.73839	
0.175475	-48.599487	236.64543	
0.1755	-48.59495	236.55254	
0.175525	-48.590393	236.45972	
0.17555	-48.585808	236.36696	
0.175575	-48.581196	236.27428	
0.1756	-48.576557	236.18167	
0.175625	-48.571896	236.08913	
0.17565	-48.567204	235.99666	
0.175675	-48.562485	235.90425	
0.1757	-48.55774	235.81192	
0.175725	-48.552967	235.71965	
0.17575	-48.548164	235.62746	
0.175775	-48.543335	235.53532	
0.1758	-48.53848	235.44327	
0.175825	-48.533596	235.35129	
0.17585	-48.528683	235.25937	
0.175875	-48.523743	235.16753	
0.1759	-48.518772	235.07574	
0.175925	-48.513775	234.98404	
0.17595	-48.508747	234.89241	
0.175975	-48.503693	234.80084	
0.176	-48.498608	234.70934	
0.176025	-48.493492	234.6179	
0.17605	-48.488346	234.52655	
0.176075	-48.48317	234.43527	
0.1761	-48.477962	234.34406	
0.176125	-48.47273	234.2529	
0.17615	-48.46746	234.16183	
0.176175	-48.462162	234.07082	
0.1762	-48.456833	233.97989	
0.176225	-48.451473	233.88902	
0.17625	-48.44608	233.79822	
0.176275	-48.440655	233.7075	
0.1763	-48.4352	233.61684	
0.176325	-48.42971	233.52626	
0.17635	-48.42419	233.43575	
0.176375	-48.418636	233.3453	
0.1764	-48.413048	233.25493	
0.176425	-48.40743	233.16463	
0.17645	-48.401775	233.07439	
0.176475	-48.396088	232.98422	
0.1765	-48.390366	232.89413	
0.176525	-48.38461	232.80412	
0.17655	-48.37882	232.71417	
0.176575	-48.372993	232.62428	
0.1766	-48.36713	232.53448	
0.176625	-48.361233	232.44475	
0.17665	-48.3553	232.35507	
0.176675	-48.349335	232.26549	
0.1767	-48.343327	232.17596	
0.176725	-48.337288	232.0865	
0.17675	-48.331207	231.99712	
0.176775	-48.325092	231.9078	
0.1768	-48.31894	231.81857	
0.176825	-48.312748	231.7294	
0.17685	-48.30652	231.6403	
0.176875	-48.300247	231.55128	
0.1769	-48.29394	231.46233	
0.176925	-48.287594	231.37344	
0.17695	-48.281208	231.28464	
0.176975	-48.274784	231.19589	
0.177	-48.268314	231.10722	
0.177025	-48.26181	231.01863	
0.17705	-48.25526	230.9301	
0.177075	-48.248672	230.84164	
0.1771	-48.24204	230.75327	
0.177125	-48.235367	230.66496	
0.17715	-48.22865	230.57672	
0.177175	-48.221893	230.48856	
0.1772	-48.21509	230.40047	
0.177225	-48.208244	230.31244	
0.17725	-48.201355	230.22449	
0.177275	-48.19442	230.13661	
0.1773	-48.18744	230.04881	
0.177325	-48.180416	229.96107	
0.17735	-48.173344	229.87343	
0.177375	-48.16623	229.78584	
0.1774	-48.159065	229.69832	
0.177425	-48.15185	229.61089	
0.17745	-48.144596	229.52351	
0.177475	-48.137287	229.43622	
0.1775	-48.129932	229.349	
0.177525	-48.122528	229.26184	
0.17755	-48.115074	229.17477	
0.177575	-48.10757	229.08777	
0.1776	-48.100014	229.00084	
0.177625	-48.09241	228.91399	
0.17765	-48.08475	228.8272	
0.177675	-48.07704	228.7405	
0.1777	-48.06928	228.65385	
0.177725	-48.061462	228.56729	
0.17775	-48.053593	228.4808	
0.177775	-48.04567	228.39438	
0.1778	-48.03769	228.30804	
0.177825	-48.029655	228.22177	
0.17785	-48.021564	228.13559	
0.177875	-48.013416	228.04947	
0.1779	-48.00521	227.96342	
0.177925	-47.99695	227.87746	
0.17795	-47.988625	227.79156	
0.177975	-47.980244	227.70573	
0.178	-47.9718	227.62	
0.178025	-47.9633	227.53432	
0.17805	-47.954735	227.44873	
0.178075	-47.94611	227.3632	
0.1781	-47.93742	227.27776	
0.178125	-47.92867	227.19238	
0.17815	-47.91985	227.1071	
0.178175	-47.91097	227.02188	
0.1782	-47.90202	226.93674	
0.178225	-47.893	226.85167	
0.17825	-47.88392	226.76668	
0.178275	-47.874767	226.68176	
0.1783	-47.865547	226.59691	
0.178325	-47.85626	226.51215	
0.17835	-47.846897	226.42746	
0.178375	-47.837463	226.34285	
0.1784	-47.827953	226.25832	
0.178425	-47.818375	226.17386	
0.17845	-47.80872	226.08948	
0.178475	-47.79899	226.00517	
0.1785	-47.78918	225.92096	
0.178525	-47.779297	225.8368	
0.17855	-47.769333	225.75273	
0.178575	-47.75929	225.66873	
0.1786	-47.749165	225.58482	
0.178625	-47.73896	225.50099	
0.17865	-47.728672	225.41722	
0.178675	-47.718296	225.33354	
0.1787	-47.70784	225.24994	
0.178725	-47.697296	225.16641	
0.17875	-47.68666	225.08298	
0.178775	-47.67594	224.9996	
0.1788	-47.665127	224.91632	
0.178825	-47.654224	224.83311	
0.17885	-47.64323	224.74998	
0.178875	-47.632137	224.66693	
0.1789	-47.620953	224.58395	
0.178925	-47.60967	224.50107	
0.17895	-47.59829	224.41826	
0.178975	-47.586807	224.33554	
0.179	-47.575222	224.25288	
0.179025	-47.563538	224.17032	
0.17905	-47.551746	224.08783	
0.179075	-47.539852	224.00543	
0.1791	-47.527847	223.92311	
0.179125	-47.51573	223.84087	
0.17915	-47.503506	223.75871	
0.179175	-47.49117	223.67664	
0.1792	-47.478714	223.59464	
0.179225	-47.466145	223.51273	
0.17925	-47.453457	223.4309	
0.179275	-47.440647	223.34915	
0.1793	-47.42771	223.26749	
0.179325	-47.414654	223.18591	
0.17935	-47.40147	223.10442	
0.179375	-47.388157	223.023	
0.1794	-47.374714	222.94168	
0.179425	-47.361134	222.86043	
0.17945	-47.34742	222.77928	
0.179475	-47.33357	222.69821	
0.1795	-47.319572	222.61722	
0.179525	-47.305435	222.53632	
0.17955	-47.291153	222.4555	
0.179575	-47.27672	222.37479	
0.1796	-47.262135	222.29414	
0.179625	-47.2474	222.2136	
0.17965	-47.232502	222.13312	
0.179675	-47.217445	222.05275	
0.1797	-47.202225	221.97246	
0.179725	-47.186836	221.89226	
0.17975	-47.17128	221.81215	
0.179775	-47.155552	221.73213	
0.1798	-47.139645	221.65219	
0.179825	-47.123558	221.57236	
0.17985	-47.107285	221.4926	
0.179875	-47.090824	221.41295	
0.1799	-47.074173	221.33337	
0.179925	-47.057323	221.25389	
0.17995	-47.040276	221.17451	
0.179975	-47.023026	221.09521	
0.18	-47.00556	221.01602	
0.180025	-46.987885	220.93692	
0.18005	-46.969994	220.85791	
0.180075	-46.951874	220.77899	
0.1801	-46.93353	220.70016	
0.180125	-46.914948	220.62144	
0.18015	-46.89613	220.54282	
0.180175	-46.877064	220.46428	
0.1802	-46.857746	220.38585	
0.180225	-46.838177	220.30751	
0.18025	-46.81834	220.22928	
0.180275	-46.798233	220.15114	
0.1803	-46.77785	220.0731	
0.180325	-46.757187	219.99516	
0.18035	-46.73623	219.91733	
0.180375	-46.714973	219.83958	
0.1804	-46.693413	219.76195	
0.180425	-46.671535	219.68442	
0.18045	-46.649338	219.607	
0.180475	-46.626804	219.52968	
0.1805	-46.60393	219.45245	
0.180525	-46.58071	219.37535	
0.18055	-46.557125	219.29836	
0.180575	-46.53317	219.22145	
0.1806	-46.50883	219.14467	
0.180625	-46.4841	219.068	
0.18065	-46.45896	218.99142	
0.180675	-46.433407	218.91498	
0.1807	-46.40742	218.83864	
0.180725	-46.38099	218.7624	
0.18075	-46.3541	218.6863	
0.180775	-46.326736	218.6103	
0.1808	-46.29888	218.53442	
0.180825	-46.270523	218.45866	
0.18085	-46.24164	218.38303	
0.180875	-46.21221	218.3075	
0.1809	-46.182228	218.2321	
0.180925	-46.15166	218.15683	
0.18095	-46.12049	218.08168	
0.180975	-46.088696	218.00665	
0.181	-46.05625	217.93176	
0.181025	-46.023132	217.857	
0.18105	-45.989315	217.78236	
0.181075	-45.95477	217.70786	
0.1811	-45.919464	217.6335	
0.181125	-45.88337	217.55927	
0.18115	-45.846455	217.48517	
0.181175	-45.808674	217.41122	
0.1812	-45.77	217.33742	
0.181225	-45.730385	217.26376	
0.18125	-45.689793	217.19025	
0.181275	-45.648167	217.11688	
0.1813	-45.605465	217.04367	
0.181325	-45.56163	216.97061	
0.18135	-45.516605	216.8977	
0.181375	-45.470325	216.82498	
0.1814	-45.42273	216.7524	
0.181425	-45.373745	216.68	
0.18145	-45.323284	216.60776	
0.181475	-45.271275	216.5357	
0.1815	-45.217613	216.46382	
0.181525	-45.162205	216.39214	
0.18155	-45.104935	216.32062	
0.181575	-45.04568	216.24931	
0.1816	-44.984318	216.17819	
0.181625	-44.920692	216.10728	
0.18165	-44.85464	216.03658	
0.181675	-44.785984	215.9661	
0.1817	-44.714523	215.89583	
0.181725	-44.64003	215.82579	
0.18175	-44.562252	215.756	
0.181775	-44.480907	215.68645	
0.1818	-44.395664	215.61714	
0.181825	-44.306164	215.54813	
0.18185	-44.21198	215.47937	
0.181875	-44.112617	215.41092	
0.1819	-44.00752	215.34277	
0.181925	-43.89601	215.27493	
0.18195	-43.77732	215.20744	
0.181975	-43.6505	215.14032	
0.182	-43.514435	215.07356	
0.182025	-43.367744	215.00723	
0.18205	-43.208736	214.94133	
0.182075	-43.035282	214.8759	
0.1821	-42.84466	214.81099	
0.182125	-42.633327	214.74666	
0.18215	-42.39655	214.68294	
0.182175	-42.127796	214.61995	
0.1822	-41.81777	214.55777	
0.182225	-41.452568	214.49654	
0.18225	-41.01022	214.43645	
0.182275	-40.453182	214.37779	
0.1823	-48.5	294.32104	
0.182325	-48.5	294.19232	
0.18235	-48.500183	294.06372	
0.182375	-48.500355	293.93518	
0.1824	-48.500515	293.8067	
0.182425	-48.500664	293.6783	
0.18245	-48.500805	293.55002	
0.182475	-48.500935	293.4218	
0.1825	-48.501053	293.29367	
0.182525	-48.50116	293.16562	
0.18255	-48.501255	293.03763	
0.182575	-48.50134	292.90973	
0.1826	-48.50141	292.7819	
0.182625	-48.501476	292.65414	
0.18265	-48.501526	292.5265	
0.182675	-48.501568	292.39893	
0.1827	-48.5016	292.2714	
0.182725	-48.501617	292.14398	
0.18275	-48.50162	292.01663	
0.182775	-48.501617	291.88937	
0.1828	-48.501602	291.76218	
0.182825	-48.501575	291.63507	
0.18285	-48.501537	291.50806	
0.182875	-48.501488	291.3811	
0.1829	-48.501427	291.25424	
0.182925	-48.501354	291.12747	
0.18295	-48.501266	291.00076	
0.182975	-48.50117	290.8741	
0.183	-48.501064	290.7476	
0.183025	-48.500946	290.6211	
0.18305	-48.500813	290.49472	
0.183075	-48.50067	290.3684	
0.1831	-48.500515	290.24216	
0.183125	-48.500347	290.11603	
0.18315	-48.500168	289.98996	
0.183175	-48.499977	289.86395	
0.1832	-48.499775	289.73804	
0.183225	-48.49956	289.6122	
0.18325	-48.499332	289.48645	
0.183275	-48.499096	289.36078	
0.1833	-48.498844	289.23517	
0.183325	-48.49858	289.10965	
0.18335	-48.498302	288.98422	
0.183375	-48.498016	288.85886	
0.1834	-48.497715	288.73358	
0.183425	-48.497402	288.60837	
0.18345	-48.497078	288.48325	
0.183475	-48.49674	288.35822	
0.1835	-48.496387	288.23325	
0.183525	-48.496025	288.10837	
0.18355	-48.495647	287.98355	
0.183575	-48.495262	287.85883	
0.1836	-48.494858	287.73416	
0.183625	-48.494446	287.6096	
0.18365	-48.49402	287.4851	
0.183675	-48.49358	287.3607	
0.1837	-48.493126	287.23636	
0.183725	-48.49266	287.11212	
0.18375	-48.492184	286.98795	
0.183775	-48.49169	286.86383	
0.1838	-48.491184	286.7398	
0.183825	-48.490665	286.61588	
0.18385	-48.490135	286.49203	
0.183875	-48.48959	286.36823	
0.1839	-48.489033	286.24454	
0.183925	-48.48846	286.1209	
0.18395	-48.487877	285.99738	
0.183975	-48.487278	285.8739	
0.184	-48.486668	285.75052	
0.184025	-48.486042	285.6272	
0.18405	-48.4854	285.50397	
0.184075	-48.48475	285.38083	
0.1841	-48.48408	285.25775	
0.184125	-48.483402	285.13477	
0.18415	-48.482708	285.01184	
0.184175	-48.482	284.889	
0.1842	-48.481277	284.76624	
0.184225	-48.48054	284.64355	
0.18425	-48.479794	284.52097	
0.184275	-48.479027	284.39844	
0.1843	-48.47825	284.276	
0.184325	-48.477455	284.15363	
0.18435	-48.47665	284.03134	
0.184375	-48.475826	283.90912	
0.1844	-48.47499	283.787	
0.184425	-48.47414	283.66495	
0.18445	-48.473278	283.54297	
0.184475	-48.472397	283.42108	
0.1845	-48.471504	283.29926	
0.184525	-48.470596	283.17752	
0.18455	-48.46967	283.05585	
0.184575	-48.46873	282.93427	
0.1846	-48.46778	282.81277	
0.184625	-48.466812	282.69135	
0.18465	-48.465828	282.57	
0.184675	-48.46483	282.44873	
0.1847	-48.463818	282.32755	
0.184725	-48.462788	282.20642	
0.18475	-48.461742	282.0854	
0.184775	-48.460686	281.96445	
0.1848	-48.45961	281.84357	
0.184825	-48.45852	281.72278	
0.18485	-48.457413	281.60205	
0.184875	-48.45629	281.4814	
0.1849	-48.455154	281.36084	
0.184925	-48.454002	281.24036	
0.18495	-48.452835	281.11996	
0.184975	-48.451653	280.99963	
0.185	-48.45045	280.87936	
0.185025	-48.449234	280.7592	
0.18505	-48.448	280.6391	
0.185075	-48.446754	280.51907	
0.1851	-48.44549	280.39914	
0.185125	-48.44421	280.2793	
0.18515	-48.442913	280.15952	
0.185175	-48.4416	280.0398	
0.1852	-48.44027	279.92017	
0.185225	-48.438923	279.80063	
0.18525	-48.43756	279.68115	
0.185275	-48.43618	279.56177	
0.1853	-48.434784	279.44244	
0.185325	-48.43337	279.3232	
0.18535	-48.431942	279.20407	
0.185375	-48.430492	279.085	
0.1854	-48.429028	278.96597	
0.185425	-48.427547	278.84708	
0.18545	-48.42605	278.7282	
0.185475	-48.424534	278.60947	
0.1855	-48.423	278.49075	
0.185525	-48.421448	278.37216	
0.18555	-48.41988	278.25363	
0.185575	-48.418293	278.13516	
0.1856	-48.41669	278.01678	
0.185625	-48.41507	277.8985	
0.18565	-48.41343	277.78027	
0.185675	-48.411774	277.66214	
0.1857	-48.410095	277.54407	
0.185725	-48.408405	277.4261	
0.18575	-48.406693	277.30817	
0.185775	-48.40496	277.19034	
0.1858	-48.403214	277.0726	
0.185825	-48.401447	276.95493	
0.18585	-48.399662	276.8373	
0.185875	-48.397858	276.71982	
0.1859	-48.396034	276.60236	
0.185925	-48.39419	276.48502	
0.18595	-48.392334	276.3677	
0.185975	-48.390453	276.25052	
0.186	-48.388554	276.1334	
0.186025	-48.386635	276.01633	
0.18605	-48.3847	275.89935	
0.186075	-48.382744	275.78247	
0.1861	-48.380768	275.66565	
0.186125	-48.378773	275.54892	
0.18615	-48.376755	275.43225	
0.186175	-48.37472	275.31567	
0.1862	-48.372665	275.19916	
0.186225	-48.37059	275.08273	
0.18625	-48.368496	274.9664	
0.186275	-48.366383	274.85013	
0.1863	-48.364246	274.73392	
0.186325	-48.36209	274.61783	
0.18635	-48.359913	274.50177	
0.186375	-48.357716	274.38583	
0.1864	-48.3555	274.26996	
0.186425	-48.35326	274.15414	
0.18645	-48.351	274.03842	
0.186475	-48.34872	273.92276	
0.1865	-48.346416	273.8072	
0.186525	-48.344093	273.6917	
0.18655	-48.34175	273.5763	
0.186575	-48.339386	273.46097	
0.1866	-48.336998	273.3457	
0.186625	-48.334587	273.23053	
0.18665	-48.332157	273.11545	
0.186675	-48.329704	273.00043	
0.1867	-48.32723	272.88547	
0.186725	-48.32473	272.7706	
0.18675	-48.322212	272.65582	
0.186775	-48.319668	272.5411	
0.1868	-48.317104	272.42648	
0.186825	-48.314514	272.31192	
0.18685	-48.311905	272.19745	
0.186875	-48.309273	272.08307	
0.1869	-48.306614	271.96875	
0.186925	-48.303936	271.8545	
0.18695	-48.30123	271.74033	
0.186975	-48.298504	271.62625	
0.187	-48.295753	271.51224	
0.187025	-48.29298	271.39832	
0.18705	-48.29018	271.28445	
0.187075	-48.287357	271.1707	
0.1871	-48.28451	271.057	
0.187125	-48.281643	270.9434	
0.18715	-48.278748	270.82986	
0.187175	-48.275826	270.7164	
0.1872	-48.27288	270.60303	
0.187225	-48.26991	270.48972	
0.18725	-48.266914	270.3765	
0.187275	-48.263893	270.26334	
0.1873	-48.26085	270.15027	
0.187325	-48.25778	270.0373	
0.18735	-48.25468	269.92438	
0.187375	-48.251556	269.81155	
0.1874	-48.24841	269.6988	
0.187425	-48.24523	269.58612	
0.18745	-48.24203	269.4735	
0.187475	-48.2388	269.361	
0.1875	-48.235546	269.24857	
0.187525	-48.232265	269.1362	
0.18755	-48.228954	269.02393	
0.187575	-48.225616	268.9117	
0.1876	-48.222256	268.7996	
0.187625	-48.21886	268.68756	
0.18765	-48.215443	268.5756	
0.187675	-48.211994	268.46368	
0.1877	-48.20852	268.35187	
0.187725	-48.205013	268.24014	
0.18775	-48.20148	268.12848	
0.187775	-48.19792	268.0169	
0.1878	-48.19433	267.90543	
0.187825	-48.190712	267.794	
0.18785	-48.18706	267.68265	
0.187875	-48.183384	267.5714	
0.1879	-48.179672	267.46024	
0.187925	-48.175934	267.34912	
0.18795	-48.172165	267.2381	
0.187975	-48.168365	267.12714	
0.188	-48.16454	267.0163	
0.188025	-48.160675	266.9055	
0.18805	-48.156784	266.7948	
0.188075	-48.152863	266.68417	
0.1881	-48.148907	266.5736	
0.188125	-48.14492	266.46313	
0.18815	-48.140903	266.35275	
0.188175	-48.136852	266.24243	
0.1882	-48.132767	266.1322	
0.188225	-48.12865	266.02203	
0.18825	-48.124504	265.912	
0.188275	-48.120323	265.80197	
0.1883	-48.116104	265.69205	
0.188325	-48.11186	265.5822	
0.18835	-48.107574	265.47247	
0.188375	-48.103256	265.3628	
0.1884	-48.098904	265.25317	
0.188425	-48.094517	265.14368	
0.18845	-48.090096	265.03424	
0.188475	-48.085636	264.92487	
0.1885	-48.081142	264.81558	
0.188525	-48.076614	264.7064	
0.18855	-48.07205	264.59726	
0.188575	-48.067448	264.48822	
0.1886	-48.06281	264.37927	
0.188625	-48.058136	264.2704	
0.18865	-48.05342	264.1616	
0.188675	-48.04867	264.05286	
0.1887	-48.04388	263.9442	
0.188725	-48.039055	263.83563	
0.18875	-48.034187	263.72717	
0.188775	-48.029285	263.61877	
0.1888	-48.02434	263.51044	
0.188825	-48.019356	263.4022	
0.18885	-48.01433	263.29404	
0.188875	-48.00927	263.18594	
0.1889	-48.004166	263.07794	
0.188925	-47.99902	262.97003	
0.18895	-47.99383	262.86218	
0.188975	-47.9886	262.75443	
0.189	-47.98333	262.64676	
0.189025	-47.978016	262.53915	
0.18905	-47.97266	262.43164	
0.189075	-47.96726	262.3242	
0.1891	-47.961815	262.21683	
0.189125	-47.95633	262.10956	
0.18915	-47.950794	262.00235	
0.189175	-47.945217	261.89526	
0.1892	-47.939594	261.7882	
0.189225	-47.933926	261.68127	
0.18925	-47.92821	261.5744	
0.189275	-47.92245	261.4676	
0.1893	-47.91664	261.3609	
0.189325	-47.910786	261.25427	
0.18935	-47.90488	261.1477	
0.189375	-47.89893	261.04126	
0.1894	-47.892925	260.93488	
0.189425	-47.886875	260.82858	
0.18945	-47.880775	260.72235	
0.189475	-47.874622	260.6162	
0.1895	-47.86842	260.51016	
0.189525	-47.862167	260.40417	
0.18955	-47.85586	260.29828	
0.189575	-47.849503	260.19247	
0.1896	-47.84309	260.08676	
0.189625	-47.836624	259.9811	
0.18965	-47.830105	259.87555	
0.189675	-47.82353	259.77005	
0.1897	-47.816902	259.66467	
0.189725	-47.810215	259.55936	
0.18975	-47.80347	259.4541	
0.189775	-47.796673	259.34897	
0.1898	-47.789814	259.2439	
0.189825	-47.7829	259.13892	
0.18985	-47.775925	259.034	
0.189875	-47.76889	258.9292	
0.1899	-47.761795	258.82446	
0.189925	-47.75464	258.71982	
0.18995	-47.74742	258.61523	
0.189975	-47.740143	258.51074	
0.19	-47.7328	258.40634	
0.190025	-47.72539	258.30203	
0.19005	-47.71792	258.19778	
0.190075	-47.71038	258.09366	
0.1901	-47.702778	257.9896	
0.190125	-47.695107	257.8856	
0.19015	-47.68737	257.7817	
0.190175	-47.67956	257.6779	
0.1902	-47.671684	257.57416	
0.190225	-47.66374	257.47052	
0.19025	-47.65572	257.36697	
0.190275	-47.64763	257.2635	
0.1903	-47.63947	257.1601	
0.190325	-47.63123	257.0568	
0.19035	-47.62292	256.95358	
0.190375	-47.614532	256.85043	
0.1904	-47.606068	256.7474	
0.190425	-47.597527	256.64444	
0.19045	-47.588905	256.54156	
0.190475	-47.580204	256.43878	
0.1905	-47.571423	256.33606	
0.190525	-47.56256	256.23346	
0.19055	-47.553616	256.13092	
0.190575	-47.544586	256.02847	
0.1906	-47.53547	255.92613	
0.190625	-47.526268	255.82385	
0.19065	-47.51698	255.72168	
0.190675	-47.5076	255.61958	
0.1907	-47.49813	255.51758	
0.190725	-47.48857	255.41565	
0.19075	-47.47892	255.31383	
0.190775	-47.469173	255.21208	
0.1908	-47.45933	255.11043	
0.190825	-47.44939	255.00885	
0.19085	-47.439354	254.90738	
0.190875	-47.42922	254.80598	
0.1909	-47.41898	254.70468	
0.190925	-47.40864	254.60347	
0.19095	-47.398197	254.50235	
0.190975	-47.387646	254.40132	
0.191	-47.376987	254.30037	
0.191025	-47.36622	254.19952	
0.19105	-47.355343	254.09875	
0.191075	-47.344353	253.99808	
0.1911	-47.33325	253.8975	
0.191125	-47.322025	253.79701	
0.19115	-47.310684	253.69661	
0.191175	-47.299225	253.5963	
0.1912	-47.287643	253.49608	
0.191225	-47.27594	253.39597	
0.19125	-47.264107	253.29593	
0.191275	-47.252148	253.19598	
0.1913	-47.240055	253.09615	
0.191325	-47.227833	252.99638	
0.19135	-47.215473	252.89673	
0.191375	-47.202976	252.79715	
0.1914	-47.190342	252.69768	
0.191425	-47.177563	252.5983	
0.19145	-47.16464	252.49901	
0.191475	-47.151566	252.39983	
0.1915	-47.138344	252.30074	
0.191525	-47.12497	252.20172	
0.19155	-47.11144	252.10283	
0.191575	-47.097748	252.00401	
0.1916	-47.083897	251.9053	
0.191625	-47.069878	251.80669	
0.19165	-47.05569	251.70818	
0.191675	-47.041336	251.60974	
0.1917	-47.026802	251.51143	
0.191725	-47.01209	251.41321	
0.19175	-46.997196	251.31508	
0.191775	-46.982117	251.21704	
0.1918	-46.966846	251.11913	
0.191825	-46.95138	251.02129	
0.19185	-46.935722	250.92357	
0.191875	-46.919857	250.82594	
0.1919	-46.903786	250.72841	
0.191925	-46.887505	250.63098	
0.19195	-46.871006	250.53366	
0.191975	-46.85429	250.43645	
0.192	-46.837345	250.33932	
0.192025	-46.82017	250.24232	
0.19205	-46.802757	250.14542	
0.192075	-46.785107	250.0486	
0.1921	-46.767204	249.9519	
0.192125	-46.749054	249.85532	
0.19215	-46.73064	249.75883	
0.192175	-46.71196	249.66245	
0.1922	-46.69301	249.56618	
0.192225	-46.67378	249.47002	
0.19225	-46.654263	249.37396	
0.192275	-46.634453	249.27802	
0.1923	-46.61434	249.18217	
0.192325	-46.593918	249.08646	
0.19235	-46.57318	248.99084	
0.192375	-46.552116	248.89534	
0.1924	-46.530716	248.79996	
0.192425	-46.50897	248.70468	
0.19245	-46.48687	248.60953	
0.192475	-46.464405	248.51448	
0.1925	-46.441566	248.41956	
0.192525	-46.418343	248.32475	
0.19255	-46.39472	248.23006	
0.192575	-46.370686	248.1355	
0.1926	-46.34623	248.04105	
0.192625	-46.32134	247.94672	
0.19265	-46.296	247.85251	
0.192675	-46.270195	247.75842	
0.1927	-46.24391	247.66446	
0.192725	-46.217136	247.57063	
0.19275	-46.189846	247.47693	
0.192775	-46.16203	247.38335	
0.1928	-46.13366	247.2899	
0.192825	-46.10473	247.19658	
0.19285	-46.075207	247.1034	
0.192875	-46.045074	247.01035	
0.1929	-46.014313	246.91742	
0.192925	-45.982895	246.82465	
0.19295	-45.95079	246.732	
0.192975	-45.917984	246.6395	
0.193	-45.884434	246.54713	
0.193025	-45.85012	246.45493	
0.19305	-45.815006	246.36285	
0.193075	-45.779057	246.27092	
0.1931	-45.742237	246.17915	
0.193125	-45.70451	246.08752	
0.19315	-45.66583	245.99606	
0.193175	-45.626152	245.90474	
0.1932	-45.585434	245.81358	
0.193225	-45.54362	245.7226	
0.19325	-45.50066	245.63177	
0.193275	-45.45649	245.5411	
0.1933	-45.411053	245.45062	
0.193325	-45.364273	245.3603	
0.19335	-45.31608	245.27016	
0.193375	-45.26639	245.1802	
0.1934	-45.215122	245.09042	
0.193425	-45.162178	245.00084	
0.19345	-45.107452	244.91144	
0.193475	-45.050835	244.82225	
0.1935	-44.992195	244.73325	
0.193525	-44.931404	244.64447	
0.19355	-44.868305	244.5559	
0.193575	-44.80273	244.46754	
0.1936	-44.734497	244.37941	
0.193625	-44.663395	244.29152	
0.19365	-44.58919	244.20386	
0.193675	-44.511627	244.11646	
0.1937	-44.430405	244.0293	
0.193725	-44.34519	243.94243	
0.19375	-44.255596	243.85582	
0.193775	-44.161186	243.7695	
0.1938	-44.061447	243.6835	
0.193825	-43.95579	243.59781	
0.19385	-43.84352	243.51245	
0.193875	-43.723812	243.42744	
0.1939	-43.59568	243.34282	
0.193925	-43.45793	243.25858	
0.19395	-43.309116	243.17477	
0.193975	-43.147427	243.09142	
0.194	-42.970585	243.00856	
0.194025	-42.775665	242.92624	
0.19405	-42.558826	242.84451	
0.194075	-42.314903	242.76344	
0.1941	-42.036705	242.68312	
0.194125	-41.713852	242.60367	
0.19415	-41.330627	242.5252	
0.194175	-40.861675	242.44798	
0.1942	-48.5	322.37228	
0.194225	-48.5	322.22607	
0.19425	-48.502678	322.07993	
0.194275	-48.505352	321.93384	
0.1943	-48.508026	321.78787	
0.194325	-48.510696	321.64197	
0.19435	-48.513367	321.49615	
0.194375	-48.516033	321.35043	
0.1944	-48.5187	321.2048	
0.194425	-48.521362	321.05923	
0.19445	-48.524025	320.91376	
0.194475	-48.526688	320.76837	
0.1945	-48.529343	320.62308	
0.194525	-48.532	320.47787	
0.19455	-48.534657	320.33273	
0.194575	-48.537308	320.18768	
0.1946	-48.53996	320.0427	
0.194625	-48.542606	319.89783	
0.19465	-48.545254	319.75302	
0.194675	-48.547897	319.6083	
0.1947	-48.55054	319.46368	
0.194725	-48.55318	319.31912	
0.19475	-48.55582	319.17465	
0.194775	-48.558456	319.03027	
0.1948	-48.56109	318.886	
0.194825	-48.56372	318.7418	
0.19485	-48.56635	318.59766	
0.194875	-48.568977	318.4536	
0.1949	-48.5716	318.30963	
0.194925	-48.574223	318.16577	
0.19495	-48.576843	318.02197	
0.194975	-48.57946	317.87827	
0.195	-48.582077	317.73462	
0.195025	-48.58469	317.59106	
0.19505	-48.5873	317.4476	
0.195075	-48.58991	317.30423	
0.1951	-48.592514	317.16095	
0.195125	-48.595116	317.01773	
0.19515	-48.597717	316.8746	
0.195175	-48.600315	316.73154	
0.1952	-48.60291	316.5886	
0.195225	-48.6055	316.4457	
0.19525	-48.60809	316.3029	
0.195275	-48.61068	316.1602	
0.1953	-48.613262	316.01755	
0.195325	-48.615845	315.875	
0.19535	-48.618423	315.73254	
0.195375	-48.621	315.59015	
0.1954	-48.623573	315.44785	
0.195425	-48.626144	315.30563	
0.19545	-48.62871	315.16348	
0.195475	-48.631275	315.02142	
0.1955	-48.63384	314.87946	
0.195525	-48.6364	314.73758	
0.19555	-48.638954	314.59576	
0.195575	-48.641506	314.45404	
0.1956	-48.64406	314.31238	
0.195625	-48.646603	314.17084	
0.19565	-48.649147	314.02936	
0.195675	-48.651688	313.88794	
0.1957	-48.65423	313.74664	
0.195725	-48.65676	313.6054	
0.19575	-48.659294	313.46426	
0.195775	-48.661823	313.32318	
0.1958	-48.66435	313.1822	
0.195825	-48.66687	313.0413	
0.19585	-48.669388	312.90045	
0.195875	-48.6719	312.75974	
0.1959	-48.674416	312.61905	
0.195925	-48.676926	312.4785	
0.19595	-48.679432	312.33798	
0.195975	-48.68193	312.19757	
0.196	-48.684433	312.05722	
0.196025	-48.686928	311.917	
0.19605	-48.68942	311.7768	
0.196075	-48.691906	311.63672	
0.1961	-48.694393	311.4967	
0.196125	-48.696873	311.35678	
0.19615	-48.699352	311.21692	
0.196175	-48.701824	311.07718	
0.1962	-48.704296	310.9375	
0.196225	-48.706764	310.79788	
0.19625	-48.70923	310.65836	
0.196275	-48.71169	310.51892	
0.1963	-48.71414	310.37955	
0.196325	-48.716595	310.2403	
0.19635	-48.719044	310.10107	
0.196375	-48.72149	309.96198	
0.1964	-48.72393	309.82294	
0.196425	-48.726368	309.684	
0.19645	-48.7288	309.5451	
0.196475	-48.73123	309.4063	
0.1965	-48.733658	309.2676	
0.196525	-48.73608	309.12897	
0.19655	-48.7385	308.99042	
0.196575	-48.74091	308.85193	
0.1966	-48.74332	308.71356	
0.196625	-48.745728	308.57523	
0.19665	-48.748127	308.437	
0.196675	-48.750526	308.29886	
0.1967	-48.752922	308.1608	
0.196725	-48.75531	308.0228	
0.19675	-48.757694	307.8849	
0.196775	-48.76008	307.74707	
0.1968	-48.762455	307.6093	
0.196825	-48.764828	307.47165	
0.19685	-48.767197	307.33405	
0.196875	-48.76956	307.19656	
0.1969	-48.77192	307.0591	
0.196925	-48.774277	306.92178	
0.19695	-48.77663	306.78452	
0.196975	-48.778976	306.6473	
0.197	-48.78132	306.51022	
0.197025	-48.783657	306.3732	
0.19705	-48.78599	306.23624	
0.197075	-48.788322	306.09937	
0.1971	-48.790646	305.9626	
0.197125	-48.79297	305.82587	
0.19715	-48.795284	305.68924	
0.197175	-48.797596	305.5527	
0.1972	-48.7999	305.41623	
0.197225	-48.802204	305.27985	
0.19725	-48.8045	305.14352	
0.197275	-48.806797	305.0073	
0.1973	-48.809086	304.87112	
0.197325	-48.811367	304.73508	
0.19735	-48.81365	304.59906	
0.197375	-48.81592	304.46317	
0.1974	-48.81819	304.32733	
0.197425	-48.820457	304.19156	
0.19745	-48.822716	304.05588	
0.197475	-48.82497	303.9203	
0.1975	-48.82722	303.78476	
0.197525	-48.829468	303.64932	
0.19755	-48.831707	303.51398	
0.197575	-48.833946	303.3787	
0.1976	-48.836174	303.2435	
0.197625	-48.8384	303.10837	
0.19765	-48.840622	302.97333	
0.197675	-48.84284	302.83835	
0.1977	-48.84505	302.70346	
0.197725	-48.847256	302.56866	
0.19775	-48.849457	302.43393	
0.197775	-48.85165	302.2993	
0.1978	-48.853844	302.1647	
0.197825	-48.856026	302.0302	
0.19785	-48.858208	301.8958	
0.197875	-48.860382	301.76147	
0.1979	-48.862553	301.6272	
0.197925	-48.864716	301.49304	
0.19795	-48.866875	301.35892	
0.197975	-48.86903	301.2249	
0.198	-48.871178	301.09097	
0.198025	-48.87332	300.9571	
0.19805	-48.87546	300.8233	
0.198075	-48.877594	300.6896	
0.1981	-48.879723	300.55597	
0.198125	-48.881844	300.42242	
0.19815	-48.88396	300.28894	
0.198175	-48.88607	300.15555	
0.1982	-48.888176	300.02225	
0.198225	-48.890274	299.889	
0.19825	-48.89237	299.75583	
0.198275	-48.89446	299.62274	
0.1983	-48.89654	299.48975	
0.198325	-48.89862	299.3568	
0.19835	-48.900692	299.22397	
0.198375	-48.90276	299.0912	
0.1984	-48.90482	298.9585	
0.198425	-48.906876	298.8259	
0.19845	-48.908924	298.69336	
0.198475	-48.91097	298.56088	
0.1985	-48.913006	298.4285	
0.198525	-48.91504	298.2962	
0.19855	-48.917065	298.16397	
0.198575	-48.919086	298.03183	
0.1986	-48.9211	297.89975	
0.198625	-48.923107	297.76776	
0.19865	-48.92511	297.63583	
0.198675	-48.92711	297.504	
0.1987	-48.9291	297.37222	
0.198725	-48.931084	297.24054	
0.19875	-48.933064	297.10895	
0.198775	-48.935036	296.97742	
0.1988	-48.937004	296.84595	
0.198825	-48.938965	296.71457	
0.19885	-48.94092	296.58328	
0.198875	-48.94287	296.45206	
0.1989	-48.944813	296.32092	
0.198925	-48.94675	296.18985	
0.19895	-48.94868	296.05887	
0.198975	-48.950603	295.92795	
0.199	-48.952522	295.79712	
0.199025	-48.954437	295.66635	
0.19905	-48.95634	295.53568	
0.199075	-48.95824	295.40506	
0.1991	-48.960136	295.27454	
0.199125	-48.96202	295.14407	
0.19915	-48.963905	295.0137	
0.199175	-48.96578	294.8834	
0.1992	-48.967648	294.75317	
0.199225	-48.96951	294.62305	
0.19925	-48.971363	294.49298	
0.199275	-48.973213	294.36298	
0.1993	-48.975056	294.23306	
0.199325	-48.97689	294.10324	
0.19935	-48.97872	293.97348	
0.199375	-48.980545	293.84378	
0.1994	-48.98236	293.71417	
0.199425	-48.984173	293.58466	
0.19945	-48.985977	293.4552	
0.199475	-48.987774	293.3258	
0.1995	-48.989563	293.1965	
0.199525	-48.99135	293.0673	
0.19955	-48.993126	292.93814	
0.199575	-48.994896	292.80905	
0.1996	-48.996662	292.68005	
0.199625	-48.998417	292.55115	
0.19965	-49.000168	292.4223	
0.199675	-49.00191	292.29352	
0.1997	-49.00365	292.16483	
0.199725	-49.00538	292.03622	
0.19975	-49.007103	291.90768	
0.199775	-49.00882	291.7792	
0.1998	-49.010532	291.65082	
0.199825	-49.012234	291.52252	
0.19985	-49.01393	291.3943	
0.199875	-49.01562	291.2661	
0.1999	-49.017303	291.13803	
0.199925	-49.01898	291.01	
0.19995	-49.020645	290.88208	
0.199975	-49.02231	290.75424	
0.2	-49.023964	290.62643	
0.200025	-49.02561	290.49875	
0.20005	-49.027252	290.37112	
0.200075	-49.028885	290.24356	
0.2001	-49.030514	290.1161	
0.200125	-49.03213	289.98868	
0.20015	-49.033745	289.86136	
0.200175	-49.03535	289.7341	
0.2002	-49.03695	289.60693	
0.200225	-49.03854	289.47983	
0.20025	-49.040123	289.35278	
0.200275	-49.041702	289.22586	
0.2003	-49.04327	289.09897	
0.200325	-49.044834	288.97217	
0.20035	-49.046387	288.84546	
0.200375	-49.047935	288.7188	
0.2004	-49.049477	288.59222	
0.200425	-49.05101	288.46573	
0.20045	-49.052536	288.3393	
0.200475	-49.054054	288.21295	
0.2005	-49.055565	288.0867	
0.200525	-49.05707	287.96048	
0.20055	-49.058567	287.83438	
0.200575	-49.060055	287.7083	
0.2006	-49.06154	287.58237	
0.200625	-49.06301	287.45645	
0.20065	-49.06448	287.33063	
0.200675	-49.065937	287.2049	
0.2007	-49.06739	287.07922	
0.200725	-49.068836	286.9536	
0.20075	-49.07027	286.8281	
0.200775	-49.0717	286.70264	
0.2008	-49.073124	286.57727	
0.200825	-49.07454	286.452	
0.20085	-49.075943	286.32675	
0.200875	-49.077343	286.2016	
0.2009	-49.078735	286.07654	
0.200925	-49.08012	285.95154	
0.20095	-49.081493	285.82663	
0.200975	-49.082863	285.70178	
0.201	-49.084225	285.577	
0.201025	-49.085575	285.4523	
0.20105	-49.08692	285.32767	
0.201075	-49.08826	285.20312	
0.2011	-49.08959	285.07864	
0.201125	-49.09091	284.95425	
0.20115	-49.092224	284.82993	
0.201175	-49.093533	284.70566	
0.2012	-49.09483	284.58148	
0.201225	-49.09612	284.45737	
0.20125	-49.097404	284.33334	
0.201275	-49.09868	284.2094	
0.2013	-49.099945	284.0855	
0.201325	-49.101204	283.9617	
0.20135	-49.102455	283.83798	
0.201375	-49.1037	283.71432	
0.2014	-49.104935	283.59073	
0.201425	-49.10616	283.46722	
0.20145	-49.10738	283.34378	
0.201475	-49.10859	283.22043	
0.2015	-49.109795	283.09714	
0.201525	-49.11099	282.97394	
0.20155	-49.112175	282.8508	
0.201575	-49.113354	282.72772	
0.2016	-49.114525	282.60474	
0.201625	-49.11569	282.4818	
0.20165	-49.116844	282.35898	
0.201675	-49.11799	282.2362	
0.2017	-49.11913	282.1135	
0.201725	-49.12026	281.99088	
0.20175	-49.12138	281.86835	
0.201775	-49.122494	281.74588	
0.2018	-49.1236	281.62347	
0.201825	-49.124695	281.50113	
0.20185	-49.125786	281.37888	
0.201875	-49.126865	281.2567	
0.2019	-49.127937	281.1346	
0.201925	-49.129	281.01257	
0.20195	-49.13006	280.89062	
0.201975	-49.131104	280.76874	
0.202	-49.13214	280.6469	
0.202025	-49.13317	280.52518	
0.20205	-49.134193	280.4035	
0.202075	-49.13521	280.28192	
0.2021	-49.136215	280.1604	
0.202125	-49.13721	280.03897	
0.20215	-49.1382	279.9176	
0.202175	-49.13918	279.7963	
0.2022	-49.140152	279.67508	
0.202225	-49.141113	279.55392	
0.20225	-49.142067	279.43286	
0.202275	-49.143013	279.31186	
0.2023	-49.14395	279.19092	
0.202325	-49.14488	279.07007	
0.20235	-49.145798	278.94928	
0.202375	-49.14671	278.82858	
0.2024	-49.147614	278.70792	
0.202425	-49.148506	278.58737	
0.20245	-49.149395	278.4669	
0.202475	-49.15027	278.34647	
0.2025	-49.15114	278.2261	
0.202525	-49.151997	278.10583	
0.20255	-49.152847	277.98566	
0.202575	-49.15369	277.8655	
0.2026	-49.154526	277.74545	
0.202625	-49.15535	277.6255	
0.20265	-49.156166	277.50558	
0.202675	-49.15697	277.38574	
0.2027	-49.15777	277.266	
0.202725	-49.158558	277.1463	
0.20275	-49.15934	277.02667	
0.202775	-49.16011	276.90714	
0.2028	-49.160873	276.7877	
0.202825	-49.16163	276.66827	
0.20285	-49.162373	276.54895	
0.202875	-49.16311	276.42972	
0.2029	-49.163837	276.31052	
0.202925	-49.164555	276.1914	
0.20295	-49.165264	276.0724	
0.202975	-49.165966	275.95343	
0.203	-49.166656	275.83453	
0.203025	-49.16734	275.71573	
0.20305	-49.16801	275.597	
0.203075	-49.168674	275.4783	
0.2031	-49.16933	275.3597	
0.203125	-49.16998	275.24118	
0.20315	-49.170616	275.12274	
0.203175	-49.17124	275.00436	
0.2032	-49.17186	274.88605	
0.203225	-49.17247	274.76782	
0.20325	-49.173073	274.64966	
0.203275	-49.173664	274.53156	
0.2033	-49.174244	274.41354	
0.203325	-49.17482	274.2956	
0.20335	-49.175385	274.17773	
0.203375	-49.175938	274.05994	
0.2034	-49.176483	273.9422	
0.203425	-49.17702	273.82455	
0.20345	-49.177547	273.70697	
0.203475	-49.178062	273.58945	
0.2035	-49.178574	273.47202	
0.203525	-49.179073	273.35464	
0.20355	-49.17956	273.23734	
0.203575	-49.180042	273.12012	
0.2036	-49.18051	273.00296	
0.203625	-49.180973	272.8859	
0.20365	-49.181427	272.7689	
0.203675	-49.18187	272.65195	
0.2037	-49.182304	272.5351	
0.203725	-49.182728	272.4183	
0.20375	-49.183144	272.30157	
0.203775	-49.183548	272.18494	
0.2038	-49.183945	272.06836	
0.203825	-49.18433	271.95184	
0.20385	-49.184708	271.83542	
0.203875	-49.185074	271.71906	
0.2039	-49.185432	271.60275	
0.203925	-49.18578	271.48654	
0.20395	-49.18612	271.3704	
0.203975	-49.186447	271.25433	
0.204	-49.186768	271.13834	
0.204025	-49.187077	271.0224	
0.20405	-49.187378	270.90656	
0.204075	-49.187668	270.79077	
0.2041	-49.187946	270.67505	
0.204125	-49.18822	270.5594	
0.20415	-49.18848	270.44382	
0.204175	-49.188732	270.32834	
0.2042	-49.188976	270.2129	
0.204225	-49.18921	270.09753	
0.20425	-49.18943	269.98227	
0.204275	-49.189644	269.86707	
0.2043	-49.189846	269.75192	
0.204325	-49.19004	269.63684	
0.20435	-49.190224	269.52185	
0.204375	-49.190395	269.40692	
0.2044	-49.19056	269.29205	
0.204425	-49.190716	269.17728	
0.20445	-49.190857	269.06256	
0.204475	-49.190994	268.9479	
0.2045	-49.191116	268.83334	
0.204525	-49.19123	268.71884	
0.20455	-49.191338	268.60443	
0.204575	-49.19143	268.49005	
0.2046	-49.191513	268.3758	
0.204625	-49.19159	268.26157	
0.20465	-49.191654	268.14743	
0.204675	-49.191708	268.03336	
0.2047	-49.191753	267.91934	
0.204725	-49.191788	267.80542	
0.20475	-49.19181	267.69156	
0.204775	-49.191826	267.5778	
0.2048	-49.19183	267.46405	
0.204825	-49.191826	267.35043	
0.20485	-49.19181	267.23685	
0.204875	-49.191784	267.12335	
0.2049	-49.191746	267.00992	
0.204925	-49.1917	266.89655	
0.20495	-49.191643	266.78326	
0.204975	-49.191578	266.67004	
0.205	-49.1915	266.5569	
0.205025	-49.191414	266.44382	
0.20505	-49.191315	266.3308	
0.205075	-49.191208	266.21786	
0.2051	-49.19109	266.105	
0.205125	-49.19096	265.99222	
0.20515	-49.190823	265.8795	
0.205175	-49.190674	265.76685	
0.2052	-49.190514	265.65427	
0.205225	-49.190346	265.54175	
0.20525	-49.190163	265.42932	
0.205275	-49.189972	265.31696	
0.2053	-49.189774	265.20465	
0.205325	-49.18956	265.09244	
0.20535	-49.18934	264.98026	
0.205375	-49.189106	264.8682	
0.2054	-49.188866	264.75616	
0.205425	-49.18861	264.64423	
0.20545	-49.188347	264.53235	
0.205475	-49.188072	264.42056	
0.2055	-49.187786	264.3088	
0.205525	-49.187492	264.19714	
0.20555	-49.187187	264.08557	
0.205575	-49.18687	263.97403	
0.2056	-49.186543	263.86258	
0.205625	-49.186203	263.75122	
0.20565	-49.185856	263.6399	
0.205675	-49.185497	263.52866	
0.2057	-49.185127	263.4175	
0.205725	-49.184746	263.3064	
0.20575	-49.184353	263.19537	
0.205775	-49.183952	263.0844	
0.2058	-49.183537	262.97354	
0.205825	-49.183113	262.8627	
0.20585	-49.18268	262.75195	
0.205875	-49.182236	262.6413	
0.2059	-49.181778	262.5307	
0.205925	-49.181313	262.42014	
0.20595	-49.180832	262.3097	
0.205975	-49.180344	262.19928	
0.206	-49.179844	262.08896	
0.206025	-49.179333	261.9787	
0.20605	-49.178814	261.86853	
0.206075	-49.17828	261.75842	
0.2061	-49.177734	261.64838	
0.206125	-49.17718	261.5384	
0.20615	-49.176617	261.4285	
0.206175	-49.176037	261.31866	
0.2062	-49.17545	261.2089	
0.206225	-49.17485	261.0992	
0.20625	-49.17424	260.9896	
0.206275	-49.173622	260.88004	
0.2063	-49.17299	260.77054	
0.206325	-49.172344	260.66113	
0.20635	-49.17169	260.5518	
0.206375	-49.171024	260.44254	
0.2064	-49.170345	260.3333	
0.206425	-49.16966	260.22418	
0.20645	-49.16896	260.1151	
0.206475	-49.168247	260.00613	
0.2065	-49.167526	259.89722	
0.206525	-49.166794	259.78836	
0.20655	-49.166046	259.67957	
0.206575	-49.16529	259.57086	
0.2066	-49.164524	259.46222	
0.206625	-49.163746	259.35364	
0.20665	-49.162952	259.24515	
0.206675	-49.16215	259.13672	
0.2067	-49.16134	259.02835	
0.206725	-49.160515	258.92004	
0.20675	-49.159676	258.81183	
0.206775	-49.15883	258.70367	
0.2068	-49.15797	258.59558	
0.206825	-49.157097	258.48758	
0.20685	-49.156216	258.37964	
0.206875	-49.15532	258.27176	
0.2069	-49.154415	258.16394	
0.206925	-49.153496	258.0562	
0.20695	-49.15257	257.94855	
0.206975	-49.151627	257.84094	
0.207	-49.150673	257.73343	
0.207025	-49.149708	257.62595	
0.20705	-49.14873	257.5186	
0.207075	-49.147743	257.41125	
0.2071	-49.146744	257.30402	
0.207125	-49.145733	257.19684	
0.20715	-49.144707	257.08972	
0.207175	-49.143673	256.98267	
0.2072	-49.142624	256.8757	
0.207225	-49.141563	256.7688	
0.20725	-49.14049	256.662	
0.207275	-49.13941	256.5552	
0.2073	-49.138313	256.44852	
0.207325	-49.137203	256.3419	
0.20735	-49.136086	256.23535	
0.207375	-49.134953	256.12885	
0.2074	-49.13381	256.02243	
0.207425	-49.132652	255.91609	
0.20745	-49.131485	255.80981	
0.207475	-49.130302	255.70361	
0.2075	-49.12911	255.59747	
0.207525	-49.127903	255.49141	
0.20755	-49.126686	255.3854	
0.207575	-49.125458	255.27948	
0.2076	-49.124214	255.17361	
0.207625	-49.12296	255.06783	
0.20765	-49.121693	254.96211	
0.207675	-49.120415	254.85645	
0.2077	-49.11912	254.75087	
0.207725	-49.117817	254.64536	
0.20775	-49.1165	254.53992	
0.207775	-49.11517	254.43454	
0.2078	-49.113827	254.32922	
0.207825	-49.112473	254.224	
0.20785	-49.111107	254.11882	
0.207875	-49.109726	254.01373	
0.2079	-49.108334	253.90869	
0.207925	-49.10693	253.80374	
0.20795	-49.10551	253.69885	
0.207975	-49.10408	253.59402	
0.208	-49.102634	253.48927	
0.208025	-49.10118	253.38458	
0.20805	-49.09971	253.27997	
0.208075	-49.09823	253.17543	
0.2081	-49.096733	253.07095	
0.208125	-49.095226	252.96654	
0.20815	-49.093704	252.8622	
0.208175	-49.09217	252.75793	
0.2082	-49.090622	252.65373	
0.208225	-49.08906	252.5496	
0.20825	-49.08749	252.44554	
0.208275	-49.085903	252.34155	
0.2083	-49.0843	252.23763	
0.208325	-49.082687	252.13377	
0.20835	-49.081062	252.02998	
0.208375	-49.079422	251.92627	
0.2084	-49.07777	251.82262	
0.208425	-49.076103	251.71904	
0.20845	-49.074425	251.61552	
0.208475	-49.07273	251.51208	
0.2085	-49.071026	251.4087	
0.208525	-49.069305	251.3054	
0.20855	-49.067574	251.20218	
0.208575	-49.065826	251.09901	
0.2086	-49.064064	250.99591	
0.208625	-49.06229	250.89288	
0.20865	-49.0605	250.78992	
0.208675	-49.0587	250.68703	
0.2087	-49.056885	250.58421	
0.208725	-49.055058	250.48146	
0.20875	-49.053215	250.37877	
0.208775	-49.051357	250.27615	
0.2088	-49.049484	250.17361	
0.208825	-49.0476	250.07114	
0.20885	-49.045704	249.96873	
0.208875	-49.04379	249.8664	
0.2089	-49.041862	249.76411	
0.208925	-49.039925	249.66191	
0.20895	-49.037968	249.55978	
0.208975	-49.036	249.45772	
0.209	-49.034016	249.35571	
0.209025	-49.032017	249.2538	
0.20905	-49.030006	249.15193	
0.209075	-49.02798	249.05014	
0.2091	-49.02594	248.94843	
0.209125	-49.023884	248.84677	
0.20915	-49.021816	248.7452	
0.209175	-49.01973	248.64368	
0.2092	-49.01763	248.54222	
0.209225	-49.01552	248.44084	
0.20925	-49.013393	248.33954	
0.209275	-49.01125	248.2383	
0.2093	-49.00909	248.13713	
0.209325	-49.00692	248.03603	
0.20935	-49.004734	247.93498	
0.209375	-49.002533	247.83403	
0.2094	-49.000317	247.73312	
0.209425	-48.998085	247.6323	
0.20945	-48.99584	247.53154	
0.209475	-48.993576	247.43085	
0.2095	-48.9913	247.33023	
0.209525	-48.989006	247.22968	
0.20955	-48.9867	247.12918	
0.209575	-48.98438	247.02876	
0.2096	-48.98204	246.92842	
0.209625	-48.979687	246.82814	
0.20965	-48.977318	246.72794	
0.209675	-48.974934	246.62779	
0.2097	-48.972534	246.52771	
0.209725	-48.97012	246.4277	
0.20975	-48.96769	246.32777	
0.209775	-48.965244	246.2279	
0.2098	-48.96278	246.1281	
0.209825	-48.960304	246.02838	
0.20985	-48.95781	245.92871	
0.209875	-48.9553	245.82912	
0.2099	-48.952774	245.7296	
0.209925	-48.950233	245.63014	
0.20995	-48.947678	245.53075	
0.209975	-48.945103	245.43143	
0.21	-48.942513	245.33218	
0.210025	-48.939907	245.233	
0.21005	-48.937283	245.13388	
0.210075	-48.934647	245.03484	
0.2101	-48.93199	244.93587	
0.210125	-48.929317	244.83694	
0.21015	-48.926632	244.73811	
0.210175	-48.923927	244.63934	
0.2102	-48.921204	244.54063	
0.210225	-48.91847	244.442	
0.21025	-48.91571	244.34344	
0.210275	-48.91294	244.24493	
0.2103	-48.910152	244.14651	
0.210325	-48.907345	244.04816	
0.21035	-48.904522	243.94986	
0.210375	-48.901684	243.85164	
0.2104	-48.898827	243.75348	
0.210425	-48.895954	243.6554	
0.21045	-48.893063	243.55739	
0.210475	-48.890152	243.45943	
0.2105	-48.887226	243.36156	
0.210525	-48.88428	243.26375	
0.21055	-48.88132	243.166	
0.210575	-48.87834	243.06833	
0.2106	-48.875343	242.97072	
0.210625	-48.87233	242.87318	
0.21065	-48.869297	242.77571	
0.210675	-48.866245	242.67831	
0.2107	-48.86318	242.58098	
0.210725	-48.860092	242.48372	
0.21075	-48.856987	242.38652	
0.210775	-48.853863	242.2894	
0.2108	-48.850723	242.19234	
0.210825	-48.84756	242.09535	
0.21085	-48.844383	241.99843	
0.210875	-48.841187	241.90158	
0.2109	-48.83797	241.8048	
0.210925	-48.834736	241.70807	
0.21095	-48.831482	241.61143	
0.210975	-48.82821	241.51485	
0.211	-48.82492	241.41835	
0.211025	-48.82161	241.3219	
0.21105	-48.81828	241.22552	
0.211075	-48.81493	241.12923	
0.2111	-48.81156	241.03299	
0.211125	-48.808174	240.93683	
0.21115	-48.804768	240.84073	
0.211175	-48.801342	240.7447	
0.2112	-48.797894	240.64874	
0.211225	-48.79443	240.55286	
0.21125	-48.790943	240.45703	
0.211275	-48.787437	240.36127	
0.2113	-48.78391	240.26558	
0.211325	-48.78036	240.16997	
0.21135	-48.776794	240.07442	
0.211375	-48.77321	239.97894	
0.2114	-48.7696	239.88353	
0.211425	-48.765972	239.7882	
0.21145	-48.762325	239.69292	
0.211475	-48.758656	239.59772	
0.2115	-48.754963	239.50258	
0.211525	-48.75125	239.4075	
0.21155	-48.74752	239.31252	
0.211575	-48.743763	239.21758	
0.2116	-48.73999	239.12271	
0.211625	-48.73619	239.02792	
0.21165	-48.732372	238.9332	
0.211675	-48.728535	238.83855	
0.2117	-48.72467	238.74396	
0.211725	-48.720787	238.64944	
0.21175	-48.71688	238.555	
0.211775	-48.712955	238.46062	
0.2118	-48.709003	238.3663	
0.211825	-48.705032	238.27206	
0.21185	-48.70104	238.17789	
0.211875	-48.697018	238.08379	
0.2119	-48.692978	237.98976	
0.211925	-48.688915	237.89578	
0.21195	-48.68483	237.8019	
0.211975	-48.680717	237.70807	
0.212	-48.676586	237.6143	
0.212025	-48.672432	237.52061	
0.21205	-48.66825	237.42699	
0.212075	-48.664047	237.33344	
0.2121	-48.65982	237.23996	
0.212125	-48.655567	237.14655	
0.21215	-48.651295	237.0532	
0.212175	-48.646996	236.95993	
0.2122	-48.64267	236.86671	
0.212225	-48.63832	236.77357	
0.21225	-48.63395	236.68051	
0.212275	-48.62955	236.58751	
0.2123	-48.62513	236.49458	
0.212325	-48.62068	236.40172	
0.21235	-48.616207	236.30893	
0.212375	-48.61171	236.2162	
0.2124	-48.607185	236.12355	
0.212425	-48.602634	236.03098	
0.21245	-48.59806	235.93846	
0.212475	-48.59346	235.84601	
0.2125	-48.588833	235.75363	
0.212525	-48.584175	235.66133	
0.21255	-48.579494	235.56909	
0.212575	-48.574787	235.47693	
0.2126	-48.570053	235.38483	
0.212625	-48.565292	235.2928	
0.21265	-48.560505	235.20084	
0.212675	-48.555687	235.10895	
0.2127	-48.550842	235.01714	
0.212725	-48.54597	234.92538	
0.21275	-48.541073	234.8337	
0.212775	-48.536144	234.74208	
0.2128	-48.53119	234.65054	
0.212825	-48.526203	234.55907	
0.21285	-48.52119	234.46767	
0.212875	-48.516148	234.37634	
0.2129	-48.511078	234.28508	
0.212925	-48.505978	234.19388	
0.21295	-48.500847	234.10275	
0.212975	-48.495686	234.0117	
0.213	-48.490498	233.92072	
0.213025	-48.485275	233.8298	
0.21305	-48.480026	233.73897	
0.213075	-48.474743	233.6482	
0.2131	-48.469433	233.55748	
0.213125	-48.46409	233.46686	
0.21315	-48.458714	233.37628	
0.213175	-48.45331	233.2858	
0.2132	-48.44787	233.19537	
0.213225	-48.4424	233.10501	
0.21325	-48.436897	233.01474	
0.213275	-48.431362	232.92453	
0.2133	-48.425797	232.83438	
0.213325	-48.420197	232.74431	
0.21335	-48.414562	232.65431	
0.213375	-48.408897	232.56438	
0.2134	-48.403194	232.47452	
0.213425	-48.39746	232.38472	
0.21345	-48.391693	232.295	
0.213475	-48.385887	232.20535	
0.2135	-48.38005	232.11578	
0.213525	-48.374176	232.02628	
0.21355	-48.368267	231.93683	
0.213575	-48.362324	231.84747	
0.2136	-48.356342	231.75816	
0.213625	-48.350327	231.66895	
0.21365	-48.344273	231.57979	
0.213675	-48.33818	231.4907	
0.2137	-48.332054	231.4017	
0.213725	-48.32589	231.31276	
0.21375	-48.319687	231.22389	
0.213775	-48.313446	231.13509	
0.2138	-48.307167	231.04636	
0.213825	-48.30085	230.9577	
0.21385	-48.29449	230.86913	
0.213875	-48.288097	230.78061	
0.2139	-48.28166	230.69217	
0.213925	-48.27518	230.60379	
0.21395	-48.268665	230.51549	
0.213975	-48.262108	230.42726	
0.214	-48.25551	230.33911	
0.214025	-48.248867	230.25102	
0.21405	-48.242184	230.16301	
0.214075	-48.23546	230.07507	
0.2141	-48.22869	229.98721	
0.214125	-48.22188	229.89941	
0.21415	-48.215027	229.81169	
0.214175	-48.208126	229.72403	
0.2142	-48.201183	229.63644	
0.214225	-48.1942	229.54895	
0.21425	-48.187164	229.4615	
0.214275	-48.180084	229.37415	
0.2143	-48.172962	229.28685	
0.214325	-48.16579	229.19963	
0.21435	-48.15857	229.11249	
0.214375	-48.151306	229.02542	
0.2144	-48.143993	228.93842	
0.214425	-48.13663	228.85149	
0.21445	-48.12922	228.76463	
0.214475	-48.121758	228.67784	
0.2145	-48.114246	228.59114	
0.214525	-48.106686	228.5045	
0.21455	-48.099075	228.41794	
0.214575	-48.09141	228.33145	
0.2146	-48.0837	228.24503	
0.214625	-48.075928	228.15869	
0.21465	-48.068108	228.07242	
0.214675	-48.060234	227.98622	
0.2147	-48.052307	227.9001	
0.214725	-48.044323	227.81406	
0.21475	-48.03628	227.72807	
0.214775	-48.028187	227.64218	
0.2148	-48.02004	227.55635	
0.214825	-48.01183	227.4706	
0.21485	-48.003563	227.38492	
0.214875	-47.995235	227.29932	
0.2149	-47.98685	227.21379	
0.214925	-47.97841	227.12834	
0.21495	-47.969902	227.04295	
0.214975	-47.961338	226.95766	
0.215	-47.95271	226.87242	
0.215025	-47.94402	226.78726	
0.21505	-47.935265	226.70218	
0.215075	-47.926445	226.61717	
0.2151	-47.917564	226.53224	
0.215125	-47.908615	226.44739	
0.21515	-47.8996	226.36261	
0.215175	-47.89052	226.27791	
0.2152	-47.881367	226.19328	
0.215225	-47.872147	226.10873	
0.21525	-47.862858	226.02426	
0.215275	-47.853497	225.93987	
0.2153	-47.844067	225.85555	
0.215325	-47.83456	225.77129	
0.21535	-47.824986	225.68712	
0.215375	-47.81533	225.60303	
0.2154	-47.805603	225.51901	
0.215425	-47.795803	225.43507	
0.21545	-47.78592	225.35121	
0.215475	-47.775963	225.26743	
0.2155	-47.765923	225.18372	
0.215525	-47.755806	225.1001	
0.21555	-47.745605	225.01654	
0.215575	-47.73532	224.93307	
0.2156	-47.724957	224.84967	
0.215625	-47.714504	224.76636	
0.21565	-47.703964	224.68312	
0.215675	-47.69334	224.59996	
0.2157	-47.68263	224.51688	
0.215725	-47.671825	224.43387	
0.21575	-47.66093	224.35095	
0.215775	-47.649944	224.2681	
0.2158	-47.638863	224.18533	
0.215825	-47.62769	224.10266	
0.21585	-47.616417	224.02005	
0.215875	-47.605045	223.93753	
0.2159	-47.59358	223.85507	
0.215925	-47.58201	223.77272	
0.21595	-47.570335	223.69043	
0.215975	-47.55856	223.60823	
0.216	-47.546677	223.52611	
0.216025	-47.534687	223.44406	
0.21605	-47.52259	223.3621	
0.216075	-47.51038	223.28023	
0.2161	-47.49806	223.19844	
0.216125	-47.485622	223.11671	
0.21615	-47.473072	223.0351	
0.216175	-47.4604	222.95354	
0.2162	-47.44761	222.87207	
0.216225	-47.4347	222.7907	
0.21625	-47.42166	222.7094	
0.216275	-47.4085	222.62819	
0.2163	-47.39521	222.54706	
0.216325	-47.381786	222.466	
0.21635	-47.368233	222.38504	
0.216375	-47.354546	222.30417	
0.2164	-47.340717	222.22337	
0.216425	-47.32675	222.14267	
0.21645	-47.31264	222.06204	
0.216475	-47.298386	221.9815	
0.2165	-47.283985	221.90106	
0.216525	-47.26943	221.82071	
0.21655	-47.254723	221.74043	
0.216575	-47.23986	221.66025	
0.2166	-47.22484	221.58014	
0.216625	-47.209652	221.50012	
0.21665	-47.1943	221.42021	
0.216675	-47.178783	221.34038	
0.2167	-47.16309	221.26062	
0.216725	-47.147224	221.18097	
0.21675	-47.131176	221.10141	
0.216775	-47.11495	221.02193	
0.2168	-47.09853	220.94254	
0.216825	-47.081924	220.86325	
0.21685	-47.06512	220.78404	
0.216875	-47.048122	220.70494	
0.2169	-47.03092	220.62592	
0.216925	-47.013508	220.547	
0.21695	-46.995884	220.46815	
0.216975	-46.978043	220.38942	
0.217	-46.959984	220.31078	
0.217025	-46.941692	220.23224	
0.21705	-46.923172	220.15378	
0.217075	-46.904415	220.07542	
0.2171	-46.885414	219.99716	
0.217125	-46.866165	219.91899	
0.21715	-46.84666	219.84093	
0.217175	-46.826893	219.76297	
0.2172	-46.80686	219.68509	
0.217225	-46.786552	219.60733	
0.21725	-46.765965	219.52966	
0.217275	-46.745087	219.45209	
0.2173	-46.723915	219.37462	
0.217325	-46.70244	219.29726	
0.21735	-46.68065	219.21999	
0.217375	-46.658543	219.14284	
0.2174	-46.636105	219.06578	
0.217425	-46.613327	218.98883	
0.21745	-46.590206	218.91199	
0.217475	-46.566727	218.83525	
0.2175	-46.542877	218.75862	
0.217525	-46.51865	218.6821	
0.21755	-46.494034	218.60568	
0.217575	-46.469017	218.52939	
0.2176	-46.44359	218.4532	
0.217625	-46.41773	218.37712	
0.21765	-46.39143	218.30115	
0.217675	-46.36468	218.22531	
0.2177	-46.33746	218.14957	
0.217725	-46.309753	218.07396	
0.21775	-46.28155	217.99846	
0.217775	-46.252827	217.92307	
0.2178	-46.223568	217.84781	
0.217825	-46.193756	217.77267	
0.21785	-46.163372	217.69766	
0.217875	-46.13239	217.62276	
0.2179	-46.100792	217.54799	
0.217925	-46.068554	217.47336	
0.21795	-46.03565	217.39885	
0.217975	-46.002052	217.32446	
0.218	-45.96774	217.25021	
0.218025	-45.93268	217.1761	
0.21805	-45.89684	217.10213	
0.218075	-45.860188	217.02829	
0.2181	-45.82269	216.95459	
0.218125	-45.784306	216.88103	
0.21815	-45.745	216.80762	
0.218175	-45.704723	216.73436	
0.2182	-45.663437	216.66124	
0.218225	-45.62109	216.58827	
0.21825	-45.57763	216.51546	
0.218275	-45.533	216.44281	
0.2183	-45.48714	216.37032	
0.218325	-45.439983	216.29797	
0.21835	-45.39146	216.22581	
0.218375	-45.3415	216.15382	
0.2184	-45.29001	216.082	
0.218425	-45.236904	216.01036	
0.21845	-45.182087	215.93889	
0.218475	-45.12545	215.86761	
0.2185	-45.06687	215.79654	
0.218525	-45.00623	215.72565	
0.21855	-44.943375	215.65495	
0.218575	-44.878155	215.58447	
0.2186	-44.810394	215.5142	
0.218625	-44.7399	215.44417	
0.21865	-44.666454	215.37434	
0.218675	-44.589813	215.30476	
0.2187	-44.50971	215.23543	
0.218725	-44.425823	215.16634	
0.21875	-44.337807	215.09752	
0.218775	-44.245262	215.02896	
0.2188	-44.147717	214.96071	
0.218825	-44.044636	214.89275	
0.21885	-43.93539	214.82509	
0.218875	-43.81924	214.75778	
0.2189	-43.69531	214.69081	
0.218925	-43.56254	214.62424	
0.21895	-43.419647	214.55804	
0.218975	-43.265064	214.49228	
0.219	-43.096817	214.42699	
0.219025	-42.912422	214.36218	
0.21905	-42.70864	214.29793	
0.219075	-42.481205	214.2343	
0.2191	-42.22429	214.17134	
0.219125	-41.92969	214.10916	
0.21915	-41.585373	214.04787	
0.219175	-41.1727	213.98766	
0.2192	-40.66075	213.92877	
0.219225	-48.5	293.87158	
0.21925	-48.5	293.74316	
0.219275	-48.50014	293.6148	
0.2193	-48.500275	293.48657	
0.219325	-48.500393	293.35837	
0.21935	-48.500504	293.2303	
0.219375	-48.500603	293.10226	
0.2194	-48.50069	292.9743	
0.219425	-48.500767	292.84647	
0.21945	-48.500835	292.7187	
0.219475	-48.50089	292.59097	
0.2195	-48.50093	292.46335	
0.219525	-48.500965	292.33582	
0.21955	-48.500988	292.20834	
0.219575	-48.500996	292.08096	
0.2196	-48.500996	291.95367	
0.219625	-48.500984	291.82645	
0.21965	-48.500957	291.6993	
0.219675	-48.500923	291.57224	
0.2197	-48.500877	291.44525	
0.219725	-48.500816	291.31833	
0.21975	-48.500748	291.19153	
0.219775	-48.500668	291.06476	
0.2198	-48.500572	290.9381	
0.219825	-48.50047	290.81152	
0.21985	-48.50035	290.685	
0.219875	-48.500225	290.55856	
0.2199	-48.500084	290.43222	
0.219925	-48.49993	290.30597	
0.21995	-48.499767	290.17978	
0.219975	-48.49959	290.05365	
0.22	-48.499405	289.9276	
0.220025	-48.499207	289.80167	
0.22005	-48.498993	289.6758	
0.220075	-48.49877	289.55002	
0.2201	-48.498535	289.4243	
0.220125	-48.498287	289.29865	
0.22015	-48.498028	289.1731	
0.220175	-48.497753	289.0476	
0.2202	-48.49747	288.9222	
0.220225	-48.497173	288.7969	
0.22025	-48.49686	288.67166	
0.220275	-48.49654	288.5465	
0.2203	-48.496204	288.42142	
0.220325	-48.495857	288.29642	
0.22035	-48.4955	288.17148	
0.220375	-48.495125	288.04663	
0.2204	-48.49474	287.92188	
0.220425	-48.494343	287.79718	
0.22045	-48.493935	287.67258	
0.220475	-48.49351	287.54807	
0.2205	-48.493073	287.4236	
0.220525	-48.492622	287.29922	
0.22055	-48.49216	287.17493	
0.220575	-48.491688	287.05072	
0.2206	-48.4912	286.9266	
0.220625	-48.490696	286.80255	
0.22065	-48.49018	286.67856	
0.220675	-48.489655	286.55466	
0.2207	-48.489113	286.43085	
0.220725	-48.48856	286.3071	
0.22075	-48.48799	286.18344	
0.220775	-48.487408	286.05984	
0.2208	-48.486816	285.93634	
0.220825	-48.486206	285.81293	
0.22085	-48.485584	285.68958	
0.220875	-48.48495	285.5663	
0.2209	-48.4843	285.4431	
0.220925	-48.48364	285.32	
0.22095	-48.48296	285.197	
0.220975	-48.48227	285.07404	
0.221	-48.481564	284.95114	
0.221025	-48.480846	284.82834	
0.22105	-48.480114	284.70563	
0.221075	-48.479366	284.583	
0.2211	-48.478607	284.46045	
0.221125	-48.477833	284.33795	
0.22115	-48.477043	284.21555	
0.221175	-48.476242	284.09323	
0.2212	-48.47542	283.97098	
0.221225	-48.47459	283.84882	
0.22125	-48.473743	283.7267	
0.221275	-48.47288	283.6047	
0.2213	-48.472008	283.4828	
0.221325	-48.471115	283.36093	
0.22135	-48.47021	283.23914	
0.221375	-48.46929	283.11743	
0.2214	-48.468357	282.99582	
0.221425	-48.467407	282.8743	
0.22145	-48.466442	282.7528	
0.221475	-48.465466	282.63144	
0.2215	-48.46447	282.51013	
0.221525	-48.46346	282.38892	
0.22155	-48.462437	282.26776	
0.221575	-48.461395	282.1467	
0.2216	-48.460342	282.0257	
0.221625	-48.45927	281.9048	
0.22165	-48.458183	281.78394	
0.221675	-48.45708	281.66318	
0.2217	-48.455967	281.5425	
0.221725	-48.454834	281.4219	
0.22175	-48.453682	281.3014	
0.221775	-48.45252	281.18094	
0.2218	-48.45134	281.06058	
0.221825	-48.45014	280.94028	
0.22185	-48.448933	280.82007	
0.221875	-48.447704	280.69995	
0.2219	-48.44646	280.5799	
0.221925	-48.445198	280.4599	
0.22195	-48.443924	280.34003	
0.221975	-48.44263	280.22018	
0.222	-48.44132	280.10046	
0.222025	-48.439995	279.9808	
0.22205	-48.438652	279.8612	
0.222075	-48.437294	279.7417	
0.2221	-48.435917	279.62228	
0.222125	-48.434525	279.50293	
0.22215	-48.433117	279.38364	
0.222175	-48.43169	279.26447	
0.2222	-48.43025	279.14532	
0.222225	-48.428787	279.0263	
0.22225	-48.42731	278.90735	
0.222275	-48.425816	278.78845	
0.2223	-48.424305	278.66965	
0.222325	-48.422775	278.55093	
0.22235	-48.42123	278.43228	
0.222375	-48.419666	278.31372	
0.2224	-48.418083	278.19522	
0.222425	-48.416485	278.0768	
0.22245	-48.414867	277.95847	
0.222475	-48.41323	277.8402	
0.2225	-48.41158	277.72205	
0.222525	-48.40991	277.60394	
0.22255	-48.40822	277.4859	
0.222575	-48.406513	277.36798	
0.2226	-48.404785	277.2501	
0.222625	-48.40304	277.13232	
0.22265	-48.40128	277.01462	
0.222675	-48.399498	276.89697	
0.2227	-48.3977	276.77942	
0.222725	-48.39588	276.66193	
0.22275	-48.394047	276.54453	
0.222775	-48.39219	276.42722	
0.2228	-48.390316	276.30997	
0.222825	-48.38842	276.1928	
0.22285	-48.38651	276.0757	
0.222875	-48.384575	275.9587	
0.2229	-48.38262	275.8418	
0.222925	-48.380653	275.72495	
0.22295	-48.378662	275.60815	
0.222975	-48.37665	275.49146	
0.223	-48.37462	275.37485	
0.223025	-48.37257	275.2583	
0.22305	-48.3705	275.14185	
0.223075	-48.36841	275.02545	
0.2231	-48.3663	274.90915	
0.223125	-48.36417	274.7929	
0.22315	-48.36202	274.67676	
0.223175	-48.359844	274.5607	
0.2232	-48.357655	274.4447	
0.223225	-48.355442	274.3288	
0.22325	-48.353207	274.21295	
0.223275	-48.350952	274.0972	
0.2233	-48.34868	273.9815	
0.223325	-48.346382	273.8659	
0.22335	-48.344063	273.75037	
0.223375	-48.341724	273.63492	
0.2234	-48.339363	273.51956	
0.223425	-48.33698	273.40427	
0.22345	-48.334576	273.28903	
0.223475	-48.33215	273.17392	
0.2235	-48.3297	273.05887	
0.223525	-48.327232	272.94388	
0.22355	-48.32474	272.82898	
0.223575	-48.322224	272.71414	
0.2236	-48.319687	272.5994	
0.223625	-48.317127	272.48474	
0.22365	-48.314545	272.37015	
0.223675	-48.31194	272.25565	
0.2237	-48.30931	272.1412	
0.223725	-48.30666	272.02686	
0.22375	-48.303986	271.91257	
0.223775	-48.30129	271.79837	
0.2238	-48.29857	271.68427	
0.223825	-48.295822	271.57022	
0.22385	-48.293053	271.45624	
0.223875	-48.29026	271.34235	
0.2239	-48.287445	271.22855	
0.223925	-48.284603	271.1148	
0.22395	-48.28174	271.00116	
0.223975	-48.278847	270.8876	
0.224	-48.275932	270.7741	
0.224025	-48.27299	270.66068	
0.22405	-48.270027	270.54736	
0.224075	-48.26704	270.43408	
0.2241	-48.264023	270.32092	
0.224125	-48.260986	270.2078	
0.22415	-48.25792	270.0948	
0.224175	-48.254826	269.98184	
0.2242	-48.25171	269.86896	
0.224225	-48.248566	269.75616	
0.22425	-48.245396	269.64346	
0.224275	-48.242203	269.53082	
0.2243	-48.23898	269.41827	
0.224325	-48.23573	269.30582	
0.22435	-48.232452	269.19342	
0.224375	-48.22915	269.0811	
0.2244	-48.22582	268.96884	
0.224425	-48.22246	268.8567	
0.22445	-48.219074	268.7446	
0.224475	-48.215664	268.6326	
0.2245	-48.21222	268.52066	
0.224525	-48.20875	268.4088	
0.22455	-48.205254	268.29706	
0.224575	-48.201725	268.18536	
0.2246	-48.19817	268.07376	
0.224625	-48.194588	267.96222	
0.22465	-48.190975	267.85077	
0.224675	-48.187332	267.73938	
0.2247	-48.18366	267.62808	
0.224725	-48.17996	267.51688	
0.22475	-48.176224	267.40573	
0.224775	-48.172462	267.29468	
0.2248	-48.16867	267.1837	
0.224825	-48.16485	267.07278	
0.22485	-48.16099	266.96198	
0.224875	-48.15711	266.85123	
0.2249	-48.15319	266.74057	
0.224925	-48.149242	266.62997	
0.22495	-48.145264	266.51947	
0.224975	-48.141254	266.40906	
0.225	-48.13721	266.2987	
0.225025	-48.133133	266.18842	
0.22505	-48.129025	266.07825	
0.225075	-48.12488	265.96814	
0.2251	-48.12071	265.8581	
0.225125	-48.1165	265.74814	
0.22515	-48.112255	265.63828	
0.225175	-48.107983	265.52847	
0.2252	-48.103672	265.41876	
0.225225	-48.099327	265.3091	
0.22525	-48.094948	265.19955	
0.225275	-48.09053	265.0901	
0.2253	-48.086082	264.98068	
0.225325	-48.081596	264.87137	
0.22535	-48.077076	264.76215	
0.225375	-48.072517	264.65298	
0.2254	-48.067924	264.5439	
0.225425	-48.063293	264.4349	
0.22545	-48.058624	264.326	
0.225475	-48.05392	264.21716	
0.2255	-48.049175	264.1084	
0.225525	-48.044395	263.99973	
0.22555	-48.039577	263.8911	
0.225575	-48.03472	263.7826	
0.2256	-48.029823	263.67416	
0.225625	-48.024887	263.5658	
0.22565	-48.019913	263.45752	
0.225675	-48.014896	263.34933	
0.2257	-48.009842	263.2412	
0.225725	-48.004745	263.13318	
0.22575	-47.999607	263.0252	
0.225775	-47.994427	262.91733	
0.2258	-47.98921	262.80954	
0.225825	-47.983944	262.7018	
0.22585	-47.97864	262.59418	
0.225875	-47.973293	262.48663	
0.2259	-47.9679	262.37915	
0.225925	-47.962467	262.27176	
0.22595	-47.956985	262.16446	
0.225975	-47.95146	262.05722	
0.226	-47.945896	261.95007	
0.226025	-47.94028	261.843	
0.22605	-47.934624	261.73602	
0.226075	-47.928917	261.6291	
0.2261	-47.923164	261.52228	
0.226125	-47.917366	261.41553	
0.22615	-47.91152	261.30887	
0.226175	-47.905624	261.2023	
0.2262	-47.89968	261.0958	
0.226225	-47.89369	260.98938	
0.22625	-47.88765	260.88303	
0.226275	-47.881557	260.77676	
0.2263	-47.875416	260.6706	
0.226325	-47.869225	260.5645	
0.22635	-47.86298	260.4585	
0.226375	-47.856686	260.35257	
0.2264	-47.850338	260.24673	
0.226425	-47.843933	260.14096	
0.22645	-47.83748	260.03528	
0.226475	-47.83097	259.9297	
0.2265	-47.82441	259.82416	
0.226525	-47.817787	259.71872	
0.22655	-47.811115	259.61337	
0.226575	-47.804382	259.50812	
0.2266	-47.797596	259.40292	
0.226625	-47.79075	259.29782	
0.22665	-47.783844	259.19278	
0.226675	-47.776882	259.08786	
0.2267	-47.76986	258.983	
0.226725	-47.762775	258.87823	
0.22675	-47.75563	258.77353	
0.226775	-47.748425	258.66895	
0.2268	-47.741158	258.56442	
0.226825	-47.733826	258.46	
0.22685	-47.726433	258.35562	
0.226875	-47.71897	258.25134	
0.2269	-47.71145	258.1472	
0.226925	-47.703857	258.04306	
0.22695	-47.6962	257.93906	
0.226975	-47.688473	257.8351	
0.227	-47.68068	257.73126	
0.227025	-47.672817	257.6275	
0.22705	-47.664883	257.52383	
0.227075	-47.65688	257.42023	
0.2271	-47.648804	257.3167	
0.227125	-47.640656	257.2133	
0.22715	-47.63243	257.10995	
0.227175	-47.624134	257.0067	
0.2272	-47.61576	256.90353	
0.227225	-47.60731	256.80045	
0.22725	-47.598785	256.69745	
0.227275	-47.59018	256.59454	
0.2273	-47.581493	256.49173	
0.227325	-47.57273	256.38898	
0.22735	-47.56388	256.28632	
0.227375	-47.55495	256.18375	
0.2274	-47.545937	256.08127	
0.227425	-47.53684	255.97888	
0.22745	-47.527653	255.87659	
0.227475	-47.51838	255.77437	
0.2275	-47.509018	255.67223	
0.227525	-47.499565	255.57019	
0.22755	-47.490025	255.46823	
0.227575	-47.48039	255.36636	
0.2276	-47.47066	255.26459	
0.227625	-47.460835	255.16289	
0.22765	-47.450916	255.06128	
0.227675	-47.440895	254.95976	
0.2277	-47.43078	254.85834	
0.227725	-47.42056	254.757	
0.22775	-47.41024	254.65576	
0.227775	-47.399815	254.5546	
0.2278	-47.389282	254.45352	
0.227825	-47.378643	254.35255	
0.22785	-47.367897	254.25166	
0.227875	-47.35704	254.15086	
0.2279	-47.34607	254.05016	
0.227925	-47.334988	253.94952	
0.22795	-47.323788	253.849	
0.227975	-47.31247	253.74857	
0.228	-47.301033	253.64822	
0.228025	-47.289474	253.54796	
0.22805	-47.27779	253.4478	
0.228075	-47.26598	253.34773	
0.2281	-47.254044	253.24776	
0.228125	-47.241978	253.14787	
0.22815	-47.22978	253.04808	
0.228175	-47.217445	252.94838	
0.2282	-47.20497	252.84877	
0.228225	-47.192364	252.74927	
0.22825	-47.179607	252.64984	
0.228275	-47.166714	252.55052	
0.2283	-47.153667	252.4513	
0.228325	-47.140472	252.35216	
0.22835	-47.127125	252.25313	
0.228375	-47.113625	252.15417	
0.2284	-47.09996	252.05534	
0.228425	-47.08614	251.95659	
0.22845	-47.07215	251.85793	
0.228475	-47.057995	251.75938	
0.2285	-47.04367	251.66092	
0.228525	-47.029167	251.56256	
0.22855	-47.01449	251.4643	
0.228575	-46.99963	251.36613	
0.2286	-46.98458	251.26807	
0.228625	-46.969345	251.1701	
0.22865	-46.95392	251.07224	
0.228675	-46.938293	250.97447	
0.2287	-46.922462	250.8768	
0.228725	-46.90643	250.77924	
0.22875	-46.890186	250.68178	
0.228775	-46.873726	250.58441	
0.2288	-46.857048	250.48715	
0.228825	-46.840145	250.39	
0.22885	-46.823013	250.29295	
0.228875	-46.805645	250.196	
0.2289	-46.788033	250.09917	
0.228925	-46.77018	250.00243	
0.22895	-46.75207	249.90579	
0.228975	-46.733704	249.80927	
0.229	-46.715073	249.71284	
0.229025	-46.69617	249.61653	
0.22905	-46.67699	249.52034	
0.229075	-46.657524	249.42424	
0.2291	-46.637764	249.32826	
0.229125	-46.617706	249.23238	
0.22915	-46.59734	249.13661	
0.229175	-46.57666	249.04097	
0.2292	-46.555653	248.94542	
0.229225	-46.53431	248.85	
0.22925	-46.512627	248.75468	
0.229275	-46.49059	248.65948	
0.2293	-46.46819	248.5644	
0.229325	-46.44542	248.46944	
0.22935	-46.42226	248.37459	
0.229375	-46.39871	248.27986	
0.2294	-46.37475	248.18524	
0.229425	-46.35037	248.09076	
0.22945	-46.325554	247.99638	
0.229475	-46.300293	247.90213	
0.2295	-46.274574	247.80801	
0.229525	-46.248375	247.714	
0.22955	-46.221684	247.62013	
0.229575	-46.194485	247.52638	
0.2296	-46.16676	247.43277	
0.229625	-46.138493	247.33928	
0.22965	-46.109657	247.24591	
0.229675	-46.08024	247.15268	
0.2297	-46.050217	247.05959	
0.229725	-46.019566	246.96663	
0.22975	-45.988262	246.8738	
0.229775	-45.95628	246.78111	
0.2298	-45.923595	246.68857	
0.229825	-45.89018	246.59616	
0.22985	-45.856	246.50389	
0.229875	-45.821026	246.41177	
0.2299	-45.785225	246.31981	
0.229925	-45.748558	246.228	
0.22995	-45.71099	246.13632	
0.229975	-45.672478	246.0448	
0.23	-45.632977	245.95345	
0.230025	-45.59244	245.86224	
0.23005	-45.550823	245.7712	
0.230075	-45.508064	245.68033	
0.2301	-45.464108	245.58961	
0.230125	-45.41889	245.49907	
0.23015	-45.37235	245.4087	
0.230175	-45.324406	245.31851	
0.2302	-45.274982	245.2285	
0.230225	-45.223995	245.13867	
0.23025	-45.171345	245.04903	
0.230275	-45.116936	244.95958	
0.2303	-45.06065	244.87033	
0.230325	-45.00237	244.78128	
0.23035	-44.94196	244.69244	
0.230375	-44.87927	244.6038	
0.2304	-44.814137	244.5154	
0.230425	-44.746372	244.42722	
0.23045	-44.67578	244.33925	
0.230475	-44.60213	244.25154	
0.2305	-44.525166	244.16406	
0.230525	-44.444595	244.07684	
0.23055	-44.36009	243.9899	
0.230575	-44.27128	243.90323	
0.2306	-44.17773	243.81685	
0.230625	-44.07895	243.73076	
0.23065	-43.974358	243.64499	
0.230675	-43.863277	243.55956	
0.2307	-43.74491	243.47447	
0.230725	-43.618305	243.38976	
0.23075	-43.482307	243.30544	
0.230775	-43.33551	243.22153	
0.2308	-43.176178	243.13808	
0.230825	-43.00213	243.0551	
0.23085	-42.810555	242.97267	
0.230875	-42.597805	242.89082	
0.2309	-42.35898	242.80962	
0.230925	-42.08729	242.72914	
0.23095	-41.77304	242.6495	
0.230975	-41.40164	242.57085	
0.231	-40.949852	242.49336	
0.231025	-48.5	322.41736	
0.23105	-48.5	322.2711	
0.231075	-48.50268	322.1249	
0.2311	-48.50536	321.97882	
0.231125	-48.508038	321.83282	
0.23115	-48.51071	321.6869	
0.231175	-48.513386	321.54108	
0.2312	-48.516056	321.3953	
0.231225	-48.518726	321.24963	
0.23125	-48.521397	321.10406	
0.231275	-48.524063	320.95856	
0.2313	-48.526726	320.81314	
0.231325	-48.52939	320.66782	
0.23135	-48.53205	320.52255	
0.231375	-48.53471	320.3774	
0.2314	-48.537365	320.23233	
0.231425	-48.54002	320.0873	
0.23145	-48.542675	319.9424	
0.231475	-48.545322	319.79758	
0.2315	-48.547974	319.65283	
0.231525	-48.55062	319.50818	
0.23155	-48.553265	319.36362	
0.231575	-48.555904	319.21912	
0.2316	-48.558548	319.0747	
0.231625	-48.561184	318.9304	
0.23165	-48.56382	318.78613	
0.231675	-48.566452	318.64197	
0.2317	-48.569084	318.4979	
0.231725	-48.571712	318.3539	
0.23175	-48.57434	318.21002	
0.231775	-48.576965	318.0662	
0.2318	-48.579586	317.92245	
0.231825	-48.582207	317.77878	
0.23185	-48.584824	317.63522	
0.231875	-48.58744	317.49173	
0.2319	-48.59005	317.34833	
0.231925	-48.592663	317.205	
0.23195	-48.59527	317.06174	
0.231975	-48.597874	316.91858	
0.232	-48.600475	316.7755	
0.232025	-48.603077	316.63254	
0.23205	-48.60567	316.48962	
0.232075	-48.608265	316.3468	
0.2321	-48.61086	316.20404	
0.232125	-48.61345	316.06137	
0.23215	-48.616035	315.9188	
0.232175	-48.618618	315.7763	
0.2322	-48.621197	315.6339	
0.232225	-48.623775	315.49158	
0.23225	-48.62635	315.3493	
0.232275	-48.628925	315.20715	
0.2323	-48.631493	315.06506	
0.232325	-48.63406	314.92307	
0.23235	-48.636623	314.78116	
0.232375	-48.639187	314.6393	
0.2324	-48.641743	314.49756	
0.232425	-48.6443	314.3559	
0.23245	-48.64685	314.2143	
0.232475	-48.6494	314.07278	
0.2325	-48.651943	313.93137	
0.232525	-48.654488	313.79	
0.23255	-48.65703	313.64877	
0.232575	-48.659565	313.50757	
0.2326	-48.662098	313.3665	
0.232625	-48.664627	313.22546	
0.23265	-48.667152	313.08453	
0.232675	-48.669678	312.9437	
0.2327	-48.6722	312.80292	
0.232725	-48.674717	312.66223	
0.23275	-48.67723	312.5216	
0.232775	-48.67974	312.3811	
0.2328	-48.682247	312.24066	
0.232825	-48.68475	312.10028	
0.23285	-48.687252	311.96	
0.232875	-48.689747	311.8198	
0.2329	-48.69224	311.6797	
0.232925	-48.694733	311.53964	
0.23295	-48.69722	311.3997	
0.232975	-48.6997	311.25983	
0.233	-48.70218	311.12003	
0.233025	-48.704655	310.98032	
0.23305	-48.70713	310.8407	
0.233075	-48.7096	310.70114	
0.2331	-48.712063	310.56168	
0.233125	-48.714523	310.42227	
0.23315	-48.71698	310.28296	
0.233175	-48.719437	310.14374	
0.2332	-48.721886	310.0046	
0.233225	-48.72433	309.86554	
0.23325	-48.726772	309.72656	
0.233275	-48.729214	309.58765	
0.2333	-48.731647	309.44882	
0.233325	-48.734077	309.3101	
0.23335	-48.736507	309.17145	
0.233375	-48.73893	309.03287	
0.2334	-48.74135	308.89435	
0.233425	-48.743763	308.75595	
0.23345	-48.746174	308.61758	
0.233475	-48.74858	308.47934	
0.2335	-48.750984	308.34116	
0.233525	-48.753384	308.20306	
0.23355	-48.75578	308.06506	
0.233575	-48.75817	307.92712	
0.2336	-48.760555	307.78925	
0.233625	-48.76294	307.6515	
0.23365	-48.76532	307.5138	
0.233675	-48.767693	307.37616	
0.2337	-48.77006	307.23865	
0.233725	-48.772427	307.1012	
0.23375	-48.774788	306.9638	
0.233775	-48.777145	306.8265	
0.2338	-48.7795	306.6893	
0.233825	-48.78185	306.55215	
0.23385	-48.78419	306.4151	
0.233875	-48.78653	306.27814	
0.2339	-48.788868	306.14124	
0.233925	-48.7912	306.00443	
0.23395	-48.79352	305.86768	
0.233975	-48.795845	305.73102	
0.234	-48.79816	305.59445	
0.234025	-48.800476	305.45795	
0.23405	-48.802784	305.32153	
0.234075	-48.805088	305.18518	
0.2341	-48.807384	305.04892	
0.234125	-48.80968	304.91275	
0.23415	-48.81197	304.77664	
0.234175	-48.814255	304.64062	
0.2342	-48.816536	304.5047	
0.234225	-48.81881	304.36884	
0.23425	-48.82108	304.23303	
0.234275	-48.823345	304.09735	
0.2343	-48.825607	303.9617	
0.234325	-48.82786	303.82617	
0.23435	-48.830116	303.6907	
0.234375	-48.832363	303.55533	
0.2344	-48.834602	303.42	
0.234425	-48.836838	303.2848	
0.23445	-48.83907	303.14963	
0.234475	-48.841297	303.01456	
0.2345	-48.84352	302.87955	
0.234525	-48.845737	302.74466	
0.23455	-48.847946	302.6098	
0.234575	-48.850155	302.47507	
0.2346	-48.852356	302.3404	
0.234625	-48.854553	302.20578	
0.23465	-48.856743	302.07126	
0.234675	-48.85893	301.93683	
0.2347	-48.86111	301.80246	
0.234725	-48.863285	301.66818	
0.23475	-48.865456	301.53397	
0.234775	-48.867622	301.39984	
0.2348	-48.86978	301.26578	
0.234825	-48.871937	301.1318	
0.23485	-48.874084	300.99792	
0.234875	-48.876232	300.8641	
0.2349	-48.87837	300.73038	
0.234925	-48.8805	300.5967	
0.23495	-48.88263	300.46313	
0.234975	-48.884754	300.32962	
0.235	-48.88687	300.1962	
0.235025	-48.88898	300.06287	
0.23505	-48.891087	299.9296	
0.235075	-48.89319	299.79642	
0.2351	-48.895283	299.6633	
0.235125	-48.897373	299.53027	
0.23515	-48.899456	299.3973	
0.235175	-48.901535	299.26443	
0.2352	-48.903606	299.13162	
0.235225	-48.905674	298.9989	
0.23525	-48.907734	298.86627	
0.235275	-48.90979	298.7337	
0.2353	-48.91184	298.60123	
0.235325	-48.913883	298.4688	
0.23535	-48.915924	298.33646	
0.235375	-48.917953	298.20422	
0.2354	-48.919983	298.07205	
0.235425	-48.922005	297.93994	
0.23545	-48.92402	297.80792	
0.235475	-48.926025	297.67596	
0.2355	-48.928032	297.5441	
0.235525	-48.930027	297.41232	
0.23555	-48.93202	297.2806	
0.235575	-48.934006	297.14896	
0.2356	-48.935986	297.0174	
0.235625	-48.937958	296.88593	
0.23565	-48.939926	296.75452	
0.235675	-48.941887	296.6232	
0.2357	-48.943844	296.49194	
0.235725	-48.945793	296.36078	
0.23575	-48.947735	296.22968	
0.235775	-48.949673	296.09866	
0.2358	-48.951603	295.9677	
0.235825	-48.95353	295.83685	
0.23585	-48.95545	295.7061	
0.235875	-48.95736	295.57535	
0.2359	-48.959267	295.44473	
0.235925	-48.961166	295.31418	
0.23595	-48.96306	295.1837	
0.235975	-48.964947	295.05328	
0.236	-48.966827	294.92297	
0.236025	-48.9687	294.79272	
0.23605	-48.97057	294.66254	
0.236075	-48.97243	294.53244	
0.2361	-48.97429	294.40244	
0.236125	-48.97614	294.2725	
0.23615	-48.97798	294.14264	
0.236175	-48.979816	294.01285	
0.2362	-48.981647	293.88312	
0.236225	-48.98347	293.75348	
0.23625	-48.985287	293.62393	
0.236275	-48.9871	293.49445	
0.2363	-48.9889	293.36505	
0.236325	-48.9907	293.23572	
0.23635	-48.99249	293.10645	
0.236375	-48.994274	292.9773	
0.2364	-48.99605	292.84818	
0.236425	-48.99782	292.71915	
0.23645	-48.999584	292.5902	
0.236475	-49.001343	292.46133	
0.2365	-49.003094	292.33255	
0.236525	-49.004837	292.20383	
0.23655	-49.006573	292.07516	
0.236575	-49.008305	291.9466	
0.2366	-49.01003	291.8181	
0.236625	-49.011745	291.6897	
0.23665	-49.013454	291.56137	
0.236675	-49.015156	291.4331	
0.2367	-49.016853	291.3049	
0.236725	-49.018543	291.1768	
0.23675	-49.020226	291.04877	
0.236775	-49.0219	290.9208	
0.2368	-49.02357	290.7929	
0.236825	-49.02523	290.6651	
0.23685	-49.026886	290.53738	
0.236875	-49.028534	290.40973	
0.2369	-49.030174	290.28214	
0.236925	-49.031807	290.15463	
0.23695	-49.033432	290.0272	
0.236975	-49.035053	289.89984	
0.237	-49.036667	289.77255	
0.237025	-49.03827	289.64536	
0.23705	-49.039867	289.51822	
0.237075	-49.04146	289.39117	
0.2371	-49.043045	289.2642	
0.237125	-49.04462	289.1373	
0.23715	-49.04619	289.01047	
0.237175	-49.047752	288.88373	
0.2372	-49.049305	288.75705	
0.237225	-49.050854	288.63046	
0.23725	-49.052395	288.50394	
0.237275	-49.05393	288.37747	
0.2373	-49.055454	288.2511	
0.237325	-49.056973	288.1248	
0.23735	-49.058483	287.99857	
0.237375	-49.059986	287.87244	
0.2374	-49.06148	287.74634	
0.237425	-49.06297	287.62036	
0.23745	-49.064453	287.49442	
0.237475	-49.065926	287.3686	
0.2375	-49.067394	287.2428	
0.237525	-49.06885	287.1171	
0.23755	-49.070305	286.9915	
0.237575	-49.071747	286.86594	
0.2376	-49.073185	286.74045	
0.237625	-49.07461	286.61505	
0.23765	-49.076035	286.48975	
0.237675	-49.077446	286.3645	
0.2377	-49.078854	286.23932	
0.237725	-49.080254	286.11423	
0.23775	-49.081642	285.9892	
0.237775	-49.083027	285.86423	
0.2378	-49.084404	285.73935	
0.237825	-49.08577	285.61456	
0.23785	-49.08713	285.48984	
0.237875	-49.08848	285.36517	
0.2379	-49.08983	285.2406	
0.237925	-49.091164	285.1161	
0.23795	-49.092495	284.99167	
0.237975	-49.093815	284.8673	
0.238	-49.095127	284.74304	
0.238025	-49.096436	284.61884	
0.23805	-49.097733	284.4947	
0.238075	-49.099022	284.37064	
0.2381	-49.100304	284.24667	
0.238125	-49.101578	284.12274	
0.23815	-49.102844	283.99893	
0.238175	-49.104103	283.87515	
0.2382	-49.105354	283.75146	
0.238225	-49.106598	283.62787	
0.23825	-49.10783	283.50433	
0.238275	-49.10906	283.38086	
0.2383	-49.110275	283.25748	
0.238325	-49.111485	283.13416	
0.23835	-49.11269	283.01093	
0.238375	-49.113884	282.88776	
0.2384	-49.11507	282.76465	
0.238425	-49.11625	282.64163	
0.23845	-49.117416	282.5187	
0.238475	-49.11858	282.3958	
0.2385	-49.11973	282.27304	
0.238525	-49.12088	282.1503	
0.23855	-49.122017	282.02765	
0.238575	-49.123146	281.9051	
0.2386	-49.124268	281.7826	
0.238625	-49.12538	281.66016	
0.23865	-49.126484	281.5378	
0.238675	-49.12758	281.41553	
0.2387	-49.12867	281.2933	
0.238725	-49.12975	281.17117	
0.23875	-49.13082	281.04913	
0.238775	-49.13188	280.92712	
0.2388	-49.13294	280.80524	
0.238825	-49.133984	280.68338	
0.23885	-49.13502	280.5616	
0.238875	-49.13605	280.43994	
0.2389	-49.137074	280.3183	
0.238925	-49.138084	280.19678	
0.23895	-49.13909	280.0753	
0.238975	-49.140087	279.9539	
0.239	-49.141075	279.83258	
0.239025	-49.14205	279.71133	
0.23905	-49.143024	279.59015	
0.239075	-49.143986	279.46906	
0.2391	-49.14494	279.34802	
0.239125	-49.145885	279.22705	
0.23915	-49.14682	279.10617	
0.239175	-49.147747	278.98535	
0.2392	-49.148666	278.86462	
0.239225	-49.14958	278.74396	
0.23925	-49.15048	278.62338	
0.239275	-49.151375	278.50284	
0.2393	-49.152256	278.38242	
0.239325	-49.153133	278.26202	
0.23935	-49.154	278.14172	
0.239375	-49.15486	278.0215	
0.2394	-49.15571	277.90137	
0.239425	-49.15655	277.78128	
0.23945	-49.157383	277.6613	
0.239475	-49.158207	277.54135	
0.2395	-49.159023	277.42148	
0.239525	-49.15983	277.3017	
0.23955	-49.160625	277.18198	
0.239575	-49.161415	277.06232	
0.2396	-49.162193	276.94275	
0.239625	-49.162964	276.82327	
0.23965	-49.163727	276.70383	
0.239675	-49.16448	276.5845	
0.2397	-49.165222	276.4652	
0.239725	-49.16596	276.346	
0.23975	-49.166683	276.22687	
0.239775	-49.1674	276.10782	
0.2398	-49.16811	275.98883	
0.239825	-49.168808	275.8699	
0.23985	-49.1695	275.75107	
0.239875	-49.17018	275.6323	
0.2399	-49.170853	275.5136	
0.239925	-49.171516	275.395	
0.23995	-49.172173	275.27643	
0.239975	-49.172817	275.15793	
0.24	-49.173454	275.03952	
0.240025	-49.17408	274.9212	
0.24005	-49.174698	274.80295	
0.240075	-49.17531	274.68475	
0.2401	-49.175907	274.56662	
0.240125	-49.1765	274.44858	
0.24015	-49.17708	274.3306	
0.240175	-49.17765	274.2127	
0.2402	-49.178215	274.09488	
0.240225	-49.17877	273.9771	
0.24025	-49.17931	273.85944	
0.240275	-49.179848	273.74182	
0.2403	-49.180374	273.6243	
0.240325	-49.18089	273.50684	
0.24035	-49.181396	273.38943	
0.240375	-49.181896	273.2721	
0.2404	-49.182384	273.15485	
0.240425	-49.182865	273.0377	
0.24045	-49.183334	272.92056	
0.240475	-49.183796	272.80353	
0.2405	-49.184246	272.68658	
0.240525	-49.18469	272.56967	
0.24055	-49.18512	272.45285	
0.240575	-49.185543	272.33612	
0.2406	-49.185955	272.21945	
0.240625	-49.18636	272.10284	
0.24065	-49.186756	271.9863	
0.240675	-49.18714	271.86984	
0.2407	-49.187515	271.75345	
0.240725	-49.18788	271.63715	
0.24075	-49.18824	271.5209	
0.240775	-49.188587	271.40472	
0.2408	-49.188923	271.28864	
0.240825	-49.18925	271.1726	
0.24085	-49.18957	271.05664	
0.240875	-49.18988	270.94077	
0.2409	-49.190178	270.82495	
0.240925	-49.190468	270.7092	
0.24095	-49.190746	270.59354	
0.240975	-49.191017	270.47794	
0.241	-49.19128	270.3624	
0.241025	-49.19153	270.24695	
0.24105	-49.191772	270.13156	
0.241075	-49.192	270.01627	
0.2411	-49.192223	269.901	
0.241125	-49.192436	269.78586	
0.24115	-49.19264	269.67075	
0.241175	-49.19283	269.55573	
0.2412	-49.193012	269.44077	
0.241225	-49.193184	269.32587	
0.24125	-49.193348	269.21106	
0.241275	-49.1935	269.09634	
0.2413	-49.193645	268.98166	
0.241325	-49.193775	268.86707	
0.24135	-49.1939	268.75253	
0.241375	-49.194016	268.6381	
0.2414	-49.19412	268.52368	
0.241425	-49.19421	268.4094	
0.24145	-49.194294	268.29514	
0.241475	-49.194366	268.18097	
0.2415	-49.19443	268.06686	
0.241525	-49.194485	267.95285	
0.24155	-49.194527	267.8389	
0.241575	-49.19456	267.725	
0.2416	-49.194584	267.61118	
0.241625	-49.1946	267.49744	
0.24165	-49.194603	267.38376	
0.241675	-49.194595	267.27017	
0.2417	-49.19458	267.15665	
0.241725	-49.19455	267.04318	
0.24175	-49.194515	266.92978	
0.241775	-49.194466	266.81647	
0.2418	-49.19441	266.70322	
0.241825	-49.19434	266.59006	
0.24185	-49.194263	266.47696	
0.241875	-49.194176	266.36392	
0.2419	-49.194077	266.25095	
0.241925	-49.193966	266.13806	
0.24195	-49.193848	266.02524	
0.241975	-49.193718	265.91248	
0.242	-49.19358	265.7998	
0.242025	-49.193428	265.6872	
0.24205	-49.193268	265.57468	
0.242075	-49.1931	265.4622	
0.2421	-49.192917	265.3498	
0.242125	-49.192726	265.2375	
0.24215	-49.192524	265.1252	
0.242175	-49.19231	265.01303	
0.2422	-49.19209	264.9009	
0.242225	-49.191856	264.78888	
0.24225	-49.191612	264.6769	
0.242275	-49.191357	264.565	
0.2423	-49.191093	264.4532	
0.242325	-49.19082	264.3414	
0.24235	-49.190533	264.22974	
0.242375	-49.190235	264.1181	
0.2424	-49.189926	264.00656	
0.242425	-49.18961	263.89508	
0.24245	-49.18928	263.78366	
0.242475	-49.188942	263.67233	
0.2425	-49.188595	263.56107	
0.242525	-49.188232	263.44986	
0.24255	-49.187862	263.33875	
0.242575	-49.18748	263.2277	
0.2426	-49.187088	263.1167	
0.242625	-49.186684	263.0058	
0.24265	-49.18627	262.89496	
0.242675	-49.185844	262.78418	
0.2427	-49.18541	262.67346	
0.242725	-49.184963	262.56284	
0.24275	-49.184505	262.45227	
0.242775	-49.18404	262.34177	
0.2428	-49.18356	262.23135	
0.242825	-49.18307	262.121	
0.24285	-49.18257	262.0107	
0.242875	-49.18206	261.9005	
0.2429	-49.181538	261.79037	
0.242925	-49.181004	261.6803	
0.24295	-49.180458	261.57028	
0.242975	-49.1799	261.46036	
0.243	-49.179337	261.3505	
0.243025	-49.178757	261.24072	
0.24305	-49.17817	261.13098	
0.243075	-49.17757	261.02133	
0.2431	-49.17696	260.91177	
0.243125	-49.17634	260.80225	
0.24315	-49.175705	260.6928	
0.243175	-49.17506	260.58344	
0.2432	-49.174404	260.47415	
0.243225	-49.173737	260.3649	
0.24325	-49.17306	260.25574	
0.243275	-49.17237	260.14667	
0.2433	-49.17167	260.03763	
0.243325	-49.17096	259.92868	
0.24335	-49.170235	259.8198	
0.243375	-49.169502	259.711	
0.2434	-49.168755	259.60226	
0.243425	-49.168	259.4936	
0.24345	-49.16723	259.38498	
0.243475	-49.16645	259.27646	
0.2435	-49.165657	259.168	
0.243525	-49.164856	259.0596	
0.24355	-49.164043	258.95126	
0.243575	-49.163216	258.84302	
0.2436	-49.16238	258.73483	
0.243625	-49.16153	258.6267	
0.24365	-49.16067	258.51868	
0.243675	-49.159798	258.4107	
0.2437	-49.158916	258.3028	
0.243725	-49.15802	258.19498	
0.24375	-49.157112	258.0872	
0.243775	-49.156193	257.9795	
0.2438	-49.155266	257.8719	
0.243825	-49.154324	257.7643	
0.24385	-49.15337	257.65683	
0.243875	-49.152405	257.5494	
0.2439	-49.15143	257.44208	
0.243925	-49.150436	257.3348	
0.24395	-49.149437	257.2276	
0.243975	-49.148426	257.12045	
0.244	-49.1474	257.0134	
0.244025	-49.146362	256.90637	
0.24405	-49.145313	256.79947	
0.244075	-49.144257	256.6926	
0.2441	-49.14318	256.58582	
0.244125	-49.142097	256.4791	
0.24415	-49.141003	256.37244	
0.244175	-49.139893	256.26584	
0.2442	-49.138775	256.15933	
0.244225	-49.13764	256.0529	
0.24425	-49.136497	255.94652	
0.244275	-49.135338	255.84021	
0.2443	-49.13417	255.73398	
0.244325	-49.132988	255.6278	
0.24435	-49.131794	255.52171	
0.244375	-49.13059	255.41568	
0.2444	-49.12937	255.30972	
0.244425	-49.128143	255.20384	
0.24445	-49.1269	255.09802	
0.244475	-49.125645	254.99226	
0.2445	-49.12438	254.88658	
0.244525	-49.123096	254.78098	
0.24455	-49.121803	254.67543	
0.244575	-49.1205	254.56996	
0.2446	-49.119183	254.46455	
0.244625	-49.11785	254.35922	
0.24465	-49.116512	254.25395	
0.244675	-49.115154	254.14876	
0.2447	-49.11379	254.04362	
0.244725	-49.112408	253.93857	
0.24475	-49.111015	253.83359	
0.244775	-49.10961	253.72867	
0.2448	-49.108192	253.62381	
0.244825	-49.106762	253.51903	
0.24485	-49.105316	253.41432	
0.244875	-49.10386	253.30968	
0.2449	-49.10239	253.2051	
0.244925	-49.10091	253.1006	
0.24495	-49.099415	252.99615	
0.244975	-49.097904	252.89178	
0.245	-49.096382	252.78749	
0.245025	-49.09485	252.68326	
0.24505	-49.093304	252.5791	
0.245075	-49.091743	252.475	
0.2451	-49.090168	252.37099	
0.245125	-49.08858	252.26703	
0.24515	-49.086983	252.16315	
0.245175	-49.08537	252.05934	
0.2452	-49.083744	251.95558	
0.245225	-49.082104	251.85191	
0.24525	-49.080452	251.7483	
0.245275	-49.078785	251.64476	
0.2453	-49.077106	251.54129	
0.245325	-49.075413	251.4379	
0.24535	-49.073708	251.33456	
0.245375	-49.071987	251.2313	
0.2454	-49.07025	251.1281	
0.245425	-49.06851	251.02498	
0.24545	-49.066746	250.92192	
0.245475	-49.064972	250.81892	
0.2455	-49.063183	250.716	
0.245525	-49.061382	250.61316	
0.24555	-49.059566	250.51038	
0.245575	-49.05774	250.40765	
0.2456	-49.055897	250.30501	
0.245625	-49.05404	250.20244	
0.24565	-49.05217	250.09993	
0.245675	-49.050285	249.9975	
0.2457	-49.048386	249.89513	
0.245725	-49.046474	249.79283	
0.24575	-49.044548	249.6906	
0.245775	-49.042606	249.58842	
0.2458	-49.040653	249.48633	
0.245825	-49.038685	249.38431	
0.24585	-49.0367	249.28235	
0.245875	-49.034706	249.18047	
0.2459	-49.032696	249.07864	
0.245925	-49.03067	248.9769	
0.24595	-49.02863	248.87521	
0.245975	-49.026573	248.7736	
0.246	-49.024506	248.67206	
0.246025	-49.022423	248.57057	
0.24605	-49.020325	248.46918	
0.246075	-49.01821	248.36783	
0.2461	-49.016083	248.26656	
0.246125	-49.013943	248.16536	
0.24615	-49.011787	248.06422	
0.246175	-49.009613	247.96317	
0.2462	-49.007427	247.86217	
0.246225	-49.005226	247.76125	
0.24625	-49.003014	247.66039	
0.246275	-49.000782	247.55959	
0.2463	-48.998535	247.45888	
0.246325	-48.996273	247.35822	
0.24635	-48.994	247.25763	
0.246375	-48.991707	247.15712	
0.2464	-48.989403	247.05667	
0.246425	-48.98708	246.9563	
0.24645	-48.984745	246.85599	
0.246475	-48.98239	246.75574	
0.2465	-48.980026	246.65558	
0.246525	-48.977642	246.55547	
0.24655	-48.975243	246.45543	
0.246575	-48.972828	246.35547	
0.2466	-48.9704	246.25557	
0.246625	-48.967957	246.15573	
0.24665	-48.965492	246.05598	
0.246675	-48.963017	245.95628	
0.2467	-48.960526	245.85666	
0.246725	-48.958015	245.75711	
0.24675	-48.955494	245.65762	
0.246775	-48.952953	245.5582	
0.2468	-48.950397	245.45885	
0.246825	-48.947823	245.35957	
0.24685	-48.945236	245.26036	
0.246875	-48.94263	245.16121	
0.2469	-48.94001	245.06213	
0.246925	-48.937374	244.96313	
0.24695	-48.93472	244.8642	
0.246975	-48.93205	244.76532	
0.247	-48.929363	244.66652	
0.247025	-48.92666	244.56778	
0.24705	-48.92394	244.46912	
0.247075	-48.921204	244.37053	
0.2471	-48.91845	244.272	
0.247125	-48.91568	244.17354	
0.24715	-48.91289	244.07515	
0.247175	-48.910088	243.97682	
0.2472	-48.90727	243.87857	
0.247225	-48.90443	243.78038	
0.24725	-48.901577	243.68227	
0.247275	-48.898705	243.58421	
0.2473	-48.895813	243.48624	
0.247325	-48.892906	243.38834	
0.24735	-48.88998	243.29048	
0.247375	-48.88704	243.19272	
0.2474	-48.88408	243.095	
0.247425	-48.881104	242.99738	
0.24745	-48.87811	242.8998	
0.247475	-48.875095	242.8023	
0.2475	-48.872066	242.70486	
0.247525	-48.86902	242.60751	
0.24755	-48.86595	242.51021	
0.247575	-48.862865	242.41298	
0.2476	-48.859764	242.31583	
0.247625	-48.856644	242.21873	
0.24765	-48.853504	242.12172	
0.247675	-48.850346	242.02477	
0.2477	-48.84717	241.92789	
0.247725	-48.843975	241.83107	
0.24775	-48.840763	241.73433	
0.247775	-48.837532	241.63765	
0.2478	-48.83428	241.54103	
0.247825	-48.83101	241.44449	
0.24785	-48.82772	241.34802	
0.247875	-48.824413	241.25162	
0.2479	-48.821087	241.15529	
0.247925	-48.81774	241.05902	
0.24795	-48.814377	240.96281	
0.247975	-48.81099	240.86668	
0.248	-48.807587	240.77063	
0.248025	-48.80416	240.67464	
0.24805	-48.80072	240.57872	
0.248075	-48.797256	240.48286	
0.2481	-48.793774	240.38707	
0.248125	-48.79027	240.29135	
0.24815	-48.786747	240.19571	
0.248175	-48.783203	240.10013	
0.2482	-48.77964	240.00461	
0.248225	-48.776054	239.90916	
0.24825	-48.772453	239.8138	
0.248275	-48.768826	239.71849	
0.2483	-48.765182	239.62326	
0.248325	-48.761513	239.52809	
0.24835	-48.757828	239.43298	
0.248375	-48.75412	239.33795	
0.2484	-48.75039	239.243	
0.248425	-48.74664	239.1481	
0.24845	-48.742867	239.05327	
0.248475	-48.739075	238.95853	
0.2485	-48.73526	238.86383	
0.248525	-48.731422	238.76921	
0.24855	-48.727566	238.67467	
0.248575	-48.723686	238.58018	
0.2486	-48.719784	238.48576	
0.248625	-48.71586	238.39143	
0.24865	-48.711914	238.29715	
0.248675	-48.707947	238.20294	
0.2487	-48.703957	238.10881	
0.248725	-48.69994	238.01474	
0.24875	-48.695904	237.92075	
0.248775	-48.691845	237.82681	
0.2488	-48.687763	237.73296	
0.248825	-48.68366	237.63916	
0.24885	-48.67953	237.54544	
0.248875	-48.67538	237.45178	
0.2489	-48.671204	237.3582	
0.248925	-48.667007	237.26468	
0.24895	-48.662785	237.17123	
0.248975	-48.65854	237.07785	
0.249	-48.654266	236.98454	
0.249025	-48.64997	236.89131	
0.24905	-48.645653	236.79814	
0.249075	-48.64131	236.70503	
0.2491	-48.636944	236.612	
0.249125	-48.63255	236.51904	
0.24915	-48.62813	236.42615	
0.249175	-48.62369	236.33331	
0.2492	-48.619225	236.24055	
0.249225	-48.61473	236.14787	
0.24925	-48.61021	236.05525	
0.249275	-48.605667	235.9627	
0.2493	-48.601097	235.87022	
0.249325	-48.5965	235.77782	
0.24935	-48.59188	235.68547	
0.249375	-48.58723	235.5932	
0.2494	-48.582558	235.501	
0.249425	-48.577854	235.40887	
0.24945	-48.573128	235.3168	
0.249475	-48.56837	235.22481	
0.2495	-48.563587	235.13289	
0.249525	-48.55878	235.04103	
0.24955	-48.553944	234.94925	
0.249575	-48.549076	234.85753	
0.2496	-48.544186	234.76588	
0.249625	-48.539265	234.6743	
0.24965	-48.534313	234.5828	
0.249675	-48.529335	234.49136	
0.2497	-48.52433	234.4	
0.249725	-48.519295	234.3087	
0.24975	-48.51423	234.21747	
0.249775	-48.509136	234.12631	
0.2498	-48.504013	234.03522	
0.249825	-48.49886	233.9442	
0.24985	-48.49368	233.85326	
0.249875	-48.488464	233.76237	
0.2499	-48.483223	233.67155	
0.249925	-48.477947	233.58083	
0.24995	-48.472645	233.49016	
0.249975	-48.467308	233.39955	
0.25	-48.46194	233.30902	
0.250025	-48.456543	233.21857	
0.25005	-48.451115	233.12817	
0.250075	-48.445652	233.03786	
0.2501	-48.44016	232.9476	
0.250125	-48.434635	232.85742	
0.25015	-48.429077	232.76732	
0.250175	-48.423485	232.67728	
0.2502	-48.41786	232.58731	
0.250225	-48.4122	232.49742	
0.25025	-48.40651	232.4076	
0.250275	-48.400784	232.31783	
0.2503	-48.395023	232.22815	
0.250325	-48.38923	232.13853	
0.25035	-48.3834	232.04898	
0.250375	-48.377537	231.9595	
0.2504	-48.37164	231.8701	
0.250425	-48.365704	231.78078	
0.25045	-48.359734	231.69151	
0.250475	-48.353725	231.60233	
0.2505	-48.347683	231.5132	
0.250525	-48.341606	231.42415	
0.25055	-48.335487	231.33517	
0.250575	-48.329334	231.24626	
0.2506	-48.323143	231.15742	
0.250625	-48.31691	231.06866	
0.25065	-48.310642	230.97997	
0.250675	-48.304337	230.89134	
0.2507	-48.297993	230.8028	
0.250725	-48.291607	230.71431	
0.25075	-48.28518	230.6259	
0.250775	-48.278717	230.53757	
0.2508	-48.272213	230.4493	
0.250825	-48.265667	230.3611	
0.25085	-48.25908	230.27298	
0.250875	-48.25245	230.18492	
0.2509	-48.24578	230.09694	
0.250925	-48.239067	230.00903	
0.25095	-48.23231	229.9212	
0.250975	-48.225513	229.83344	
0.251	-48.218674	229.74574	
0.251025	-48.21179	229.65813	
0.25105	-48.204857	229.57057	
0.251075	-48.197884	229.4831	
0.2511	-48.190865	229.39569	
0.251125	-48.1838	229.30836	
0.25115	-48.17669	229.2211	
0.251175	-48.169533	229.13391	
0.2512	-48.16233	229.0468	
0.251225	-48.15508	228.95976	
0.25125	-48.14778	228.87279	
0.251275	-48.140434	228.78589	
0.2513	-48.133038	228.69907	
0.251325	-48.125595	228.61232	
0.25135	-48.1181	228.52563	
0.251375	-48.110554	228.43904	
0.2514	-48.10296	228.35251	
0.251425	-48.095314	228.26605	
0.25145	-48.087612	228.17966	
0.251475	-48.079865	228.09335	
0.2515	-48.07206	228.00711	
0.251525	-48.0642	227.92094	
0.25155	-48.056293	227.83485	
0.251575	-48.048325	227.74884	
0.2516	-48.040306	227.66289	
0.251625	-48.03223	227.57703	
0.25165	-48.024097	227.49123	
0.251675	-48.015907	227.4055	
0.2517	-48.00766	227.31985	
0.251725	-47.999355	227.23428	
0.25175	-47.99099	227.14879	
0.251775	-47.982567	227.06335	
0.2518	-47.97408	226.97801	
0.251825	-47.965534	226.89273	
0.25185	-47.95693	226.80754	
0.251875	-47.948257	226.72241	
0.2519	-47.939526	226.63736	
0.251925	-47.93073	226.55238	
0.25195	-47.921867	226.46748	
0.251975	-47.91294	226.38266	
0.252	-47.90395	226.29791	
0.252025	-47.89489	226.21324	
0.25205	-47.885765	226.12865	
0.252075	-47.876568	226.04411	
0.2521	-47.867302	225.95967	
0.252125	-47.857967	225.8753	
0.25215	-47.84856	225.79102	
0.252175	-47.83908	225.70679	
0.2522	-47.82953	225.62265	
0.252225	-47.819904	225.53859	
0.25225	-47.810204	225.4546	
0.252275	-47.800426	225.3707	
0.2523	-47.790573	225.28685	
0.252325	-47.78064	225.2031	
0.25235	-47.77063	225.11942	
0.252375	-47.76054	225.03583	
0.2524	-47.75037	224.9523	
0.252425	-47.740116	224.86885	
0.25245	-47.72978	224.78549	
0.252475	-47.71936	224.7022	
0.2525	-47.70885	224.61899	
0.252525	-47.698257	224.53586	
0.25255	-47.687576	224.4528	
0.252575	-47.676807	224.36983	
0.2526	-47.665947	224.28693	
0.252625	-47.65499	224.20412	
0.25265	-47.643948	224.12137	
0.252675	-47.632805	224.03871	
0.2527	-47.62157	223.95613	
0.252725	-47.610233	223.87364	
0.25275	-47.5988	223.79121	
0.252775	-47.58727	223.70888	
0.2528	-47.575634	223.62663	
0.252825	-47.563896	223.54445	
0.25285	-47.55205	223.46236	
0.252875	-47.540104	223.38034	
0.2529	-47.528046	223.2984	
0.252925	-47.515877	223.21655	
0.25295	-47.503597	223.13478	
0.252975	-47.491203	223.0531	
0.253	-47.478695	222.9715	
0.253025	-47.46607	222.88997	
0.25305	-47.453323	222.80853	
0.253075	-47.44046	222.72717	
0.2531	-47.427467	222.6459	
0.253125	-47.414352	222.56471	
0.25315	-47.40111	222.48361	
0.253175	-47.38774	222.40259	
0.2532	-47.374237	222.32166	
0.253225	-47.360596	222.2408	
0.25325	-47.346825	222.16003	
0.253275	-47.33291	222.07935	
0.2533	-47.318855	221.99875	
0.253325	-47.304653	221.91824	
0.25335	-47.290306	221.83781	
0.253375	-47.27581	221.75748	
0.2534	-47.261166	221.67723	
0.253425	-47.24636	221.59706	
0.25345	-47.2314	221.51698	
0.253475	-47.216278	221.437	
0.2535	-47.20099	221.3571	
0.253525	-47.185535	221.27728	
0.25355	-47.16991	221.19756	
0.253575	-47.15411	221.11792	
0.2536	-47.138134	221.03838	
0.253625	-47.121975	220.95892	
0.25365	-47.10563	220.87956	
0.253675	-47.089096	220.8003	
0.2537	-47.072372	220.72112	
0.253725	-47.05545	220.64203	
0.25375	-47.038326	220.56302	
0.253775	-47.020996	220.48412	
0.2538	-47.003452	220.4053	
0.253825	-46.9857	220.32658	
0.25385	-46.967724	220.24797	
0.253875	-46.949524	220.16943	
0.2539	-46.931095	220.091	
0.253925	-46.91243	220.01266	
0.25395	-46.893524	219.93443	
0.253975	-46.874374	219.85628	
0.254	-46.85497	219.77823	
0.254025	-46.835304	219.70029	
0.25405	-46.815376	219.62244	
0.254075	-46.795177	219.54468	
0.2541	-46.7747	219.46703	
0.254125	-46.75394	219.38948	
0.25415	-46.732883	219.31203	
0.254175	-46.71153	219.23468	
0.2542	-46.68986	219.15742	
0.254225	-46.66788	219.08029	
0.25425	-46.645576	219.00325	
0.254275	-46.622936	218.92632	
0.2543	-46.599953	218.84949	
0.254325	-46.576614	218.77277	
0.25435	-46.552914	218.69615	
0.254375	-46.52884	218.61964	
0.2544	-46.50438	218.54324	
0.254425	-46.479523	218.46695	
0.25445	-46.454258	218.39078	
0.254475	-46.42857	218.31471	
0.2545	-46.40245	218.23875	
0.254525	-46.37588	218.16292	
0.25455	-46.34885	218.08719	
0.254575	-46.32134	218.01158	
0.2546	-46.293335	217.9361	
0.254625	-46.264824	217.86072	
0.25465	-46.23578	217.78548	
0.254675	-46.206192	217.71034	
0.2547	-46.176037	217.63533	
0.254725	-46.145298	217.56044	
0.25475	-46.11395	217.48569	
0.254775	-46.08197	217.41106	
0.2548	-46.049335	217.33655	
0.254825	-46.01602	217.26218	
0.25485	-45.982002	217.18793	
0.254875	-45.947247	217.11382	
0.2549	-45.91172	217.03984	
0.254925	-45.8754	216.966	
0.25495	-45.838245	216.8923	
0.254975	-45.800224	216.81874	
0.255	-45.761295	216.74533	
0.255025	-45.721416	216.67206	
0.25505	-45.680546	216.59894	
0.255075	-45.63863	216.52597	
0.2551	-45.595627	216.45316	
0.255125	-45.551476	216.3805	
0.25515	-45.50612	216.30798	
0.255175	-45.459496	216.23564	
0.2552	-45.411537	216.16347	
0.255225	-45.362164	216.09146	
0.25525	-45.311302	216.01962	
0.255275	-45.258865	215.94797	
0.2553	-45.204754	215.87648	
0.255325	-45.148865	215.80519	
0.25535	-45.09109	215.73409	
0.255375	-45.0313	215.66318	
0.2554	-44.96936	215.59247	
0.255425	-44.90512	215.52196	
0.25545	-44.838413	215.45166	
0.255475	-44.769054	215.38158	
0.2555	-44.696835	215.31172	
0.255525	-44.62152	215.2421	
0.25555	-44.54286	215.17271	
0.255575	-44.46055	215.10358	
0.2556	-44.374256	215.0347	
0.255625	-44.283604	214.9661	
0.25565	-44.188152	214.89778	
0.255675	-44.08739	214.82974	
0.2557	-43.980736	214.76202	
0.255725	-43.867493	214.69463	
0.25575	-43.74684	214.62758	
0.255775	-43.61781	214.5609	
0.2558	-43.479206	214.4946	
0.255825	-43.329594	214.42871	
0.25585	-43.167175	214.36327	
0.255875	-42.989693	214.29832	
0.2559	-42.79425	214.2339	
0.255925	-42.577045	214.17006	
0.25595	-42.332962	214.10687	
0.255975	-42.054897	214.04442	
0.256	-41.732616	213.9828	
0.256025	-41.35063	213.9222	
0.25605	-40.88403	213.86278	
0.256075	-48.5	293.8049	
0.2561	-48.5	293.6765	
0.256125	-48.500137	293.54822	
0.25615	-48.500263	293.42	
0.256175	-48.500378	293.29187	
0.2562	-48.50048	293.1638	
0.256225	-48.500572	293.03583	
0.25625	-48.500656	292.90793	
0.256275	-48.500725	292.78012	
0.2563	-48.500786	292.65237	
0.256325	-48.500835	292.52472	
0.25635	-48.500874	292.39713	
0.256375	-48.5009	292.26962	
0.2564	-48.500916	292.1422	
0.256425	-48.50092	292.01486	
0.25645	-48.50091	291.8876	
0.256475	-48.500893	291.7604	
0.2565	-48.500862	291.63333	
0.256525	-48.50082	291.5063	
0.25655	-48.500767	291.37936	
0.256575	-48.5007	291.2525	
0.2566	-48.500626	291.1257	
0.256625	-48.500538	290.999	
0.25665	-48.50044	290.87238	
0.256675	-48.500328	290.74582	
0.2567	-48.500202	290.61935	
0.256725	-48.50007	290.49298	
0.25675	-48.499924	290.36667	
0.256775	-48.499763	290.24045	
0.2568	-48.499596	290.1143	
0.256825	-48.499413	289.98822	
0.25685	-48.499218	289.8622	
0.256875	-48.499012	289.73633	
0.2569	-48.498795	289.61047	
0.256925	-48.49856	289.48474	
0.25695	-48.49832	289.35907	
0.256975	-48.498066	289.23346	
0.257	-48.4978	289.10794	
0.257025	-48.49752	288.9825	
0.25705	-48.497227	288.85715	
0.257075	-48.496925	288.73187	
0.2571	-48.49661	288.6067	
0.257125	-48.496277	288.48157	
0.25715	-48.495937	288.3565	
0.257175	-48.495583	288.23157	
0.2572	-48.495216	288.10666	
0.257225	-48.49484	287.98187	
0.25725	-48.494446	287.85715	
0.257275	-48.49404	287.73248	
0.2573	-48.49362	287.60794	
0.257325	-48.49319	287.48343	
0.25735	-48.49275	287.35904	
0.257375	-48.49229	287.2347	
0.2574	-48.49182	287.11044	
0.257425	-48.49134	286.98627	
0.25745	-48.490845	286.86218	
0.257475	-48.490337	286.73816	
0.2575	-48.489815	286.61423	
0.257525	-48.48928	286.4904	
0.25755	-48.48873	286.3666	
0.257575	-48.48817	286.2429	
0.2576	-48.487595	286.1193	
0.257625	-48.487003	285.99573	
0.25765	-48.486404	285.87228	
0.257675	-48.485786	285.7489	
0.2577	-48.485157	285.62558	
0.257725	-48.484516	285.50235	
0.25775	-48.483856	285.3792	
0.257775	-48.48319	285.25613	
0.2578	-48.482502	285.13315	
0.257825	-48.481804	285.01022	
0.25785	-48.481094	284.8874	
0.257875	-48.480366	284.76465	
0.2579	-48.479626	284.64197	
0.257925	-48.478874	284.51938	
0.25795	-48.478104	284.39685	
0.257975	-48.47732	284.2744	
0.258	-48.476524	284.15204	
0.258025	-48.47571	284.02975	
0.25805	-48.474888	283.90756	
0.258075	-48.47405	283.78543	
0.2581	-48.473194	283.6634	
0.258125	-48.472324	283.5414	
0.25815	-48.47144	283.41953	
0.258175	-48.470543	283.2977	
0.2582	-48.469627	283.17596	
0.258225	-48.4687	283.05432	
0.25825	-48.46776	282.93274	
0.258275	-48.4668	282.81122	
0.2583	-48.465828	282.68982	
0.258325	-48.46484	282.56848	
0.25835	-48.463837	282.4472	
0.258375	-48.46282	282.32602	
0.2584	-48.46179	282.2049	
0.258425	-48.46074	282.08386	
0.25845	-48.459675	281.96292	
0.258475	-48.458595	281.84204	
0.2585	-48.4575	281.72125	
0.258525	-48.45639	281.60056	
0.25855	-48.455265	281.4799	
0.258575	-48.454124	281.35934	
0.2586	-48.452965	281.23886	
0.258625	-48.451794	281.11847	
0.25865	-48.450603	280.99814	
0.258675	-48.449398	280.87787	
0.2587	-48.448177	280.75772	
0.258725	-48.44694	280.63763	
0.25875	-48.44569	280.5176	
0.258775	-48.44442	280.39767	
0.2588	-48.443134	280.27783	
0.258825	-48.441833	280.15805	
0.25885	-48.440514	280.03833	
0.258875	-48.43918	279.91873	
0.2589	-48.437828	279.79916	
0.258925	-48.43646	279.67972	
0.25895	-48.435074	279.56033	
0.258975	-48.433674	279.441	
0.259	-48.432255	279.32178	
0.259025	-48.43082	279.20264	
0.25905	-48.429367	279.08356	
0.259075	-48.4279	278.96457	
0.2591	-48.42641	278.84564	
0.259125	-48.424908	278.7268	
0.25915	-48.423386	278.60803	
0.259175	-48.42185	278.48935	
0.2592	-48.42029	278.37076	
0.259225	-48.418716	278.25223	
0.25925	-48.417126	278.13376	
0.259275	-48.415516	278.01538	
0.2593	-48.41389	277.8971	
0.259325	-48.412247	277.77887	
0.25935	-48.410583	277.66074	
0.259375	-48.4089	277.5427	
0.2594	-48.407204	277.4247	
0.259425	-48.405483	277.3068	
0.25945	-48.403748	277.18896	
0.259475	-48.401997	277.07123	
0.2595	-48.400223	276.95355	
0.259525	-48.39843	276.83597	
0.25955	-48.39662	276.71844	
0.259575	-48.394794	276.601	
0.2596	-48.392944	276.48364	
0.259625	-48.39108	276.36636	
0.25965	-48.389194	276.24918	
0.259675	-48.38729	276.13205	
0.2597	-48.385365	276.015	
0.259725	-48.383423	275.89804	
0.25975	-48.381462	275.78113	
0.259775	-48.37948	275.66434	
0.2598	-48.377476	275.5476	
0.259825	-48.375454	275.43094	
0.25985	-48.373413	275.31436	
0.259875	-48.371353	275.19788	
0.2599	-48.36927	275.08145	
0.259925	-48.36717	274.9651	
0.25995	-48.365047	274.84885	
0.259975	-48.362907	274.73264	
0.26	-48.360744	274.61655	
0.260025	-48.358562	274.5005	
0.26005	-48.356358	274.38455	
0.260075	-48.354134	274.26868	
0.2601	-48.351887	274.15286	
0.260125	-48.34962	274.03717	
0.26015	-48.347336	273.9215	
0.260175	-48.345028	273.80594	
0.2602	-48.342697	273.69046	
0.260225	-48.340347	273.57504	
0.26025	-48.337975	273.45972	
0.260275	-48.33558	273.34448	
0.2603	-48.33316	273.2293	
0.260325	-48.330723	273.1142	
0.26035	-48.328262	272.9992	
0.260375	-48.325783	272.88425	
0.2604	-48.323277	272.76938	
0.260425	-48.32075	272.6546	
0.26045	-48.3182	272.53992	
0.260475	-48.315628	272.42526	
0.2605	-48.313034	272.31073	
0.260525	-48.310413	272.19626	
0.26055	-48.307774	272.08188	
0.260575	-48.30511	271.96756	
0.2606	-48.30242	271.8533	
0.260625	-48.29971	271.73917	
0.26065	-48.296978	271.6251	
0.260675	-48.29422	271.51108	
0.2607	-48.291435	271.39716	
0.260725	-48.28863	271.28333	
0.26075	-48.2858	271.16956	
0.260775	-48.282944	271.05585	
0.2608	-48.280067	270.94226	
0.260825	-48.277164	270.8287	
0.26085	-48.274235	270.71527	
0.260875	-48.271282	270.6019	
0.2609	-48.268303	270.4886	
0.260925	-48.2653	270.37537	
0.26095	-48.26227	270.26224	
0.260975	-48.259216	270.14917	
0.261	-48.256138	270.0362	
0.261025	-48.253033	269.92328	
0.26105	-48.2499	269.81046	
0.261075	-48.246742	269.6977	
0.2611	-48.243557	269.58502	
0.261125	-48.240345	269.47244	
0.26115	-48.23711	269.35992	
0.261175	-48.233845	269.2475	
0.2612	-48.230553	269.13513	
0.261225	-48.227234	269.02286	
0.26125	-48.22389	268.91068	
0.261275	-48.220516	268.79855	
0.2613	-48.217113	268.6865	
0.261325	-48.213688	268.57452	
0.26135	-48.210228	268.46265	
0.261375	-48.206745	268.35086	
0.2614	-48.20323	268.2391	
0.261425	-48.199688	268.12747	
0.26145	-48.196117	268.0159	
0.261475	-48.192516	267.90442	
0.2615	-48.188885	267.793	
0.261525	-48.185226	267.68167	
0.26155	-48.181538	267.5704	
0.261575	-48.17782	267.45923	
0.2616	-48.174072	267.34814	
0.261625	-48.17029	267.23712	
0.26165	-48.16648	267.1262	
0.261675	-48.162643	267.01532	
0.2617	-48.15877	266.90454	
0.261725	-48.15487	266.79382	
0.26175	-48.150936	266.6832	
0.261775	-48.14697	266.57266	
0.2618	-48.14297	266.4622	
0.261825	-48.138943	266.3518	
0.26185	-48.13488	266.24152	
0.261875	-48.130787	266.1313	
0.2619	-48.12666	266.02112	
0.261925	-48.122498	265.91107	
0.26195	-48.118305	265.80106	
0.261975	-48.11408	265.69116	
0.262	-48.109818	265.58133	
0.262025	-48.105522	265.4716	
0.26205	-48.101192	265.3619	
0.262075	-48.09683	265.25232	
0.2621	-48.09243	265.1428	
0.262125	-48.087997	265.03336	
0.26215	-48.083527	264.924	
0.262175	-48.07902	264.81473	
0.2622	-48.07448	264.70554	
0.262225	-48.0699	264.5964	
0.26225	-48.06529	264.4874	
0.262275	-48.060635	264.37842	
0.2623	-48.055946	264.26956	
0.262325	-48.05122	264.16077	
0.26235	-48.04646	264.05203	
0.262375	-48.041656	263.9434	
0.2624	-48.036816	263.83484	
0.262425	-48.031937	263.72638	
0.26245	-48.027016	263.61798	
0.262475	-48.02206	263.50964	
0.2625	-48.017063	263.40143	
0.262525	-48.012024	263.29327	
0.26255	-48.006947	263.18518	
0.262575	-48.001827	263.07718	
0.2626	-47.996666	262.96927	
0.262625	-47.991463	262.86145	
0.26265	-47.98622	262.7537	
0.262675	-47.980934	262.64603	
0.2627	-47.975605	262.53842	
0.262725	-47.970234	262.4309	
0.26275	-47.964817	262.3235	
0.262775	-47.95936	262.21613	
0.2628	-47.953854	262.10886	
0.262825	-47.948307	262.00168	
0.26285	-47.94271	261.89456	
0.262875	-47.937073	261.78754	
0.2629	-47.93139	261.6806	
0.262925	-47.92566	261.57373	
0.26295	-47.91988	261.46695	
0.262975	-47.914055	261.36023	
0.263	-47.90818	261.25363	
0.263025	-47.90226	261.1471	
0.26305	-47.89629	261.04062	
0.263075	-47.89027	260.93423	
0.2631	-47.8842	260.82794	
0.263125	-47.878082	260.72174	
0.26315	-47.87191	260.6156	
0.263175	-47.865692	260.50955	
0.2632	-47.859417	260.4036	
0.263225	-47.853092	260.2977	
0.26325	-47.846714	260.1919	
0.263275	-47.840282	260.08618	
0.2633	-47.833797	259.98056	
0.263325	-47.82726	259.875	
0.26335	-47.820663	259.76953	
0.263375	-47.814014	259.66412	
0.2634	-47.80731	259.5588	
0.263425	-47.800545	259.45358	
0.26345	-47.793728	259.34845	
0.263475	-47.786846	259.24338	
0.2635	-47.77991	259.1384	
0.263525	-47.772915	259.0335	
0.26355	-47.765858	258.9287	
0.263575	-47.75874	258.82397	
0.2636	-47.751564	258.71933	
0.263625	-47.744324	258.61478	
0.26365	-47.73702	258.51028	
0.263675	-47.729652	258.4059	
0.2637	-47.72222	258.3016	
0.263725	-47.714725	258.19736	
0.26375	-47.707165	258.09323	
0.263775	-47.699535	257.98917	
0.2638	-47.69184	257.8852	
0.263825	-47.68408	257.7813	
0.26385	-47.676243	257.67752	
0.263875	-47.668343	257.5738	
0.2639	-47.66037	257.47015	
0.263925	-47.652325	257.3666	
0.26395	-47.644207	257.26315	
0.263975	-47.636017	257.15976	
0.264	-47.627754	257.05646	
0.264025	-47.619415	256.95325	
0.26405	-47.611	256.85013	
0.264075	-47.602505	256.7471	
0.2641	-47.593937	256.64413	
0.264125	-47.585285	256.5413	
0.26415	-47.576557	256.4385	
0.264175	-47.567745	256.33582	
0.2642	-47.55885	256.2332	
0.264225	-47.549873	256.13068	
0.26425	-47.540813	256.02826	
0.264275	-47.531666	255.9259	
0.2643	-47.52243	255.82364	
0.264325	-47.513107	255.72147	
0.26435	-47.503696	255.61938	
0.264375	-47.494194	255.51738	
0.2644	-47.4846	255.41547	
0.264425	-47.47491	255.31364	
0.26445	-47.46513	255.21191	
0.264475	-47.455254	255.11028	
0.2645	-47.44528	255.00871	
0.264525	-47.435204	254.90724	
0.26455	-47.42503	254.80586	
0.264575	-47.414753	254.70457	
0.2646	-47.404373	254.60338	
0.264625	-47.39389	254.50226	
0.26465	-47.3833	254.40125	
0.264675	-47.3726	254.30031	
0.2647	-47.361794	254.19946	
0.264725	-47.350872	254.09871	
0.26475	-47.33984	253.99805	
0.264775	-47.32869	253.89748	
0.2648	-47.317425	253.797	
0.264825	-47.306038	253.69661	
0.26485	-47.294533	253.59631	
0.264875	-47.282906	253.49611	
0.2649	-47.271152	253.396	
0.264925	-47.259274	253.29597	
0.26495	-47.247265	253.19604	
0.264975	-47.235123	253.09622	
0.265	-47.222847	252.99648	
0.265025	-47.210438	252.89682	
0.26505	-47.197887	252.79727	
0.265075	-47.1852	252.69781	
0.2651	-47.172363	252.59843	
0.265125	-47.159386	252.49918	
0.26515	-47.146255	252.4	
0.265175	-47.132977	252.3009	
0.2652	-47.119545	252.20192	
0.265225	-47.105953	252.10303	
0.26525	-47.0922	252.00424	
0.265275	-47.078285	251.90553	
0.2653	-47.064205	251.80693	
0.265325	-47.049953	251.70844	
0.26535	-47.03553	251.61003	
0.265375	-47.02093	251.51172	
0.2654	-47.00615	251.41351	
0.265425	-46.991184	251.3154	
0.26545	-46.976032	251.21738	
0.265475	-46.96069	251.11948	
0.2655	-46.94515	251.02165	
0.265525	-46.929413	250.92395	
0.26555	-46.913467	250.82634	
0.265575	-46.89732	250.72882	
0.2656	-46.880955	250.63142	
0.265625	-46.864372	250.53412	
0.26565	-46.84757	250.4369	
0.265675	-46.830536	250.33981	
0.2657	-46.81327	250.24281	
0.265725	-46.79577	250.14592	
0.26575	-46.778023	250.04913	
0.265775	-46.760025	249.95245	
0.2658	-46.74177	249.85588	
0.265825	-46.72326	249.75941	
0.26585	-46.704475	249.66306	
0.265875	-46.68542	249.5668	
0.2659	-46.66608	249.47066	
0.265925	-46.64645	249.37462	
0.26595	-46.626526	249.27869	
0.265975	-46.606297	249.18288	
0.266	-46.585754	249.08717	
0.266025	-46.564888	248.99158	
0.26605	-46.543697	248.8961	
0.266075	-46.522163	248.80074	
0.2661	-46.500282	248.70549	
0.266125	-46.478043	248.61035	
0.26615	-46.455437	248.51534	
0.266175	-46.43245	248.42043	
0.2662	-46.409073	248.32564	
0.266225	-46.385292	248.23097	
0.26625	-46.3611	248.13643	
0.266275	-46.336475	248.042	
0.2663	-46.311413	247.9477	
0.266325	-46.285896	247.85352	
0.26635	-46.25991	247.75946	
0.266375	-46.233437	247.66553	
0.2664	-46.206463	247.57172	
0.266425	-46.17897	247.47804	
0.26645	-46.150944	247.38449	
0.266475	-46.12236	247.29106	
0.2665	-46.0932	247.19777	
0.266525	-46.063446	247.10461	
0.26655	-46.033073	247.0116	
0.266575	-46.00206	246.9187	
0.2666	-45.97038	246.82596	
0.266625	-45.938007	246.73335	
0.26665	-45.904915	246.64087	
0.266675	-45.87107	246.54855	
0.2667	-45.836452	246.45636	
0.266725	-45.801018	246.36432	
0.26675	-45.764736	246.27243	
0.266775	-45.727566	246.1807	
0.2668	-45.689472	246.08911	
0.266825	-45.650414	245.99768	
0.26685	-45.610336	245.9064	
0.266875	-45.5692	245.81529	
0.2669	-45.526947	245.72433	
0.266925	-45.483524	245.63354	
0.26695	-45.43887	245.54294	
0.266975	-45.392918	245.45248	
0.267	-45.345596	245.36221	
0.267025	-45.296833	245.27213	
0.26705	-45.24654	245.1822	
0.267075	-45.194633	245.09248	
0.2671	-45.141006	245.00294	
0.267125	-45.08556	244.9136	
0.26715	-45.02817	244.82446	
0.267175	-44.96871	244.73553	
0.2672	-44.90704	244.6468	
0.267225	-44.843	244.55829	
0.26725	-44.776413	244.47	
0.267275	-44.70709	244.38194	
0.2673	-44.634808	244.29411	
0.267325	-44.55933	244.20653	
0.26735	-44.480377	244.1192	
0.267375	-44.39764	244.03214	
0.2674	-44.31077	243.94533	
0.267425	-44.219357	243.85883	
0.26745	-44.122932	243.7726	
0.267475	-44.020966	243.68669	
0.2675	-43.912823	243.6011	
0.267525	-43.79776	243.51585	
0.26755	-43.674892	243.43097	
0.267575	-43.54317	243.34647	
0.2676	-43.4013	243.26237	
0.267625	-43.247704	243.17873	
0.26765	-43.08041	243.09554	
0.267675	-42.89691	243.01286	
0.2677	-42.693966	242.93074	
0.267725	-42.467278	242.84924	
0.26775	-42.210987	242.76843	
0.267775	-41.916847	242.6884	
0.2678	-41.57273	242.6093	
0.267825	-41.159855	242.53127	
0.26785	-40.647015	242.45456	
0.267875	-48.5	322.37958	
0.2679	-48.5	322.23334	
0.267925	-48.502678	322.0872	
0.26795	-48.505352	321.94113	
0.267975	-48.508026	321.79514	
0.268	-48.510696	321.64926	
0.268025	-48.513367	321.50345	
0.26805	-48.516037	321.3577	
0.268075	-48.518703	321.21207	
0.2681	-48.52137	321.0665	
0.268125	-48.524033	320.92102	
0.26815	-48.52669	320.77563	
0.268175	-48.52935	320.6303	
0.2682	-48.53201	320.4851	
0.268225	-48.534664	320.33997	
0.26825	-48.53732	320.19492	
0.268275	-48.53997	320.04993	
0.2683	-48.542618	319.90503	
0.268325	-48.545265	319.76022	
0.26835	-48.54791	319.6155	
0.268375	-48.550552	319.4709	
0.2684	-48.553196	319.32632	
0.268425	-48.555832	319.18185	
0.26845	-48.55847	319.03748	
0.268475	-48.561104	318.8932	
0.2685	-48.563736	318.74896	
0.268525	-48.56637	318.60483	
0.26855	-48.568993	318.4608	
0.268575	-48.57162	318.3168	
0.2686	-48.57424	318.1729	
0.268625	-48.576862	318.0291	
0.26865	-48.579483	317.8854	
0.268675	-48.582096	317.74176	
0.2687	-48.58471	317.59824	
0.268725	-48.587322	317.45474	
0.26875	-48.58993	317.31137	
0.268775	-48.592537	317.16806	
0.2688	-48.59514	317.02484	
0.268825	-48.59774	316.8817	
0.26885	-48.600338	316.73868	
0.268875	-48.602936	316.5957	
0.2689	-48.60553	316.45282	
0.268925	-48.60812	316.31	
0.26895	-48.610706	316.1673	
0.268975	-48.613293	316.02466	
0.269	-48.615875	315.88208	
0.269025	-48.618454	315.73962	
0.26905	-48.621033	315.59723	
0.269075	-48.623608	315.45493	
0.2691	-48.62618	315.3127	
0.269125	-48.628746	315.17056	
0.26915	-48.63131	315.0285	
0.269175	-48.633873	314.8865	
0.2692	-48.636433	314.74463	
0.269225	-48.638992	314.6028	
0.26925	-48.641544	314.4611	
0.269275	-48.644096	314.31943	
0.2693	-48.646645	314.17786	
0.269325	-48.64919	314.03638	
0.26935	-48.65173	313.895	
0.269375	-48.65427	313.75366	
0.2694	-48.656803	313.61243	
0.269425	-48.659336	313.47125	
0.26945	-48.661865	313.3302	
0.269475	-48.66439	313.1892	
0.2695	-48.666916	313.04828	
0.269525	-48.669434	312.90747	
0.26955	-48.67195	312.76672	
0.269575	-48.674465	312.62604	
0.2696	-48.676975	312.48547	
0.269625	-48.67948	312.34497	
0.26965	-48.681984	312.20453	
0.269675	-48.684483	312.0642	
0.2697	-48.686977	311.92395	
0.269725	-48.689472	311.78375	
0.26975	-48.69196	311.64368	
0.269775	-48.694447	311.50366	
0.2698	-48.69693	311.36374	
0.269825	-48.69941	311.22388	
0.26985	-48.701885	311.0841	
0.269875	-48.704353	310.94443	
0.2699	-48.70682	310.8048	
0.269925	-48.709286	310.66528	
0.26995	-48.711746	310.52585	
0.269975	-48.714207	310.38647	
0.27	-48.71666	310.2472	
0.270025	-48.71911	310.108	
0.27005	-48.721554	309.96887	
0.270075	-48.723995	309.82983	
0.2701	-48.726433	309.69086	
0.270125	-48.728867	309.552	
0.27015	-48.7313	309.41318	
0.270175	-48.733727	309.27448	
0.2702	-48.73615	309.13583	
0.270225	-48.738567	308.99728	
0.27025	-48.740982	308.8588	
0.270275	-48.743393	308.7204	
0.2703	-48.7458	308.5821	
0.270325	-48.748203	308.44385	
0.27035	-48.750603	308.3057	
0.270375	-48.752995	308.16763	
0.2704	-48.755386	308.02963	
0.270425	-48.757774	307.89172	
0.27045	-48.760155	307.7539	
0.270475	-48.76253	307.61615	
0.2705	-48.764908	307.47845	
0.270525	-48.767277	307.34088	
0.27055	-48.76964	307.20337	
0.270575	-48.772003	307.06592	
0.2706	-48.77436	306.9286	
0.270625	-48.77671	306.79132	
0.27065	-48.77906	306.6541	
0.270675	-48.781403	306.517	
0.2707	-48.783745	306.37997	
0.270725	-48.78608	306.243	
0.27075	-48.78841	306.10614	
0.270775	-48.790737	305.96936	
0.2708	-48.793056	305.83264	
0.270825	-48.795376	305.696	
0.27085	-48.797688	305.55945	
0.270875	-48.799995	305.42297	
0.2709	-48.8023	305.2866	
0.270925	-48.804596	305.15027	
0.27095	-48.806892	305.01404	
0.270975	-48.80918	304.87787	
0.271	-48.811466	304.7418	
0.271025	-48.813747	304.6058	
0.27105	-48.81602	304.46988	
0.271075	-48.81829	304.33405	
0.2711	-48.820557	304.19827	
0.271125	-48.82282	304.0626	
0.27115	-48.825073	303.927	
0.271175	-48.827328	303.79147	
0.2712	-48.829575	303.65604	
0.271225	-48.831814	303.52066	
0.27125	-48.834053	303.38538	
0.271275	-48.836285	303.25018	
0.2713	-48.83851	303.11505	
0.271325	-48.840733	302.98	
0.27135	-48.84295	302.84503	
0.271375	-48.84516	302.71014	
0.2714	-48.847366	302.57532	
0.271425	-48.849567	302.44058	
0.27145	-48.851765	302.30594	
0.271475	-48.85396	302.17136	
0.2715	-48.856144	302.03687	
0.271525	-48.858326	301.90244	
0.27155	-48.8605	301.7681	
0.271575	-48.86267	301.63385	
0.2716	-48.864838	301.49966	
0.271625	-48.866997	301.36554	
0.27165	-48.869152	301.23154	
0.271675	-48.871304	301.09756	
0.2717	-48.873447	300.9637	
0.271725	-48.875584	300.82993	
0.27175	-48.87772	300.6962	
0.271775	-48.87985	300.56256	
0.2718	-48.88197	300.42902	
0.271825	-48.884087	300.29553	
0.27185	-48.8862	300.16214	
0.271875	-48.888306	300.0288	
0.2719	-48.890408	299.89557	
0.271925	-48.8925	299.7624	
0.27195	-48.894592	299.6293	
0.271975	-48.896675	299.4963	
0.272	-48.898754	299.36337	
0.272025	-48.90083	299.23053	
0.27205	-48.902897	299.09775	
0.272075	-48.904957	298.96506	
0.2721	-48.907013	298.83243	
0.272125	-48.909065	298.6999	
0.27215	-48.91111	298.5674	
0.272175	-48.913147	298.43503	
0.2722	-48.91518	298.3027	
0.272225	-48.91721	298.17047	
0.27225	-48.91923	298.03833	
0.272275	-48.921246	297.90625	
0.2723	-48.923256	297.77426	
0.272325	-48.92526	297.64233	
0.27235	-48.927258	297.5105	
0.272375	-48.92925	297.37872	
0.2724	-48.931236	297.24704	
0.272425	-48.933216	297.11542	
0.27245	-48.935192	296.9839	
0.272475	-48.93716	296.85242	
0.2725	-48.93912	296.72104	
0.272525	-48.94108	296.58975	
0.27255	-48.943027	296.45853	
0.272575	-48.944973	296.32736	
0.2726	-48.94691	296.1963	
0.272625	-48.94884	296.0653	
0.27265	-48.950768	295.9344	
0.272675	-48.952686	295.80353	
0.2727	-48.9546	295.6728	
0.272725	-48.95651	295.54208	
0.27275	-48.95841	295.41147	
0.272775	-48.9603	295.28094	
0.2728	-48.96219	295.15048	
0.272825	-48.964073	295.0201	
0.27285	-48.96595	294.8898	
0.272875	-48.96782	294.75958	
0.2729	-48.96968	294.62943	
0.272925	-48.97154	294.49936	
0.27295	-48.97339	294.36935	
0.272975	-48.97523	294.23944	
0.273	-48.97707	294.10962	
0.273025	-48.9789	293.97983	
0.27305	-48.980724	293.85016	
0.273075	-48.98254	293.72055	
0.2731	-48.984352	293.591	
0.273125	-48.986156	293.46155	
0.27315	-48.987957	293.33215	
0.273175	-48.989746	293.20285	
0.2732	-48.99153	293.0736	
0.273225	-48.993313	292.94446	
0.27325	-48.995083	292.8154	
0.273275	-48.99685	292.6864	
0.2733	-48.998608	292.55746	
0.273325	-49.00036	292.42862	
0.27335	-49.0021	292.29984	
0.273375	-49.00384	292.17114	
0.2734	-49.005573	292.0425	
0.273425	-49.007298	291.91397	
0.27345	-49.009018	291.78552	
0.273475	-49.010727	291.6571	
0.2735	-49.012432	291.5288	
0.273525	-49.01413	291.40054	
0.27355	-49.01582	291.2724	
0.273575	-49.0175	291.14432	
0.2736	-49.01918	291.0163	
0.273625	-49.02085	290.88837	
0.27365	-49.022514	290.7605	
0.273675	-49.02417	290.63272	
0.2737	-49.025818	290.505	
0.273725	-49.02746	290.37735	
0.27375	-49.029095	290.24982	
0.273775	-49.030724	290.1223	
0.2738	-49.032345	289.9949	
0.273825	-49.03396	289.86758	
0.27385	-49.035564	289.74033	
0.273875	-49.037163	289.61316	
0.2739	-49.038754	289.48605	
0.273925	-49.04034	289.359	
0.27395	-49.04192	289.23206	
0.273975	-49.043488	289.10516	
0.274	-49.04505	288.97836	
0.274025	-49.046608	288.85165	
0.27405	-49.048157	288.725	
0.274075	-49.049698	288.59842	
0.2741	-49.051235	288.47192	
0.274125	-49.05276	288.3455	
0.27415	-49.05428	288.21915	
0.274175	-49.055794	288.09286	
0.2742	-49.0573	287.96664	
0.274225	-49.058796	287.84055	
0.27425	-49.060287	287.71448	
0.274275	-49.06177	287.5885	
0.2743	-49.063244	287.46262	
0.274325	-49.064713	287.3368	
0.27435	-49.066174	287.21103	
0.274375	-49.067627	287.08536	
0.2744	-49.069073	286.95975	
0.274425	-49.07051	286.83423	
0.27445	-49.07194	286.70877	
0.274475	-49.073364	286.5834	
0.2745	-49.07478	286.4581	
0.274525	-49.076187	286.33286	
0.27455	-49.077587	286.2077	
0.274575	-49.07898	286.08264	
0.2746	-49.080364	285.95764	
0.274625	-49.08174	285.8327	
0.27465	-49.08311	285.70786	
0.274675	-49.084473	285.58307	
0.2747	-49.085827	285.45837	
0.274725	-49.087173	285.33374	
0.27475	-49.088512	285.2092	
0.274775	-49.089844	285.08472	
0.2748	-49.091167	284.9603	
0.274825	-49.092484	284.83597	
0.27485	-49.09379	284.7117	
0.274875	-49.09509	284.58752	
0.2749	-49.096382	284.4634	
0.274925	-49.097664	284.3394	
0.27495	-49.09894	284.21542	
0.274975	-49.10021	284.09155	
0.275	-49.10147	283.96774	
0.275025	-49.102722	283.844	
0.27505	-49.103966	283.72034	
0.275075	-49.1052	283.59674	
0.2751	-49.10643	283.47324	
0.275125	-49.10765	283.3498	
0.27515	-49.108864	283.22644	
0.275175	-49.11007	283.10315	
0.2752	-49.111263	282.97992	
0.275225	-49.112453	282.85678	
0.27525	-49.113632	282.7337	
0.275275	-49.114803	282.61072	
0.2753	-49.115967	282.4878	
0.275325	-49.117123	282.36493	
0.27535	-49.11827	282.24216	
0.275375	-49.11941	282.11948	
0.2754	-49.12054	281.99683	
0.275425	-49.121666	281.8743	
0.27545	-49.12278	281.7518	
0.275475	-49.123886	281.6294	
0.2755	-49.124985	281.50708	
0.275525	-49.126076	281.38483	
0.27555	-49.127155	281.26263	
0.275575	-49.12823	281.14053	
0.2756	-49.129295	281.0185	
0.275625	-49.130352	280.8965	
0.27565	-49.1314	280.77463	
0.275675	-49.132442	280.65283	
0.2757	-49.133472	280.53107	
0.275725	-49.134495	280.40942	
0.27575	-49.13551	280.2878	
0.275775	-49.136517	280.1663	
0.2758	-49.137516	280.04486	
0.275825	-49.138504	279.92346	
0.27585	-49.139484	279.8022	
0.275875	-49.140457	279.68094	
0.2759	-49.141422	279.55978	
0.275925	-49.14238	279.43872	
0.27595	-49.143326	279.3177	
0.275975	-49.144264	279.19678	
0.276	-49.145195	279.0759	
0.276025	-49.146114	278.9551	
0.27605	-49.147026	278.8344	
0.276075	-49.14793	278.71378	
0.2761	-49.148827	278.5932	
0.276125	-49.149715	278.4727	
0.27615	-49.150593	278.35226	
0.276175	-49.151463	278.23193	
0.2762	-49.15232	278.11166	
0.276225	-49.153175	277.99146	
0.27625	-49.15402	277.8713	
0.276275	-49.154854	277.75125	
0.2763	-49.155678	277.6313	
0.276325	-49.156494	277.51138	
0.27635	-49.157303	277.39154	
0.276375	-49.158104	277.27176	
0.2764	-49.158894	277.15207	
0.276425	-49.159676	277.03247	
0.27645	-49.16045	276.9129	
0.276475	-49.161213	276.79343	
0.2765	-49.16197	276.67404	
0.276525	-49.162716	276.55472	
0.27655	-49.163452	276.43546	
0.276575	-49.16418	276.31625	
0.2766	-49.164898	276.19717	
0.276625	-49.16561	276.07812	
0.27665	-49.166313	275.95917	
0.276675	-49.167004	275.84027	
0.2767	-49.167686	275.72144	
0.276725	-49.16836	275.6027	
0.27675	-49.16903	275.48404	
0.276775	-49.169685	275.36542	
0.2768	-49.170334	275.2469	
0.276825	-49.17097	275.12845	
0.27685	-49.1716	275.01004	
0.276875	-49.172222	274.89175	
0.2769	-49.172832	274.7735	
0.276925	-49.173435	274.65533	
0.27695	-49.174026	274.53723	
0.276975	-49.17461	274.41922	
0.277	-49.175186	274.30127	
0.277025	-49.17575	274.18338	
0.27705	-49.176308	274.06558	
0.277075	-49.176853	273.94785	
0.2771	-49.17739	273.8302	
0.277125	-49.177917	273.71262	
0.27715	-49.178436	273.5951	
0.277175	-49.178947	273.47763	
0.2772	-49.179447	273.36026	
0.277225	-49.17994	273.24298	
0.27725	-49.18042	273.12573	
0.277275	-49.180893	273.00858	
0.2773	-49.18136	272.8915	
0.277325	-49.18181	272.77448	
0.27735	-49.182255	272.65756	
0.277375	-49.18269	272.54068	
0.2774	-49.183117	272.4239	
0.277425	-49.183533	272.30716	
0.27745	-49.183937	272.19052	
0.277475	-49.184334	272.07394	
0.2775	-49.184723	271.95743	
0.277525	-49.1851	271.84097	
0.27755	-49.18547	271.7246	
0.277575	-49.18583	271.60834	
0.2776	-49.186176	271.4921	
0.277625	-49.18652	271.37595	
0.27765	-49.186848	271.2599	
0.277675	-49.18717	271.1439	
0.2777	-49.18748	271.02795	
0.277725	-49.187782	270.91208	
0.27775	-49.188072	270.7963	
0.277775	-49.188354	270.68057	
0.2778	-49.18863	270.56494	
0.277825	-49.188892	270.44934	
0.27785	-49.189144	270.33386	
0.277875	-49.18939	270.2184	
0.2779	-49.18962	270.10306	
0.277925	-49.189846	269.98776	
0.27795	-49.19006	269.87256	
0.277975	-49.190266	269.75742	
0.278	-49.19046	269.64233	
0.278025	-49.190643	269.5273	
0.27805	-49.19082	269.41238	
0.278075	-49.190987	269.29755	
0.2781	-49.19114	269.18274	
0.278125	-49.191288	269.06802	
0.27815	-49.19142	268.95337	
0.278175	-49.191547	268.8388	
0.2782	-49.19166	268.7243	
0.278225	-49.19177	268.60986	
0.27825	-49.191864	268.4955	
0.278275	-49.19195	268.38123	
0.2783	-49.192028	268.267	
0.278325	-49.192093	268.15286	
0.27835	-49.19215	268.0388	
0.278375	-49.192196	267.92477	
0.2784	-49.19223	267.81085	
0.278425	-49.192257	267.697	
0.27845	-49.192272	267.5832	
0.278475	-49.19228	267.46945	
0.2785	-49.192276	267.3558	
0.278525	-49.19226	267.24225	
0.27855	-49.192234	267.12872	
0.278575	-49.1922	267.0153	
0.2786	-49.192158	266.90192	
0.278625	-49.1921	266.78864	
0.27865	-49.192036	266.6754	
0.278675	-49.19196	266.56226	
0.2787	-49.191875	266.4492	
0.278725	-49.19178	266.33618	
0.27875	-49.191673	266.22324	
0.278775	-49.191555	266.11035	
0.2788	-49.19143	265.99756	
0.278825	-49.19129	265.88483	
0.27885	-49.191143	265.7722	
0.278875	-49.190987	265.6596	
0.2789	-49.19082	265.5471	
0.278925	-49.19064	265.43463	
0.27895	-49.19045	265.32227	
0.278975	-49.19025	265.20996	
0.279	-49.19004	265.09775	
0.279025	-49.18982	264.98557	
0.27905	-49.18959	264.87347	
0.279075	-49.18935	264.76147	
0.2791	-49.1891	264.6495	
0.279125	-49.188835	264.53763	
0.27915	-49.18856	264.42584	
0.279175	-49.18828	264.3141	
0.2792	-49.187984	264.20242	
0.279225	-49.18768	264.09082	
0.27925	-49.187363	263.9793	
0.279275	-49.18704	263.86786	
0.2793	-49.186703	263.75647	
0.279325	-49.186356	263.64514	
0.27935	-49.185997	263.5339	
0.279375	-49.18563	263.42273	
0.2794	-49.18525	263.31165	
0.279425	-49.18486	263.2006	
0.27945	-49.18446	263.08963	
0.279475	-49.184048	262.97876	
0.2795	-49.183624	262.86792	
0.279525	-49.183193	262.75717	
0.27955	-49.18275	262.6465	
0.279575	-49.182293	262.5359	
0.2796	-49.181828	262.42535	
0.279625	-49.18135	262.31488	
0.27965	-49.180866	262.20447	
0.279675	-49.180367	262.09415	
0.2797	-49.17986	261.9839	
0.279725	-49.179337	261.87372	
0.27975	-49.178806	261.76358	
0.279775	-49.178265	261.65353	
0.2798	-49.17771	261.54355	
0.279825	-49.177147	261.43365	
0.27985	-49.17657	261.32382	
0.279875	-49.175987	261.21405	
0.2799	-49.17539	261.10434	
0.279925	-49.17478	260.99472	
0.27995	-49.17416	260.88516	
0.279975	-49.17353	260.7757	
0.28	-49.17289	260.66626	
0.280025	-49.172237	260.55692	
0.28005	-49.17157	260.44763	
0.280075	-49.170895	260.33844	
0.2801	-49.170208	260.2293	
0.280125	-49.16951	260.12024	
0.28015	-49.168804	260.01123	
0.280175	-49.168083	259.9023	
0.2802	-49.16735	259.79346	
0.280225	-49.166607	259.68466	
0.28025	-49.16585	259.57596	
0.280275	-49.165085	259.4673	
0.2803	-49.16431	259.3587	
0.280325	-49.16352	259.2502	
0.28035	-49.16272	259.14178	
0.280375	-49.161907	259.03342	
0.2804	-49.161083	258.9251	
0.280425	-49.16025	258.81686	
0.28045	-49.159405	258.7087	
0.280475	-49.158546	258.60062	
0.2805	-49.157677	258.4926	
0.280525	-49.156796	258.38464	
0.28055	-49.155903	258.27676	
0.280575	-49.155	258.16898	
0.2806	-49.154083	258.06122	
0.280625	-49.153156	257.95355	
0.28065	-49.152214	257.84595	
0.280675	-49.151264	257.73843	
0.2807	-49.150303	257.63095	
0.280725	-49.149326	257.52356	
0.28075	-49.14834	257.41623	
0.280775	-49.147343	257.309	
0.2808	-49.14633	257.2018	
0.280825	-49.14531	257.0947	
0.28085	-49.144276	256.98764	
0.280875	-49.14323	256.88068	
0.2809	-49.14217	256.77377	
0.280925	-49.1411	256.66693	
0.28095	-49.14002	256.56015	
0.280975	-49.138924	256.45346	
0.281	-49.13782	256.34683	
0.281025	-49.1367	256.24026	
0.28105	-49.13557	256.1338	
0.281075	-49.13443	256.02737	
0.2811	-49.133274	255.92102	
0.281125	-49.132107	255.81474	
0.28115	-49.130928	255.70853	
0.281175	-49.129738	255.60239	
0.2812	-49.128536	255.4963	
0.281225	-49.12732	255.3903	
0.28125	-49.12609	255.28438	
0.281275	-49.12485	255.17851	
0.2813	-49.123596	255.07271	
0.281325	-49.122334	254.967	
0.28135	-49.121056	254.86133	
0.281375	-49.119766	254.75574	
0.2814	-49.11846	254.65022	
0.281425	-49.11715	254.54477	
0.28145	-49.11582	254.43939	
0.281475	-49.11448	254.33409	
0.2815	-49.11313	254.22884	
0.281525	-49.111763	254.12367	
0.28155	-49.110386	254.01857	
0.281575	-49.108994	253.91353	
0.2816	-49.10759	253.80856	
0.281625	-49.106174	253.70367	
0.28165	-49.104744	253.59885	
0.281675	-49.103306	253.4941	
0.2817	-49.10185	253.3894	
0.281725	-49.100384	253.28477	
0.28175	-49.098904	253.18024	
0.281775	-49.09741	253.07574	
0.2818	-49.0959	252.97134	
0.281825	-49.094383	252.86699	
0.28185	-49.092854	252.76273	
0.281875	-49.09131	252.65851	
0.2819	-49.08975	252.55438	
0.281925	-49.088177	252.45032	
0.28195	-49.086594	252.34631	
0.281975	-49.084995	252.24239	
0.282	-49.083385	252.13852	
0.282025	-49.08176	252.03473	
0.28205	-49.080124	251.93102	
0.282075	-49.078472	251.82736	
0.2821	-49.07681	251.72377	
0.282125	-49.07513	251.62025	
0.28215	-49.07344	251.51682	
0.282175	-49.071735	251.41344	
0.2822	-49.07002	251.31013	
0.282225	-49.068287	251.2069	
0.28225	-49.066544	251.10371	
0.282275	-49.064785	251.00061	
0.2823	-49.06301	250.89758	
0.282325	-49.061226	250.79462	
0.28235	-49.05943	250.69173	
0.282375	-49.057613	250.5889	
0.2824	-49.055786	250.48615	
0.282425	-49.053947	250.38345	
0.28245	-49.052094	250.28084	
0.282475	-49.050224	250.17828	
0.2825	-49.04834	250.07579	
0.282525	-49.046444	249.97339	
0.28255	-49.044537	249.87103	
0.282575	-49.04261	249.76877	
0.2826	-49.040672	249.66655	
0.282625	-49.03872	249.56442	
0.28265	-49.036755	249.46234	
0.282675	-49.03477	249.36035	
0.2827	-49.032776	249.25842	
0.282725	-49.03077	249.15656	
0.28275	-49.028744	249.05476	
0.282775	-49.026707	248.95303	
0.2828	-49.024654	248.85138	
0.282825	-49.022587	248.74979	
0.28285	-49.020504	248.64827	
0.282875	-49.01841	248.54681	
0.2829	-49.016296	248.44543	
0.282925	-49.01417	248.34412	
0.28295	-49.01203	248.24287	
0.282975	-49.009876	248.1417	
0.283	-49.00771	248.04059	
0.283025	-49.005524	247.93954	
0.28305	-49.003326	247.83858	
0.283075	-49.00111	247.73767	
0.2831	-48.998882	247.63684	
0.283125	-48.99664	247.53607	
0.28315	-48.99438	247.43538	
0.283175	-48.992104	247.33476	
0.2832	-48.989815	247.23419	
0.283225	-48.98751	247.13371	
0.28325	-48.98519	247.03328	
0.283275	-48.982857	246.93294	
0.2833	-48.980507	246.83264	
0.283325	-48.97814	246.73244	
0.28335	-48.975758	246.63228	
0.283375	-48.973362	246.53221	
0.2834	-48.97095	246.43219	
0.283425	-48.96852	246.33226	
0.28345	-48.96608	246.23238	
0.283475	-48.96362	246.13258	
0.2835	-48.961143	246.03284	
0.283525	-48.958652	245.93318	
0.28355	-48.956146	245.83357	
0.283575	-48.953625	245.73404	
0.2836	-48.951084	245.63458	
0.283625	-48.948532	245.53519	
0.28365	-48.94596	245.43587	
0.283675	-48.943375	245.33661	
0.2837	-48.94077	245.23743	
0.283725	-48.938152	245.1383	
0.28375	-48.935516	245.03926	
0.283775	-48.93286	244.94028	
0.2838	-48.930195	244.84135	
0.283825	-48.92751	244.74252	
0.28385	-48.92481	244.64374	
0.283875	-48.92209	244.54503	
0.2839	-48.919353	244.4464	
0.283925	-48.916603	244.34782	
0.28395	-48.913834	244.24931	
0.283975	-48.91105	244.1509	
0.284	-48.908245	244.05252	
0.284025	-48.905426	243.95422	
0.28405	-48.902588	243.856	
0.284075	-48.899734	243.75784	
0.2841	-48.896862	243.65974	
0.284125	-48.893974	243.56172	
0.28415	-48.89107	243.46378	
0.284175	-48.888145	243.36589	
0.2842	-48.885204	243.26807	
0.284225	-48.882248	243.17032	
0.28425	-48.879272	243.07265	
0.284275	-48.876278	242.97504	
0.2843	-48.87327	242.87749	
0.284325	-48.870235	242.78001	
0.28435	-48.86719	242.6826	
0.284375	-48.864124	242.58527	
0.2844	-48.861042	242.488	
0.284425	-48.85794	242.39081	
0.28445	-48.85482	242.29367	
0.284475	-48.85168	242.19661	
0.2845	-48.848526	242.09961	
0.284525	-48.84535	242.00269	
0.28455	-48.842155	241.90584	
0.284575	-48.838943	241.80905	
0.2846	-48.835712	241.71233	
0.284625	-48.832462	241.61568	
0.28465	-48.829193	241.51909	
0.284675	-48.825905	241.42258	
0.2847	-48.8226	241.32613	
0.284725	-48.819275	241.22975	
0.28475	-48.81593	241.13344	
0.284775	-48.812565	241.0372	
0.2848	-48.80918	240.94104	
0.284825	-48.80578	240.84492	
0.28485	-48.802353	240.7489	
0.284875	-48.798912	240.65294	
0.2849	-48.79545	240.55704	
0.284925	-48.791965	240.46121	
0.28495	-48.788464	240.36545	
0.284975	-48.78494	240.26976	
0.285	-48.7814	240.17413	
0.285025	-48.777836	240.07858	
0.28505	-48.77425	239.9831	
0.285075	-48.77065	239.88768	
0.2851	-48.767025	239.79233	
0.285125	-48.76338	239.69705	
0.28515	-48.759712	239.60185	
0.285175	-48.756027	239.5067	
0.2852	-48.75232	239.41164	
0.285225	-48.74859	239.31662	
0.28525	-48.74484	239.2217	
0.285275	-48.741066	239.12683	
0.2853	-48.737274	239.03203	
0.285325	-48.73346	238.9373	
0.28535	-48.729626	238.84264	
0.285375	-48.725765	238.74805	
0.2854	-48.721886	238.65353	
0.285425	-48.717987	238.55907	
0.28545	-48.71406	238.46469	
0.285475	-48.710117	238.37038	
0.2855	-48.706146	238.27612	
0.285525	-48.702156	238.18195	
0.28555	-48.698143	238.08784	
0.285575	-48.694107	237.9938	
0.2856	-48.69005	237.89983	
0.285625	-48.685966	237.80592	
0.28565	-48.68186	237.7121	
0.285675	-48.677734	237.61833	
0.2857	-48.67358	237.52463	
0.285725	-48.669407	237.431	
0.28575	-48.665207	237.33745	
0.285775	-48.660984	237.24396	
0.2858	-48.65674	237.15054	
0.285825	-48.65247	237.05719	
0.28585	-48.648174	236.96391	
0.285875	-48.643856	236.8707	
0.2859	-48.63951	236.77756	
0.285925	-48.635143	236.68448	
0.28595	-48.63075	236.59148	
0.285975	-48.62633	236.49854	
0.286	-48.62189	236.40567	
0.286025	-48.61742	236.31288	
0.28605	-48.61293	236.22015	
0.286075	-48.60841	236.12749	
0.2861	-48.603867	236.0349	
0.286125	-48.599293	235.94238	
0.28615	-48.594696	235.84993	
0.286175	-48.590076	235.75755	
0.2862	-48.585426	235.66524	
0.286225	-48.58075	235.573	
0.28625	-48.57605	235.48082	
0.286275	-48.57132	235.38872	
0.2863	-48.566563	235.29668	
0.286325	-48.56178	235.20471	
0.28635	-48.55697	235.11282	
0.286375	-48.55213	235.021	
0.2864	-48.547264	234.92924	
0.286425	-48.54237	234.83755	
0.28645	-48.53745	234.74594	
0.286475	-48.532497	234.65439	
0.2865	-48.52752	234.56291	
0.286525	-48.52251	234.4715	
0.28655	-48.517475	234.38016	
0.286575	-48.51241	234.2889	
0.2866	-48.507317	234.1977	
0.286625	-48.50219	234.10657	
0.28665	-48.497036	234.0155	
0.286675	-48.49185	233.92451	
0.2867	-48.486637	233.8336	
0.286725	-48.481396	233.74275	
0.28675	-48.47612	233.65198	
0.286775	-48.470814	233.56126	
0.2868	-48.465477	233.47063	
0.286825	-48.46011	233.38005	
0.28685	-48.45471	233.28955	
0.286875	-48.449276	233.19913	
0.2869	-48.443813	233.10876	
0.286925	-48.43832	233.01848	
0.28695	-48.432793	232.92825	
0.286975	-48.42723	232.8381	
0.287	-48.42164	232.74803	
0.287025	-48.41601	232.65802	
0.28705	-48.41035	232.56808	
0.287075	-48.404655	232.47823	
0.2871	-48.39893	232.38843	
0.287125	-48.393166	232.2987	
0.28715	-48.38737	232.20905	
0.287175	-48.38154	232.11946	
0.2872	-48.37567	232.02995	
0.287225	-48.36977	231.9405	
0.28725	-48.363834	231.85114	
0.287275	-48.35786	231.76183	
0.2873	-48.351852	231.67259	
0.287325	-48.345806	231.58344	
0.28735	-48.339725	231.49435	
0.287375	-48.333603	231.40533	
0.2874	-48.327446	231.31639	
0.287425	-48.32125	231.22751	
0.28745	-48.31502	231.1387	
0.287475	-48.30875	231.04997	
0.2875	-48.30244	230.9613	
0.287525	-48.29609	230.87271	
0.28755	-48.289703	230.7842	
0.287575	-48.28327	230.69576	
0.2876	-48.276806	230.60738	
0.287625	-48.270298	230.51907	
0.28765	-48.26375	230.43083	
0.287675	-48.257156	230.34267	
0.2877	-48.250526	230.25458	
0.287725	-48.24385	230.16656	
0.28775	-48.237137	230.07861	
0.287775	-48.230377	229.99074	
0.2878	-48.223576	229.90294	
0.287825	-48.21673	229.8152	
0.28785	-48.20984	229.72754	
0.287875	-48.202908	229.63995	
0.2879	-48.195927	229.55244	
0.287925	-48.188904	229.465	
0.28795	-48.181835	229.37762	
0.287975	-48.17472	229.29033	
0.288	-48.16756	229.20311	
0.288025	-48.16035	229.11595	
0.28805	-48.153095	229.02887	
0.288075	-48.14579	228.94186	
0.2881	-48.13844	228.85493	
0.288125	-48.13104	228.76807	
0.28815	-48.12359	228.68127	
0.288175	-48.11609	228.59456	
0.2882	-48.10854	228.50792	
0.288225	-48.10094	228.42136	
0.28825	-48.09329	228.33485	
0.288275	-48.085583	228.24843	
0.2883	-48.077827	228.16208	
0.288325	-48.07002	228.0758	
0.28835	-48.062153	227.98961	
0.288375	-48.054237	227.90347	
0.2884	-48.046265	227.81741	
0.288425	-48.03824	227.73145	
0.28845	-48.030155	227.64552	
0.288475	-48.02202	227.5597	
0.2885	-48.01382	227.47394	
0.288525	-48.005566	227.38826	
0.28855	-47.997253	227.30264	
0.288575	-47.988884	227.2171	
0.2886	-47.980453	227.13164	
0.288625	-47.97196	227.04625	
0.28865	-47.963406	226.96094	
0.288675	-47.954792	226.8757	
0.2887	-47.946117	226.79054	
0.288725	-47.937374	226.70546	
0.28875	-47.92857	226.62044	
0.288775	-47.919704	226.5355	
0.2888	-47.910767	226.45064	
0.288825	-47.901768	226.36586	
0.28885	-47.8927	226.28114	
0.288875	-47.883564	226.19652	
0.2889	-47.87436	226.11195	
0.288925	-47.865086	226.02747	
0.28895	-47.85574	225.94307	
0.288975	-47.846325	225.85873	
0.289	-47.836838	225.77448	
0.289025	-47.827274	225.6903	
0.28905	-47.81764	225.6062	
0.289075	-47.80793	225.52219	
0.2891	-47.79814	225.43823	
0.289125	-47.788277	225.35437	
0.28915	-47.778336	225.27057	
0.289175	-47.768314	225.18686	
0.2892	-47.758213	225.10323	
0.289225	-47.74803	225.01965	
0.28925	-47.737766	224.93617	
0.289275	-47.72742	224.85277	
0.2893	-47.716988	224.76945	
0.289325	-47.706467	224.6862	
0.28935	-47.69586	224.60303	
0.289375	-47.68517	224.51994	
0.2894	-47.674385	224.43694	
0.289425	-47.663513	224.354	
0.28945	-47.652546	224.27115	
0.289475	-47.641487	224.18837	
0.2895	-47.630333	224.10568	
0.289525	-47.61908	224.02307	
0.28955	-47.607735	223.94054	
0.289575	-47.596287	223.85808	
0.2896	-47.58474	223.77571	
0.289625	-47.57309	223.69342	
0.28965	-47.561337	223.6112	
0.289675	-47.549477	223.52907	
0.2897	-47.537514	223.44702	
0.289725	-47.525436	223.36505	
0.28975	-47.513252	223.28317	
0.289775	-47.500957	223.20137	
0.2898	-47.48855	223.11964	
0.289825	-47.47602	223.03801	
0.28985	-47.46338	222.95645	
0.289875	-47.450615	222.87497	
0.2899	-47.43773	222.79358	
0.289925	-47.42472	222.71227	
0.28995	-47.411587	222.63104	
0.289975	-47.398323	222.54991	
0.29	-47.384933	222.46886	
0.290025	-47.371407	222.38788	
0.29005	-47.35775	222.30699	
0.290075	-47.343952	222.2262	
0.2901	-47.330017	222.14548	
0.290125	-47.31594	222.06485	
0.29015	-47.301716	221.9843	
0.290175	-47.28735	221.90384	
0.2902	-47.272827	221.82347	
0.290225	-47.258156	221.74318	
0.29025	-47.24333	221.66298	
0.290275	-47.22834	221.58287	
0.2903	-47.213192	221.50285	
0.290325	-47.19788	221.42291	
0.29035	-47.1824	221.34308	
0.290375	-47.166744	221.26332	
0.2904	-47.150917	221.18365	
0.290425	-47.13491	221.10408	
0.29045	-47.118725	221.02458	
0.290475	-47.10235	220.94519	
0.2905	-47.085785	220.86589	
0.290525	-47.069027	220.78667	
0.29055	-47.052074	220.70755	
0.290575	-47.034916	220.62852	
0.2906	-47.01755	220.54959	
0.290625	-46.999977	220.47073	
0.29065	-46.982185	220.392	
0.290675	-46.964172	220.31334	
0.2907	-46.94594	220.23477	
0.290725	-46.927467	220.15631	
0.29075	-46.908764	220.07794	
0.290775	-46.88982	219.99966	
0.2908	-46.870625	219.9215	
0.290825	-46.851177	219.84341	
0.29085	-46.831474	219.76543	
0.290875	-46.8115	219.68755	
0.2909	-46.791256	219.60977	
0.290925	-46.77073	219.53209	
0.29095	-46.74992	219.4545	
0.290975	-46.728813	219.37701	
0.291	-46.707405	219.29964	
0.291025	-46.685688	219.22237	
0.29105	-46.663654	219.14519	
0.291075	-46.641293	219.06812	
0.2911	-46.61859	218.99115	
0.291125	-46.59555	218.9143	
0.29115	-46.57215	218.83754	
0.291175	-46.548386	218.76091	
0.2912	-46.524246	218.68437	
0.291225	-46.49972	218.60794	
0.29125	-46.474796	218.53162	
0.291275	-46.44946	218.45541	
0.2913	-46.4237	218.37932	
0.291325	-46.397503	218.30334	
0.29135	-46.370853	218.22748	
0.291375	-46.343742	218.15172	
0.2914	-46.316147	218.0761	
0.291425	-46.288055	218.00056	
0.29145	-46.259453	217.92517	
0.291475	-46.23032	217.8499	
0.2915	-46.200634	217.77473	
0.291525	-46.17038	217.6997	
0.29155	-46.139534	217.62479	
0.291575	-46.108078	217.55	
0.2916	-46.075985	217.47534	
0.291625	-46.043236	217.40082	
0.29165	-46.0098	217.32642	
0.291675	-45.97565	217.25215	
0.2917	-45.940765	217.17801	
0.291725	-45.9051	217.10402	
0.29175	-45.868637	217.03015	
0.291775	-45.831333	216.95644	
0.2918	-45.793156	216.88284	
0.291825	-45.754063	216.80942	
0.29185	-45.714012	216.73611	
0.291875	-45.67296	216.66298	
0.2919	-45.63086	216.58998	
0.291925	-45.587654	216.51715	
0.29195	-45.543297	216.44447	
0.291975	-45.49772	216.37195	
0.292	-45.450867	216.29959	
0.292025	-45.40266	216.22739	
0.29205	-45.35303	216.15536	
0.292075	-45.301895	216.08351	
0.2921	-45.24917	216.01184	
0.292125	-45.194748	215.94034	
0.29215	-45.138535	215.86903	
0.292175	-45.08041	215.79791	
0.2922	-45.02025	215.72699	
0.292225	-44.957912	215.65627	
0.29225	-44.893246	215.58575	
0.292275	-44.826077	215.51544	
0.2923	-44.756226	215.44536	
0.292325	-44.68347	215.37549	
0.29235	-44.60758	215.30586	
0.292375	-44.528286	215.23648	
0.2924	-44.445293	215.16734	
0.292425	-44.35825	215.09846	
0.29245	-44.266773	215.02986	
0.292475	-44.17041	214.96155	
0.2925	-44.06864	214.89352	
0.292525	-43.96086	214.8258	
0.29255	-43.846355	214.75842	
0.292575	-43.72428	214.69139	
0.2926	-43.593628	214.62473	
0.292625	-43.453167	214.55846	
0.29265	-43.301403	214.4926	
0.292675	-43.136467	214.4272	
0.2927	-42.956	214.36229	
0.292725	-42.756966	214.29793	
0.29275	-42.535362	214.23415	
0.292775	-42.285778	214.17104	
0.2928	-42.000652	214.10869	
0.292825	-41.669	214.0472	
0.29285	-41.27404	213.98672	
0.292875	-40.788418	213.92752	
0.2929	-48.5	293.8699	
0.292925	-48.5	293.7415	
0.29295	-48.50014	293.61316	
0.292975	-48.500275	293.4849	
0.293	-48.500393	293.35672	
0.293025	-48.500504	293.2286	
0.29305	-48.500603	293.1006	
0.293075	-48.50069	292.97266	
0.2931	-48.500767	292.8448	
0.293125	-48.50083	292.717	
0.29315	-48.50089	292.5893	
0.293175	-48.50093	292.4617	
0.2932	-48.500965	292.33414	
0.293225	-48.500984	292.2067	
0.29325	-48.500996	292.0793	
0.293275	-48.50099	291.952	
0.2933	-48.50098	291.82477	
0.293325	-48.500957	291.69763	
0.29335	-48.50092	291.5706	
0.293375	-48.500874	291.4436	
0.2934	-48.500816	291.31668	
0.293425	-48.500744	291.18985	
0.29345	-48.500664	291.0631	
0.293475	-48.50057	290.93646	
0.2935	-48.500465	290.80988	
0.293525	-48.500347	290.68335	
0.29355	-48.50022	290.55692	
0.293575	-48.50008	290.43057	
0.2936	-48.499928	290.30432	
0.293625	-48.499763	290.17813	
0.29365	-48.499588	290.052	
0.293675	-48.4994	289.926	
0.2937	-48.499203	289.80002	
0.293725	-48.49899	289.67416	
0.29375	-48.498764	289.54837	
0.293775	-48.49853	289.42264	
0.2938	-48.49828	289.29703	
0.293825	-48.49802	289.17145	
0.29385	-48.49775	289.046	
0.293875	-48.497463	288.9206	
0.2939	-48.497166	288.79526	
0.293925	-48.496857	288.67	
0.29395	-48.496532	288.54486	
0.293975	-48.4962	288.4198	
0.294	-48.49585	288.29477	
0.294025	-48.49549	288.16986	
0.29405	-48.495117	288.045	
0.294075	-48.49473	287.92026	
0.2941	-48.494335	287.79556	
0.294125	-48.493923	287.67096	
0.29415	-48.4935	287.54642	
0.294175	-48.493065	287.42197	
0.2942	-48.492615	287.2976	
0.294225	-48.492153	287.1733	
0.29425	-48.491676	287.0491	
0.294275	-48.491188	286.925	
0.2943	-48.49069	286.8009	
0.294325	-48.490173	286.67694	
0.29435	-48.489643	286.55304	
0.294375	-48.489105	286.42923	
0.2944	-48.48855	286.30548	
0.294425	-48.48798	286.18182	
0.29445	-48.4874	286.05826	
0.294475	-48.486805	285.93475	
0.2945	-48.486195	285.8113	
0.294525	-48.485573	285.68796	
0.29455	-48.48494	285.5647	
0.294575	-48.484287	285.44153	
0.2946	-48.483627	285.3184	
0.294625	-48.48295	285.19537	
0.29465	-48.482258	285.07242	
0.294675	-48.481552	284.94955	
0.2947	-48.480835	284.82675	
0.294725	-48.480103	284.70404	
0.29475	-48.479355	284.5814	
0.294775	-48.478596	284.45883	
0.2948	-48.47782	284.33636	
0.294825	-48.47703	284.21396	
0.29485	-48.476227	284.0916	
0.294875	-48.47541	283.9694	
0.2949	-48.474575	283.8472	
0.294925	-48.473732	283.72513	
0.29495	-48.47287	283.60312	
0.294975	-48.471992	283.48117	
0.295	-48.471104	283.3593	
0.295025	-48.470196	283.23755	
0.29505	-48.469276	283.11584	
0.295075	-48.46834	282.99423	
0.2951	-48.467392	282.8727	
0.295125	-48.466427	282.75125	
0.29515	-48.46545	282.62985	
0.295175	-48.464455	282.50854	
0.2952	-48.463444	282.38733	
0.295225	-48.46242	282.26617	
0.29525	-48.46138	282.1451	
0.295275	-48.460323	282.0241	
0.2953	-48.45925	281.9032	
0.295325	-48.458168	281.78238	
0.29535	-48.457066	281.66162	
0.295375	-48.455948	281.54092	
0.2954	-48.454815	281.42032	
0.295425	-48.453667	281.2998	
0.29545	-48.4525	281.17935	
0.295475	-48.45132	281.059	
0.2955	-48.450123	280.93872	
0.295525	-48.448914	280.8185	
0.29555	-48.447685	280.69836	
0.295575	-48.44644	280.5783	
0.2956	-48.44518	280.45834	
0.295625	-48.4439	280.33844	
0.29565	-48.442608	280.21863	
0.295675	-48.4413	280.09888	
0.2957	-48.439976	279.97922	
0.295725	-48.438633	279.85965	
0.29575	-48.43727	279.74014	
0.295775	-48.435898	279.62073	
0.2958	-48.434505	279.50137	
0.295825	-48.433094	279.38208	
0.29585	-48.431667	279.2629	
0.295875	-48.430225	279.1438	
0.2959	-48.428764	279.02475	
0.295925	-48.427288	278.9058	
0.29595	-48.425793	278.7869	
0.295975	-48.424282	278.66812	
0.296	-48.422752	278.54938	
0.296025	-48.421204	278.43073	
0.29605	-48.41964	278.31216	
0.296075	-48.41806	278.19366	
0.2961	-48.41646	278.07526	
0.296125	-48.41484	277.95694	
0.29615	-48.413208	277.83868	
0.296175	-48.411552	277.7205	
0.2962	-48.40988	277.6024	
0.296225	-48.40819	277.48438	
0.29625	-48.406487	277.36642	
0.296275	-48.404762	277.24857	
0.2963	-48.403015	277.13077	
0.296325	-48.401253	277.01306	
0.29635	-48.39947	276.89545	
0.296375	-48.397675	276.7779	
0.2964	-48.395855	276.6604	
0.296425	-48.394016	276.543	
0.29645	-48.392162	276.4257	
0.296475	-48.390285	276.30844	
0.2965	-48.388393	276.19128	
0.296525	-48.38648	276.0742	
0.29655	-48.384544	275.95718	
0.296575	-48.382595	275.84027	
0.2966	-48.380623	275.72342	
0.296625	-48.37863	275.60663	
0.29665	-48.37662	275.48993	
0.296675	-48.374588	275.37332	
0.2967	-48.37254	275.25677	
0.296725	-48.37047	275.14032	
0.29675	-48.368378	275.02393	
0.296775	-48.36627	274.90762	
0.2968	-48.364136	274.7914	
0.296825	-48.361984	274.67526	
0.29685	-48.359814	274.55917	
0.296875	-48.35762	274.44318	
0.2969	-48.355408	274.32727	
0.296925	-48.353176	274.21143	
0.29695	-48.350918	274.09567	
0.296975	-48.348644	273.97998	
0.297	-48.346348	273.86438	
0.297025	-48.34403	273.74887	
0.29705	-48.34169	273.63342	
0.297075	-48.33933	273.51804	
0.2971	-48.336945	273.40277	
0.297125	-48.33454	273.28754	
0.29715	-48.332115	273.17242	
0.297175	-48.329666	273.05734	
0.2972	-48.327194	272.94238	
0.297225	-48.324703	272.82748	
0.29725	-48.32219	272.71265	
0.297275	-48.31965	272.5979	
0.2973	-48.31709	272.48325	
0.297325	-48.314507	272.36865	
0.29735	-48.3119	272.25415	
0.297375	-48.309273	272.1397	
0.2974	-48.30662	272.02536	
0.297425	-48.303947	271.91107	
0.29745	-48.30125	271.79688	
0.297475	-48.298527	271.68277	
0.2975	-48.29578	271.56873	
0.297525	-48.29301	271.45477	
0.29755	-48.29022	271.34088	
0.297575	-48.287403	271.22708	
0.2976	-48.28456	271.11334	
0.297625	-48.281696	270.9997	
0.29765	-48.278805	270.8861	
0.297675	-48.27589	270.7726	
0.2977	-48.27295	270.6592	
0.297725	-48.269985	270.54587	
0.29775	-48.266994	270.43262	
0.297775	-48.26398	270.31943	
0.2978	-48.26094	270.20633	
0.297825	-48.257874	270.0933	
0.29785	-48.254784	269.98035	
0.297875	-48.251663	269.8675	
0.2979	-48.24852	269.7547	
0.297925	-48.24535	269.642	
0.29795	-48.242153	269.52936	
0.297975	-48.23893	269.4168	
0.298	-48.235683	269.30432	
0.298025	-48.232407	269.19193	
0.29805	-48.229103	269.07962	
0.298075	-48.22577	268.96738	
0.2981	-48.222412	268.85522	
0.298125	-48.219025	268.74313	
0.29815	-48.21561	268.63113	
0.298175	-48.21217	268.51923	
0.2982	-48.208702	268.40738	
0.298225	-48.205204	268.2956	
0.29825	-48.201675	268.1839	
0.298275	-48.19812	268.0723	
0.2983	-48.194534	267.96075	
0.298325	-48.19092	267.8493	
0.29835	-48.18728	267.73795	
0.298375	-48.183605	267.62665	
0.2984	-48.179905	267.51544	
0.298425	-48.17617	267.4043	
0.29845	-48.17241	267.29324	
0.298475	-48.168617	267.18225	
0.2985	-48.16479	267.07135	
0.298525	-48.16094	266.96054	
0.29855	-48.15705	266.8498	
0.298575	-48.153133	266.73914	
0.2986	-48.149185	266.62854	
0.298625	-48.145206	266.51804	
0.29865	-48.141193	266.4076	
0.298675	-48.13715	266.29727	
0.2987	-48.133076	266.18698	
0.298725	-48.128963	266.0768	
0.29875	-48.12482	265.96667	
0.298775	-48.120647	265.85666	
0.2988	-48.11644	265.7467	
0.298825	-48.112194	265.63684	
0.29885	-48.107918	265.52704	
0.298875	-48.103607	265.41733	
0.2989	-48.099262	265.3077	
0.298925	-48.094883	265.19815	
0.29895	-48.09047	265.08865	
0.298975	-48.086018	264.97928	
0.299	-48.08153	264.86996	
0.299025	-48.07701	264.7607	
0.29905	-48.072453	264.65155	
0.299075	-48.067856	264.54248	
0.2991	-48.063225	264.4335	
0.299125	-48.05856	264.3246	
0.29915	-48.053852	264.21573	
0.299175	-48.04911	264.10696	
0.2992	-48.044327	263.9983	
0.299225	-48.03951	263.8897	
0.29925	-48.03465	263.7812	
0.299275	-48.02975	263.67273	
0.2993	-48.024815	263.5644	
0.299325	-48.01984	263.45612	
0.29935	-48.014824	263.3479	
0.299375	-48.00977	263.2398	
0.2994	-48.00467	263.13174	
0.299425	-47.999535	263.0238	
0.29945	-47.994354	262.91592	
0.299475	-47.989132	262.80814	
0.2995	-47.983868	262.7004	
0.299525	-47.978565	262.59277	
0.29955	-47.973217	262.48523	
0.299575	-47.967823	262.37775	
0.2996	-47.962387	262.27036	
0.299625	-47.95691	262.16306	
0.29965	-47.951385	262.05582	
0.299675	-47.945816	261.94867	
0.2997	-47.9402	261.8416	
0.299725	-47.93454	261.73462	
0.29975	-47.928837	261.62772	
0.299775	-47.923084	261.52087	
0.2998	-47.917282	261.41415	
0.299825	-47.911434	261.3075	
0.29985	-47.90554	261.2009	
0.299875	-47.899597	261.0944	
0.2999	-47.893604	260.98798	
0.299925	-47.88756	260.88165	
0.29995	-47.88147	260.7754	
0.299975	-47.875328	260.66922	
0.3	-47.869137	260.56314	
