     1     1     9     1     1     1       1     3       7    1    0   19    0    2   -2    0
      0.0000000000E+000  1.0000000149E-001  1.0000000149E-001
   14
      9.9808021442E-001
      2.5750469423E-003 -6.1880972238E-002
      0.0000000000E+000 -2.0000000000E+000  1.0000000000E+000 -1.0000000000E+001  1.0000000000E+000  0.0000000000E+000  1.9999999553E-002
      3.0000000000E+000  1.0000000000E+000  0.0000000000E+000  0.0000000000E+000  0.0000000000E+000  0.0000000000E+000  0.0000000000E+000
      0.0000000000E+000  1.0000000000E+000  1.0000000000E+000  0.0000000000E+000  0.0000000000E+000
     1    20     4     2     1     1       1     3       7    1    0   19    0    2   -2    0
      0.0000000000E+000  1.0223262308E-001  1.5494548059E-002
   14
      9.9815900629E-001
      9.1392615446E-004 -6.0644562043E-002
      0.0000000000E+000 -2.0000000000E+000  1.0000000000E+000 -1.0000000000E+001  1.0000000000E+000  0.0000000000E+000  1.9999999553E-002
      3.0000000000E+000  1.0000000000E+000  0.0000000000E+000  0.0000000000E+000  0.0000000000E+000  0.0000000000E+000  1.3781705892E+000
      0.0000000000E+000  1.0000000000E+000  1.0000000000E+000  0.0000000000E+000  0.0000000000E+000
     1    40     4     3     1     1       1     3       7    1    0   19    0    2   -2    0
      0.0000000000E+000  7.0665807427E-002 -4.1645036815E-001
   14
      9.9892044822E-001
     -8.0277696593E-003 -4.5754705143E-002
      0.0000000000E+000 -2.0000000000E+000  1.0000000000E+000 -1.0000000000E+001  1.0000000000E+000  0.0000000000E+000  1.9999999553E-002
      3.0000000000E+000  1.0000000000E+000  0.0000000000E+000  0.0000000000E+000  0.0000000000E+000  0.0000000000E+000  9.3933461906E+000
      0.0000000000E+000  1.0000000000E+000  1.0000000000E+000  0.0000000000E+000  0.0000000000E+000
     1    60     4     4     1     1       1     3       7    1    0   19    0    2   -2    0
      0.0000000000E+000 -2.4719201845E-002 -6.9302141117E-001
   14
      9.9967998011E-001
     -1.3819039707E-002 -2.1188947878E-002
      0.0000000000E+000 -2.0000000000E+000  1.0000000000E+000 -1.0000000000E+001  1.0000000000E+000  0.0000000000E+000  1.9999999553E-002
      3.0000000000E+000  1.0000000000E+000  0.0000000000E+000  0.0000000000E+000  0.0000000000E+000  0.0000000000E+000  1.7691732256E+001
      0.0000000000E+000  1.0000000000E+000  1.0000000000E+000  0.0000000000E+000  0.0000000000E+000
     1    80     4     5     1     1       1     3       7    1    0   19    0    2   -2    0
      0.0000000000E+000 -1.4367189407E-001 -7.5669355329E-001
   14
      9.9989681599E-001
     -1.3834633914E-002  3.8678506527E-003
      0.0000000000E+000 -2.0000000000E+000  1.0000000000E+000 -1.0000000000E+001  1.0000000000E+000  0.0000000000E+000  1.9999999553E-002
      3.0000000000E+000  1.0000000000E+000  0.0000000000E+000  0.0000000000E+000  0.0000000000E+000  0.0000000000E+000  2.5994184718E+001
      0.0000000000E+000  1.0000000000E+000  1.0000000000E+000  0.0000000000E+000  0.0000000000E+000
     1   100     4     6     1     1       1     3       7    1    0   19    0    2   -2    0
      0.0000000000E+000 -2.8074013481E-001 -4.8839121387E-001
   14
      9.9965380080E-001
     -4.5948007043E-003  2.5906878614E-002
      0.0000000000E+000 -2.0000000000E+000  1.0000000000E+000 -1.0000000000E+001  1.0000000000E+000  0.0000000000E+000  1.9999999553E-002
      3.0000000000E+000  1.0000000000E+000  0.0000000000E+000  0.0000000000E+000  0.0000000000E+000  0.0000000000E+000  4.0626118313E+001
      0.0000000000E+000  1.0000000000E+000  1.0000000000E+000  0.0000000000E+000  0.0000000000E+000
     1   120     4     7     1     1       1     3       7    1    0   19    0    2   -2    0
      0.0000000000E+000 -2.6890369644E-001 -5.5933949612E-002
   14
      9.9988251282E-001
      3.6083330344E-003  1.4897667457E-002
      0.0000000000E+000 -2.0000000000E+000  1.0000000000E+000 -1.0000000000E+001  1.0000000000E+000  0.0000000000E+000  1.9999999553E-002
      3.0000000000E+000  1.0000000000E+000  0.0000000000E+000  0.0000000000E+000  0.0000000000E+000  0.0000000000E+000  6.0028672357E+001
      0.0000000000E+000  1.0000000000E+000  1.0000000000E+000  0.0000000000E+000  0.0000000000E+000
     1   140     4     8     1     1       1     3       7    1    0   19    0    2   -2    0
      0.0000000000E+000 -1.9153777786E-001  4.2754992126E-002
   14
      9.9999164522E-001
      3.1968141408E-003 -2.5475229302E-003
      0.0000000000E+000 -2.0000000000E+000  1.0000000000E+000 -1.0000000000E+001  1.0000000000E+000  0.0000000000E+000  1.9999999553E-002
      3.0000000000E+000  1.0000000000E+000  0.0000000000E+000  0.0000000000E+000  0.0000000000E+000  0.0000000000E+000  8.0028024331E+001
      0.0000000000E+000  1.0000000000E+000  1.0000000000E+000  0.0000000000E+000  0.0000000000E+000
     1   160     4     9     1     1       1     3       7    1    0   19    0    2   -2    0
      0.0000000000E+000 -1.5984977472E-001 -7.3470940369E-002
   14
      9.9997846922E-001
      1.4538455838E-004 -6.5604848457E-003
      0.0000000000E+000 -2.0000000000E+000  1.0000000000E+000 -1.0000000000E+001  1.0000000000E+000  0.0000000000E+000  1.9999999553E-002
      3.0000000000E+000  1.0000000000E+000  0.0000000000E+000  0.0000000000E+000  0.0000000000E+000  0.0000000000E+000  1.0002764224E+002
      0.0000000000E+000  1.0000000000E+000  1.0000000000E+000  0.0000000000E+000  0.0000000000E+000
     1   180     4    10     1     1       1     3       7    1    0   19    0    2   -2    0
      0.0000000000E+000 -1.7564814367E-001 -1.5879905717E-001
   14
      9.9999782464E-001
     -1.2164593670E-003 -1.6943863979E-003
      0.0000000000E+000 -2.0000000000E+000  1.0000000000E+000 -1.0000000000E+001  1.0000000000E+000  0.0000000000E+000  1.9999999553E-002
      3.0000000000E+000  1.0000000000E+000  0.0000000000E+000  0.0000000000E+000  0.0000000000E+000  0.0000000000E+000  1.2002743239E+002
      0.0000000000E+000  1.0000000000E+000  1.0000000000E+000  0.0000000000E+000  0.0000000000E+000
     1   200     4    11     1     1       1     3       7    1    0   19    0    2   -2    0
      0.0000000000E+000 -1.9463800538E-001 -1.4780967801E-001
   14
      9.9999808219E-001
     -5.3568219107E-004  1.8837909820E-003
      0.0000000000E+000 -2.0000000000E+000  1.0000000000E+000 -1.0000000000E+001  1.0000000000E+000  0.0000000000E+000  1.9999999553E-002
      3.0000000000E+000  1.0000000000E+000  0.0000000000E+000  0.0000000000E+000  0.0000000000E+000  0.0000000000E+000  1.4002741138E+002
      0.0000000000E+000  1.0000000000E+000  1.0000000000E+000  0.0000000000E+000  0.0000000000E+000
     1   220     4    12     1     1       1     3       7    1    0   19    0    2   -2    0
      0.0000000000E+000 -1.9602401401E-001 -1.1030139557E-001
   14
      9.9999897349E-001
      2.5014274854E-004  1.4108292336E-003
      0.0000000000E+000 -2.0000000000E+000  1.0000000000E+000 -1.0000000000E+001  1.0000000000E+000  0.0000000000E+000  1.9999999553E-002
      3.0000000000E+000  1.0000000000E+000  0.0000000000E+000  0.0000000000E+000  0.0000000000E+000  0.0000000000E+000  1.6002737723E+002
      0.0000000000E+000  1.0000000000E+000  1.0000000000E+000  0.0000000000E+000  0.0000000000E+000
     1   240     4    13     1     1       1     3       7    1    0   19    0    2   -2    0
      0.0000000000E+000 -1.8939364598E-001 -9.9194760264E-002
   14
      9.9999994430E-001
      3.0417278336E-004 -1.3737558797E-004
      0.0000000000E+000 -2.0000000000E+000  1.0000000000E+000 -1.0000000000E+001  1.0000000000E+000  0.0000000000E+000  1.9999999553E-002
      3.0000000000E+000  1.0000000000E+000  0.0000000000E+000  0.0000000000E+000  0.0000000000E+000  0.0000000000E+000  1.8002737298E+002
      0.0000000000E+000  1.0000000000E+000  1.0000000000E+000  0.0000000000E+000  0.0000000000E+000
     1   260     4    14     1     1       1     3       7    1    0   19    0    2   -2    0
      0.0000000000E+000 -1.8614458850E-001 -1.0888861104E-001
   14
      9.9999982354E-001
      3.0213727207E-005 -5.9330996211E-004
      0.0000000000E+000 -2.0000000000E+000  1.0000000000E+000 -1.0000000000E+001  1.0000000000E+000  0.0000000000E+000  1.9999999553E-002
      3.0000000000E+000  1.0000000000E+000  0.0000000000E+000  0.0000000000E+000  0.0000000000E+000  0.0000000000E+000  2.0002737213E+002
      0.0000000000E+000  1.0000000000E+000  1.0000000000E+000  0.0000000000E+000  0.0000000000E+000
     1   280     4    15     1     1       1     3       7    1    0   19    0    2   -2    0
      0.0000000000E+000 -1.8734419840E-001 -1.1708489019E-001
   14
      9.9999997661E-001
     -1.0431931214E-004 -1.8946250820E-004
      0.0000000000E+000 -2.0000000000E+000  1.0000000000E+000 -1.0000000000E+001  1.0000000000E+000  0.0000000000E+000  1.9999999553E-002
      3.0000000000E+000  1.0000000000E+000  0.0000000000E+000  0.0000000000E+000  0.0000000000E+000  0.0000000000E+000  2.2002737225E+002
      0.0000000000E+000  1.0000000000E+000  1.0000000000E+000  0.0000000000E+000  0.0000000000E+000
     1   300     4    16     1     1       1     3       7    1    0   19    0    2   -2    0
      0.0000000000E+000 -1.8907919131E-001 -1.1671199280E-001
   14
      9.9999998728E-001
     -5.3988240370E-005  1.5007811242E-004
      0.0000000000E+000 -2.0000000000E+000  1.0000000000E+000 -1.0000000000E+001  1.0000000000E+000  0.0000000000E+000  1.9999999553E-002
      3.0000000000E+000  1.0000000000E+000  0.0000000000E+000  0.0000000000E+000  0.0000000000E+000  0.0000000000E+000  2.4002737407E+002
      0.0000000000E+000  1.0000000000E+000  1.0000000000E+000  0.0000000000E+000  0.0000000000E+000
     1   320     4    17     1     1       1     3       7    1    0   19    0    2   -2    0
      0.0000000000E+000 -1.8932551026E-001 -1.1342338470E-001
   14
      9.9999999092E-001
      1.7905470939E-005  1.3356974244E-004
      0.0000000000E+000 -2.0000000000E+000  1.0000000000E+000 -1.0000000000E+001  1.0000000000E+000  0.0000000000E+000  1.9999999553E-002
      3.0000000000E+000  1.0000000000E+000  0.0000000000E+000  0.0000000000E+000  0.0000000000E+000  0.0000000000E+000  2.6002737579E+002
      0.0000000000E+000  1.0000000000E+000  1.0000000000E+000  0.0000000000E+000  0.0000000000E+000
     1   340     4    18     1     1       1     3       7    1    0   19    0    2   -2    0
      0.0000000000E+000 -1.8876322833E-001 -1.1222518568E-001
   14
      9.9999999961E-001
      2.7908220032E-005 -2.8506211839E-006
      0.0000000000E+000 -2.0000000000E+000  1.0000000000E+000 -1.0000000000E+001  1.0000000000E+000  0.0000000000E+000  1.9999999553E-002
      3.0000000000E+000  1.0000000000E+000  0.0000000000E+000  0.0000000000E+000  0.0000000000E+000  0.0000000000E+000  2.8002737773E+002
      0.0000000000E+000  1.0000000000E+000  1.0000000000E+000  0.0000000000E+000  0.0000000000E+000
     1   360     4    19     1     1       1     3       7    1    0   19    0    2   -2    0
      0.0000000000E+000 -1.8843979098E-001 -1.1299259888E-001
   14
      9.9999999863E-001
      4.5495735032E-006 -5.2189825225E-005
      0.0000000000E+000 -2.0000000000E+000  1.0000000000E+000 -1.0000000000E+001  1.0000000000E+000  0.0000000000E+000  1.9999999553E-002
      3.0000000000E+000  1.0000000000E+000  0.0000000000E+000  0.0000000000E+000  0.0000000000E+000  0.0000000000E+000  3.0002737971E+002
      0.0000000000E+000  1.0000000000E+000  1.0000000000E+000  0.0000000000E+000  0.0000000000E+000
     1   380     4    20     1     1       1     3       7    1    0   19    0    2   -2    0
      0.0000000000E+000 -1.8852271395E-001 -1.1376336335E-001
   14
      9.9999999976E-001
     -8.8134334748E-006 -2.0189943284E-005
      0.0000000000E+000 -2.0000000000E+000  1.0000000000E+000 -1.0000000000E+001  1.0000000000E+000  0.0000000000E+000  1.9999999553E-002
      3.0000000000E+000  1.0000000000E+000  0.0000000000E+000  0.0000000000E+000  0.0000000000E+000  0.0000000000E+000  3.2002738170E+002
      0.0000000000E+000  1.0000000000E+000  1.0000000000E+000  0.0000000000E+000  0.0000000000E+000
     1   400     4    21     1     1       1     3       7    1    0   19    0    2   -2    0
      0.0000000000E+000 -1.8868016906E-001 -1.1378425370E-001
   14
      9.9999999992E-001
     -5.3316435187E-006  1.1718886210E-005
      0.0000000000E+000 -2.0000000000E+000  1.0000000000E+000 -1.0000000000E+001  1.0000000000E+000  0.0000000000E+000  1.9999999553E-002
      3.0000000000E+000  1.0000000000E+000  0.0000000000E+000  0.0000000000E+000  0.0000000000E+000  0.0000000000E+000  3.4002738369E+002
      0.0000000000E+000  1.0000000000E+000  1.0000000000E+000  0.0000000000E+000  0.0000000000E+000
     1   420     4    22     1     1       1     3       7    1    0   19    0    2   -2    0
      0.0000000000E+000 -1.8871265280E-001 -1.1349816424E-001
   14
      9.9999999992E-001
      1.1950907131E-006  1.2493844027E-005
      0.0000000000E+000 -2.0000000000E+000  1.0000000000E+000 -1.0000000000E+001  1.0000000000E+000  0.0000000000E+000  1.9999999553E-002
      3.0000000000E+000  1.0000000000E+000  0.0000000000E+000  0.0000000000E+000  0.0000000000E+000  0.0000000000E+000  3.6002738569E+002
      0.0000000000E+000  1.0000000000E+000  1.0000000000E+000  0.0000000000E+000  0.0000000000E+000
     1   440     4    23     1     1       1     3       7    1    0   19    0    2   -2    0
      0.0000000000E+000 -1.8866572265E-001 -1.1337354296E-001
   14
      1.0000000000E+000
      2.5246381518E-006  6.1538915842E-007
      0.0000000000E+000 -2.0000000000E+000  1.0000000000E+000 -1.0000000000E+001  1.0000000000E+000  0.0000000000E+000  1.9999999553E-002
      3.0000000000E+000  1.0000000000E+000  0.0000000000E+000  0.0000000000E+000  0.0000000000E+000  0.0000000000E+000  3.8002738769E+002
      0.0000000000E+000  1.0000000000E+000  1.0000000000E+000  0.0000000000E+000  0.0000000000E+000
     1   460     4    24     1     1       1     3       7    1    0   19    0    2   -2    0
      0.0000000000E+000 -1.8863417482E-001 -1.1343206399E-001
   14
      9.9999999999E-001
      5.7267302097E-007 -4.5237554486E-006
      0.0000000000E+000 -2.0000000000E+000  1.0000000000E+000 -1.0000000000E+001  1.0000000000E+000  0.0000000000E+000  1.9999999553E-002
      3.0000000000E+000  1.0000000000E+000  0.0000000000E+000  0.0000000000E+000  0.0000000000E+000  0.0000000000E+000  4.0002738969E+002
      0.0000000000E+000  1.0000000000E+000  1.0000000000E+000  0.0000000000E+000  0.0000000000E+000
     1   480     4    25     1     1       1     3       7    1    0   19    0    2   -2    0
      0.0000000000E+000 -1.8863924732E-001 -1.1350354970E-001
   14
      1.0000000000E+000
     -7.3138826845E-007 -2.0795428989E-006
      0.0000000000E+000 -2.0000000000E+000  1.0000000000E+000 -1.0000000000E+001  1.0000000000E+000  0.0000000000E+000  1.9999999553E-002
      3.0000000000E+000  1.0000000000E+000  0.0000000000E+000  0.0000000000E+000  0.0000000000E+000  0.0000000000E+000  4.2002739169E+002
      0.0000000000E+000  1.0000000000E+000  1.0000000000E+000  0.0000000000E+000  0.0000000000E+000
     1   500     4    26     1     1       1     3       7    1    0   19    0    2   -2    0
      0.0000000000E+000 -1.8865337249E-001 -1.1351032878E-001
   14
      1.0000000000E+000
     -5.1704959076E-007  8.8107384539E-007
      0.0000000000E+000 -2.0000000000E+000  1.0000000000E+000 -1.0000000000E+001  1.0000000000E+000  0.0000000000E+000  1.9999999553E-002
      3.0000000000E+000  1.0000000000E+000  0.0000000000E+000  0.0000000000E+000  0.0000000000E+000  0.0000000000E+000  4.4002739369E+002
      0.0000000000E+000  1.0000000000E+000  1.0000000000E+000  0.0000000000E+000  0.0000000000E+000
     1   520     4    27     1     1       1     3       7    1    0   19    0    2   -2    0
      0.0000000000E+000 -1.8865719261E-001 -1.1348577218E-001
   14
      1.0000000000E+000
      6.8722365892E-008  1.1539655763E-006
      0.0000000000E+000 -2.0000000000E+000  1.0000000000E+000 -1.0000000000E+001  1.0000000000E+000  0.0000000000E+000  1.9999999553E-002
      3.0000000000E+000  1.0000000000E+000  0.0000000000E+000  0.0000000000E+000  0.0000000000E+000  0.0000000000E+000  4.6002739569E+002
      0.0000000000E+000  1.0000000000E+000  1.0000000000E+000  0.0000000000E+000  0.0000000000E+000
     1   540     4    28     1     1       1     3       7    1    0   19    0    2   -2    0
      0.0000000000E+000 -1.8865335178E-001 -1.1347316965E-001
   14
      1.0000000000E+000
      2.2561987604E-007  1.3374958470E-007
      0.0000000000E+000 -2.0000000000E+000  1.0000000000E+000 -1.0000000000E+001  1.0000000000E+000  0.0000000000E+000  1.9999999553E-002
      3.0000000000E+000  1.0000000000E+000  0.0000000000E+000  0.0000000000E+000  0.0000000000E+000  0.0000000000E+000  4.8002739769E+002
      0.0000000000E+000  1.0000000000E+000  1.0000000000E+000  0.0000000000E+000  0.0000000000E+000
     1   560     4    29     1     1       1     3       7    1    0   19    0    2   -2    0
      0.0000000000E+000 -1.8865032592E-001 -1.1347741647E-001
   14
      1.0000000000E+000
      6.5722185255E-008 -3.8648566979E-007
      0.0000000000E+000 -2.0000000000E+000  1.0000000000E+000 -1.0000000000E+001  1.0000000000E+000  0.0000000000E+000  1.9999999553E-002
      3.0000000000E+000  1.0000000000E+000  0.0000000000E+000  0.0000000000E+000  0.0000000000E+000  0.0000000000E+000  5.0002739969E+002
      0.0000000000E+000  1.0000000000E+000  1.0000000000E+000  0.0000000000E+000  0.0000000000E+000
     1   580     4    30     1     1       1     3       7    1    0   19    0    2   -2    0
      0.0000000000E+000 -1.8865056014E-001 -1.1348396427E-001
   14
      1.0000000000E+000
     -5.9431422197E-008 -2.0868643104E-007
      0.0000000000E+000 -2.0000000000E+000  1.0000000000E+000 -1.0000000000E+001  1.0000000000E+000  0.0000000000E+000  1.9999999553E-002
      3.0000000000E+000  1.0000000000E+000  0.0000000000E+000  0.0000000000E+000  0.0000000000E+000  0.0000000000E+000  5.2002740169E+002
      0.0000000000E+000  1.0000000000E+000  1.0000000000E+000  0.0000000000E+000  0.0000000000E+000
     1   600     4    31     1     1       1     3       7    1    0   19    0    2   -2    0
      0.0000000000E+000 -1.8865181204E-001 -1.1348501078E-001
   14
      1.0000000000E+000
     -4.9347661407E-008  6.2623993918E-008
      0.0000000000E+000 -2.0000000000E+000  1.0000000000E+000 -1.0000000000E+001  1.0000000000E+000  0.0000000000E+000  1.9999999553E-002
      3.0000000000E+000  1.0000000000E+000  0.0000000000E+000  0.0000000000E+000  0.0000000000E+000  0.0000000000E+000  5.4002740369E+002
      0.0000000000E+000  1.0000000000E+000  1.0000000000E+000  0.0000000000E+000  0.0000000000E+000
     1   620     4    32     1     1       1     3       7    1    0   19    0    2   -2    0
      0.0000000000E+000 -1.8865223293E-001 -1.1348293503E-001
   14
      1.0000000000E+000
      2.5942007612E-009  1.0528668197E-007
      0.0000000000E+000 -2.0000000000E+000  1.0000000000E+000 -1.0000000000E+001  1.0000000000E+000  0.0000000000E+000  1.9999999553E-002
      3.0000000000E+000  1.0000000000E+000  0.0000000000E+000  0.0000000000E+000  0.0000000000E+000  0.0000000000E+000  5.6002740569E+002
      0.0000000000E+000  1.0000000000E+000  1.0000000000E+000  0.0000000000E+000  0.0000000000E+000
     1   640     4    33     1     1       1     3       7    1    0   19    0    2   -2    0
      0.0000000000E+000 -1.8865192608E-001 -1.1348168879E-001
   14
      1.0000000000E+000
      1.9917103196E-008  1.8992109651E-008
      0.0000000000E+000 -2.0000000000E+000  1.0000000000E+000 -1.0000000000E+001  1.0000000000E+000  0.0000000000E+000  1.9999999553E-002
      3.0000000000E+000  1.0000000000E+000  0.0000000000E+000  0.0000000000E+000  0.0000000000E+000  0.0000000000E+000  5.8002740769E+002
      0.0000000000E+000  1.0000000000E+000  1.0000000000E+000  0.0000000000E+000  0.0000000000E+000
     1   660     4    34     1     1       1     3       7    1    0   19    0    2   -2    0
      0.0000000000E+000 -1.8865164013E-001 -1.1348197400E-001
   14
      1.0000000000E+000
      7.1287819624E-009 -3.2494865879E-008
      0.0000000000E+000 -2.0000000000E+000  1.0000000000E+000 -1.0000000000E+001  1.0000000000E+000  0.0000000000E+000  1.9999999553E-002
      3.0000000000E+000  1.0000000000E+000  0.0000000000E+000  0.0000000000E+000  0.0000000000E+000  0.0000000000E+000  6.0002740969E+002
      0.0000000000E+000  1.0000000000E+000  1.0000000000E+000  0.0000000000E+000  0.0000000000E+000
     1   680     4    35     1     1       1     3       7    1    0   19    0    2   -2    0
      0.0000000000E+000 -1.8865164081E-001 -1.1348256656E-001
   14
      1.0000000000E+000
     -4.7054170573E-009 -2.0506496199E-008
      0.0000000000E+000 -2.0000000000E+000  1.0000000000E+000 -1.0000000000E+001  1.0000000000E+000  0.0000000000E+000  1.9999999553E-002
      3.0000000000E+000  1.0000000000E+000  0.0000000000E+000  0.0000000000E+000  0.0000000000E+000  0.0000000000E+000  6.2002741169E+002
      0.0000000000E+000  1.0000000000E+000  1.0000000000E+000  0.0000000000E+000  0.0000000000E+000
     1   700     4    36     1     1       1     3       7    1    0   19    0    2   -2    0
      0.0000000000E+000 -1.8865175038E-001 -1.1348269915E-001
   14
      1.0000000000E+000
     -4.6428470033E-009  4.0582277227E-009
      0.0000000000E+000 -2.0000000000E+000  1.0000000000E+000 -1.0000000000E+001  1.0000000000E+000  0.0000000000E+000  1.9999999553E-002
      3.0000000000E+000  1.0000000000E+000  0.0000000000E+000  0.0000000000E+000  0.0000000000E+000  0.0000000000E+000  6.4002741369E+002
      0.0000000000E+000  1.0000000000E+000  1.0000000000E+000  0.0000000000E+000  0.0000000000E+000
     1   720     4    37     1     1       1     3       7    1    0   19    0    2   -2    0
      0.0000000000E+000 -1.8865179478E-001 -1.1348252674E-001
   14
      1.0000000000E+000
     -9.4596820909E-011  9.4916203176E-009
      0.0000000000E+000 -2.0000000000E+000  1.0000000000E+000 -1.0000000000E+001  1.0000000000E+000  0.0000000000E+000  1.9999999553E-002
      3.0000000000E+000  1.0000000000E+000  0.0000000000E+000  0.0000000000E+000  0.0000000000E+000  0.0000000000E+000  6.6002741569E+002
      0.0000000000E+000  1.0000000000E+000  1.0000000000E+000  0.0000000000E+000  0.0000000000E+000
     1   740     4    38     1     1       1     3       7    1    0   19    0    2   -2    0
      0.0000000000E+000 -1.8865177102E-001 -1.1348240578E-001
   14
      1.0000000000E+000
      1.7358145129E-009  2.3187851540E-009
      0.0000000000E+000 -2.0000000000E+000  1.0000000000E+000 -1.0000000000E+001  1.0000000000E+000  0.0000000000E+000  1.9999999553E-002
      3.0000000000E+000  1.0000000000E+000  0.0000000000E+000  0.0000000000E+000  0.0000000000E+000  0.0000000000E+000  6.8002741769E+002
      0.0000000000E+000  1.0000000000E+000  1.0000000000E+000  0.0000000000E+000  0.0000000000E+000
     1   760     4    39     1     1       1     3       7    1    0   19    0    2   -2    0
      0.0000000000E+000 -1.8865174435E-001 -1.1348242236E-001
   14
      1.0000000000E+000
      7.4384529980E-010 -2.6820932097E-009
      0.0000000000E+000 -2.0000000000E+000  1.0000000000E+000 -1.0000000000E+001  1.0000000000E+000  0.0000000000E+000  1.9999999553E-002
      3.0000000000E+000  1.0000000000E+000  0.0000000000E+000  0.0000000000E+000  0.0000000000E+000  0.0000000000E+000  7.0002741969E+002
      0.0000000000E+000  1.0000000000E+000  1.0000000000E+000  0.0000000000E+000  0.0000000000E+000
     1   780     4    40     1     1       1     3       7    1    0   19    0    2   -2    0
      0.0000000000E+000 -1.8865174257E-001 -1.1348247534E-001
   14
      1.0000000000E+000
     -3.6011934275E-010 -1.9796737546E-009
      0.0000000000E+000 -2.0000000000E+000  1.0000000000E+000 -1.0000000000E+001  1.0000000000E+000  0.0000000000E+000  1.9999999553E-002
      3.0000000000E+000  1.0000000000E+000  0.0000000000E+000  0.0000000000E+000  0.0000000000E+000  0.0000000000E+000  7.2002742169E+002
      0.0000000000E+000  1.0000000000E+000  1.0000000000E+000  0.0000000000E+000  0.0000000000E+000
     1   800     4    41     1     1       1     3       7    1    0   19    0    2   -2    0
      0.0000000000E+000 -1.8865175203E-001 -1.1348249061E-001
   14
      1.0000000000E+000
     -4.3110025124E-010  2.1791570534E-010
      0.0000000000E+000 -2.0000000000E+000  1.0000000000E+000 -1.0000000000E+001  1.0000000000E+000  0.0000000000E+000  1.9999999553E-002
      3.0000000000E+000  1.0000000000E+000  0.0000000000E+000  0.0000000000E+000  0.0000000000E+000  0.0000000000E+000  7.4002742369E+002
      0.0000000000E+000  1.0000000000E+000  1.0000000000E+000  0.0000000000E+000  0.0000000000E+000
     1   820     4    42     1     1       1     3       7    1    0   19    0    2   -2    0
      0.0000000000E+000 -1.8865175657E-001 -1.1348247658E-001
   14
      1.0000000000E+000
     -3.8131105568E-011  8.4542694939E-010
      0.0000000000E+000 -2.0000000000E+000  1.0000000000E+000 -1.0000000000E+001  1.0000000000E+000  0.0000000000E+000  1.9999999553E-002
      3.0000000000E+000  1.0000000000E+000  0.0000000000E+000  0.0000000000E+000  0.0000000000E+000  0.0000000000E+000  7.6002742569E+002
      0.0000000000E+000  1.0000000000E+000  1.0000000000E+000  0.0000000000E+000  0.0000000000E+000
     1   840     4    43     1     1       1     3       7    1    0   19    0    2   -2    0
      0.0000000000E+000 -1.8865175480E-001 -1.1348246503E-001
   14
      1.0000000000E+000
      1.4920982401E-010  2.6139908455E-010
      0.0000000000E+000 -2.0000000000E+000  1.0000000000E+000 -1.0000000000E+001  1.0000000000E+000  0.0000000000E+000  1.9999999553E-002
      3.0000000000E+000  1.0000000000E+000  0.0000000000E+000  0.0000000000E+000  0.0000000000E+000  0.0000000000E+000  7.8002742769E+002
      0.0000000000E+000  1.0000000000E+000  1.0000000000E+000  0.0000000000E+000  0.0000000000E+000
     1   860     4    44     1     1       1     3       7    1    0   19    0    2   -2    0
      0.0000000000E+000 -1.8865175235E-001 -1.1348246568E-001
   14
      1.0000000000E+000
      7.5405701914E-011 -2.1652877324E-010
      0.0000000000E+000 -2.0000000000E+000  1.0000000000E+000 -1.0000000000E+001  1.0000000000E+000  0.0000000000E+000  1.9999999553E-002
      3.0000000000E+000  1.0000000000E+000  0.0000000000E+000  0.0000000000E+000  0.0000000000E+000  0.0000000000E+000  8.0002742969E+002
      0.0000000000E+000  1.0000000000E+000  1.0000000000E+000  0.0000000000E+000  0.0000000000E+000
     1   880     4    45     1     1       1     3       7    1    0   19    0    2   -2    0
      0.0000000000E+000 -1.8865175202E-001 -1.1348247036E-001
   14
      1.0000000000E+000
     -2.6281335589E-011 -1.8817921726E-010
      0.0000000000E+000 -2.0000000000E+000  1.0000000000E+000 -1.0000000000E+001  1.0000000000E+000  0.0000000000E+000  1.9999999553E-002
      3.0000000000E+000  1.0000000000E+000  0.0000000000E+000  0.0000000000E+000  0.0000000000E+000  0.0000000000E+000  8.2002743169E+002
      0.0000000000E+000  1.0000000000E+000  1.0000000000E+000  0.0000000000E+000  0.0000000000E+000
     1   900     4    46     1     1       1     3       7    1    0   19    0    2   -2    0
      0.0000000000E+000 -1.8865175283E-001 -1.1348247202E-001
   14
      1.0000000000E+000
     -3.9533122819E-011  6.0311749559E-012
      0.0000000000E+000 -2.0000000000E+000  1.0000000000E+000 -1.0000000000E+001  1.0000000000E+000  0.0000000000E+000  1.9999999553E-002
      3.0000000000E+000  1.0000000000E+000  0.0000000000E+000  0.0000000000E+000  0.0000000000E+000  0.0000000000E+000  8.4002743369E+002
      0.0000000000E+000  1.0000000000E+000  1.0000000000E+000  0.0000000000E+000  0.0000000000E+000
     1   920     4    47     1     1       1     3       7    1    0   19    0    2   -2    0
      0.0000000000E+000 -1.8865175328E-001 -1.1348247091E-001
   14
      1.0000000000E+000
     -6.0736132267E-012  7.4376372617E-011
      0.0000000000E+000 -2.0000000000E+000  1.0000000000E+000 -1.0000000000E+001  1.0000000000E+000  0.0000000000E+000  1.9999999553E-002
      3.0000000000E+000  1.0000000000E+000  0.0000000000E+000  0.0000000000E+000  0.0000000000E+000  0.0000000000E+000  8.6002743569E+002
      0.0000000000E+000  1.0000000000E+000  1.0000000000E+000  0.0000000000E+000  0.0000000000E+000
     1   940     4    48     1     1       1     3       7    1    0   19    0    2   -2    0
      0.0000000000E+000 -1.8865175316E-001 -1.1348246982E-001
   14
      1.0000000000E+000
      1.2632393867E-011  2.8018334848E-011
      0.0000000000E+000 -2.0000000000E+000  1.0000000000E+000 -1.0000000000E+001  1.0000000000E+000  0.0000000000E+000  1.9999999553E-002
      3.0000000000E+000  1.0000000000E+000  0.0000000000E+000  0.0000000000E+000  0.0000000000E+000  0.0000000000E+000  8.8002743769E+002
      0.0000000000E+000  1.0000000000E+000  1.0000000000E+000  0.0000000000E+000  0.0000000000E+000
     1   960     4    49     1     1       1     3       7    1    0   19    0    2   -2    0
      0.0000000000E+000 -1.8865175293E-001 -1.1348246980E-001
   14
      1.0000000000E+000
      7.4714116305E-012 -1.7001731654E-011
      0.0000000000E+000 -2.0000000000E+000  1.0000000000E+000 -1.0000000000E+001  1.0000000000E+000  0.0000000000E+000  1.9999999553E-002
      3.0000000000E+000  1.0000000000E+000  0.0000000000E+000  0.0000000000E+000  0.0000000000E+000  0.0000000000E+000  9.0002743969E+002
      0.0000000000E+000  1.0000000000E+000  1.0000000000E+000  0.0000000000E+000  0.0000000000E+000
     1   980     4    50     1     1       1     3       7    1    0   19    0    2   -2    0
      0.0000000000E+000 -1.8865175289E-001 -1.1348247021E-001
   14
      1.0000000000E+000
     -1.7817134873E-012 -1.7639526963E-011
      0.0000000000E+000 -2.0000000000E+000  1.0000000000E+000 -1.0000000000E+001  1.0000000000E+000  0.0000000000E+000  1.9999999553E-002
      3.0000000000E+000  1.0000000000E+000  0.0000000000E+000  0.0000000000E+000  0.0000000000E+000  0.0000000000E+000  9.2002744169E+002
      0.0000000000E+000  1.0000000000E+000  1.0000000000E+000  0.0000000000E+000  0.0000000000E+000
     1  1000     4    51     1     1       1     3       7    1    0   19    0    2   -2    0
      0.0000000000E+000 -1.8865175296E-001 -1.1348247039E-001
   14
      1.0000000000E+000
     -3.5818011639E-012 -6.9400034329E-013
      0.0000000000E+000 -2.0000000000E+000  1.0000000000E+000 -1.0000000000E+001  1.0000000000E+000  0.0000000000E+000  1.9999999553E-002
      3.0000000000E+000  1.0000000000E+000  0.0000000000E+000  0.0000000000E+000  0.0000000000E+000  0.0000000000E+000  9.4002744369E+002
      0.0000000000E+000  1.0000000000E+000  1.0000000000E+000  0.0000000000E+000  0.0000000000E+000
     1  1020     4    52     1     1       1     3       7    1    0   19    0    2   -2    0
      0.0000000000E+000 -1.8865175300E-001 -1.1348247030E-001
   14
      1.0000000000E+000
     -7.7937648535E-013  6.4584303664E-012
      0.0000000000E+000 -2.0000000000E+000  1.0000000000E+000 -1.0000000000E+001  1.0000000000E+000  0.0000000000E+000  1.9999999553E-002
      3.0000000000E+000  1.0000000000E+000  0.0000000000E+000  0.0000000000E+000  0.0000000000E+000  0.0000000000E+000  9.6002744569E+002
      0.0000000000E+000  1.0000000000E+000  1.0000000000E+000  0.0000000000E+000  0.0000000000E+000
     1  1040     4    53     1     1       1     3       7    1    0   19    0    2   -2    0
      0.0000000000E+000 -1.8865175299E-001 -1.1348247020E-001
   14
      1.0000000000E+000
      1.0511035435E-012  2.8983340605E-012
      0.0000000000E+000 -2.0000000000E+000  1.0000000000E+000 -1.0000000000E+001  1.0000000000E+000  0.0000000000E+000  1.9999999553E-002
      3.0000000000E+000  1.0000000000E+000  0.0000000000E+000  0.0000000000E+000  0.0000000000E+000  0.0000000000E+000  9.8002744769E+002
      0.0000000000E+000  1.0000000000E+000  1.0000000000E+000  0.0000000000E+000  0.0000000000E+000
     1  1060     4    54     1     1       1     3       7    1    0   19    0    2   -2    0
      0.0000000000E+000 -1.8865175297E-001 -1.1348247019E-001
   14
      1.0000000000E+000
      7.2639109680E-013 -1.2865957012E-012
      0.0000000000E+000 -2.0000000000E+000  1.0000000000E+000 -1.0000000000E+001  1.0000000000E+000  0.0000000000E+000  1.9999999553E-002
      3.0000000000E+000  1.0000000000E+000  0.0000000000E+000  0.0000000000E+000  0.0000000000E+000  0.0000000000E+000  1.0000274497E+003
      0.0000000000E+000  1.0000000000E+000  1.0000000000E+000  0.0000000000E+000  0.0000000000E+000
     1  1080     4    55     1     1       1     3       7    1    0   19    0    2   -2    0
      0.0000000000E+000 -1.8865175297E-001 -1.1348247023E-001
   14
      1.0000000000E+000
     -1.0555444351E-013 -1.6322219720E-012
      0.0000000000E+000 -2.0000000000E+000  1.0000000000E+000 -1.0000000000E+001  1.0000000000E+000  0.0000000000E+000  1.9999999553E-002
      3.0000000000E+000  1.0000000000E+000  0.0000000000E+000  0.0000000000E+000  0.0000000000E+000  0.0000000000E+000  1.0200274517E+003
      0.0000000000E+000  1.0000000000E+000  1.0000000000E+000  0.0000000000E+000  0.0000000000E+000
     1  1100     4    56     1     1       1     3       7    1    0   19    0    2   -2    0
      0.0000000000E+000 -1.8865175297E-001 -1.1348247024E-001
   14
      1.0000000000E+000
     -3.2063237745E-013 -1.7374988598E-013
      0.0000000000E+000 -2.0000000000E+000  1.0000000000E+000 -1.0000000000E+001  1.0000000000E+000  0.0000000000E+000  1.9999999553E-002
      3.0000000000E+000  1.0000000000E+000  0.0000000000E+000  0.0000000000E+000  0.0000000000E+000  0.0000000000E+000  1.0400274537E+003
      0.0000000000E+000  1.0000000000E+000  1.0000000000E+000  0.0000000000E+000  0.0000000000E+000
     1  1120     4    57     1     1       1     3       7    1    0   19    0    2   -2    0
      0.0000000000E+000 -1.8865175298E-001 -1.1348247024E-001
   14
      1.0000000000E+000
     -9.0399900740E-014  5.5296039991E-013
      0.0000000000E+000 -2.0000000000E+000  1.0000000000E+000 -1.0000000000E+001  1.0000000000E+000  0.0000000000E+000  1.9999999553E-002
      3.0000000000E+000  1.0000000000E+000  0.0000000000E+000  0.0000000000E+000  0.0000000000E+000  0.0000000000E+000  1.0600274557E+003
      0.0000000000E+000  1.0000000000E+000  1.0000000000E+000  0.0000000000E+000  0.0000000000E+000
     1  1140     4    58     1     1       1     3       7    1    0   19    0    2   -2    0
      0.0000000000E+000 -1.8865175298E-001 -1.1348247023E-001
   14
      1.0000000000E+000
      8.5681453357E-014  2.9184984841E-013
      0.0000000000E+000 -2.0000000000E+000  1.0000000000E+000 -1.0000000000E+001  1.0000000000E+000  0.0000000000E+000  1.9999999553E-002
      3.0000000000E+000  1.0000000000E+000  0.0000000000E+000  0.0000000000E+000  0.0000000000E+000  0.0000000000E+000  1.0800274577E+003
      0.0000000000E+000  1.0000000000E+000  1.0000000000E+000  0.0000000000E+000  0.0000000000E+000
     1  1160     4    59     1     1       1     3       7    1    0   19    0    2   -2    0
      0.0000000000E+000 -1.8865175298E-001 -1.1348247023E-001
   14
      1.0000000000E+000
      6.9499954392E-014 -9.2342790839E-014
      0.0000000000E+000 -2.0000000000E+000  1.0000000000E+000 -1.0000000000E+001  1.0000000000E+000  0.0000000000E+000  1.9999999553E-002
      3.0000000000E+000  1.0000000000E+000  0.0000000000E+000  0.0000000000E+000  0.0000000000E+000  0.0000000000E+000  1.1000274597E+003
      0.0000000000E+000  1.0000000000E+000  1.0000000000E+000  0.0000000000E+000  0.0000000000E+000
     1  1180     4    60     1     1       1     3       7    1    0   19    0    2   -2    0
      0.0000000000E+000 -1.8865175298E-001 -1.1348247023E-001
   14
      1.0000000000E+000
     -4.4408916544E-015 -1.4918620402E-013
      0.0000000000E+000 -2.0000000000E+000  1.0000000000E+000 -1.0000000000E+001  1.0000000000E+000  0.0000000000E+000  1.9999999553E-002
      3.0000000000E+000  1.0000000000E+000  0.0000000000E+000  0.0000000000E+000  0.0000000000E+000  0.0000000000E+000  1.1200274617E+003
      0.0000000000E+000  1.0000000000E+000  1.0000000000E+000  0.0000000000E+000  0.0000000000E+000
     1  1200     4    61     1     1       1     3       7    1    0   19    0    2   -2    0
      0.0000000000E+000 -1.8865175298E-001 -1.1348247023E-001
   14
      1.0000000000E+000
     -2.8366195443E-014 -2.5521249226E-014
      0.0000000000E+000 -2.0000000000E+000  1.0000000000E+000 -1.0000000000E+001  1.0000000000E+000  0.0000000000E+000  1.9999999553E-002
      3.0000000000E+000  1.0000000000E+000  0.0000000000E+000  0.0000000000E+000  0.0000000000E+000  0.0000000000E+000  1.1400274637E+003
      0.0000000000E+000  1.0000000000E+000  1.0000000000E+000  0.0000000000E+000  0.0000000000E+000
     1  1220     4    62     1     1       1     3       7    1    0   19    0    2   -2    0
      0.0000000000E+000 -1.8865175298E-001 -1.1348247023E-001
   14
      1.0000000000E+000
     -9.8532283582E-015  4.6601606798E-014
      0.0000000000E+000 -2.0000000000E+000  1.0000000000E+000 -1.0000000000E+001  1.0000000000E+000  0.0000000000E+000  1.9999999553E-002
      3.0000000000E+000  1.0000000000E+000  0.0000000000E+000  0.0000000000E+000  0.0000000000E+000  0.0000000000E+000  1.1600274657E+003
      0.0000000000E+000  1.0000000000E+000  1.0000000000E+000  0.0000000000E+000  0.0000000000E+000
     1  1240     4    63     1     1       1     3       7    1    0   19    0    2   -2    0
      0.0000000000E+000 -1.8865175298E-001 -1.1348247023E-001
   14
      1.0000000000E+000
      6.8001153458E-015  2.8768651249E-014
      0.0000000000E+000 -2.0000000000E+000  1.0000000000E+000 -1.0000000000E+001  1.0000000000E+000  0.0000000000E+000  1.9999999553E-002
      3.0000000000E+000  1.0000000000E+000  0.0000000000E+000  0.0000000000E+000  0.0000000000E+000  0.0000000000E+000  1.1800274677E+003
      0.0000000000E+000  1.0000000000E+000  1.0000000000E+000  0.0000000000E+000  0.0000000000E+000
     1  1260     4    64     1     1       1     3       7    1    0   19    0    2   -2    0
      0.0000000000E+000 -1.8865175298E-001 -1.1348247023E-001
   14
      1.0000000000E+000
      6.5503151903E-015 -6.0784704520E-015
      0.0000000000E+000 -2.0000000000E+000  1.0000000000E+000 -1.0000000000E+001  1.0000000000E+000  0.0000000000E+000  1.9999999553E-002
      3.0000000000E+000  1.0000000000E+000  0.0000000000E+000  0.0000000000E+000  0.0000000000E+000  0.0000000000E+000  1.2000274697E+003
      0.0000000000E+000  1.0000000000E+000  1.0000000000E+000  0.0000000000E+000  0.0000000000E+000
     1  1280     4    65     1     1       1     3       7    1    0   19    0    2   -2    0
      0.0000000000E+000 -1.8865175298E-001 -1.1348247023E-001
   14
      1.0000000000E+000
      5.5511145680E-017 -1.3489208400E-014
      0.0000000000E+000 -2.0000000000E+000  1.0000000000E+000 -1.0000000000E+001  1.0000000000E+000  0.0000000000E+000  1.9999999553E-002
      3.0000000000E+000  1.0000000000E+000  0.0000000000E+000  0.0000000000E+000  0.0000000000E+000  0.0000000000E+000  1.2200274717E+003
      0.0000000000E+000  1.0000000000E+000  1.0000000000E+000  0.0000000000E+000  0.0000000000E+000
     1  1300     4    66     1     1       1     3       7    1    0   19    0    2   -2    0
      0.0000000000E+000 -1.8865175298E-001 -1.1348247023E-001
   14
      1.0000000000E+000
     -2.4980015556E-015 -3.1641353038E-015
      0.0000000000E+000 -2.0000000000E+000  1.0000000000E+000 -1.0000000000E+001  1.0000000000E+000  0.0000000000E+000  1.9999999553E-002
      3.0000000000E+000  1.0000000000E+000  0.0000000000E+000  0.0000000000E+000  0.0000000000E+000  0.0000000000E+000  1.2400274737E+003
      0.0000000000E+000  1.0000000000E+000  1.0000000000E+000  0.0000000000E+000  0.0000000000E+000
     1  1320     4    67     1     1       1     3       7    1    0   19    0    2   -2    0
      0.0000000000E+000 -1.8865175298E-001 -1.1348247023E-001
   14
      1.0000000000E+000
     -1.0269561951E-015  3.8719024112E-015
      0.0000000000E+000 -2.0000000000E+000  1.0000000000E+000 -1.0000000000E+001  1.0000000000E+000  0.0000000000E+000  1.9999999553E-002
      3.0000000000E+000  1.0000000000E+000  0.0000000000E+000  0.0000000000E+000  0.0000000000E+000  0.0000000000E+000  1.2600274757E+003
      0.0000000000E+000  1.0000000000E+000  1.0000000000E+000  0.0000000000E+000  0.0000000000E+000
     1  1340     4    68     1     1       1     3       7    1    0   19    0    2   -2    0
      0.0000000000E+000 -1.8865175298E-001 -1.1348247023E-001
   14
      1.0000000000E+000
      5.2735588396E-016  2.7755572840E-015
      0.0000000000E+000 -2.0000000000E+000  1.0000000000E+000 -1.0000000000E+001  1.0000000000E+000  0.0000000000E+000  1.9999999553E-002
      3.0000000000E+000  1.0000000000E+000  0.0000000000E+000  0.0000000000E+000  0.0000000000E+000  0.0000000000E+000  1.2800274777E+003
      0.0000000000E+000  1.0000000000E+000  1.0000000000E+000  0.0000000000E+000  0.0000000000E+000
     1  1360     4    69     1     1       1     3       7    1    0   19    0    2   -2    0
      0.0000000000E+000 -1.8865175298E-001 -1.1348247023E-001
   14
      1.0000000000E+000
      6.1062260248E-016 -3.4694466050E-016
      0.0000000000E+000 -2.0000000000E+000  1.0000000000E+000 -1.0000000000E+001  1.0000000000E+000  0.0000000000E+000  1.9999999553E-002
      3.0000000000E+000  1.0000000000E+000  0.0000000000E+000  0.0000000000E+000  0.0000000000E+000  0.0000000000E+000  1.3000274797E+003
      0.0000000000E+000  1.0000000000E+000  1.0000000000E+000  0.0000000000E+000  0.0000000000E+000
     1  1380     4    70     1     1       1     3       7    1    0   19    0    2   -2    0
      0.0000000000E+000 -1.8865175298E-001 -1.1348247023E-001
   14
      1.0000000000E+000
      5.5511145680E-017 -1.1796118457E-015
      0.0000000000E+000 -2.0000000000E+000  1.0000000000E+000 -1.0000000000E+001  1.0000000000E+000  0.0000000000E+000  1.9999999553E-002
      3.0000000000E+000  1.0000000000E+000  0.0000000000E+000  0.0000000000E+000  0.0000000000E+000  0.0000000000E+000  1.3200274817E+003
      0.0000000000E+000  1.0000000000E+000  1.0000000000E+000  0.0000000000E+000  0.0000000000E+000
     1  1400     4    71     1     1       1     3       7    1    0   19    0    2   -2    0
      0.0000000000E+000 -1.8865175298E-001 -1.1348247023E-001
   14
      1.0000000000E+000
     -2.2204458272E-016 -3.4694466050E-016
      0.0000000000E+000 -2.0000000000E+000  1.0000000000E+000 -1.0000000000E+001  1.0000000000E+000  0.0000000000E+000  1.9999999553E-002
      3.0000000000E+000  1.0000000000E+000  0.0000000000E+000  0.0000000000E+000  0.0000000000E+000  0.0000000000E+000  1.3400274837E+003
      0.0000000000E+000  1.0000000000E+000  1.0000000000E+000  0.0000000000E+000  0.0000000000E+000
     1  1420     4    72     1     1       1     3       7    1    0   19    0    2   -2    0
      0.0000000000E+000 -1.8865175298E-001 -1.1348247023E-001
   14
      1.0000000000E+000
     -1.1102229136E-016  3.0531130124E-016
      0.0000000000E+000 -2.0000000000E+000  1.0000000000E+000 -1.0000000000E+001  1.0000000000E+000  0.0000000000E+000  1.9999999553E-002
      3.0000000000E+000  1.0000000000E+000  0.0000000000E+000  0.0000000000E+000  0.0000000000E+000  0.0000000000E+000  1.3600274857E+003
      0.0000000000E+000  1.0000000000E+000  1.0000000000E+000  0.0000000000E+000  0.0000000000E+000
     1  1440     4    73     1     1       1     3       7    1    0   19    0    2   -2    0
      0.0000000000E+000 -1.8865175298E-001 -1.1348247023E-001
   14
      1.0000000000E+000
      2.7755572840E-017  2.6367794198E-016
      0.0000000000E+000 -2.0000000000E+000  1.0000000000E+000 -1.0000000000E+001  1.0000000000E+000  0.0000000000E+000  1.9999999553E-002
      3.0000000000E+000  1.0000000000E+000  0.0000000000E+000  0.0000000000E+000  0.0000000000E+000  0.0000000000E+000  1.3800274877E+003
      0.0000000000E+000  1.0000000000E+000  1.0000000000E+000  0.0000000000E+000  0.0000000000E+000
     1  1460     4    74     1     1       1     3       7    1    0   19    0    2   -2    0
      0.0000000000E+000 -1.8865175298E-001 -1.1348247023E-001
   14
      1.0000000000E+000
      5.5511145680E-017 -1.3877786420E-017
      0.0000000000E+000 -2.0000000000E+000  1.0000000000E+000 -1.0000000000E+001  1.0000000000E+000  0.0000000000E+000  1.9999999553E-002
      3.0000000000E+000  1.0000000000E+000  0.0000000000E+000  0.0000000000E+000  0.0000000000E+000  0.0000000000E+000  1.4000274897E+003
      0.0000000000E+000  1.0000000000E+000  1.0000000000E+000  0.0000000000E+000  0.0000000000E+000
     1  1480     4    75     1     1       1     3       7    1    0   19    0    2   -2    0
      0.0000000000E+000 -1.8865175298E-001 -1.1348247023E-001
   14
      1.0000000000E+000
      0.0000000000E+000 -9.7144504940E-017
      0.0000000000E+000 -2.0000000000E+000  1.0000000000E+000 -1.0000000000E+001  1.0000000000E+000  0.0000000000E+000  1.9999999553E-002
      3.0000000000E+000  1.0000000000E+000  0.0000000000E+000  0.0000000000E+000  0.0000000000E+000  0.0000000000E+000  1.4200274917E+003
      0.0000000000E+000  1.0000000000E+000  1.0000000000E+000  0.0000000000E+000  0.0000000000E+000
     1  1500     4    76     1     1       1     3       7    1    0   19    0    2   -2    0
      0.0000000000E+000 -1.8865175298E-001 -1.1348247023E-001
   14
      1.0000000000E+000
     -2.7755572840E-017 -2.7755572840E-017
      0.0000000000E+000 -2.0000000000E+000  1.0000000000E+000 -1.0000000000E+001  1.0000000000E+000  0.0000000000E+000  1.9999999553E-002
      3.0000000000E+000  1.0000000000E+000  0.0000000000E+000  0.0000000000E+000  0.0000000000E+000  0.0000000000E+000  1.4400274937E+003
      0.0000000000E+000  1.0000000000E+000  1.0000000000E+000  0.0000000000E+000  0.0000000000E+000
     1  1520     4    77     1     1       1     3       7    1    0   19    0    2   -2    0
      0.0000000000E+000 -1.8865175298E-001 -1.1348247023E-001
   14
      1.0000000000E+000
      0.0000000000E+000  0.0000000000E+000
      0.0000000000E+000 -2.0000000000E+000  1.0000000000E+000 -1.0000000000E+001  1.0000000000E+000  0.0000000000E+000  1.9999999553E-002
      3.0000000000E+000  1.0000000000E+000  0.0000000000E+000  0.0000000000E+000  0.0000000000E+000  0.0000000000E+000  1.4600274957E+003
      0.0000000000E+000  1.0000000000E+000  1.0000000000E+000  0.0000000000E+000  0.0000000000E+000
     1  1540     4    78     1     1       1     3       7    1    0   19    0    2   -2    0
      0.0000000000E+000 -1.8865175298E-001 -1.1348247023E-001
   14
      1.0000000000E+000
      0.0000000000E+000  0.0000000000E+000
      0.0000000000E+000 -2.0000000000E+000  1.0000000000E+000 -1.0000000000E+001  1.0000000000E+000  0.0000000000E+000  1.9999999553E-002
      3.0000000000E+000  1.0000000000E+000  0.0000000000E+000  0.0000000000E+000  0.0000000000E+000  0.0000000000E+000  1.4800274977E+003
      0.0000000000E+000  1.0000000000E+000  1.0000000000E+000  0.0000000000E+000  0.0000000000E+000
     1  1560     4    79     1     1       1     3       7    1    0   19    0    2   -2    0
      0.0000000000E+000 -1.8865175298E-001 -1.1348247023E-001
   14
      1.0000000000E+000
      0.0000000000E+000  0.0000000000E+000
      0.0000000000E+000 -2.0000000000E+000  1.0000000000E+000 -1.0000000000E+001  1.0000000000E+000  0.0000000000E+000  1.9999999553E-002
      3.0000000000E+000  1.0000000000E+000  0.0000000000E+000  0.0000000000E+000  0.0000000000E+000  0.0000000000E+000  1.5000274997E+003
      0.0000000000E+000  1.0000000000E+000  1.0000000000E+000  0.0000000000E+000  0.0000000000E+000
     1  1580     4    80     1     1       1     3       7    1    0   19    0    2   -2    0
      0.0000000000E+000 -1.8865175298E-001 -1.1348247023E-001
   14
      1.0000000000E+000
      0.0000000000E+000  0.0000000000E+000
      0.0000000000E+000 -2.0000000000E+000  1.0000000000E+000 -1.0000000000E+001  1.0000000000E+000  0.0000000000E+000  1.9999999553E-002
      3.0000000000E+000  1.0000000000E+000  0.0000000000E+000  0.0000000000E+000  0.0000000000E+000  0.0000000000E+000  1.5200275017E+003
      0.0000000000E+000  1.0000000000E+000  1.0000000000E+000  0.0000000000E+000  0.0000000000E+000
     1  1600     4    81     1     1       1     3       7    1    0   19    0    2   -2    0
      0.0000000000E+000 -1.8865175298E-001 -1.1348247023E-001
   14
      1.0000000000E+000
      0.0000000000E+000  0.0000000000E+000
      0.0000000000E+000 -2.0000000000E+000  1.0000000000E+000 -1.0000000000E+001  1.0000000000E+000  0.0000000000E+000  1.9999999553E-002
      3.0000000000E+000  1.0000000000E+000  0.0000000000E+000  0.0000000000E+000  0.0000000000E+000  0.0000000000E+000  1.5400275037E+003
      0.0000000000E+000  1.0000000000E+000  1.0000000000E+000  0.0000000000E+000  0.0000000000E+000
     1  1620     4    82     1     1       1     3       7    1    0   19    0    2   -2    0
      0.0000000000E+000 -1.8865175298E-001 -1.1348247023E-001
   14
      1.0000000000E+000
      0.0000000000E+000  0.0000000000E+000
      0.0000000000E+000 -2.0000000000E+000  1.0000000000E+000 -1.0000000000E+001  1.0000000000E+000  0.0000000000E+000  1.9999999553E-002
      3.0000000000E+000  1.0000000000E+000  0.0000000000E+000  0.0000000000E+000  0.0000000000E+000  0.0000000000E+000  1.5600275057E+003
      0.0000000000E+000  1.0000000000E+000  1.0000000000E+000  0.0000000000E+000  0.0000000000E+000
     1  1640     4    83     1     1       1     3       7    1    0   19    0    2   -2    0
      0.0000000000E+000 -1.8865175298E-001 -1.1348247023E-001
   14
      1.0000000000E+000
      0.0000000000E+000  0.0000000000E+000
      0.0000000000E+000 -2.0000000000E+000  1.0000000000E+000 -1.0000000000E+001  1.0000000000E+000  0.0000000000E+000  1.9999999553E-002
      3.0000000000E+000  1.0000000000E+000  0.0000000000E+000  0.0000000000E+000  0.0000000000E+000  0.0000000000E+000  1.5800275077E+003
      0.0000000000E+000  1.0000000000E+000  1.0000000000E+000  0.0000000000E+000  0.0000000000E+000
     1  1660     4    84     1     1       1     3       7    1    0   19    0    2   -2    0
      0.0000000000E+000 -1.8865175298E-001 -1.1348247023E-001
   14
      1.0000000000E+000
      0.0000000000E+000  0.0000000000E+000
      0.0000000000E+000 -2.0000000000E+000  1.0000000000E+000 -1.0000000000E+001  1.0000000000E+000  0.0000000000E+000  1.9999999553E-002
      3.0000000000E+000  1.0000000000E+000  0.0000000000E+000  0.0000000000E+000  0.0000000000E+000  0.0000000000E+000  1.6000275097E+003
      0.0000000000E+000  1.0000000000E+000  1.0000000000E+000  0.0000000000E+000  0.0000000000E+000
     1  1680     4    85     1     1       1     3       7    1    0   19    0    2   -2    0
      0.0000000000E+000 -1.8865175298E-001 -1.1348247023E-001
   14
      1.0000000000E+000
      0.0000000000E+000  0.0000000000E+000
      0.0000000000E+000 -2.0000000000E+000  1.0000000000E+000 -1.0000000000E+001  1.0000000000E+000  0.0000000000E+000  1.9999999553E-002
      3.0000000000E+000  1.0000000000E+000  0.0000000000E+000  0.0000000000E+000  0.0000000000E+000  0.0000000000E+000  1.6200275117E+003
      0.0000000000E+000  1.0000000000E+000  1.0000000000E+000  0.0000000000E+000  0.0000000000E+000
     1  1700     4    86     1     1       1     3       7    1    0   19    0    2   -2    0
      0.0000000000E+000 -1.8865175298E-001 -1.1348247023E-001
   14
      1.0000000000E+000
      0.0000000000E+000  0.0000000000E+000
      0.0000000000E+000 -2.0000000000E+000  1.0000000000E+000 -1.0000000000E+001  1.0000000000E+000  0.0000000000E+000  1.9999999553E-002
      3.0000000000E+000  1.0000000000E+000  0.0000000000E+000  0.0000000000E+000  0.0000000000E+000  0.0000000000E+000  1.6400275137E+003
      0.0000000000E+000  1.0000000000E+000  1.0000000000E+000  0.0000000000E+000  0.0000000000E+000
     1  1720     4    87     1     1       1     3       7    1    0   19    0    2   -2    0
      0.0000000000E+000 -1.8865175298E-001 -1.1348247023E-001
   14
      1.0000000000E+000
      0.0000000000E+000  0.0000000000E+000
      0.0000000000E+000 -2.0000000000E+000  1.0000000000E+000 -1.0000000000E+001  1.0000000000E+000  0.0000000000E+000  1.9999999553E-002
      3.0000000000E+000  1.0000000000E+000  0.0000000000E+000  0.0000000000E+000  0.0000000000E+000  0.0000000000E+000  1.6600275157E+003
      0.0000000000E+000  1.0000000000E+000  1.0000000000E+000  0.0000000000E+000  0.0000000000E+000
     1  1740     4    88     1     1       1     3       7    1    0   19    0    2   -2    0
      0.0000000000E+000 -1.8865175298E-001 -1.1348247023E-001
   14
      1.0000000000E+000
      0.0000000000E+000  0.0000000000E+000
      0.0000000000E+000 -2.0000000000E+000  1.0000000000E+000 -1.0000000000E+001  1.0000000000E+000  0.0000000000E+000  1.9999999553E-002
      3.0000000000E+000  1.0000000000E+000  0.0000000000E+000  0.0000000000E+000  0.0000000000E+000  0.0000000000E+000  1.6800275177E+003
      0.0000000000E+000  1.0000000000E+000  1.0000000000E+000  0.0000000000E+000  0.0000000000E+000
     1  1760     4    89     1     1       1     3       7    1    0   19    0    2   -2    0
      0.0000000000E+000 -1.8865175298E-001 -1.1348247023E-001
   14
      1.0000000000E+000
      0.0000000000E+000  0.0000000000E+000
      0.0000000000E+000 -2.0000000000E+000  1.0000000000E+000 -1.0000000000E+001  1.0000000000E+000  0.0000000000E+000  1.9999999553E-002
      3.0000000000E+000  1.0000000000E+000  0.0000000000E+000  0.0000000000E+000  0.0000000000E+000  0.0000000000E+000  1.7000275197E+003
      0.0000000000E+000  1.0000000000E+000  1.0000000000E+000  0.0000000000E+000  0.0000000000E+000
     1  1780     4    90     1     1       1     3       7    1    0   19    0    2   -2    0
      0.0000000000E+000 -1.8865175298E-001 -1.1348247023E-001
   14
      1.0000000000E+000
      0.0000000000E+000  0.0000000000E+000
      0.0000000000E+000 -2.0000000000E+000  1.0000000000E+000 -1.0000000000E+001  1.0000000000E+000  0.0000000000E+000  1.9999999553E-002
      3.0000000000E+000  1.0000000000E+000  0.0000000000E+000  0.0000000000E+000  0.0000000000E+000  0.0000000000E+000  1.7200275217E+003
      0.0000000000E+000  1.0000000000E+000  1.0000000000E+000  0.0000000000E+000  0.0000000000E+000
     1  1800     4    91     1     1       1     3       7    1    0   19    0    2   -2    0
      0.0000000000E+000 -1.8865175298E-001 -1.1348247023E-001
   14
      1.0000000000E+000
      0.0000000000E+000  0.0000000000E+000
      0.0000000000E+000 -2.0000000000E+000  1.0000000000E+000 -1.0000000000E+001  1.0000000000E+000  0.0000000000E+000  1.9999999553E-002
      3.0000000000E+000  1.0000000000E+000  0.0000000000E+000  0.0000000000E+000  0.0000000000E+000  0.0000000000E+000  1.7400275237E+003
      0.0000000000E+000  1.0000000000E+000  1.0000000000E+000  0.0000000000E+000  0.0000000000E+000
     1  1820     4    92     1     1       1     3       7    1    0   19    0    2   -2    0
      0.0000000000E+000 -1.8865175298E-001 -1.1348247023E-001
   14
      1.0000000000E+000
      0.0000000000E+000  0.0000000000E+000
      0.0000000000E+000 -2.0000000000E+000  1.0000000000E+000 -1.0000000000E+001  1.0000000000E+000  0.0000000000E+000  1.9999999553E-002
      3.0000000000E+000  1.0000000000E+000  0.0000000000E+000  0.0000000000E+000  0.0000000000E+000  0.0000000000E+000  1.7600275257E+003
      0.0000000000E+000  1.0000000000E+000  1.0000000000E+000  0.0000000000E+000  0.0000000000E+000
     1  1840     4    93     1     1       1     3       7    1    0   19    0    2   -2    0
      0.0000000000E+000 -1.8865175298E-001 -1.1348247023E-001
   14
      1.0000000000E+000
      0.0000000000E+000  0.0000000000E+000
      0.0000000000E+000 -2.0000000000E+000  1.0000000000E+000 -1.0000000000E+001  1.0000000000E+000  0.0000000000E+000  1.9999999553E-002
      3.0000000000E+000  1.0000000000E+000  0.0000000000E+000  0.0000000000E+000  0.0000000000E+000  0.0000000000E+000  1.7800275277E+003
      0.0000000000E+000  1.0000000000E+000  1.0000000000E+000  0.0000000000E+000  0.0000000000E+000
     1  1860     4    94     1     1       1     3       7    1    0   19    0    2   -2    0
      0.0000000000E+000 -1.8865175298E-001 -1.1348247023E-001
   14
      1.0000000000E+000
      0.0000000000E+000  0.0000000000E+000
      0.0000000000E+000 -2.0000000000E+000  1.0000000000E+000 -1.0000000000E+001  1.0000000000E+000  0.0000000000E+000  1.9999999553E-002
      3.0000000000E+000  1.0000000000E+000  0.0000000000E+000  0.0000000000E+000  0.0000000000E+000  0.0000000000E+000  1.8000275297E+003
      0.0000000000E+000  1.0000000000E+000  1.0000000000E+000  0.0000000000E+000  0.0000000000E+000
     1  1880     4    95     1     1       1     3       7    1    0   19    0    2   -2    0
      0.0000000000E+000 -1.8865175298E-001 -1.1348247023E-001
   14
      1.0000000000E+000
      0.0000000000E+000  0.0000000000E+000
      0.0000000000E+000 -2.0000000000E+000  1.0000000000E+000 -1.0000000000E+001  1.0000000000E+000  0.0000000000E+000  1.9999999553E-002
      3.0000000000E+000  1.0000000000E+000  0.0000000000E+000  0.0000000000E+000  0.0000000000E+000  0.0000000000E+000  1.8200275317E+003
      0.0000000000E+000  1.0000000000E+000  1.0000000000E+000  0.0000000000E+000  0.0000000000E+000
     1  1900     4    96     1     1       1     3       7    1    0   19    0    2   -2    0
      0.0000000000E+000 -1.8865175298E-001 -1.1348247023E-001
   14
      1.0000000000E+000
      0.0000000000E+000  0.0000000000E+000
      0.0000000000E+000 -2.0000000000E+000  1.0000000000E+000 -1.0000000000E+001  1.0000000000E+000  0.0000000000E+000  1.9999999553E-002
      3.0000000000E+000  1.0000000000E+000  0.0000000000E+000  0.0000000000E+000  0.0000000000E+000  0.0000000000E+000  1.8400275337E+003
      0.0000000000E+000  1.0000000000E+000  1.0000000000E+000  0.0000000000E+000  0.0000000000E+000
     1  1920     4    97     1     1       1     3       7    1    0   19    0    2   -2    0
      0.0000000000E+000 -1.8865175298E-001 -1.1348247023E-001
   14
      1.0000000000E+000
      0.0000000000E+000  0.0000000000E+000
      0.0000000000E+000 -2.0000000000E+000  1.0000000000E+000 -1.0000000000E+001  1.0000000000E+000  0.0000000000E+000  1.9999999553E-002
      3.0000000000E+000  1.0000000000E+000  0.0000000000E+000  0.0000000000E+000  0.0000000000E+000  0.0000000000E+000  1.8600275357E+003
      0.0000000000E+000  1.0000000000E+000  1.0000000000E+000  0.0000000000E+000  0.0000000000E+000
     1  1940     4    98     1     1       1     3       7    1    0   19    0    2   -2    0
      0.0000000000E+000 -1.8865175298E-001 -1.1348247023E-001
   14
      1.0000000000E+000
      0.0000000000E+000  0.0000000000E+000
      0.0000000000E+000 -2.0000000000E+000  1.0000000000E+000 -1.0000000000E+001  1.0000000000E+000  0.0000000000E+000  1.9999999553E-002
      3.0000000000E+000  1.0000000000E+000  0.0000000000E+000  0.0000000000E+000  0.0000000000E+000  0.0000000000E+000  1.8800275377E+003
      0.0000000000E+000  1.0000000000E+000  1.0000000000E+000  0.0000000000E+000  0.0000000000E+000
     1  1960     4    99     1     1       1     3       7    1    0   19    0    2   -2    0
      0.0000000000E+000 -1.8865175298E-001 -1.1348247023E-001
   14
      1.0000000000E+000
      0.0000000000E+000  0.0000000000E+000
      0.0000000000E+000 -2.0000000000E+000  1.0000000000E+000 -1.0000000000E+001  1.0000000000E+000  0.0000000000E+000  1.9999999553E-002
      3.0000000000E+000  1.0000000000E+000  0.0000000000E+000  0.0000000000E+000  0.0000000000E+000  0.0000000000E+000  1.9000275397E+003
      0.0000000000E+000  1.0000000000E+000  1.0000000000E+000  0.0000000000E+000  0.0000000000E+000
     1  1980     4   100     1     1       1     3       7    1    0   19    0    2   -2    0
      0.0000000000E+000 -1.8865175298E-001 -1.1348247023E-001
   14
      1.0000000000E+000
      0.0000000000E+000  0.0000000000E+000
      0.0000000000E+000 -2.0000000000E+000  1.0000000000E+000 -1.0000000000E+001  1.0000000000E+000  0.0000000000E+000  1.9999999553E-002
      3.0000000000E+000  1.0000000000E+000  0.0000000000E+000  0.0000000000E+000  0.0000000000E+000  0.0000000000E+000  1.9200275417E+003
      0.0000000000E+000  1.0000000000E+000  1.0000000000E+000  0.0000000000E+000  0.0000000000E+000
     1  2000     4   101     1     1       1     3       7    1    0   19    0    2   -2    0
      0.0000000000E+000 -1.8865175298E-001 -1.1348247023E-001
   14
      1.0000000000E+000
      0.0000000000E+000  0.0000000000E+000
      0.0000000000E+000 -2.0000000000E+000  1.0000000000E+000 -1.0000000000E+001  1.0000000000E+000  0.0000000000E+000  1.9999999553E-002
      3.0000000000E+000  1.0000000000E+000  0.0000000000E+000  0.0000000000E+000  0.0000000000E+000  0.0000000000E+000  1.9400275437E+003
      0.0000000000E+000  1.0000000000E+000  1.0000000000E+000  0.0000000000E+000  0.0000000000E+000
     1  2020     4   102     1     1       1     3       7    1    0   19    0    2   -2    0
      0.0000000000E+000 -1.8865175298E-001 -1.1348247023E-001
   14
      1.0000000000E+000
      0.0000000000E+000  0.0000000000E+000
      0.0000000000E+000 -2.0000000000E+000  1.0000000000E+000 -1.0000000000E+001  1.0000000000E+000  0.0000000000E+000  1.9999999553E-002
      3.0000000000E+000  1.0000000000E+000  0.0000000000E+000  0.0000000000E+000  0.0000000000E+000  0.0000000000E+000  1.9600275457E+003
      0.0000000000E+000  1.0000000000E+000  1.0000000000E+000  0.0000000000E+000  0.0000000000E+000
     1  2040     4   103     1     1       1     3       7    1    0   19    0    2   -2    0
      0.0000000000E+000 -1.8865175298E-001 -1.1348247023E-001
   14
      1.0000000000E+000
      0.0000000000E+000  0.0000000000E+000
      0.0000000000E+000 -2.0000000000E+000  1.0000000000E+000 -1.0000000000E+001  1.0000000000E+000  0.0000000000E+000  1.9999999553E-002
      3.0000000000E+000  1.0000000000E+000  0.0000000000E+000  0.0000000000E+000  0.0000000000E+000  0.0000000000E+000  1.9800275477E+003
      0.0000000000E+000  1.0000000000E+000  1.0000000000E+000  0.0000000000E+000  0.0000000000E+000
     1  2060     4   104     1     1       1     3       7    1    0   19    0    2   -2    0
      0.0000000000E+000 -1.8865175298E-001 -1.1348247023E-001
   14
      1.0000000000E+000
      0.0000000000E+000  0.0000000000E+000
      0.0000000000E+000 -2.0000000000E+000  1.0000000000E+000 -1.0000000000E+001  1.0000000000E+000  0.0000000000E+000  1.9999999553E-002
      3.0000000000E+000  1.0000000000E+000  0.0000000000E+000  0.0000000000E+000  0.0000000000E+000  0.0000000000E+000  2.0000275497E+003
      0.0000000000E+000  1.0000000000E+000  1.0000000000E+000  0.0000000000E+000  0.0000000000E+000
     1  2080     4   105     1     1       1     3       7    1    0   19    0    2   -2    0
      0.0000000000E+000 -1.8865175298E-001 -1.1348247023E-001
   14
      1.0000000000E+000
      0.0000000000E+000  0.0000000000E+000
      0.0000000000E+000 -2.0000000000E+000  1.0000000000E+000 -1.0000000000E+001  1.0000000000E+000  0.0000000000E+000  1.9999999553E-002
      3.0000000000E+000  1.0000000000E+000  0.0000000000E+000  0.0000000000E+000  0.0000000000E+000  0.0000000000E+000  2.0200275517E+003
      0.0000000000E+000  1.0000000000E+000  1.0000000000E+000  0.0000000000E+000  0.0000000000E+000
     1  2100     4   106     1     1       1     3       7    1    0   19    0    2   -2    0
      0.0000000000E+000 -1.8865175298E-001 -1.1348247023E-001
   14
      1.0000000000E+000
      0.0000000000E+000  0.0000000000E+000
      0.0000000000E+000 -2.0000000000E+000  1.0000000000E+000 -1.0000000000E+001  1.0000000000E+000  0.0000000000E+000  1.9999999553E-002
      3.0000000000E+000  1.0000000000E+000  0.0000000000E+000  0.0000000000E+000  0.0000000000E+000  0.0000000000E+000  2.0400275537E+003
      0.0000000000E+000  1.0000000000E+000  1.0000000000E+000  0.0000000000E+000  0.0000000000E+000
     1  2120     4   107     1     1       1     3       7    1    0   19    0    2   -2    0
      0.0000000000E+000 -1.8865175298E-001 -1.1348247023E-001
   14
      1.0000000000E+000
      0.0000000000E+000  0.0000000000E+000
      0.0000000000E+000 -2.0000000000E+000  1.0000000000E+000 -1.0000000000E+001  1.0000000000E+000  0.0000000000E+000  1.9999999553E-002
      3.0000000000E+000  1.0000000000E+000  0.0000000000E+000  0.0000000000E+000  0.0000000000E+000  0.0000000000E+000  2.0600275557E+003
      0.0000000000E+000  1.0000000000E+000  1.0000000000E+000  0.0000000000E+000  0.0000000000E+000
     1  2140     4   108     1     1       1     3       7    1    0   19    0    2   -2    0
      0.0000000000E+000 -1.8865175298E-001 -1.1348247023E-001
   14
      1.0000000000E+000
      0.0000000000E+000  0.0000000000E+000
      0.0000000000E+000 -2.0000000000E+000  1.0000000000E+000 -1.0000000000E+001  1.0000000000E+000  0.0000000000E+000  1.9999999553E-002
      3.0000000000E+000  1.0000000000E+000  0.0000000000E+000  0.0000000000E+000  0.0000000000E+000  0.0000000000E+000  2.0800275577E+003
      0.0000000000E+000  1.0000000000E+000  1.0000000000E+000  0.0000000000E+000  0.0000000000E+000
     1  2160     4   109     1     1       1     3       7    1    0   19    0    2   -2    0
      0.0000000000E+000 -1.8865175298E-001 -1.1348247023E-001
   14
      1.0000000000E+000
      0.0000000000E+000  0.0000000000E+000
      0.0000000000E+000 -2.0000000000E+000  1.0000000000E+000 -1.0000000000E+001  1.0000000000E+000  0.0000000000E+000  1.9999999553E-002
      3.0000000000E+000  1.0000000000E+000  0.0000000000E+000  0.0000000000E+000  0.0000000000E+000  0.0000000000E+000  2.1000275597E+003
      0.0000000000E+000  1.0000000000E+000  1.0000000000E+000  0.0000000000E+000  0.0000000000E+000
     1  2180     4   110     1     1       1     3       7    1    0   19    0    2   -2    0
      0.0000000000E+000 -1.8865175298E-001 -1.1348247023E-001
   14
      1.0000000000E+000
      0.0000000000E+000  0.0000000000E+000
      0.0000000000E+000 -2.0000000000E+000  1.0000000000E+000 -1.0000000000E+001  1.0000000000E+000  0.0000000000E+000  1.9999999553E-002
      3.0000000000E+000  1.0000000000E+000  0.0000000000E+000  0.0000000000E+000  0.0000000000E+000  0.0000000000E+000  2.1200275617E+003
      0.0000000000E+000  1.0000000000E+000  1.0000000000E+000  0.0000000000E+000  0.0000000000E+000
     1  2200     4   111     1     1       1     3       7    1    0   19    0    2   -2    0
      0.0000000000E+000 -1.8865175298E-001 -1.1348247023E-001
   14
      1.0000000000E+000
      0.0000000000E+000  0.0000000000E+000
      0.0000000000E+000 -2.0000000000E+000  1.0000000000E+000 -1.0000000000E+001  1.0000000000E+000  0.0000000000E+000  1.9999999553E-002
      3.0000000000E+000  1.0000000000E+000  0.0000000000E+000  0.0000000000E+000  0.0000000000E+000  0.0000000000E+000  2.1400275637E+003
      0.0000000000E+000  1.0000000000E+000  1.0000000000E+000  0.0000000000E+000  0.0000000000E+000
     1  2220     4   112     1     1       1     3       7    1    0   19    0    2   -2    0
      0.0000000000E+000 -1.8865175298E-001 -1.1348247023E-001
   14
      1.0000000000E+000
      0.0000000000E+000  0.0000000000E+000
      0.0000000000E+000 -2.0000000000E+000  1.0000000000E+000 -1.0000000000E+001  1.0000000000E+000  0.0000000000E+000  1.9999999553E-002
      3.0000000000E+000  1.0000000000E+000  0.0000000000E+000  0.0000000000E+000  0.0000000000E+000  0.0000000000E+000  2.1600275657E+003
      0.0000000000E+000  1.0000000000E+000  1.0000000000E+000  0.0000000000E+000  0.0000000000E+000
     1  2240     4   113     1     1       1     3       7    1    0   19    0    2   -2    0
      0.0000000000E+000 -1.8865175298E-001 -1.1348247023E-001
   14
      1.0000000000E+000
      0.0000000000E+000  0.0000000000E+000
      0.0000000000E+000 -2.0000000000E+000  1.0000000000E+000 -1.0000000000E+001  1.0000000000E+000  0.0000000000E+000  1.9999999553E-002
      3.0000000000E+000  1.0000000000E+000  0.0000000000E+000  0.0000000000E+000  0.0000000000E+000  0.0000000000E+000  2.1800275677E+003
      0.0000000000E+000  1.0000000000E+000  1.0000000000E+000  0.0000000000E+000  0.0000000000E+000
     1  2260     4   114     1     1       1     3       7    1    0   19    0    2   -2    0
      0.0000000000E+000 -1.8865175298E-001 -1.1348247023E-001
   14
      1.0000000000E+000
      0.0000000000E+000  0.0000000000E+000
      0.0000000000E+000 -2.0000000000E+000  1.0000000000E+000 -1.0000000000E+001  1.0000000000E+000  0.0000000000E+000  1.9999999553E-002
      3.0000000000E+000  1.0000000000E+000  0.0000000000E+000  0.0000000000E+000  0.0000000000E+000  0.0000000000E+000  2.2000275697E+003
      0.0000000000E+000  1.0000000000E+000  1.0000000000E+000  0.0000000000E+000  0.0000000000E+000
     1  2280     4   115     1     1       1     3       7    1    0   19    0    2   -2    0
      0.0000000000E+000 -1.8865175298E-001 -1.1348247023E-001
   14
      1.0000000000E+000
      0.0000000000E+000  0.0000000000E+000
      0.0000000000E+000 -2.0000000000E+000  1.0000000000E+000 -1.0000000000E+001  1.0000000000E+000  0.0000000000E+000  1.9999999553E-002
      3.0000000000E+000  1.0000000000E+000  0.0000000000E+000  0.0000000000E+000  0.0000000000E+000  0.0000000000E+000  2.2200275717E+003
      0.0000000000E+000  1.0000000000E+000  1.0000000000E+000  0.0000000000E+000  0.0000000000E+000
     1  2300     4   116     1     1       1     3       7    1    0   19    0    2   -2    0
      0.0000000000E+000 -1.8865175298E-001 -1.1348247023E-001
   14
      1.0000000000E+000
      0.0000000000E+000  0.0000000000E+000
      0.0000000000E+000 -2.0000000000E+000  1.0000000000E+000 -1.0000000000E+001  1.0000000000E+000  0.0000000000E+000  1.9999999553E-002
      3.0000000000E+000  1.0000000000E+000  0.0000000000E+000  0.0000000000E+000  0.0000000000E+000  0.0000000000E+000  2.2400275737E+003
      0.0000000000E+000  1.0000000000E+000  1.0000000000E+000  0.0000000000E+000  0.0000000000E+000
     1  2320     4   117     1     1       1     3       7    1    0   19    0    2   -2    0
      0.0000000000E+000 -1.8865175298E-001 -1.1348247023E-001
   14
      1.0000000000E+000
      0.0000000000E+000  0.0000000000E+000
      0.0000000000E+000 -2.0000000000E+000  1.0000000000E+000 -1.0000000000E+001  1.0000000000E+000  0.0000000000E+000  1.9999999553E-002
      3.0000000000E+000  1.0000000000E+000  0.0000000000E+000  0.0000000000E+000  0.0000000000E+000  0.0000000000E+000  2.2600275757E+003
      0.0000000000E+000  1.0000000000E+000  1.0000000000E+000  0.0000000000E+000  0.0000000000E+000
     1  2340     4   118     1     1       1     3       7    1    0   19    0    2   -2    0
      0.0000000000E+000 -1.8865175298E-001 -1.1348247023E-001
   14
      1.0000000000E+000
      0.0000000000E+000  0.0000000000E+000
      0.0000000000E+000 -2.0000000000E+000  1.0000000000E+000 -1.0000000000E+001  1.0000000000E+000  0.0000000000E+000  1.9999999553E-002
      3.0000000000E+000  1.0000000000E+000  0.0000000000E+000  0.0000000000E+000  0.0000000000E+000  0.0000000000E+000  2.2800275777E+003
      0.0000000000E+000  1.0000000000E+000  1.0000000000E+000  0.0000000000E+000  0.0000000000E+000
     1  2360     4   119     1     1       1     3       7    1    0   19    0    2   -2    0
      0.0000000000E+000 -1.8865175298E-001 -1.1348247023E-001
   14
      1.0000000000E+000
      0.0000000000E+000  0.0000000000E+000
      0.0000000000E+000 -2.0000000000E+000  1.0000000000E+000 -1.0000000000E+001  1.0000000000E+000  0.0000000000E+000  1.9999999553E-002
      3.0000000000E+000  1.0000000000E+000  0.0000000000E+000  0.0000000000E+000  0.0000000000E+000  0.0000000000E+000  2.3000275797E+003
      0.0000000000E+000  1.0000000000E+000  1.0000000000E+000  0.0000000000E+000  0.0000000000E+000
     1  2380     4   120     1     1       1     3       7    1    0   19    0    2   -2    0
      0.0000000000E+000 -1.8865175298E-001 -1.1348247023E-001
   14
      1.0000000000E+000
      0.0000000000E+000  0.0000000000E+000
      0.0000000000E+000 -2.0000000000E+000  1.0000000000E+000 -1.0000000000E+001  1.0000000000E+000  0.0000000000E+000  1.9999999553E-002
      3.0000000000E+000  1.0000000000E+000  0.0000000000E+000  0.0000000000E+000  0.0000000000E+000  0.0000000000E+000  2.3200275817E+003
      0.0000000000E+000  1.0000000000E+000  1.0000000000E+000  0.0000000000E+000  0.0000000000E+000
     1  2400     4   121     1     1       1     3       7    1    0   19    0    2   -2    0
      0.0000000000E+000 -1.8865175298E-001 -1.1348247023E-001
   14
      1.0000000000E+000
      0.0000000000E+000  0.0000000000E+000
      0.0000000000E+000 -2.0000000000E+000  1.0000000000E+000 -1.0000000000E+001  1.0000000000E+000  0.0000000000E+000  1.9999999553E-002
      3.0000000000E+000  1.0000000000E+000  0.0000000000E+000  0.0000000000E+000  0.0000000000E+000  0.0000000000E+000  2.3400275837E+003
      0.0000000000E+000  1.0000000000E+000  1.0000000000E+000  0.0000000000E+000  0.0000000000E+000
     1  2420     4   122     1     1       1     3       7    1    0   19    0    2   -2    0
      0.0000000000E+000 -1.8865175298E-001 -1.1348247023E-001
   14
      1.0000000000E+000
      0.0000000000E+000  0.0000000000E+000
      0.0000000000E+000 -2.0000000000E+000  1.0000000000E+000 -1.0000000000E+001  1.0000000000E+000  0.0000000000E+000  1.9999999553E-002
      3.0000000000E+000  1.0000000000E+000  0.0000000000E+000  0.0000000000E+000  0.0000000000E+000  0.0000000000E+000  2.3600275857E+003
      0.0000000000E+000  1.0000000000E+000  1.0000000000E+000  0.0000000000E+000  0.0000000000E+000
     1  2440     4   123     1     1       1     3       7    1    0   19    0    2   -2    0
      0.0000000000E+000 -1.8865175298E-001 -1.1348247023E-001
   14
      1.0000000000E+000
      0.0000000000E+000  0.0000000000E+000
      0.0000000000E+000 -2.0000000000E+000  1.0000000000E+000 -1.0000000000E+001  1.0000000000E+000  0.0000000000E+000  1.9999999553E-002
      3.0000000000E+000  1.0000000000E+000  0.0000000000E+000  0.0000000000E+000  0.0000000000E+000  0.0000000000E+000  2.3800275877E+003
      0.0000000000E+000  1.0000000000E+000  1.0000000000E+000  0.0000000000E+000  0.0000000000E+000
     1  2460     4   124     1     1       1     3       7    1    0   19    0    2   -2    0
      0.0000000000E+000 -1.8865175298E-001 -1.1348247023E-001
   14
      1.0000000000E+000
      0.0000000000E+000  0.0000000000E+000
      0.0000000000E+000 -2.0000000000E+000  1.0000000000E+000 -1.0000000000E+001  1.0000000000E+000  0.0000000000E+000  1.9999999553E-002
      3.0000000000E+000  1.0000000000E+000  0.0000000000E+000  0.0000000000E+000  0.0000000000E+000  0.0000000000E+000  2.4000275897E+003
      0.0000000000E+000  1.0000000000E+000  1.0000000000E+000  0.0000000000E+000  0.0000000000E+000
     1  2480     4   125     1     1       1     3       7    1    0   19    0    2   -2    0
      0.0000000000E+000 -1.8865175298E-001 -1.1348247023E-001
   14
      1.0000000000E+000
      0.0000000000E+000  0.0000000000E+000
      0.0000000000E+000 -2.0000000000E+000  1.0000000000E+000 -1.0000000000E+001  1.0000000000E+000  0.0000000000E+000  1.9999999553E-002
      3.0000000000E+000  1.0000000000E+000  0.0000000000E+000  0.0000000000E+000  0.0000000000E+000  0.0000000000E+000  2.4200275917E+003
      0.0000000000E+000  1.0000000000E+000  1.0000000000E+000  0.0000000000E+000  0.0000000000E+000
     1  2500     4   126     1     1       1     3       7    1    0   19    0    2   -2    0
      0.0000000000E+000 -1.8865175298E-001 -1.1348247023E-001
   14
      1.0000000000E+000
      0.0000000000E+000  0.0000000000E+000
      0.0000000000E+000 -2.0000000000E+000  1.0000000000E+000 -1.0000000000E+001  1.0000000000E+000  0.0000000000E+000  1.9999999553E-002
      3.0000000000E+000  1.0000000000E+000  0.0000000000E+000  0.0000000000E+000  0.0000000000E+000  0.0000000000E+000  2.4400275937E+003
      0.0000000000E+000  1.0000000000E+000  1.0000000000E+000  0.0000000000E+000  0.0000000000E+000
     1  2520     4   127     1     1       1     3       7    1    0   19    0    2   -2    0
      0.0000000000E+000 -1.8865175298E-001 -1.1348247023E-001
   14
      1.0000000000E+000
      0.0000000000E+000  0.0000000000E+000
      0.0000000000E+000 -2.0000000000E+000  1.0000000000E+000 -1.0000000000E+001  1.0000000000E+000  0.0000000000E+000  1.9999999553E-002
      3.0000000000E+000  1.0000000000E+000  0.0000000000E+000  0.0000000000E+000  0.0000000000E+000  0.0000000000E+000  2.4600275957E+003
      0.0000000000E+000  1.0000000000E+000  1.0000000000E+000  0.0000000000E+000  0.0000000000E+000
     1  2540     4   128     1     1       1     3       7    1    0   19    0    2   -2    0
      0.0000000000E+000 -1.8865175298E-001 -1.1348247023E-001
   14
      1.0000000000E+000
      0.0000000000E+000  0.0000000000E+000
      0.0000000000E+000 -2.0000000000E+000  1.0000000000E+000 -1.0000000000E+001  1.0000000000E+000  0.0000000000E+000  1.9999999553E-002
      3.0000000000E+000  1.0000000000E+000  0.0000000000E+000  0.0000000000E+000  0.0000000000E+000  0.0000000000E+000  2.4800275977E+003
      0.0000000000E+000  1.0000000000E+000  1.0000000000E+000  0.0000000000E+000  0.0000000000E+000
     1  2560     4   129     1     1       1     3       7    1    0   19    0    2   -2    0
      0.0000000000E+000 -1.8865175298E-001 -1.1348247023E-001
   14
      1.0000000000E+000
      0.0000000000E+000  0.0000000000E+000
      0.0000000000E+000 -2.0000000000E+000  1.0000000000E+000 -1.0000000000E+001  1.0000000000E+000  0.0000000000E+000  1.9999999553E-002
      3.0000000000E+000  1.0000000000E+000  0.0000000000E+000  0.0000000000E+000  0.0000000000E+000  0.0000000000E+000  2.5000275997E+003
      0.0000000000E+000  1.0000000000E+000  1.0000000000E+000  0.0000000000E+000  0.0000000000E+000
     1  2580     4   130     1     1       1     3       7    1    0   19    0    2   -2    0
      0.0000000000E+000 -1.8865175298E-001 -1.1348247023E-001
   14
      1.0000000000E+000
      0.0000000000E+000  0.0000000000E+000
      0.0000000000E+000 -2.0000000000E+000  1.0000000000E+000 -1.0000000000E+001  1.0000000000E+000  0.0000000000E+000  1.9999999553E-002
      3.0000000000E+000  1.0000000000E+000  0.0000000000E+000  0.0000000000E+000  0.0000000000E+000  0.0000000000E+000  2.5200276017E+003
      0.0000000000E+000  1.0000000000E+000  1.0000000000E+000  0.0000000000E+000  0.0000000000E+000
     1  2600     4   131     1     1       1     3       7    1    0   19    0    2   -2    0
      0.0000000000E+000 -1.8865175298E-001 -1.1348247023E-001
   14
      1.0000000000E+000
      0.0000000000E+000  0.0000000000E+000
      0.0000000000E+000 -2.0000000000E+000  1.0000000000E+000 -1.0000000000E+001  1.0000000000E+000  0.0000000000E+000  1.9999999553E-002
      3.0000000000E+000  1.0000000000E+000  0.0000000000E+000  0.0000000000E+000  0.0000000000E+000  0.0000000000E+000  2.5400276037E+003
      0.0000000000E+000  1.0000000000E+000  1.0000000000E+000  0.0000000000E+000  0.0000000000E+000
     1  2620     4   132     1     1       1     3       7    1    0   19    0    2   -2    0
      0.0000000000E+000 -1.8865175298E-001 -1.1348247023E-001
   14
      1.0000000000E+000
      0.0000000000E+000  0.0000000000E+000
      0.0000000000E+000 -2.0000000000E+000  1.0000000000E+000 -1.0000000000E+001  1.0000000000E+000  0.0000000000E+000  1.9999999553E-002
      3.0000000000E+000  1.0000000000E+000  0.0000000000E+000  0.0000000000E+000  0.0000000000E+000  0.0000000000E+000  2.5600276057E+003
      0.0000000000E+000  1.0000000000E+000  1.0000000000E+000  0.0000000000E+000  0.0000000000E+000
     1  2640     4   133     1     1       1     3       7    1    0   19    0    2   -2    0
      0.0000000000E+000 -1.8865175298E-001 -1.1348247023E-001
   14
      1.0000000000E+000
      0.0000000000E+000  0.0000000000E+000
      0.0000000000E+000 -2.0000000000E+000  1.0000000000E+000 -1.0000000000E+001  1.0000000000E+000  0.0000000000E+000  1.9999999553E-002
      3.0000000000E+000  1.0000000000E+000  0.0000000000E+000  0.0000000000E+000  0.0000000000E+000  0.0000000000E+000  2.5800276077E+003
      0.0000000000E+000  1.0000000000E+000  1.0000000000E+000  0.0000000000E+000  0.0000000000E+000
     1  2660     4   134     1     1       1     3       7    1    0   19    0    2   -2    0
      0.0000000000E+000 -1.8865175298E-001 -1.1348247023E-001
   14
      1.0000000000E+000
      0.0000000000E+000  0.0000000000E+000
      0.0000000000E+000 -2.0000000000E+000  1.0000000000E+000 -1.0000000000E+001  1.0000000000E+000  0.0000000000E+000  1.9999999553E-002
      3.0000000000E+000  1.0000000000E+000  0.0000000000E+000  0.0000000000E+000  0.0000000000E+000  0.0000000000E+000  2.6000276097E+003
      0.0000000000E+000  1.0000000000E+000  1.0000000000E+000  0.0000000000E+000  0.0000000000E+000
     1  2680     4   135     1     1       1     3       7    1    0   19    0    2   -2    0
      0.0000000000E+000 -1.8865175298E-001 -1.1348247023E-001
   14
      1.0000000000E+000
      0.0000000000E+000  0.0000000000E+000
      0.0000000000E+000 -2.0000000000E+000  1.0000000000E+000 -1.0000000000E+001  1.0000000000E+000  0.0000000000E+000  1.9999999553E-002
      3.0000000000E+000  1.0000000000E+000  0.0000000000E+000  0.0000000000E+000  0.0000000000E+000  0.0000000000E+000  2.6200276117E+003
      0.0000000000E+000  1.0000000000E+000  1.0000000000E+000  0.0000000000E+000  0.0000000000E+000
     1  2700     4   136     1     1       1     3       7    1    0   19    0    2   -2    0
      0.0000000000E+000 -1.8865175298E-001 -1.1348247023E-001
   14
      1.0000000000E+000
      0.0000000000E+000  0.0000000000E+000
      0.0000000000E+000 -2.0000000000E+000  1.0000000000E+000 -1.0000000000E+001  1.0000000000E+000  0.0000000000E+000  1.9999999553E-002
      3.0000000000E+000  1.0000000000E+000  0.0000000000E+000  0.0000000000E+000  0.0000000000E+000  0.0000000000E+000  2.6400276137E+003
      0.0000000000E+000  1.0000000000E+000  1.0000000000E+000  0.0000000000E+000  0.0000000000E+000
     1  2720     4   137     1     1       1     3       7    1    0   19    0    2   -2    0
      0.0000000000E+000 -1.8865175298E-001 -1.1348247023E-001
   14
      1.0000000000E+000
      0.0000000000E+000  0.0000000000E+000
      0.0000000000E+000 -2.0000000000E+000  1.0000000000E+000 -1.0000000000E+001  1.0000000000E+000  0.0000000000E+000  1.9999999553E-002
      3.0000000000E+000  1.0000000000E+000  0.0000000000E+000  0.0000000000E+000  0.0000000000E+000  0.0000000000E+000  2.6600276157E+003
      0.0000000000E+000  1.0000000000E+000  1.0000000000E+000  0.0000000000E+000  0.0000000000E+000
     1  2740     4   138     1     1       1     3       7    1    0   19    0    2   -2    0
      0.0000000000E+000 -1.8865175298E-001 -1.1348247023E-001
   14
      1.0000000000E+000
      0.0000000000E+000  0.0000000000E+000
      0.0000000000E+000 -2.0000000000E+000  1.0000000000E+000 -1.0000000000E+001  1.0000000000E+000  0.0000000000E+000  1.9999999553E-002
      3.0000000000E+000  1.0000000000E+000  0.0000000000E+000  0.0000000000E+000  0.0000000000E+000  0.0000000000E+000  2.6800276177E+003
      0.0000000000E+000  1.0000000000E+000  1.0000000000E+000  0.0000000000E+000  0.0000000000E+000
     1  2760     4   139     1     1       1     3       7    1    0   19    0    2   -2    0
      0.0000000000E+000 -1.8865175298E-001 -1.1348247023E-001
   14
      1.0000000000E+000
      0.0000000000E+000  0.0000000000E+000
      0.0000000000E+000 -2.0000000000E+000  1.0000000000E+000 -1.0000000000E+001  1.0000000000E+000  0.0000000000E+000  1.9999999553E-002
      3.0000000000E+000  1.0000000000E+000  0.0000000000E+000  0.0000000000E+000  0.0000000000E+000  0.0000000000E+000  2.7000276197E+003
      0.0000000000E+000  1.0000000000E+000  1.0000000000E+000  0.0000000000E+000  0.0000000000E+000
     1  2780     4   140     1     1       1     3       7    1    0   19    0    2   -2    0
      0.0000000000E+000 -1.8865175298E-001 -1.1348247023E-001
   14
      1.0000000000E+000
      0.0000000000E+000  0.0000000000E+000
      0.0000000000E+000 -2.0000000000E+000  1.0000000000E+000 -1.0000000000E+001  1.0000000000E+000  0.0000000000E+000  1.9999999553E-002
      3.0000000000E+000  1.0000000000E+000  0.0000000000E+000  0.0000000000E+000  0.0000000000E+000  0.0000000000E+000  2.7200276217E+003
      0.0000000000E+000  1.0000000000E+000  1.0000000000E+000  0.0000000000E+000  0.0000000000E+000
     1  2800     4   141     1     1       1     3       7    1    0   19    0    2   -2    0
      0.0000000000E+000 -1.8865175298E-001 -1.1348247023E-001
   14
      1.0000000000E+000
      0.0000000000E+000  0.0000000000E+000
      0.0000000000E+000 -2.0000000000E+000  1.0000000000E+000 -1.0000000000E+001  1.0000000000E+000  0.0000000000E+000  1.9999999553E-002
      3.0000000000E+000  1.0000000000E+000  0.0000000000E+000  0.0000000000E+000  0.0000000000E+000  0.0000000000E+000  2.7400276237E+003
      0.0000000000E+000  1.0000000000E+000  1.0000000000E+000  0.0000000000E+000  0.0000000000E+000
     1  2820     4   142     1     1       1     3       7    1    0   19    0    2   -2    0
      0.0000000000E+000 -1.8865175298E-001 -1.1348247023E-001
   14
      1.0000000000E+000
      0.0000000000E+000  0.0000000000E+000
      0.0000000000E+000 -2.0000000000E+000  1.0000000000E+000 -1.0000000000E+001  1.0000000000E+000  0.0000000000E+000  1.9999999553E-002
      3.0000000000E+000  1.0000000000E+000  0.0000000000E+000  0.0000000000E+000  0.0000000000E+000  0.0000000000E+000  2.7600276257E+003
      0.0000000000E+000  1.0000000000E+000  1.0000000000E+000  0.0000000000E+000  0.0000000000E+000
     1  2840     4   143     1     1       1     3       7    1    0   19    0    2   -2    0
      0.0000000000E+000 -1.8865175298E-001 -1.1348247023E-001
   14
      1.0000000000E+000
      0.0000000000E+000  0.0000000000E+000
      0.0000000000E+000 -2.0000000000E+000  1.0000000000E+000 -1.0000000000E+001  1.0000000000E+000  0.0000000000E+000  1.9999999553E-002
      3.0000000000E+000  1.0000000000E+000  0.0000000000E+000  0.0000000000E+000  0.0000000000E+000  0.0000000000E+000  2.7800276277E+003
      0.0000000000E+000  1.0000000000E+000  1.0000000000E+000  0.0000000000E+000  0.0000000000E+000
     1  2860     4   144     1     1       1     3       7    1    0   19    0    2   -2    0
      0.0000000000E+000 -1.8865175298E-001 -1.1348247023E-001
   14
      1.0000000000E+000
      0.0000000000E+000  0.0000000000E+000
      0.0000000000E+000 -2.0000000000E+000  1.0000000000E+000 -1.0000000000E+001  1.0000000000E+000  0.0000000000E+000  1.9999999553E-002
      3.0000000000E+000  1.0000000000E+000  0.0000000000E+000  0.0000000000E+000  0.0000000000E+000  0.0000000000E+000  2.8000276297E+003
      0.0000000000E+000  1.0000000000E+000  1.0000000000E+000  0.0000000000E+000  0.0000000000E+000
     1  2880     4   145     1     1       1     3       7    1    0   19    0    2   -2    0
      0.0000000000E+000 -1.8865175298E-001 -1.1348247023E-001
   14
      1.0000000000E+000
      0.0000000000E+000  0.0000000000E+000
      0.0000000000E+000 -2.0000000000E+000  1.0000000000E+000 -1.0000000000E+001  1.0000000000E+000  0.0000000000E+000  1.9999999553E-002
      3.0000000000E+000  1.0000000000E+000  0.0000000000E+000  0.0000000000E+000  0.0000000000E+000  0.0000000000E+000  2.8200276317E+003
      0.0000000000E+000  1.0000000000E+000  1.0000000000E+000  0.0000000000E+000  0.0000000000E+000
     1  2900     4   146     1     1       1     3       7    1    0   19    0    2   -2    0
      0.0000000000E+000 -1.8865175298E-001 -1.1348247023E-001
   14
      1.0000000000E+000
      0.0000000000E+000  0.0000000000E+000
      0.0000000000E+000 -2.0000000000E+000  1.0000000000E+000 -1.0000000000E+001  1.0000000000E+000  0.0000000000E+000  1.9999999553E-002
      3.0000000000E+000  1.0000000000E+000  0.0000000000E+000  0.0000000000E+000  0.0000000000E+000  0.0000000000E+000  2.8400276337E+003
      0.0000000000E+000  1.0000000000E+000  1.0000000000E+000  0.0000000000E+000  0.0000000000E+000
     1  2920     4   147     1     1       1     3       7    1    0   19    0    2   -2    0
      0.0000000000E+000 -1.8865175298E-001 -1.1348247023E-001
   14
      1.0000000000E+000
      0.0000000000E+000  0.0000000000E+000
      0.0000000000E+000 -2.0000000000E+000  1.0000000000E+000 -1.0000000000E+001  1.0000000000E+000  0.0000000000E+000  1.9999999553E-002
      3.0000000000E+000  1.0000000000E+000  0.0000000000E+000  0.0000000000E+000  0.0000000000E+000  0.0000000000E+000  2.8600276357E+003
      0.0000000000E+000  1.0000000000E+000  1.0000000000E+000  0.0000000000E+000  0.0000000000E+000
     1  2940     4   148     1     1       1     3       7    1    0   19    0    2   -2    0
      0.0000000000E+000 -1.8865175298E-001 -1.1348247023E-001
   14
      1.0000000000E+000
      0.0000000000E+000  0.0000000000E+000
      0.0000000000E+000 -2.0000000000E+000  1.0000000000E+000 -1.0000000000E+001  1.0000000000E+000  0.0000000000E+000  1.9999999553E-002
      3.0000000000E+000  1.0000000000E+000  0.0000000000E+000  0.0000000000E+000  0.0000000000E+000  0.0000000000E+000  2.8800276377E+003
      0.0000000000E+000  1.0000000000E+000  1.0000000000E+000  0.0000000000E+000  0.0000000000E+000
     1  2960     4   149     1     1       1     3       7    1    0   19    0    2   -2    0
      0.0000000000E+000 -1.8865175298E-001 -1.1348247023E-001
   14
      1.0000000000E+000
      0.0000000000E+000  0.0000000000E+000
      0.0000000000E+000 -2.0000000000E+000  1.0000000000E+000 -1.0000000000E+001  1.0000000000E+000  0.0000000000E+000  1.9999999553E-002
      3.0000000000E+000  1.0000000000E+000  0.0000000000E+000  0.0000000000E+000  0.0000000000E+000  0.0000000000E+000  2.9000276397E+003
      0.0000000000E+000  1.0000000000E+000  1.0000000000E+000  0.0000000000E+000  0.0000000000E+000
     1  2980     4   150     1     1       1     3       7    1    0   19    0    2   -2    0
      0.0000000000E+000 -1.8865175298E-001 -1.1348247023E-001
   14
      1.0000000000E+000
      0.0000000000E+000  0.0000000000E+000
      0.0000000000E+000 -2.0000000000E+000  1.0000000000E+000 -1.0000000000E+001  1.0000000000E+000  0.0000000000E+000  1.9999999553E-002
      3.0000000000E+000  1.0000000000E+000  0.0000000000E+000  0.0000000000E+000  0.0000000000E+000  0.0000000000E+000  2.9200276417E+003
      0.0000000000E+000  1.0000000000E+000  1.0000000000E+000  0.0000000000E+000  0.0000000000E+000
     1  3000     4   151     1     1       1     3       7    1    0   19    0    2   -2    0
      0.0000000000E+000 -1.8865175298E-001 -1.1348247023E-001
   14
      1.0000000000E+000
      0.0000000000E+000  0.0000000000E+000
      0.0000000000E+000 -2.0000000000E+000  1.0000000000E+000 -1.0000000000E+001  1.0000000000E+000  0.0000000000E+000  1.9999999553E-002
      3.0000000000E+000  1.0000000000E+000  0.0000000000E+000  0.0000000000E+000  0.0000000000E+000  0.0000000000E+000  2.9400276437E+003
      0.0000000000E+000  1.0000000000E+000  1.0000000000E+000  0.0000000000E+000  0.0000000000E+000
     1  3020     4   152     1     1       1     3       7    1    0   19    0    2   -2    0
      0.0000000000E+000 -1.8865175298E-001 -1.1348247023E-001
   14
      1.0000000000E+000
      0.0000000000E+000  0.0000000000E+000
      0.0000000000E+000 -2.0000000000E+000  1.0000000000E+000 -1.0000000000E+001  1.0000000000E+000  0.0000000000E+000  1.9999999553E-002
      3.0000000000E+000  1.0000000000E+000  0.0000000000E+000  0.0000000000E+000  0.0000000000E+000  0.0000000000E+000  2.9600276457E+003
      0.0000000000E+000  1.0000000000E+000  1.0000000000E+000  0.0000000000E+000  0.0000000000E+000
     1  3040     4   153     1     1       1     3       7    1    0   19    0    2   -2    0
      0.0000000000E+000 -1.8865175298E-001 -1.1348247023E-001
   14
      1.0000000000E+000
      0.0000000000E+000  0.0000000000E+000
      0.0000000000E+000 -2.0000000000E+000  1.0000000000E+000 -1.0000000000E+001  1.0000000000E+000  0.0000000000E+000  1.9999999553E-002
      3.0000000000E+000  1.0000000000E+000  0.0000000000E+000  0.0000000000E+000  0.0000000000E+000  0.0000000000E+000  2.9800276477E+003
      0.0000000000E+000  1.0000000000E+000  1.0000000000E+000  0.0000000000E+000  0.0000000000E+000
     1  3060     4   154     1     1       1     3       7    1    0   19    0    2   -2    0
      0.0000000000E+000 -1.8865175298E-001 -1.1348247023E-001
   14
      1.0000000000E+000
      0.0000000000E+000  0.0000000000E+000
      0.0000000000E+000 -2.0000000000E+000  1.0000000000E+000 -1.0000000000E+001  1.0000000000E+000  0.0000000000E+000  1.9999999553E-002
      3.0000000000E+000  1.0000000000E+000  0.0000000000E+000  0.0000000000E+000  0.0000000000E+000  0.0000000000E+000  3.0000276497E+003
      0.0000000000E+000  1.0000000000E+000  1.0000000000E+000  0.0000000000E+000  0.0000000000E+000
     1  3080     4   155     1     1       1     3       7    1    0   19    0    2   -2    0
      0.0000000000E+000 -1.8865175298E-001 -1.1348247023E-001
   14
      1.0000000000E+000
      0.0000000000E+000  0.0000000000E+000
      0.0000000000E+000 -2.0000000000E+000  1.0000000000E+000 -1.0000000000E+001  1.0000000000E+000  0.0000000000E+000  1.9999999553E-002
      3.0000000000E+000  1.0000000000E+000  0.0000000000E+000  0.0000000000E+000  0.0000000000E+000  0.0000000000E+000  3.0200276517E+003
      0.0000000000E+000  1.0000000000E+000  1.0000000000E+000  0.0000000000E+000  0.0000000000E+000
     1  3100     4   156     1     1       1     3       7    1    0   19    0    2   -2    0
      0.0000000000E+000 -1.8865175298E-001 -1.1348247023E-001
   14
      1.0000000000E+000
      0.0000000000E+000  0.0000000000E+000
      0.0000000000E+000 -2.0000000000E+000  1.0000000000E+000 -1.0000000000E+001  1.0000000000E+000  0.0000000000E+000  1.9999999553E-002
      3.0000000000E+000  1.0000000000E+000  0.0000000000E+000  0.0000000000E+000  0.0000000000E+000  0.0000000000E+000  3.0400276537E+003
      0.0000000000E+000  1.0000000000E+000  1.0000000000E+000  0.0000000000E+000  0.0000000000E+000
     1  3120     4   157     1     1       1     3       7    1    0   19    0    2   -2    0
      0.0000000000E+000 -1.8865175298E-001 -1.1348247023E-001
   14
      1.0000000000E+000
      0.0000000000E+000  0.0000000000E+000
      0.0000000000E+000 -2.0000000000E+000  1.0000000000E+000 -1.0000000000E+001  1.0000000000E+000  0.0000000000E+000  1.9999999553E-002
      3.0000000000E+000  1.0000000000E+000  0.0000000000E+000  0.0000000000E+000  0.0000000000E+000  0.0000000000E+000  3.0600276557E+003
      0.0000000000E+000  1.0000000000E+000  1.0000000000E+000  0.0000000000E+000  0.0000000000E+000
     1  3140     4   158     1     1       1     3       7    1    0   19    0    2   -2    0
      0.0000000000E+000 -1.8865175298E-001 -1.1348247023E-001
   14
      1.0000000000E+000
      0.0000000000E+000  0.0000000000E+000
      0.0000000000E+000 -2.0000000000E+000  1.0000000000E+000 -1.0000000000E+001  1.0000000000E+000  0.0000000000E+000  1.9999999553E-002
      3.0000000000E+000  1.0000000000E+000  0.0000000000E+000  0.0000000000E+000  0.0000000000E+000  0.0000000000E+000  3.0800276577E+003
      0.0000000000E+000  1.0000000000E+000  1.0000000000E+000  0.0000000000E+000  0.0000000000E+000
     1  3160     4   159     1     1       1     3       7    1    0   19    0    2   -2    0
      0.0000000000E+000 -1.8865175298E-001 -1.1348247023E-001
   14
      1.0000000000E+000
      0.0000000000E+000  0.0000000000E+000
      0.0000000000E+000 -2.0000000000E+000  1.0000000000E+000 -1.0000000000E+001  1.0000000000E+000  0.0000000000E+000  1.9999999553E-002
      3.0000000000E+000  1.0000000000E+000  0.0000000000E+000  0.0000000000E+000  0.0000000000E+000  0.0000000000E+000  3.1000276597E+003
      0.0000000000E+000  1.0000000000E+000  1.0000000000E+000  0.0000000000E+000  0.0000000000E+000
     1  3180     4   160     1     1       1     3       7    1    0   19    0    2   -2    0
      0.0000000000E+000 -1.8865175298E-001 -1.1348247023E-001
   14
      1.0000000000E+000
      0.0000000000E+000  0.0000000000E+000
      0.0000000000E+000 -2.0000000000E+000  1.0000000000E+000 -1.0000000000E+001  1.0000000000E+000  0.0000000000E+000  1.9999999553E-002
      3.0000000000E+000  1.0000000000E+000  0.0000000000E+000  0.0000000000E+000  0.0000000000E+000  0.0000000000E+000  3.1200276617E+003
      0.0000000000E+000  1.0000000000E+000  1.0000000000E+000  0.0000000000E+000  0.0000000000E+000
     1  3200     4   161     1     1       1     3       7    1    0   19    0    2   -2    0
      0.0000000000E+000 -1.8865175298E-001 -1.1348247023E-001
   14
      1.0000000000E+000
      0.0000000000E+000  0.0000000000E+000
      0.0000000000E+000 -2.0000000000E+000  1.0000000000E+000 -1.0000000000E+001  1.0000000000E+000  0.0000000000E+000  1.9999999553E-002
      3.0000000000E+000  1.0000000000E+000  0.0000000000E+000  0.0000000000E+000  0.0000000000E+000  0.0000000000E+000  3.1400276637E+003
      0.0000000000E+000  1.0000000000E+000  1.0000000000E+000  0.0000000000E+000  0.0000000000E+000
     1  3220     4   162     1     1       1     3       7    1    0   19    0    2   -2    0
      0.0000000000E+000 -1.8865175298E-001 -1.1348247023E-001
   14
      1.0000000000E+000
      0.0000000000E+000  0.0000000000E+000
      0.0000000000E+000 -2.0000000000E+000  1.0000000000E+000 -1.0000000000E+001  1.0000000000E+000  0.0000000000E+000  1.9999999553E-002
      3.0000000000E+000  1.0000000000E+000  0.0000000000E+000  0.0000000000E+000  0.0000000000E+000  0.0000000000E+000  3.1600276657E+003
      0.0000000000E+000  1.0000000000E+000  1.0000000000E+000  0.0000000000E+000  0.0000000000E+000
     1  3240     4   163     1     1       1     3       7    1    0   19    0    2   -2    0
      0.0000000000E+000 -1.8865175298E-001 -1.1348247023E-001
   14
      1.0000000000E+000
      0.0000000000E+000  0.0000000000E+000
      0.0000000000E+000 -2.0000000000E+000  1.0000000000E+000 -1.0000000000E+001  1.0000000000E+000  0.0000000000E+000  1.9999999553E-002
      3.0000000000E+000  1.0000000000E+000  0.0000000000E+000  0.0000000000E+000  0.0000000000E+000  0.0000000000E+000  3.1800276677E+003
      0.0000000000E+000  1.0000000000E+000  1.0000000000E+000  0.0000000000E+000  0.0000000000E+000
     1  3260     4   164     1     1       1     3       7    1    0   19    0    2   -2    0
      0.0000000000E+000 -1.8865175298E-001 -1.1348247023E-001
   14
      1.0000000000E+000
      0.0000000000E+000  0.0000000000E+000
      0.0000000000E+000 -2.0000000000E+000  1.0000000000E+000 -1.0000000000E+001  1.0000000000E+000  0.0000000000E+000  1.9999999553E-002
      3.0000000000E+000  1.0000000000E+000  0.0000000000E+000  0.0000000000E+000  0.0000000000E+000  0.0000000000E+000  3.2000276697E+003
      0.0000000000E+000  1.0000000000E+000  1.0000000000E+000  0.0000000000E+000  0.0000000000E+000
     1  3280     4   165     1     1       1     3       7    1    0   19    0    2   -2    0
      0.0000000000E+000 -1.8865175298E-001 -1.1348247023E-001
   14
      1.0000000000E+000
      0.0000000000E+000  0.0000000000E+000
      0.0000000000E+000 -2.0000000000E+000  1.0000000000E+000 -1.0000000000E+001  1.0000000000E+000  0.0000000000E+000  1.9999999553E-002
      3.0000000000E+000  1.0000000000E+000  0.0000000000E+000  0.0000000000E+000  0.0000000000E+000  0.0000000000E+000  3.2200276717E+003
      0.0000000000E+000  1.0000000000E+000  1.0000000000E+000  0.0000000000E+000  0.0000000000E+000
     1  3300     4   166     1     1       1     3       7    1    0   19    0    2   -2    0
      0.0000000000E+000 -1.8865175298E-001 -1.1348247023E-001
   14
      1.0000000000E+000
      0.0000000000E+000  0.0000000000E+000
      0.0000000000E+000 -2.0000000000E+000  1.0000000000E+000 -1.0000000000E+001  1.0000000000E+000  0.0000000000E+000  1.9999999553E-002
      3.0000000000E+000  1.0000000000E+000  0.0000000000E+000  0.0000000000E+000  0.0000000000E+000  0.0000000000E+000  3.2400276737E+003
      0.0000000000E+000  1.0000000000E+000  1.0000000000E+000  0.0000000000E+000  0.0000000000E+000
     1  3320     4   167     1     1       1     3       7    1    0   19    0    2   -2    0
      0.0000000000E+000 -1.8865175298E-001 -1.1348247023E-001
   14
      1.0000000000E+000
      0.0000000000E+000  0.0000000000E+000
      0.0000000000E+000 -2.0000000000E+000  1.0000000000E+000 -1.0000000000E+001  1.0000000000E+000  0.0000000000E+000  1.9999999553E-002
      3.0000000000E+000  1.0000000000E+000  0.0000000000E+000  0.0000000000E+000  0.0000000000E+000  0.0000000000E+000  3.2600276757E+003
      0.0000000000E+000  1.0000000000E+000  1.0000000000E+000  0.0000000000E+000  0.0000000000E+000
     1  3340     4   168     1     1       1     3       7    1    0   19    0    2   -2    0
      0.0000000000E+000 -1.8865175298E-001 -1.1348247023E-001
   14
      1.0000000000E+000
      0.0000000000E+000  0.0000000000E+000
      0.0000000000E+000 -2.0000000000E+000  1.0000000000E+000 -1.0000000000E+001  1.0000000000E+000  0.0000000000E+000  1.9999999553E-002
      3.0000000000E+000  1.0000000000E+000  0.0000000000E+000  0.0000000000E+000  0.0000000000E+000  0.0000000000E+000  3.2800276777E+003
      0.0000000000E+000  1.0000000000E+000  1.0000000000E+000  0.0000000000E+000  0.0000000000E+000
     1  3360     4   169     1     1       1     3       7    1    0   19    0    2   -2    0
      0.0000000000E+000 -1.8865175298E-001 -1.1348247023E-001
   14
      1.0000000000E+000
      0.0000000000E+000  0.0000000000E+000
      0.0000000000E+000 -2.0000000000E+000  1.0000000000E+000 -1.0000000000E+001  1.0000000000E+000  0.0000000000E+000  1.9999999553E-002
      3.0000000000E+000  1.0000000000E+000  0.0000000000E+000  0.0000000000E+000  0.0000000000E+000  0.0000000000E+000  3.3000276797E+003
      0.0000000000E+000  1.0000000000E+000  1.0000000000E+000  0.0000000000E+000  0.0000000000E+000
     1  3380     4   170     1     1       1     3       7    1    0   19    0    2   -2    0
      0.0000000000E+000 -1.8865175298E-001 -1.1348247023E-001
   14
      1.0000000000E+000
      0.0000000000E+000  0.0000000000E+000
      0.0000000000E+000 -2.0000000000E+000  1.0000000000E+000 -1.0000000000E+001  1.0000000000E+000  0.0000000000E+000  1.9999999553E-002
      3.0000000000E+000  1.0000000000E+000  0.0000000000E+000  0.0000000000E+000  0.0000000000E+000  0.0000000000E+000  3.3200276817E+003
      0.0000000000E+000  1.0000000000E+000  1.0000000000E+000  0.0000000000E+000  0.0000000000E+000
     1  3400     4   171     1     1       1     3       7    1    0   19    0    2   -2    0
      0.0000000000E+000 -1.8865175298E-001 -1.1348247023E-001
   14
      1.0000000000E+000
      0.0000000000E+000  0.0000000000E+000
      0.0000000000E+000 -2.0000000000E+000  1.0000000000E+000 -1.0000000000E+001  1.0000000000E+000  0.0000000000E+000  1.9999999553E-002
      3.0000000000E+000  1.0000000000E+000  0.0000000000E+000  0.0000000000E+000  0.0000000000E+000  0.0000000000E+000  3.3400276837E+003
      0.0000000000E+000  1.0000000000E+000  1.0000000000E+000  0.0000000000E+000  0.0000000000E+000
     1  3420     4   172     1     1       1     3       7    1    0   19    0    2   -2    0
      0.0000000000E+000 -1.8865175298E-001 -1.1348247023E-001
   14
      1.0000000000E+000
      0.0000000000E+000  0.0000000000E+000
      0.0000000000E+000 -2.0000000000E+000  1.0000000000E+000 -1.0000000000E+001  1.0000000000E+000  0.0000000000E+000  1.9999999553E-002
      3.0000000000E+000  1.0000000000E+000  0.0000000000E+000  0.0000000000E+000  0.0000000000E+000  0.0000000000E+000  3.3600276857E+003
      0.0000000000E+000  1.0000000000E+000  1.0000000000E+000  0.0000000000E+000  0.0000000000E+000
     1  3440     4   173     1     1       1     3       7    1    0   19    0    2   -2    0
      0.0000000000E+000 -1.8865175298E-001 -1.1348247023E-001
   14
      1.0000000000E+000
      0.0000000000E+000  0.0000000000E+000
      0.0000000000E+000 -2.0000000000E+000  1.0000000000E+000 -1.0000000000E+001  1.0000000000E+000  0.0000000000E+000  1.9999999553E-002
      3.0000000000E+000  1.0000000000E+000  0.0000000000E+000  0.0000000000E+000  0.0000000000E+000  0.0000000000E+000  3.3800276877E+003
      0.0000000000E+000  1.0000000000E+000  1.0000000000E+000  0.0000000000E+000  0.0000000000E+000
     1  3460     4   174     1     1       1     3       7    1    0   19    0    2   -2    0
      0.0000000000E+000 -1.8865175298E-001 -1.1348247023E-001
   14
      1.0000000000E+000
      0.0000000000E+000  0.0000000000E+000
      0.0000000000E+000 -2.0000000000E+000  1.0000000000E+000 -1.0000000000E+001  1.0000000000E+000  0.0000000000E+000  1.9999999553E-002
      3.0000000000E+000  1.0000000000E+000  0.0000000000E+000  0.0000000000E+000  0.0000000000E+000  0.0000000000E+000  3.4000276897E+003
      0.0000000000E+000  1.0000000000E+000  1.0000000000E+000  0.0000000000E+000  0.0000000000E+000
     1  3480     4   175     1     1       1     3       7    1    0   19    0    2   -2    0
      0.0000000000E+000 -1.8865175298E-001 -1.1348247023E-001
   14
      1.0000000000E+000
      0.0000000000E+000  0.0000000000E+000
      0.0000000000E+000 -2.0000000000E+000  1.0000000000E+000 -1.0000000000E+001  1.0000000000E+000  0.0000000000E+000  1.9999999553E-002
      3.0000000000E+000  1.0000000000E+000  0.0000000000E+000  0.0000000000E+000  0.0000000000E+000  0.0000000000E+000  3.4200276917E+003
      0.0000000000E+000  1.0000000000E+000  1.0000000000E+000  0.0000000000E+000  0.0000000000E+000
     1  3500     4   176     1     1       1     3       7    1    0   19    0    2   -2    0
      0.0000000000E+000 -1.8865175298E-001 -1.1348247023E-001
   14
      1.0000000000E+000
      0.0000000000E+000  0.0000000000E+000
      0.0000000000E+000 -2.0000000000E+000  1.0000000000E+000 -1.0000000000E+001  1.0000000000E+000  0.0000000000E+000  1.9999999553E-002
      3.0000000000E+000  1.0000000000E+000  0.0000000000E+000  0.0000000000E+000  0.0000000000E+000  0.0000000000E+000  3.4400276937E+003
      0.0000000000E+000  1.0000000000E+000  1.0000000000E+000  0.0000000000E+000  0.0000000000E+000
     1  3520     4   177     1     1       1     3       7    1    0   19    0    2   -2    0
      0.0000000000E+000 -1.8865175298E-001 -1.1348247023E-001
   14
      1.0000000000E+000
      0.0000000000E+000  0.0000000000E+000
      0.0000000000E+000 -2.0000000000E+000  1.0000000000E+000 -1.0000000000E+001  1.0000000000E+000  0.0000000000E+000  1.9999999553E-002
      3.0000000000E+000  1.0000000000E+000  0.0000000000E+000  0.0000000000E+000  0.0000000000E+000  0.0000000000E+000  3.4600276957E+003
      0.0000000000E+000  1.0000000000E+000  1.0000000000E+000  0.0000000000E+000  0.0000000000E+000
     1  3540     4   178     1     1       1     3       7    1    0   19    0    2   -2    0
      0.0000000000E+000 -1.8865175298E-001 -1.1348247023E-001
   14
      1.0000000000E+000
      0.0000000000E+000  0.0000000000E+000
      0.0000000000E+000 -2.0000000000E+000  1.0000000000E+000 -1.0000000000E+001  1.0000000000E+000  0.0000000000E+000  1.9999999553E-002
      3.0000000000E+000  1.0000000000E+000  0.0000000000E+000  0.0000000000E+000  0.0000000000E+000  0.0000000000E+000  3.4800276977E+003
      0.0000000000E+000  1.0000000000E+000  1.0000000000E+000  0.0000000000E+000  0.0000000000E+000
     1  3560     4   179     1     1       1     3       7    1    0   19    0    2   -2    0
      0.0000000000E+000 -1.8865175298E-001 -1.1348247023E-001
   14
      1.0000000000E+000
      0.0000000000E+000  0.0000000000E+000
      0.0000000000E+000 -2.0000000000E+000  1.0000000000E+000 -1.0000000000E+001  1.0000000000E+000  0.0000000000E+000  1.9999999553E-002
      3.0000000000E+000  1.0000000000E+000  0.0000000000E+000  0.0000000000E+000  0.0000000000E+000  0.0000000000E+000  3.5000276997E+003
      0.0000000000E+000  1.0000000000E+000  1.0000000000E+000  0.0000000000E+000  0.0000000000E+000
     1  3580     4   180     1     1       1     3       7    1    0   19    0    2   -2    0
      0.0000000000E+000 -1.8865175298E-001 -1.1348247023E-001
   14
      1.0000000000E+000
      0.0000000000E+000  0.0000000000E+000
      0.0000000000E+000 -2.0000000000E+000  1.0000000000E+000 -1.0000000000E+001  1.0000000000E+000  0.0000000000E+000  1.9999999553E-002
      3.0000000000E+000  1.0000000000E+000  0.0000000000E+000  0.0000000000E+000  0.0000000000E+000  0.0000000000E+000  3.5200277017E+003
      0.0000000000E+000  1.0000000000E+000  1.0000000000E+000  0.0000000000E+000  0.0000000000E+000
     1  3600     4   181     1     1       1     3       7    1    0   19    0    2   -2    0
      0.0000000000E+000 -1.8865175298E-001 -1.1348247023E-001
   14
      1.0000000000E+000
      0.0000000000E+000  0.0000000000E+000
      0.0000000000E+000 -2.0000000000E+000  1.0000000000E+000 -1.0000000000E+001  1.0000000000E+000  0.0000000000E+000  1.9999999553E-002
      3.0000000000E+000  1.0000000000E+000  0.0000000000E+000  0.0000000000E+000  0.0000000000E+000  0.0000000000E+000  3.5400277037E+003
      0.0000000000E+000  1.0000000000E+000  1.0000000000E+000  0.0000000000E+000  0.0000000000E+000
     1  3620     4   182     1     1       1     3       7    1    0   19    0    2   -2    0
      0.0000000000E+000 -1.8865175298E-001 -1.1348247023E-001
   14
      1.0000000000E+000
      0.0000000000E+000  0.0000000000E+000
      0.0000000000E+000 -2.0000000000E+000  1.0000000000E+000 -1.0000000000E+001  1.0000000000E+000  0.0000000000E+000  1.9999999553E-002
      3.0000000000E+000  1.0000000000E+000  0.0000000000E+000  0.0000000000E+000  0.0000000000E+000  0.0000000000E+000  3.5600277057E+003
      0.0000000000E+000  1.0000000000E+000  1.0000000000E+000  0.0000000000E+000  0.0000000000E+000
     1  3640     4   183     1     1       1     3       7    1    0   19    0    2   -2    0
      0.0000000000E+000 -1.8865175298E-001 -1.1348247023E-001
   14
      1.0000000000E+000
      0.0000000000E+000  0.0000000000E+000
      0.0000000000E+000 -2.0000000000E+000  1.0000000000E+000 -1.0000000000E+001  1.0000000000E+000  0.0000000000E+000  1.9999999553E-002
      3.0000000000E+000  1.0000000000E+000  0.0000000000E+000  0.0000000000E+000  0.0000000000E+000  0.0000000000E+000  3.5800277077E+003
      0.0000000000E+000  1.0000000000E+000  1.0000000000E+000  0.0000000000E+000  0.0000000000E+000
     1  3660     4   184     1     1       1     3       7    1    0   19    0    2   -2    0
      0.0000000000E+000 -1.8865175298E-001 -1.1348247023E-001
   14
      1.0000000000E+000
      0.0000000000E+000  0.0000000000E+000
      0.0000000000E+000 -2.0000000000E+000  1.0000000000E+000 -1.0000000000E+001  1.0000000000E+000  0.0000000000E+000  1.9999999553E-002
      3.0000000000E+000  1.0000000000E+000  0.0000000000E+000  0.0000000000E+000  0.0000000000E+000  0.0000000000E+000  3.6000277097E+003
      0.0000000000E+000  1.0000000000E+000  1.0000000000E+000  0.0000000000E+000  0.0000000000E+000
     1  3680     4   185     1     1       1     3       7    1    0   19    0    2   -2    0
      0.0000000000E+000 -1.8865175298E-001 -1.1348247023E-001
   14
      1.0000000000E+000
      0.0000000000E+000  0.0000000000E+000
      0.0000000000E+000 -2.0000000000E+000  1.0000000000E+000 -1.0000000000E+001  1.0000000000E+000  0.0000000000E+000  1.9999999553E-002
      3.0000000000E+000  1.0000000000E+000  0.0000000000E+000  0.0000000000E+000  0.0000000000E+000  0.0000000000E+000  3.6200277117E+003
      0.0000000000E+000  1.0000000000E+000  1.0000000000E+000  0.0000000000E+000  0.0000000000E+000
     1  3700     4   186     1     1       1     3       7    1    0   19    0    2   -2    0
      0.0000000000E+000 -1.8865175298E-001 -1.1348247023E-001
   14
      1.0000000000E+000
      0.0000000000E+000  0.0000000000E+000
      0.0000000000E+000 -2.0000000000E+000  1.0000000000E+000 -1.0000000000E+001  1.0000000000E+000  0.0000000000E+000  1.9999999553E-002
      3.0000000000E+000  1.0000000000E+000  0.0000000000E+000  0.0000000000E+000  0.0000000000E+000  0.0000000000E+000  3.6400277137E+003
      0.0000000000E+000  1.0000000000E+000  1.0000000000E+000  0.0000000000E+000  0.0000000000E+000
     1  3720     4   187     1     1       1     3       7    1    0   19    0    2   -2    0
      0.0000000000E+000 -1.8865175298E-001 -1.1348247023E-001
   14
      1.0000000000E+000
      0.0000000000E+000  0.0000000000E+000
      0.0000000000E+000 -2.0000000000E+000  1.0000000000E+000 -1.0000000000E+001  1.0000000000E+000  0.0000000000E+000  1.9999999553E-002
      3.0000000000E+000  1.0000000000E+000  0.0000000000E+000  0.0000000000E+000  0.0000000000E+000  0.0000000000E+000  3.6600277157E+003
      0.0000000000E+000  1.0000000000E+000  1.0000000000E+000  0.0000000000E+000  0.0000000000E+000
     1  3740     4   188     1     1       1     3       7    1    0   19    0    2   -2    0
      0.0000000000E+000 -1.8865175298E-001 -1.1348247023E-001
   14
      1.0000000000E+000
      0.0000000000E+000  0.0000000000E+000
      0.0000000000E+000 -2.0000000000E+000  1.0000000000E+000 -1.0000000000E+001  1.0000000000E+000  0.0000000000E+000  1.9999999553E-002
      3.0000000000E+000  1.0000000000E+000  0.0000000000E+000  0.0000000000E+000  0.0000000000E+000  0.0000000000E+000  3.6800277177E+003
      0.0000000000E+000  1.0000000000E+000  1.0000000000E+000  0.0000000000E+000  0.0000000000E+000
     1  3760     4   189     1     1       1     3       7    1    0   19    0    2   -2    0
      0.0000000000E+000 -1.8865175298E-001 -1.1348247023E-001
   14
      1.0000000000E+000
      0.0000000000E+000  0.0000000000E+000
      0.0000000000E+000 -2.0000000000E+000  1.0000000000E+000 -1.0000000000E+001  1.0000000000E+000  0.0000000000E+000  1.9999999553E-002
      3.0000000000E+000  1.0000000000E+000  0.0000000000E+000  0.0000000000E+000  0.0000000000E+000  0.0000000000E+000  3.7000277197E+003
      0.0000000000E+000  1.0000000000E+000  1.0000000000E+000  0.0000000000E+000  0.0000000000E+000
     1  3780     4   190     1     1       1     3       7    1    0   19    0    2   -2    0
      0.0000000000E+000 -1.8865175298E-001 -1.1348247023E-001
   14
      1.0000000000E+000
      0.0000000000E+000  0.0000000000E+000
      0.0000000000E+000 -2.0000000000E+000  1.0000000000E+000 -1.0000000000E+001  1.0000000000E+000  0.0000000000E+000  1.9999999553E-002
      3.0000000000E+000  1.0000000000E+000  0.0000000000E+000  0.0000000000E+000  0.0000000000E+000  0.0000000000E+000  3.7200277217E+003
      0.0000000000E+000  1.0000000000E+000  1.0000000000E+000  0.0000000000E+000  0.0000000000E+000
     1  3800     4   191     1     1       1     3       7    1    0   19    0    2   -2    0
      0.0000000000E+000 -1.8865175298E-001 -1.1348247023E-001
   14
      1.0000000000E+000
      0.0000000000E+000  0.0000000000E+000
      0.0000000000E+000 -2.0000000000E+000  1.0000000000E+000 -1.0000000000E+001  1.0000000000E+000  0.0000000000E+000  1.9999999553E-002
      3.0000000000E+000  1.0000000000E+000  0.0000000000E+000  0.0000000000E+000  0.0000000000E+000  0.0000000000E+000  3.7400277237E+003
      0.0000000000E+000  1.0000000000E+000  1.0000000000E+000  0.0000000000E+000  0.0000000000E+000
     1  3820     4   192     1     1       1     3       7    1    0   19    0    2   -2    0
      0.0000000000E+000 -1.8865175298E-001 -1.1348247023E-001
   14
      1.0000000000E+000
      0.0000000000E+000  0.0000000000E+000
      0.0000000000E+000 -2.0000000000E+000  1.0000000000E+000 -1.0000000000E+001  1.0000000000E+000  0.0000000000E+000  1.9999999553E-002
      3.0000000000E+000  1.0000000000E+000  0.0000000000E+000  0.0000000000E+000  0.0000000000E+000  0.0000000000E+000  3.7600277257E+003
      0.0000000000E+000  1.0000000000E+000  1.0000000000E+000  0.0000000000E+000  0.0000000000E+000
     1  3840     4   193     1     1       1     3       7    1    0   19    0    2   -2    0
      0.0000000000E+000 -1.8865175298E-001 -1.1348247023E-001
   14
      1.0000000000E+000
      0.0000000000E+000  0.0000000000E+000
      0.0000000000E+000 -2.0000000000E+000  1.0000000000E+000 -1.0000000000E+001  1.0000000000E+000  0.0000000000E+000  1.9999999553E-002
      3.0000000000E+000  1.0000000000E+000  0.0000000000E+000  0.0000000000E+000  0.0000000000E+000  0.0000000000E+000  3.7800277277E+003
      0.0000000000E+000  1.0000000000E+000  1.0000000000E+000  0.0000000000E+000  0.0000000000E+000
     1  3860     4   194     1     1       1     3       7    1    0   19    0    2   -2    0
      0.0000000000E+000 -1.8865175298E-001 -1.1348247023E-001
   14
      1.0000000000E+000
      0.0000000000E+000  0.0000000000E+000
      0.0000000000E+000 -2.0000000000E+000  1.0000000000E+000 -1.0000000000E+001  1.0000000000E+000  0.0000000000E+000  1.9999999553E-002
      3.0000000000E+000  1.0000000000E+000  0.0000000000E+000  0.0000000000E+000  0.0000000000E+000  0.0000000000E+000  3.8000277297E+003
      0.0000000000E+000  1.0000000000E+000  1.0000000000E+000  0.0000000000E+000  0.0000000000E+000
     1  3880     4   195     1     1       1     3       7    1    0   19    0    2   -2    0
      0.0000000000E+000 -1.8865175298E-001 -1.1348247023E-001
   14
      1.0000000000E+000
      0.0000000000E+000  0.0000000000E+000
      0.0000000000E+000 -2.0000000000E+000  1.0000000000E+000 -1.0000000000E+001  1.0000000000E+000  0.0000000000E+000  1.9999999553E-002
      3.0000000000E+000  1.0000000000E+000  0.0000000000E+000  0.0000000000E+000  0.0000000000E+000  0.0000000000E+000  3.8200277317E+003
      0.0000000000E+000  1.0000000000E+000  1.0000000000E+000  0.0000000000E+000  0.0000000000E+000
     1  3900     4   196     1     1       1     3       7    1    0   19    0    2   -2    0
      0.0000000000E+000 -1.8865175298E-001 -1.1348247023E-001
   14
      1.0000000000E+000
      0.0000000000E+000  0.0000000000E+000
      0.0000000000E+000 -2.0000000000E+000  1.0000000000E+000 -1.0000000000E+001  1.0000000000E+000  0.0000000000E+000  1.9999999553E-002
      3.0000000000E+000  1.0000000000E+000  0.0000000000E+000  0.0000000000E+000  0.0000000000E+000  0.0000000000E+000  3.8400277337E+003
      0.0000000000E+000  1.0000000000E+000  1.0000000000E+000  0.0000000000E+000  0.0000000000E+000
     1  3920     4   197     1     1       1     3       7    1    0   19    0    2   -2    0
      0.0000000000E+000 -1.8865175298E-001 -1.1348247023E-001
   14
      1.0000000000E+000
      0.0000000000E+000  0.0000000000E+000
      0.0000000000E+000 -2.0000000000E+000  1.0000000000E+000 -1.0000000000E+001  1.0000000000E+000  0.0000000000E+000  1.9999999553E-002
      3.0000000000E+000  1.0000000000E+000  0.0000000000E+000  0.0000000000E+000  0.0000000000E+000  0.0000000000E+000  3.8600277357E+003
      0.0000000000E+000  1.0000000000E+000  1.0000000000E+000  0.0000000000E+000  0.0000000000E+000
     1  3940     4   198     1     1       1     3       7    1    0   19    0    2   -2    0
      0.0000000000E+000 -1.8865175298E-001 -1.1348247023E-001
   14
      1.0000000000E+000
      0.0000000000E+000  0.0000000000E+000
      0.0000000000E+000 -2.0000000000E+000  1.0000000000E+000 -1.0000000000E+001  1.0000000000E+000  0.0000000000E+000  1.9999999553E-002
      3.0000000000E+000  1.0000000000E+000  0.0000000000E+000  0.0000000000E+000  0.0000000000E+000  0.0000000000E+000  3.8800277377E+003
      0.0000000000E+000  1.0000000000E+000  1.0000000000E+000  0.0000000000E+000  0.0000000000E+000
     1  3960     4   199     1     1       1     3       7    1    0   19    0    2   -2    0
      0.0000000000E+000 -1.8865175298E-001 -1.1348247023E-001
   14
      1.0000000000E+000
      0.0000000000E+000  0.0000000000E+000
      0.0000000000E+000 -2.0000000000E+000  1.0000000000E+000 -1.0000000000E+001  1.0000000000E+000  0.0000000000E+000  1.9999999553E-002
      3.0000000000E+000  1.0000000000E+000  0.0000000000E+000  0.0000000000E+000  0.0000000000E+000  0.0000000000E+000  3.9000277397E+003
      0.0000000000E+000  1.0000000000E+000  1.0000000000E+000  0.0000000000E+000  0.0000000000E+000
     1  3980     4   200     1     1       1     3       7    1    0   19    0    2   -2    0
      0.0000000000E+000 -1.8865175298E-001 -1.1348247023E-001
   14
      1.0000000000E+000
      0.0000000000E+000  0.0000000000E+000
      0.0000000000E+000 -2.0000000000E+000  1.0000000000E+000 -1.0000000000E+001  1.0000000000E+000  0.0000000000E+000  1.9999999553E-002
      3.0000000000E+000  1.0000000000E+000  0.0000000000E+000  0.0000000000E+000  0.0000000000E+000  0.0000000000E+000  3.9200277417E+003
      0.0000000000E+000  1.0000000000E+000  1.0000000000E+000  0.0000000000E+000  0.0000000000E+000
     1  4000     4   201     1     1       1     3       7    1    0   19    0    2   -2    0
      0.0000000000E+000 -1.8865175298E-001 -1.1348247023E-001
   14
      1.0000000000E+000
      0.0000000000E+000  0.0000000000E+000
      0.0000000000E+000 -2.0000000000E+000  1.0000000000E+000 -1.0000000000E+001  1.0000000000E+000  0.0000000000E+000  1.9999999553E-002
      3.0000000000E+000  1.0000000000E+000  0.0000000000E+000  0.0000000000E+000  0.0000000000E+000  0.0000000000E+000  3.9400277437E+003
      0.0000000000E+000  1.0000000000E+000  1.0000000000E+000  0.0000000000E+000  0.0000000000E+000
     1  4020     4   202     1     1       1     3       7    1    0   19    0    2   -2    0
      0.0000000000E+000 -1.8865175298E-001 -1.1348247023E-001
   14
      1.0000000000E+000
      0.0000000000E+000  0.0000000000E+000
      0.0000000000E+000 -2.0000000000E+000  1.0000000000E+000 -1.0000000000E+001  1.0000000000E+000  0.0000000000E+000  1.9999999553E-002
      3.0000000000E+000  1.0000000000E+000  0.0000000000E+000  0.0000000000E+000  0.0000000000E+000  0.0000000000E+000  3.9600277457E+003
      0.0000000000E+000  1.0000000000E+000  1.0000000000E+000  0.0000000000E+000  0.0000000000E+000
     1  4040     4   203     1     1       1     3       7    1    0   19    0    2   -2    0
      0.0000000000E+000 -1.8865175298E-001 -1.1348247023E-001
   14
      1.0000000000E+000
      0.0000000000E+000  0.0000000000E+000
      0.0000000000E+000 -2.0000000000E+000  1.0000000000E+000 -1.0000000000E+001  1.0000000000E+000  0.0000000000E+000  1.9999999553E-002
      3.0000000000E+000  1.0000000000E+000  0.0000000000E+000  0.0000000000E+000  0.0000000000E+000  0.0000000000E+000  3.9800277477E+003
      0.0000000000E+000  1.0000000000E+000  1.0000000000E+000  0.0000000000E+000  0.0000000000E+000
     1  4060     4   204     1     1       1     3       7    1    0   19    0    2   -2    0
      0.0000000000E+000 -1.8865175298E-001 -1.1348247023E-001
   14
      1.0000000000E+000
      0.0000000000E+000  0.0000000000E+000
      0.0000000000E+000 -2.0000000000E+000  1.0000000000E+000 -1.0000000000E+001  1.0000000000E+000  0.0000000000E+000  1.9999999553E-002
      3.0000000000E+000  1.0000000000E+000  0.0000000000E+000  0.0000000000E+000  0.0000000000E+000  0.0000000000E+000  4.0000277497E+003
      0.0000000000E+000  1.0000000000E+000  1.0000000000E+000  0.0000000000E+000  0.0000000000E+000
     1  4080     4   205     1     1       1     3       7    1    0   19    0    2   -2    0
      0.0000000000E+000 -1.8865175298E-001 -1.1348247023E-001
   14
      1.0000000000E+000
      0.0000000000E+000  0.0000000000E+000
      0.0000000000E+000 -2.0000000000E+000  1.0000000000E+000 -1.0000000000E+001  1.0000000000E+000  0.0000000000E+000  1.9999999553E-002
      3.0000000000E+000  1.0000000000E+000  0.0000000000E+000  0.0000000000E+000  0.0000000000E+000  0.0000000000E+000  4.0200277517E+003
      0.0000000000E+000  1.0000000000E+000  1.0000000000E+000  0.0000000000E+000  0.0000000000E+000
     1  4100     4   206     1     1       1     3       7    1    0   19    0    2   -2    0
      0.0000000000E+000 -1.8865175298E-001 -1.1348247023E-001
   14
      1.0000000000E+000
      0.0000000000E+000  0.0000000000E+000
      0.0000000000E+000 -2.0000000000E+000  1.0000000000E+000 -1.0000000000E+001  1.0000000000E+000  0.0000000000E+000  1.9999999553E-002
      3.0000000000E+000  1.0000000000E+000  0.0000000000E+000  0.0000000000E+000  0.0000000000E+000  0.0000000000E+000  4.0400277537E+003
      0.0000000000E+000  1.0000000000E+000  1.0000000000E+000  0.0000000000E+000  0.0000000000E+000
     1  4120     4   207     1     1       1     3       7    1    0   19    0    2   -2    0
      0.0000000000E+000 -1.8865175298E-001 -1.1348247023E-001
   14
      1.0000000000E+000
      0.0000000000E+000  0.0000000000E+000
      0.0000000000E+000 -2.0000000000E+000  1.0000000000E+000 -1.0000000000E+001  1.0000000000E+000  0.0000000000E+000  1.9999999553E-002
      3.0000000000E+000  1.0000000000E+000  0.0000000000E+000  0.0000000000E+000  0.0000000000E+000  0.0000000000E+000  4.0600277557E+003
      0.0000000000E+000  1.0000000000E+000  1.0000000000E+000  0.0000000000E+000  0.0000000000E+000
     1  4140     4   208     1     1       1     3       7    1    0   19    0    2   -2    0
      0.0000000000E+000 -1.8865175298E-001 -1.1348247023E-001
   14
      1.0000000000E+000
      0.0000000000E+000  0.0000000000E+000
      0.0000000000E+000 -2.0000000000E+000  1.0000000000E+000 -1.0000000000E+001  1.0000000000E+000  0.0000000000E+000  1.9999999553E-002
      3.0000000000E+000  1.0000000000E+000  0.0000000000E+000  0.0000000000E+000  0.0000000000E+000  0.0000000000E+000  4.0800277577E+003
      0.0000000000E+000  1.0000000000E+000  1.0000000000E+000  0.0000000000E+000  0.0000000000E+000
     1  4160     4   209     1     1       1     3       7    1    0   19    0    2   -2    0
      0.0000000000E+000 -1.8865175298E-001 -1.1348247023E-001
   14
      1.0000000000E+000
      0.0000000000E+000  0.0000000000E+000
      0.0000000000E+000 -2.0000000000E+000  1.0000000000E+000 -1.0000000000E+001  1.0000000000E+000  0.0000000000E+000  1.9999999553E-002
      3.0000000000E+000  1.0000000000E+000  0.0000000000E+000  0.0000000000E+000  0.0000000000E+000  0.0000000000E+000  4.1000277597E+003
      0.0000000000E+000  1.0000000000E+000  1.0000000000E+000  0.0000000000E+000  0.0000000000E+000
     1  4180     4   210     1     1       1     3       7    1    0   19    0    2   -2    0
      0.0000000000E+000 -1.8865175298E-001 -1.1348247023E-001
   14
      1.0000000000E+000
      0.0000000000E+000  0.0000000000E+000
      0.0000000000E+000 -2.0000000000E+000  1.0000000000E+000 -1.0000000000E+001  1.0000000000E+000  0.0000000000E+000  1.9999999553E-002
      3.0000000000E+000  1.0000000000E+000  0.0000000000E+000  0.0000000000E+000  0.0000000000E+000  0.0000000000E+000  4.1200277617E+003
      0.0000000000E+000  1.0000000000E+000  1.0000000000E+000  0.0000000000E+000  0.0000000000E+000
     1  4200     4   211     1     1       1     3       7    1    0   19    0    2   -2    0
      0.0000000000E+000 -1.8865175298E-001 -1.1348247023E-001
   14
      1.0000000000E+000
      0.0000000000E+000  0.0000000000E+000
      0.0000000000E+000 -2.0000000000E+000  1.0000000000E+000 -1.0000000000E+001  1.0000000000E+000  0.0000000000E+000  1.9999999553E-002
      3.0000000000E+000  1.0000000000E+000  0.0000000000E+000  0.0000000000E+000  0.0000000000E+000  0.0000000000E+000  4.1400277637E+003
      0.0000000000E+000  1.0000000000E+000  1.0000000000E+000  0.0000000000E+000  0.0000000000E+000
     1  4220     4   212     1     1       1     3       7    1    0   19    0    2   -2    0
      0.0000000000E+000 -1.8865175298E-001 -1.1348247023E-001
   14
      1.0000000000E+000
      0.0000000000E+000  0.0000000000E+000
      0.0000000000E+000 -2.0000000000E+000  1.0000000000E+000 -1.0000000000E+001  1.0000000000E+000  0.0000000000E+000  1.9999999553E-002
      3.0000000000E+000  1.0000000000E+000  0.0000000000E+000  0.0000000000E+000  0.0000000000E+000  0.0000000000E+000  4.1600277657E+003
      0.0000000000E+000  1.0000000000E+000  1.0000000000E+000  0.0000000000E+000  0.0000000000E+000
     1  4240     4   213     1     1       1     3       7    1    0   19    0    2   -2    0
      0.0000000000E+000 -1.8865175298E-001 -1.1348247023E-001
   14
      1.0000000000E+000
      0.0000000000E+000  0.0000000000E+000
      0.0000000000E+000 -2.0000000000E+000  1.0000000000E+000 -1.0000000000E+001  1.0000000000E+000  0.0000000000E+000  1.9999999553E-002
      3.0000000000E+000  1.0000000000E+000  0.0000000000E+000  0.0000000000E+000  0.0000000000E+000  0.0000000000E+000  4.1800277677E+003
      0.0000000000E+000  1.0000000000E+000  1.0000000000E+000  0.0000000000E+000  0.0000000000E+000
     1  4260     4   214     1     1       1     3       7    1    0   19    0    2   -2    0
      0.0000000000E+000 -1.8865175298E-001 -1.1348247023E-001
   14
      1.0000000000E+000
      0.0000000000E+000  0.0000000000E+000
      0.0000000000E+000 -2.0000000000E+000  1.0000000000E+000 -1.0000000000E+001  1.0000000000E+000  0.0000000000E+000  1.9999999553E-002
      3.0000000000E+000  1.0000000000E+000  0.0000000000E+000  0.0000000000E+000  0.0000000000E+000  0.0000000000E+000  4.2000277697E+003
      0.0000000000E+000  1.0000000000E+000  1.0000000000E+000  0.0000000000E+000  0.0000000000E+000
     1  4280     4   215     1     1       1     3       7    1    0   19    0    2   -2    0
      0.0000000000E+000 -1.8865175298E-001 -1.1348247023E-001
   14
      1.0000000000E+000
      0.0000000000E+000  0.0000000000E+000
      0.0000000000E+000 -2.0000000000E+000  1.0000000000E+000 -1.0000000000E+001  1.0000000000E+000  0.0000000000E+000  1.9999999553E-002
      3.0000000000E+000  1.0000000000E+000  0.0000000000E+000  0.0000000000E+000  0.0000000000E+000  0.0000000000E+000  4.2200277717E+003
      0.0000000000E+000  1.0000000000E+000  1.0000000000E+000  0.0000000000E+000  0.0000000000E+000
     1  4300     4   216     1     1       1     3       7    1    0   19    0    2   -2    0
      0.0000000000E+000 -1.8865175298E-001 -1.1348247023E-001
   14
      1.0000000000E+000
      0.0000000000E+000  0.0000000000E+000
      0.0000000000E+000 -2.0000000000E+000  1.0000000000E+000 -1.0000000000E+001  1.0000000000E+000  0.0000000000E+000  1.9999999553E-002
      3.0000000000E+000  1.0000000000E+000  0.0000000000E+000  0.0000000000E+000  0.0000000000E+000  0.0000000000E+000  4.2400277737E+003
      0.0000000000E+000  1.0000000000E+000  1.0000000000E+000  0.0000000000E+000  0.0000000000E+000
     1  4320     4   217     1     1       1     3       7    1    0   19    0    2   -2    0
      0.0000000000E+000 -1.8865175298E-001 -1.1348247023E-001
   14
      1.0000000000E+000
      0.0000000000E+000  0.0000000000E+000
      0.0000000000E+000 -2.0000000000E+000  1.0000000000E+000 -1.0000000000E+001  1.0000000000E+000  0.0000000000E+000  1.9999999553E-002
      3.0000000000E+000  1.0000000000E+000  0.0000000000E+000  0.0000000000E+000  0.0000000000E+000  0.0000000000E+000  4.2600277757E+003
      0.0000000000E+000  1.0000000000E+000  1.0000000000E+000  0.0000000000E+000  0.0000000000E+000
     1  4340     4   218     1     1       1     3       7    1    0   19    0    2   -2    0
      0.0000000000E+000 -1.8865175298E-001 -1.1348247023E-001
   14
      1.0000000000E+000
      0.0000000000E+000  0.0000000000E+000
      0.0000000000E+000 -2.0000000000E+000  1.0000000000E+000 -1.0000000000E+001  1.0000000000E+000  0.0000000000E+000  1.9999999553E-002
      3.0000000000E+000  1.0000000000E+000  0.0000000000E+000  0.0000000000E+000  0.0000000000E+000  0.0000000000E+000  4.2800277777E+003
      0.0000000000E+000  1.0000000000E+000  1.0000000000E+000  0.0000000000E+000  0.0000000000E+000
     1  4360     4   219     1     1       1     3       7    1    0   19    0    2   -2    0
      0.0000000000E+000 -1.8865175298E-001 -1.1348247023E-001
   14
      1.0000000000E+000
      0.0000000000E+000  0.0000000000E+000
      0.0000000000E+000 -2.0000000000E+000  1.0000000000E+000 -1.0000000000E+001  1.0000000000E+000  0.0000000000E+000  1.9999999553E-002
      3.0000000000E+000  1.0000000000E+000  0.0000000000E+000  0.0000000000E+000  0.0000000000E+000  0.0000000000E+000  4.3000277797E+003
      0.0000000000E+000  1.0000000000E+000  1.0000000000E+000  0.0000000000E+000  0.0000000000E+000
     1  4380     4   220     1     1       1     3       7    1    0   19    0    2   -2    0
      0.0000000000E+000 -1.8865175298E-001 -1.1348247023E-001
   14
      1.0000000000E+000
      0.0000000000E+000  0.0000000000E+000
      0.0000000000E+000 -2.0000000000E+000  1.0000000000E+000 -1.0000000000E+001  1.0000000000E+000  0.0000000000E+000  1.9999999553E-002
      3.0000000000E+000  1.0000000000E+000  0.0000000000E+000  0.0000000000E+000  0.0000000000E+000  0.0000000000E+000  4.3200277817E+003
      0.0000000000E+000  1.0000000000E+000  1.0000000000E+000  0.0000000000E+000  0.0000000000E+000
     1  4400     4   221     1     1       1     3       7    1    0   19    0    2   -2    0
      0.0000000000E+000 -1.8865175298E-001 -1.1348247023E-001
   14
      1.0000000000E+000
      0.0000000000E+000  0.0000000000E+000
      0.0000000000E+000 -2.0000000000E+000  1.0000000000E+000 -1.0000000000E+001  1.0000000000E+000  0.0000000000E+000  1.9999999553E-002
      3.0000000000E+000  1.0000000000E+000  0.0000000000E+000  0.0000000000E+000  0.0000000000E+000  0.0000000000E+000  4.3400277837E+003
      0.0000000000E+000  1.0000000000E+000  1.0000000000E+000  0.0000000000E+000  0.0000000000E+000
     1  4420     4   222     1     1       1     3       7    1    0   19    0    2   -2    0
      0.0000000000E+000 -1.8865175298E-001 -1.1348247023E-001
   14
      1.0000000000E+000
      0.0000000000E+000  0.0000000000E+000
      0.0000000000E+000 -2.0000000000E+000  1.0000000000E+000 -1.0000000000E+001  1.0000000000E+000  0.0000000000E+000  1.9999999553E-002
      3.0000000000E+000  1.0000000000E+000  0.0000000000E+000  0.0000000000E+000  0.0000000000E+000  0.0000000000E+000  4.3600277857E+003
      0.0000000000E+000  1.0000000000E+000  1.0000000000E+000  0.0000000000E+000  0.0000000000E+000
     1  4440     4   223     1     1       1     3       7    1    0   19    0    2   -2    0
      0.0000000000E+000 -1.8865175298E-001 -1.1348247023E-001
   14
      1.0000000000E+000
      0.0000000000E+000  0.0000000000E+000
      0.0000000000E+000 -2.0000000000E+000  1.0000000000E+000 -1.0000000000E+001  1.0000000000E+000  0.0000000000E+000  1.9999999553E-002
      3.0000000000E+000  1.0000000000E+000  0.0000000000E+000  0.0000000000E+000  0.0000000000E+000  0.0000000000E+000  4.3800277877E+003
      0.0000000000E+000  1.0000000000E+000  1.0000000000E+000  0.0000000000E+000  0.0000000000E+000
     1  4460     4   224     1     1       1     3       7    1    0   19    0    2   -2    0
      0.0000000000E+000 -1.8865175298E-001 -1.1348247023E-001
   14
      1.0000000000E+000
      0.0000000000E+000  0.0000000000E+000
      0.0000000000E+000 -2.0000000000E+000  1.0000000000E+000 -1.0000000000E+001  1.0000000000E+000  0.0000000000E+000  1.9999999553E-002
      3.0000000000E+000  1.0000000000E+000  0.0000000000E+000  0.0000000000E+000  0.0000000000E+000  0.0000000000E+000  4.4000277897E+003
      0.0000000000E+000  1.0000000000E+000  1.0000000000E+000  0.0000000000E+000  0.0000000000E+000
     1  4480     4   225     1     1       1     3       7    1    0   19    0    2   -2    0
      0.0000000000E+000 -1.8865175298E-001 -1.1348247023E-001
   14
      1.0000000000E+000
      0.0000000000E+000  0.0000000000E+000
      0.0000000000E+000 -2.0000000000E+000  1.0000000000E+000 -1.0000000000E+001  1.0000000000E+000  0.0000000000E+000  1.9999999553E-002
      3.0000000000E+000  1.0000000000E+000  0.0000000000E+000  0.0000000000E+000  0.0000000000E+000  0.0000000000E+000  4.4200277917E+003
      0.0000000000E+000  1.0000000000E+000  1.0000000000E+000  0.0000000000E+000  0.0000000000E+000
     1  4500     4   226     1     1       1     3       7    1    0   19    0    2   -2    0
      0.0000000000E+000 -1.8865175298E-001 -1.1348247023E-001
   14
      1.0000000000E+000
      0.0000000000E+000  0.0000000000E+000
      0.0000000000E+000 -2.0000000000E+000  1.0000000000E+000 -1.0000000000E+001  1.0000000000E+000  0.0000000000E+000  1.9999999553E-002
      3.0000000000E+000  1.0000000000E+000  0.0000000000E+000  0.0000000000E+000  0.0000000000E+000  0.0000000000E+000  4.4400277937E+003
      0.0000000000E+000  1.0000000000E+000  1.0000000000E+000  0.0000000000E+000  0.0000000000E+000
     1  4520     4   227     1     1       1     3       7    1    0   19    0    2   -2    0
      0.0000000000E+000 -1.8865175298E-001 -1.1348247023E-001
   14
      1.0000000000E+000
      0.0000000000E+000  0.0000000000E+000
      0.0000000000E+000 -2.0000000000E+000  1.0000000000E+000 -1.0000000000E+001  1.0000000000E+000  0.0000000000E+000  1.9999999553E-002
      3.0000000000E+000  1.0000000000E+000  0.0000000000E+000  0.0000000000E+000  0.0000000000E+000  0.0000000000E+000  4.4600277957E+003
      0.0000000000E+000  1.0000000000E+000  1.0000000000E+000  0.0000000000E+000  0.0000000000E+000
     1  4540     4   228     1     1       1     3       7    1    0   19    0    2   -2    0
      0.0000000000E+000 -1.8865175298E-001 -1.1348247023E-001
   14
      1.0000000000E+000
      0.0000000000E+000  0.0000000000E+000
      0.0000000000E+000 -2.0000000000E+000  1.0000000000E+000 -1.0000000000E+001  1.0000000000E+000  0.0000000000E+000  1.9999999553E-002
      3.0000000000E+000  1.0000000000E+000  0.0000000000E+000  0.0000000000E+000  0.0000000000E+000  0.0000000000E+000  4.4800277977E+003
      0.0000000000E+000  1.0000000000E+000  1.0000000000E+000  0.0000000000E+000  0.0000000000E+000
     1  4560     4   229     1     1       1     3       7    1    0   19    0    2   -2    0
      0.0000000000E+000 -1.8865175298E-001 -1.1348247023E-001
   14
      1.0000000000E+000
      0.0000000000E+000  0.0000000000E+000
      0.0000000000E+000 -2.0000000000E+000  1.0000000000E+000 -1.0000000000E+001  1.0000000000E+000  0.0000000000E+000  1.9999999553E-002
      3.0000000000E+000  1.0000000000E+000  0.0000000000E+000  0.0000000000E+000  0.0000000000E+000  0.0000000000E+000  4.5000277997E+003
      0.0000000000E+000  1.0000000000E+000  1.0000000000E+000  0.0000000000E+000  0.0000000000E+000
     1  4580     4   230     1     1       1     3       7    1    0   19    0    2   -2    0
      0.0000000000E+000 -1.8865175298E-001 -1.1348247023E-001
   14
      1.0000000000E+000
      0.0000000000E+000  0.0000000000E+000
      0.0000000000E+000 -2.0000000000E+000  1.0000000000E+000 -1.0000000000E+001  1.0000000000E+000  0.0000000000E+000  1.9999999553E-002
      3.0000000000E+000  1.0000000000E+000  0.0000000000E+000  0.0000000000E+000  0.0000000000E+000  0.0000000000E+000  4.5200278017E+003
      0.0000000000E+000  1.0000000000E+000  1.0000000000E+000  0.0000000000E+000  0.0000000000E+000
     1  4600     4   231     1     1       1     3       7    1    0   19    0    2   -2    0
      0.0000000000E+000 -1.8865175298E-001 -1.1348247023E-001
   14
      1.0000000000E+000
      0.0000000000E+000  0.0000000000E+000
      0.0000000000E+000 -2.0000000000E+000  1.0000000000E+000 -1.0000000000E+001  1.0000000000E+000  0.0000000000E+000  1.9999999553E-002
      3.0000000000E+000  1.0000000000E+000  0.0000000000E+000  0.0000000000E+000  0.0000000000E+000  0.0000000000E+000  4.5400278037E+003
      0.0000000000E+000  1.0000000000E+000  1.0000000000E+000  0.0000000000E+000  0.0000000000E+000
     1  4620     4   232     1     1       1     3       7    1    0   19    0    2   -2    0
      0.0000000000E+000 -1.8865175298E-001 -1.1348247023E-001
   14
      1.0000000000E+000
      0.0000000000E+000  0.0000000000E+000
      0.0000000000E+000 -2.0000000000E+000  1.0000000000E+000 -1.0000000000E+001  1.0000000000E+000  0.0000000000E+000  1.9999999553E-002
      3.0000000000E+000  1.0000000000E+000  0.0000000000E+000  0.0000000000E+000  0.0000000000E+000  0.0000000000E+000  4.5600278057E+003
      0.0000000000E+000  1.0000000000E+000  1.0000000000E+000  0.0000000000E+000  0.0000000000E+000
     1  4640     4   233     1     1       1     3       7    1    0   19    0    2   -2    0
      0.0000000000E+000 -1.8865175298E-001 -1.1348247023E-001
   14
      1.0000000000E+000
      0.0000000000E+000  0.0000000000E+000
      0.0000000000E+000 -2.0000000000E+000  1.0000000000E+000 -1.0000000000E+001  1.0000000000E+000  0.0000000000E+000  1.9999999553E-002
      3.0000000000E+000  1.0000000000E+000  0.0000000000E+000  0.0000000000E+000  0.0000000000E+000  0.0000000000E+000  4.5800278077E+003
      0.0000000000E+000  1.0000000000E+000  1.0000000000E+000  0.0000000000E+000  0.0000000000E+000
     1  4660     4   234     1     1       1     3       7    1    0   19    0    2   -2    0
      0.0000000000E+000 -1.8865175298E-001 -1.1348247023E-001
   14
      1.0000000000E+000
      0.0000000000E+000  0.0000000000E+000
      0.0000000000E+000 -2.0000000000E+000  1.0000000000E+000 -1.0000000000E+001  1.0000000000E+000  0.0000000000E+000  1.9999999553E-002
      3.0000000000E+000  1.0000000000E+000  0.0000000000E+000  0.0000000000E+000  0.0000000000E+000  0.0000000000E+000  4.6000278097E+003
      0.0000000000E+000  1.0000000000E+000  1.0000000000E+000  0.0000000000E+000  0.0000000000E+000
     1  4680     4   235     1     1       1     3       7    1    0   19    0    2   -2    0
      0.0000000000E+000 -1.8865175298E-001 -1.1348247023E-001
   14
      1.0000000000E+000
      0.0000000000E+000  0.0000000000E+000
      0.0000000000E+000 -2.0000000000E+000  1.0000000000E+000 -1.0000000000E+001  1.0000000000E+000  0.0000000000E+000  1.9999999553E-002
      3.0000000000E+000  1.0000000000E+000  0.0000000000E+000  0.0000000000E+000  0.0000000000E+000  0.0000000000E+000  4.6200278117E+003
      0.0000000000E+000  1.0000000000E+000  1.0000000000E+000  0.0000000000E+000  0.0000000000E+000
     1  4700     4   236     1     1       1     3       7    1    0   19    0    2   -2    0
      0.0000000000E+000 -1.8865175298E-001 -1.1348247023E-001
   14
      1.0000000000E+000
      0.0000000000E+000  0.0000000000E+000
      0.0000000000E+000 -2.0000000000E+000  1.0000000000E+000 -1.0000000000E+001  1.0000000000E+000  0.0000000000E+000  1.9999999553E-002
      3.0000000000E+000  1.0000000000E+000  0.0000000000E+000  0.0000000000E+000  0.0000000000E+000  0.0000000000E+000  4.6400278137E+003
      0.0000000000E+000  1.0000000000E+000  1.0000000000E+000  0.0000000000E+000  0.0000000000E+000
     1  4720     4   237     1     1       1     3       7    1    0   19    0    2   -2    0
      0.0000000000E+000 -1.8865175298E-001 -1.1348247023E-001
   14
      1.0000000000E+000
      0.0000000000E+000  0.0000000000E+000
      0.0000000000E+000 -2.0000000000E+000  1.0000000000E+000 -1.0000000000E+001  1.0000000000E+000  0.0000000000E+000  1.9999999553E-002
      3.0000000000E+000  1.0000000000E+000  0.0000000000E+000  0.0000000000E+000  0.0000000000E+000  0.0000000000E+000  4.6600278157E+003
      0.0000000000E+000  1.0000000000E+000  1.0000000000E+000  0.0000000000E+000  0.0000000000E+000
     1  4740     4   238     1     1       1     3       7    1    0   19    0    2   -2    0
      0.0000000000E+000 -1.8865175298E-001 -1.1348247023E-001
   14
      1.0000000000E+000
      0.0000000000E+000  0.0000000000E+000
      0.0000000000E+000 -2.0000000000E+000  1.0000000000E+000 -1.0000000000E+001  1.0000000000E+000  0.0000000000E+000  1.9999999553E-002
      3.0000000000E+000  1.0000000000E+000  0.0000000000E+000  0.0000000000E+000  0.0000000000E+000  0.0000000000E+000  4.6800278177E+003
      0.0000000000E+000  1.0000000000E+000  1.0000000000E+000  0.0000000000E+000  0.0000000000E+000
     1  4760     4   239     1     1       1     3       7    1    0   19    0    2   -2    0
      0.0000000000E+000 -1.8865175298E-001 -1.1348247023E-001
   14
      1.0000000000E+000
      0.0000000000E+000  0.0000000000E+000
      0.0000000000E+000 -2.0000000000E+000  1.0000000000E+000 -1.0000000000E+001  1.0000000000E+000  0.0000000000E+000  1.9999999553E-002
      3.0000000000E+000  1.0000000000E+000  0.0000000000E+000  0.0000000000E+000  0.0000000000E+000  0.0000000000E+000  4.7000278197E+003
      0.0000000000E+000  1.0000000000E+000  1.0000000000E+000  0.0000000000E+000  0.0000000000E+000
     1  4780     4   240     1     1       1     3       7    1    0   19    0    2   -2    0
      0.0000000000E+000 -1.8865175298E-001 -1.1348247023E-001
   14
      1.0000000000E+000
      0.0000000000E+000  0.0000000000E+000
      0.0000000000E+000 -2.0000000000E+000  1.0000000000E+000 -1.0000000000E+001  1.0000000000E+000  0.0000000000E+000  1.9999999553E-002
      3.0000000000E+000  1.0000000000E+000  0.0000000000E+000  0.0000000000E+000  0.0000000000E+000  0.0000000000E+000  4.7200278217E+003
      0.0000000000E+000  1.0000000000E+000  1.0000000000E+000  0.0000000000E+000  0.0000000000E+000
     1  4800     4   241     1     1       1     3       7    1    0   19    0    2   -2    0
      0.0000000000E+000 -1.8865175298E-001 -1.1348247023E-001
   14
      1.0000000000E+000
      0.0000000000E+000  0.0000000000E+000
      0.0000000000E+000 -2.0000000000E+000  1.0000000000E+000 -1.0000000000E+001  1.0000000000E+000  0.0000000000E+000  1.9999999553E-002
      3.0000000000E+000  1.0000000000E+000  0.0000000000E+000  0.0000000000E+000  0.0000000000E+000  0.0000000000E+000  4.7400278237E+003
      0.0000000000E+000  1.0000000000E+000  1.0000000000E+000  0.0000000000E+000  0.0000000000E+000
     1  4820     4   242     1     1       1     3       7    1    0   19    0    2   -2    0
      0.0000000000E+000 -1.8865175298E-001 -1.1348247023E-001
   14
      1.0000000000E+000
      0.0000000000E+000  0.0000000000E+000
      0.0000000000E+000 -2.0000000000E+000  1.0000000000E+000 -1.0000000000E+001  1.0000000000E+000  0.0000000000E+000  1.9999999553E-002
      3.0000000000E+000  1.0000000000E+000  0.0000000000E+000  0.0000000000E+000  0.0000000000E+000  0.0000000000E+000  4.7600278257E+003
      0.0000000000E+000  1.0000000000E+000  1.0000000000E+000  0.0000000000E+000  0.0000000000E+000
     1  4840     4   243     1     1       1     3       7    1    0   19    0    2   -2    0
      0.0000000000E+000 -1.8865175298E-001 -1.1348247023E-001
   14
      1.0000000000E+000
      0.0000000000E+000  0.0000000000E+000
      0.0000000000E+000 -2.0000000000E+000  1.0000000000E+000 -1.0000000000E+001  1.0000000000E+000  0.0000000000E+000  1.9999999553E-002
      3.0000000000E+000  1.0000000000E+000  0.0000000000E+000  0.0000000000E+000  0.0000000000E+000  0.0000000000E+000  4.7800278277E+003
      0.0000000000E+000  1.0000000000E+000  1.0000000000E+000  0.0000000000E+000  0.0000000000E+000
     1  4860     4   244     1     1       1     3       7    1    0   19    0    2   -2    0
      0.0000000000E+000 -1.8865175298E-001 -1.1348247023E-001
   14
      1.0000000000E+000
      0.0000000000E+000  0.0000000000E+000
      0.0000000000E+000 -2.0000000000E+000  1.0000000000E+000 -1.0000000000E+001  1.0000000000E+000  0.0000000000E+000  1.9999999553E-002
      3.0000000000E+000  1.0000000000E+000  0.0000000000E+000  0.0000000000E+000  0.0000000000E+000  0.0000000000E+000  4.8000278297E+003
      0.0000000000E+000  1.0000000000E+000  1.0000000000E+000  0.0000000000E+000  0.0000000000E+000
     1  4880     4   245     1     1       1     3       7    1    0   19    0    2   -2    0
      0.0000000000E+000 -1.8865175298E-001 -1.1348247023E-001
   14
      1.0000000000E+000
      0.0000000000E+000  0.0000000000E+000
      0.0000000000E+000 -2.0000000000E+000  1.0000000000E+000 -1.0000000000E+001  1.0000000000E+000  0.0000000000E+000  1.9999999553E-002
      3.0000000000E+000  1.0000000000E+000  0.0000000000E+000  0.0000000000E+000  0.0000000000E+000  0.0000000000E+000  4.8200278317E+003
      0.0000000000E+000  1.0000000000E+000  1.0000000000E+000  0.0000000000E+000  0.0000000000E+000
     1  4900     4   246     1     1       1     3       7    1    0   19    0    2   -2    0
      0.0000000000E+000 -1.8865175298E-001 -1.1348247023E-001
   14
      1.0000000000E+000
      0.0000000000E+000  0.0000000000E+000
      0.0000000000E+000 -2.0000000000E+000  1.0000000000E+000 -1.0000000000E+001  1.0000000000E+000  0.0000000000E+000  1.9999999553E-002
      3.0000000000E+000  1.0000000000E+000  0.0000000000E+000  0.0000000000E+000  0.0000000000E+000  0.0000000000E+000  4.8400278337E+003
      0.0000000000E+000  1.0000000000E+000  1.0000000000E+000  0.0000000000E+000  0.0000000000E+000
     1  4920     4   247     1     1       1     3       7    1    0   19    0    2   -2    0
      0.0000000000E+000 -1.8865175298E-001 -1.1348247023E-001
   14
      1.0000000000E+000
      0.0000000000E+000  0.0000000000E+000
      0.0000000000E+000 -2.0000000000E+000  1.0000000000E+000 -1.0000000000E+001  1.0000000000E+000  0.0000000000E+000  1.9999999553E-002
      3.0000000000E+000  1.0000000000E+000  0.0000000000E+000  0.0000000000E+000  0.0000000000E+000  0.0000000000E+000  4.8600278357E+003
      0.0000000000E+000  1.0000000000E+000  1.0000000000E+000  0.0000000000E+000  0.0000000000E+000
     1  4940     4   248     1     1       1     3       7    1    0   19    0    2   -2    0
      0.0000000000E+000 -1.8865175298E-001 -1.1348247023E-001
   14
      1.0000000000E+000
      0.0000000000E+000  0.0000000000E+000
      0.0000000000E+000 -2.0000000000E+000  1.0000000000E+000 -1.0000000000E+001  1.0000000000E+000  0.0000000000E+000  1.9999999553E-002
      3.0000000000E+000  1.0000000000E+000  0.0000000000E+000  0.0000000000E+000  0.0000000000E+000  0.0000000000E+000  4.8800278377E+003
      0.0000000000E+000  1.0000000000E+000  1.0000000000E+000  0.0000000000E+000  0.0000000000E+000
     1  4960     4   249     1     1       1     3       7    1    0   19    0    2   -2    0
      0.0000000000E+000 -1.8865175298E-001 -1.1348247023E-001
   14
      1.0000000000E+000
      0.0000000000E+000  0.0000000000E+000
      0.0000000000E+000 -2.0000000000E+000  1.0000000000E+000 -1.0000000000E+001  1.0000000000E+000  0.0000000000E+000  1.9999999553E-002
      3.0000000000E+000  1.0000000000E+000  0.0000000000E+000  0.0000000000E+000  0.0000000000E+000  0.0000000000E+000  4.9000278397E+003
      0.0000000000E+000  1.0000000000E+000  1.0000000000E+000  0.0000000000E+000  0.0000000000E+000
     1  4980     4   250     1     1       1     3       7    1    0   19    0    2   -2    0
      0.0000000000E+000 -1.8865175298E-001 -1.1348247023E-001
   14
      1.0000000000E+000
      0.0000000000E+000  0.0000000000E+000
      0.0000000000E+000 -2.0000000000E+000  1.0000000000E+000 -1.0000000000E+001  1.0000000000E+000  0.0000000000E+000  1.9999999553E-002
      3.0000000000E+000  1.0000000000E+000  0.0000000000E+000  0.0000000000E+000  0.0000000000E+000  0.0000000000E+000  4.9200278417E+003
      0.0000000000E+000  1.0000000000E+000  1.0000000000E+000  0.0000000000E+000  0.0000000000E+000
     1  5000     4   251     1     1       1     3       7    1    0   19    0    2   -2    0
      0.0000000000E+000 -1.8865175298E-001 -1.1348247023E-001
   14
      1.0000000000E+000
      0.0000000000E+000  0.0000000000E+000
      0.0000000000E+000 -2.0000000000E+000  1.0000000000E+000 -1.0000000000E+001  1.0000000000E+000  0.0000000000E+000  1.9999999553E-002
      3.0000000000E+000  1.0000000000E+000  0.0000000000E+000  0.0000000000E+000  0.0000000000E+000  0.0000000000E+000  4.9400278437E+003
      0.0000000000E+000  1.0000000000E+000  1.0000000000E+000  0.0000000000E+000  0.0000000000E+000
     1  5020     4   252     1     1       1     3       7    1    0   19    0    2   -2    0
      0.0000000000E+000 -1.8865175298E-001 -1.1348247023E-001
   14
      1.0000000000E+000
      0.0000000000E+000  0.0000000000E+000
      0.0000000000E+000 -2.0000000000E+000  1.0000000000E+000 -1.0000000000E+001  1.0000000000E+000  0.0000000000E+000  1.9999999553E-002
      3.0000000000E+000  1.0000000000E+000  0.0000000000E+000  0.0000000000E+000  0.0000000000E+000  0.0000000000E+000  4.9600278457E+003
      0.0000000000E+000  1.0000000000E+000  1.0000000000E+000  0.0000000000E+000  0.0000000000E+000
     1  5040     4   253     1     1       1     3       7    1    0   19    0    2   -2    0
      0.0000000000E+000 -1.8865175298E-001 -1.1348247023E-001
   14
      1.0000000000E+000
      0.0000000000E+000  0.0000000000E+000
      0.0000000000E+000 -2.0000000000E+000  1.0000000000E+000 -1.0000000000E+001  1.0000000000E+000  0.0000000000E+000  1.9999999553E-002
      3.0000000000E+000  1.0000000000E+000  0.0000000000E+000  0.0000000000E+000  0.0000000000E+000  0.0000000000E+000  4.9800278477E+003
      0.0000000000E+000  1.0000000000E+000  1.0000000000E+000  0.0000000000E+000  0.0000000000E+000
     1  5060     4   254     1     1       1     3       7    1    0   19    0    2   -2    0
      0.0000000000E+000 -1.8865175298E-001 -1.1348247023E-001
   14
      1.0000000000E+000
      0.0000000000E+000  0.0000000000E+000
      0.0000000000E+000 -2.0000000000E+000  1.0000000000E+000 -1.0000000000E+001  1.0000000000E+000  0.0000000000E+000  1.9999999553E-002
      3.0000000000E+000  1.0000000000E+000  0.0000000000E+000  0.0000000000E+000  0.0000000000E+000  0.0000000000E+000  5.0000278497E+003
      0.0000000000E+000  1.0000000000E+000  1.0000000000E+000  0.0000000000E+000  0.0000000000E+000
     1  5080     4   255     1     1       1     3       7    1    0   19    0    2   -2    0
      0.0000000000E+000 -1.8865175298E-001 -1.1348247023E-001
   14
      1.0000000000E+000
      0.0000000000E+000  0.0000000000E+000
      0.0000000000E+000 -2.0000000000E+000  1.0000000000E+000 -1.0000000000E+001  1.0000000000E+000  0.0000000000E+000  1.9999999553E-002
      3.0000000000E+000  1.0000000000E+000  0.0000000000E+000  0.0000000000E+000  0.0000000000E+000  0.0000000000E+000  5.0200278517E+003
      0.0000000000E+000  1.0000000000E+000  1.0000000000E+000  0.0000000000E+000  0.0000000000E+000
     1  5100     4   256     1     1       1     3       7    1    0   19    0    2   -2    0
      0.0000000000E+000 -1.8865175298E-001 -1.1348247023E-001
   14
      1.0000000000E+000
      0.0000000000E+000  0.0000000000E+000
      0.0000000000E+000 -2.0000000000E+000  1.0000000000E+000 -1.0000000000E+001  1.0000000000E+000  0.0000000000E+000  1.9999999553E-002
      3.0000000000E+000  1.0000000000E+000  0.0000000000E+000  0.0000000000E+000  0.0000000000E+000  0.0000000000E+000  5.0400278537E+003
      0.0000000000E+000  1.0000000000E+000  1.0000000000E+000  0.0000000000E+000  0.0000000000E+000
     1  5120     4   257     1     1       1     3       7    1    0   19    0    2   -2    0
      0.0000000000E+000 -1.8865175298E-001 -1.1348247023E-001
   14
      1.0000000000E+000
      0.0000000000E+000  0.0000000000E+000
      0.0000000000E+000 -2.0000000000E+000  1.0000000000E+000 -1.0000000000E+001  1.0000000000E+000  0.0000000000E+000  1.9999999553E-002
      3.0000000000E+000  1.0000000000E+000  0.0000000000E+000  0.0000000000E+000  0.0000000000E+000  0.0000000000E+000  5.0600278557E+003
      0.0000000000E+000  1.0000000000E+000  1.0000000000E+000  0.0000000000E+000  0.0000000000E+000
     1  5140     4   258     1     1       1     3       7    1    0   19    0    2   -2    0
      0.0000000000E+000 -1.8865175298E-001 -1.1348247023E-001
   14
      1.0000000000E+000
      0.0000000000E+000  0.0000000000E+000
      0.0000000000E+000 -2.0000000000E+000  1.0000000000E+000 -1.0000000000E+001  1.0000000000E+000  0.0000000000E+000  1.9999999553E-002
      3.0000000000E+000  1.0000000000E+000  0.0000000000E+000  0.0000000000E+000  0.0000000000E+000  0.0000000000E+000  5.0800278577E+003
      0.0000000000E+000  1.0000000000E+000  1.0000000000E+000  0.0000000000E+000  0.0000000000E+000
     1  5160     4   259     1     1       1     3       7    1    0   19    0    2   -2    0
      0.0000000000E+000 -1.8865175298E-001 -1.1348247023E-001
   14
      1.0000000000E+000
      0.0000000000E+000  0.0000000000E+000
      0.0000000000E+000 -2.0000000000E+000  1.0000000000E+000 -1.0000000000E+001  1.0000000000E+000  0.0000000000E+000  1.9999999553E-002
      3.0000000000E+000  1.0000000000E+000  0.0000000000E+000  0.0000000000E+000  0.0000000000E+000  0.0000000000E+000  5.1000278597E+003
      0.0000000000E+000  1.0000000000E+000  1.0000000000E+000  0.0000000000E+000  0.0000000000E+000
     1  5180     4   260     1     1       1     3       7    1    0   19    0    2   -2    0
      0.0000000000E+000 -1.8865175298E-001 -1.1348247023E-001
   14
      1.0000000000E+000
      0.0000000000E+000  0.0000000000E+000
      0.0000000000E+000 -2.0000000000E+000  1.0000000000E+000 -1.0000000000E+001  1.0000000000E+000  0.0000000000E+000  1.9999999553E-002
      3.0000000000E+000  1.0000000000E+000  0.0000000000E+000  0.0000000000E+000  0.0000000000E+000  0.0000000000E+000  5.1200278617E+003
      0.0000000000E+000  1.0000000000E+000  1.0000000000E+000  0.0000000000E+000  0.0000000000E+000
     1  5200     4   261     1     1       1     3       7    1    0   19    0    2   -2    0
      0.0000000000E+000 -1.8865175298E-001 -1.1348247023E-001
   14
      1.0000000000E+000
      0.0000000000E+000  0.0000000000E+000
      0.0000000000E+000 -2.0000000000E+000  1.0000000000E+000 -1.0000000000E+001  1.0000000000E+000  0.0000000000E+000  1.9999999553E-002
      3.0000000000E+000  1.0000000000E+000  0.0000000000E+000  0.0000000000E+000  0.0000000000E+000  0.0000000000E+000  5.1400278637E+003
      0.0000000000E+000  1.0000000000E+000  1.0000000000E+000  0.0000000000E+000  0.0000000000E+000
     1  5220     4   262     1     1       1     3       7    1    0   19    0    2   -2    0
      0.0000000000E+000 -1.8865175298E-001 -1.1348247023E-001
   14
      1.0000000000E+000
      0.0000000000E+000  0.0000000000E+000
      0.0000000000E+000 -2.0000000000E+000  1.0000000000E+000 -1.0000000000E+001  1.0000000000E+000  0.0000000000E+000  1.9999999553E-002
      3.0000000000E+000  1.0000000000E+000  0.0000000000E+000  0.0000000000E+000  0.0000000000E+000  0.0000000000E+000  5.1600278657E+003
      0.0000000000E+000  1.0000000000E+000  1.0000000000E+000  0.0000000000E+000  0.0000000000E+000
     1  5240     4   263     1     1       1     3       7    1    0   19    0    2   -2    0
      0.0000000000E+000 -1.8865175298E-001 -1.1348247023E-001
   14
      1.0000000000E+000
      0.0000000000E+000  0.0000000000E+000
      0.0000000000E+000 -2.0000000000E+000  1.0000000000E+000 -1.0000000000E+001  1.0000000000E+000  0.0000000000E+000  1.9999999553E-002
      3.0000000000E+000  1.0000000000E+000  0.0000000000E+000  0.0000000000E+000  0.0000000000E+000  0.0000000000E+000  5.1800278677E+003
      0.0000000000E+000  1.0000000000E+000  1.0000000000E+000  0.0000000000E+000  0.0000000000E+000
     1  5260     4   264     1     1       1     3       7    1    0   19    0    2   -2    0
      0.0000000000E+000 -1.8865175298E-001 -1.1348247023E-001
   14
      1.0000000000E+000
      0.0000000000E+000  0.0000000000E+000
      0.0000000000E+000 -2.0000000000E+000  1.0000000000E+000 -1.0000000000E+001  1.0000000000E+000  0.0000000000E+000  1.9999999553E-002
      3.0000000000E+000  1.0000000000E+000  0.0000000000E+000  0.0000000000E+000  0.0000000000E+000  0.0000000000E+000  5.2000278697E+003
      0.0000000000E+000  1.0000000000E+000  1.0000000000E+000  0.0000000000E+000  0.0000000000E+000
     1  5280     4   265     1     1       1     3       7    1    0   19    0    2   -2    0
      0.0000000000E+000 -1.8865175298E-001 -1.1348247023E-001
   14
      1.0000000000E+000
      0.0000000000E+000  0.0000000000E+000
      0.0000000000E+000 -2.0000000000E+000  1.0000000000E+000 -1.0000000000E+001  1.0000000000E+000  0.0000000000E+000  1.9999999553E-002
      3.0000000000E+000  1.0000000000E+000  0.0000000000E+000  0.0000000000E+000  0.0000000000E+000  0.0000000000E+000  5.2200278717E+003
      0.0000000000E+000  1.0000000000E+000  1.0000000000E+000  0.0000000000E+000  0.0000000000E+000
     1  5300     4   266     1     1       1     3       7    1    0   19    0    2   -2    0
      0.0000000000E+000 -1.8865175298E-001 -1.1348247023E-001
   14
      1.0000000000E+000
      0.0000000000E+000  0.0000000000E+000
      0.0000000000E+000 -2.0000000000E+000  1.0000000000E+000 -1.0000000000E+001  1.0000000000E+000  0.0000000000E+000  1.9999999553E-002
      3.0000000000E+000  1.0000000000E+000  0.0000000000E+000  0.0000000000E+000  0.0000000000E+000  0.0000000000E+000  5.2400278737E+003
      0.0000000000E+000  1.0000000000E+000  1.0000000000E+000  0.0000000000E+000  0.0000000000E+000
     1  5320     4   267     1     1       1     3       7    1    0   19    0    2   -2    0
      0.0000000000E+000 -1.8865175298E-001 -1.1348247023E-001
   14
      1.0000000000E+000
      0.0000000000E+000  0.0000000000E+000
      0.0000000000E+000 -2.0000000000E+000  1.0000000000E+000 -1.0000000000E+001  1.0000000000E+000  0.0000000000E+000  1.9999999553E-002
      3.0000000000E+000  1.0000000000E+000  0.0000000000E+000  0.0000000000E+000  0.0000000000E+000  0.0000000000E+000  5.2600278757E+003
      0.0000000000E+000  1.0000000000E+000  1.0000000000E+000  0.0000000000E+000  0.0000000000E+000
     1  5340     4   268     1     1       1     3       7    1    0   19    0    2   -2    0
      0.0000000000E+000 -1.8865175298E-001 -1.1348247023E-001
   14
      1.0000000000E+000
      0.0000000000E+000  0.0000000000E+000
      0.0000000000E+000 -2.0000000000E+000  1.0000000000E+000 -1.0000000000E+001  1.0000000000E+000  0.0000000000E+000  1.9999999553E-002
      3.0000000000E+000  1.0000000000E+000  0.0000000000E+000  0.0000000000E+000  0.0000000000E+000  0.0000000000E+000  5.2800278777E+003
      0.0000000000E+000  1.0000000000E+000  1.0000000000E+000  0.0000000000E+000  0.0000000000E+000
     1  5360     4   269     1     1       1     3       7    1    0   19    0    2   -2    0
      0.0000000000E+000 -1.8865175298E-001 -1.1348247023E-001
   14
      1.0000000000E+000
      0.0000000000E+000  0.0000000000E+000
      0.0000000000E+000 -2.0000000000E+000  1.0000000000E+000 -1.0000000000E+001  1.0000000000E+000  0.0000000000E+000  1.9999999553E-002
      3.0000000000E+000  1.0000000000E+000  0.0000000000E+000  0.0000000000E+000  0.0000000000E+000  0.0000000000E+000  5.3000278797E+003
      0.0000000000E+000  1.0000000000E+000  1.0000000000E+000  0.0000000000E+000  0.0000000000E+000
     1  5380     4   270     1     1       1     3       7    1    0   19    0    2   -2    0
      0.0000000000E+000 -1.8865175298E-001 -1.1348247023E-001
   14
      1.0000000000E+000
      0.0000000000E+000  0.0000000000E+000
      0.0000000000E+000 -2.0000000000E+000  1.0000000000E+000 -1.0000000000E+001  1.0000000000E+000  0.0000000000E+000  1.9999999553E-002
      3.0000000000E+000  1.0000000000E+000  0.0000000000E+000  0.0000000000E+000  0.0000000000E+000  0.0000000000E+000  5.3200278817E+003
      0.0000000000E+000  1.0000000000E+000  1.0000000000E+000  0.0000000000E+000  0.0000000000E+000
     1  5400     4   271     1     1       1     3       7    1    0   19    0    2   -2    0
      0.0000000000E+000 -1.8865175298E-001 -1.1348247023E-001
   14
      1.0000000000E+000
      0.0000000000E+000  0.0000000000E+000
      0.0000000000E+000 -2.0000000000E+000  1.0000000000E+000 -1.0000000000E+001  1.0000000000E+000  0.0000000000E+000  1.9999999553E-002
      3.0000000000E+000  1.0000000000E+000  0.0000000000E+000  0.0000000000E+000  0.0000000000E+000  0.0000000000E+000  5.3400278837E+003
      0.0000000000E+000  1.0000000000E+000  1.0000000000E+000  0.0000000000E+000  0.0000000000E+000
     1  5420     4   272     1     1       1     3       7    1    0   19    0    2   -2    0
      0.0000000000E+000 -1.8865175298E-001 -1.1348247023E-001
   14
      1.0000000000E+000
      0.0000000000E+000  0.0000000000E+000
      0.0000000000E+000 -2.0000000000E+000  1.0000000000E+000 -1.0000000000E+001  1.0000000000E+000  0.0000000000E+000  1.9999999553E-002
      3.0000000000E+000  1.0000000000E+000  0.0000000000E+000  0.0000000000E+000  0.0000000000E+000  0.0000000000E+000  5.3600278857E+003
      0.0000000000E+000  1.0000000000E+000  1.0000000000E+000  0.0000000000E+000  0.0000000000E+000
     1  5440     4   273     1     1       1     3       7    1    0   19    0    2   -2    0
      0.0000000000E+000 -1.8865175298E-001 -1.1348247023E-001
   14
      1.0000000000E+000
      0.0000000000E+000  0.0000000000E+000
      0.0000000000E+000 -2.0000000000E+000  1.0000000000E+000 -1.0000000000E+001  1.0000000000E+000  0.0000000000E+000  1.9999999553E-002
      3.0000000000E+000  1.0000000000E+000  0.0000000000E+000  0.0000000000E+000  0.0000000000E+000  0.0000000000E+000  5.3800278877E+003
      0.0000000000E+000  1.0000000000E+000  1.0000000000E+000  0.0000000000E+000  0.0000000000E+000
     1  5460     4   274     1     1       1     3       7    1    0   19    0    2   -2    0
      0.0000000000E+000 -1.8865175298E-001 -1.1348247023E-001
   14
      1.0000000000E+000
      0.0000000000E+000  0.0000000000E+000
      0.0000000000E+000 -2.0000000000E+000  1.0000000000E+000 -1.0000000000E+001  1.0000000000E+000  0.0000000000E+000  1.9999999553E-002
      3.0000000000E+000  1.0000000000E+000  0.0000000000E+000  0.0000000000E+000  0.0000000000E+000  0.0000000000E+000  5.4000278897E+003
      0.0000000000E+000  1.0000000000E+000  1.0000000000E+000  0.0000000000E+000  0.0000000000E+000
     1  5480     4   275     1     1       1     3       7    1    0   19    0    2   -2    0
      0.0000000000E+000 -1.8865175298E-001 -1.1348247023E-001
   14
      1.0000000000E+000
      0.0000000000E+000  0.0000000000E+000
      0.0000000000E+000 -2.0000000000E+000  1.0000000000E+000 -1.0000000000E+001  1.0000000000E+000  0.0000000000E+000  1.9999999553E-002
      3.0000000000E+000  1.0000000000E+000  0.0000000000E+000  0.0000000000E+000  0.0000000000E+000  0.0000000000E+000  5.4200278917E+003
      0.0000000000E+000  1.0000000000E+000  1.0000000000E+000  0.0000000000E+000  0.0000000000E+000
     1  5500     4   276     1     1       1     3       7    1    0   19    0    2   -2    0
      0.0000000000E+000 -1.8865175298E-001 -1.1348247023E-001
   14
      1.0000000000E+000
      0.0000000000E+000  0.0000000000E+000
      0.0000000000E+000 -2.0000000000E+000  1.0000000000E+000 -1.0000000000E+001  1.0000000000E+000  0.0000000000E+000  1.9999999553E-002
      3.0000000000E+000  1.0000000000E+000  0.0000000000E+000  0.0000000000E+000  0.0000000000E+000  0.0000000000E+000  5.4400278937E+003
      0.0000000000E+000  1.0000000000E+000  1.0000000000E+000  0.0000000000E+000  0.0000000000E+000
     1  5520     4   277     1     1       1     3       7    1    0   19    0    2   -2    0
      0.0000000000E+000 -1.8865175298E-001 -1.1348247023E-001
   14
      1.0000000000E+000
      0.0000000000E+000  0.0000000000E+000
      0.0000000000E+000 -2.0000000000E+000  1.0000000000E+000 -1.0000000000E+001  1.0000000000E+000  0.0000000000E+000  1.9999999553E-002
      3.0000000000E+000  1.0000000000E+000  0.0000000000E+000  0.0000000000E+000  0.0000000000E+000  0.0000000000E+000  5.4600278957E+003
      0.0000000000E+000  1.0000000000E+000  1.0000000000E+000  0.0000000000E+000  0.0000000000E+000
     1  5540     4   278     1     1       1     3       7    1    0   19    0    2   -2    0
      0.0000000000E+000 -1.8865175298E-001 -1.1348247023E-001
   14
      1.0000000000E+000
      0.0000000000E+000  0.0000000000E+000
      0.0000000000E+000 -2.0000000000E+000  1.0000000000E+000 -1.0000000000E+001  1.0000000000E+000  0.0000000000E+000  1.9999999553E-002
      3.0000000000E+000  1.0000000000E+000  0.0000000000E+000  0.0000000000E+000  0.0000000000E+000  0.0000000000E+000  5.4800278977E+003
      0.0000000000E+000  1.0000000000E+000  1.0000000000E+000  0.0000000000E+000  0.0000000000E+000
     1  5560     4   279     1     1       1     3       7    1    0   19    0    2   -2    0
      0.0000000000E+000 -1.8865175298E-001 -1.1348247023E-001
   14
      1.0000000000E+000
      0.0000000000E+000  0.0000000000E+000
      0.0000000000E+000 -2.0000000000E+000  1.0000000000E+000 -1.0000000000E+001  1.0000000000E+000  0.0000000000E+000  1.9999999553E-002
      3.0000000000E+000  1.0000000000E+000  0.0000000000E+000  0.0000000000E+000  0.0000000000E+000  0.0000000000E+000  5.5000278997E+003
      0.0000000000E+000  1.0000000000E+000  1.0000000000E+000  0.0000000000E+000  0.0000000000E+000
     1  5580     4   280     1     1       1     3       7    1    0   19    0    2   -2    0
      0.0000000000E+000 -1.8865175298E-001 -1.1348247023E-001
   14
      1.0000000000E+000
      0.0000000000E+000  0.0000000000E+000
      0.0000000000E+000 -2.0000000000E+000  1.0000000000E+000 -1.0000000000E+001  1.0000000000E+000  0.0000000000E+000  1.9999999553E-002
      3.0000000000E+000  1.0000000000E+000  0.0000000000E+000  0.0000000000E+000  0.0000000000E+000  0.0000000000E+000  5.5200279017E+003
      0.0000000000E+000  1.0000000000E+000  1.0000000000E+000  0.0000000000E+000  0.0000000000E+000
     1  5600     4   281     1     1       1     3       7    1    0   19    0    2   -2    0
      0.0000000000E+000 -1.8865175298E-001 -1.1348247023E-001
   14
      1.0000000000E+000
      0.0000000000E+000  0.0000000000E+000
      0.0000000000E+000 -2.0000000000E+000  1.0000000000E+000 -1.0000000000E+001  1.0000000000E+000  0.0000000000E+000  1.9999999553E-002
      3.0000000000E+000  1.0000000000E+000  0.0000000000E+000  0.0000000000E+000  0.0000000000E+000  0.0000000000E+000  5.5400279037E+003
      0.0000000000E+000  1.0000000000E+000  1.0000000000E+000  0.0000000000E+000  0.0000000000E+000
     1  5620     4   282     1     1       1     3       7    1    0   19    0    2   -2    0
      0.0000000000E+000 -1.8865175298E-001 -1.1348247023E-001
   14
      1.0000000000E+000
      0.0000000000E+000  0.0000000000E+000
      0.0000000000E+000 -2.0000000000E+000  1.0000000000E+000 -1.0000000000E+001  1.0000000000E+000  0.0000000000E+000  1.9999999553E-002
      3.0000000000E+000  1.0000000000E+000  0.0000000000E+000  0.0000000000E+000  0.0000000000E+000  0.0000000000E+000  5.5600279057E+003
      0.0000000000E+000  1.0000000000E+000  1.0000000000E+000  0.0000000000E+000  0.0000000000E+000
     1  5640     4   283     1     1       1     3       7    1    0   19    0    2   -2    0
      0.0000000000E+000 -1.8865175298E-001 -1.1348247023E-001
   14
      1.0000000000E+000
      0.0000000000E+000  0.0000000000E+000
      0.0000000000E+000 -2.0000000000E+000  1.0000000000E+000 -1.0000000000E+001  1.0000000000E+000  0.0000000000E+000  1.9999999553E-002
      3.0000000000E+000  1.0000000000E+000  0.0000000000E+000  0.0000000000E+000  0.0000000000E+000  0.0000000000E+000  5.5800279077E+003
      0.0000000000E+000  1.0000000000E+000  1.0000000000E+000  0.0000000000E+000  0.0000000000E+000
     1  5660     4   284     1     1       1     3       7    1    0   19    0    2   -2    0
      0.0000000000E+000 -1.8865175298E-001 -1.1348247023E-001
   14
      1.0000000000E+000
      0.0000000000E+000  0.0000000000E+000
      0.0000000000E+000 -2.0000000000E+000  1.0000000000E+000 -1.0000000000E+001  1.0000000000E+000  0.0000000000E+000  1.9999999553E-002
      3.0000000000E+000  1.0000000000E+000  0.0000000000E+000  0.0000000000E+000  0.0000000000E+000  0.0000000000E+000  5.6000279097E+003
      0.0000000000E+000  1.0000000000E+000  1.0000000000E+000  0.0000000000E+000  0.0000000000E+000
     1  5680     4   285     1     1       1     3       7    1    0   19    0    2   -2    0
      0.0000000000E+000 -1.8865175298E-001 -1.1348247023E-001
   14
      1.0000000000E+000
      0.0000000000E+000  0.0000000000E+000
      0.0000000000E+000 -2.0000000000E+000  1.0000000000E+000 -1.0000000000E+001  1.0000000000E+000  0.0000000000E+000  1.9999999553E-002
      3.0000000000E+000  1.0000000000E+000  0.0000000000E+000  0.0000000000E+000  0.0000000000E+000  0.0000000000E+000  5.6200279117E+003
      0.0000000000E+000  1.0000000000E+000  1.0000000000E+000  0.0000000000E+000  0.0000000000E+000
     1  5700     4   286     1     1       1     3       7    1    0   19    0    2   -2    0
      0.0000000000E+000 -1.8865175298E-001 -1.1348247023E-001
   14
      1.0000000000E+000
      0.0000000000E+000  0.0000000000E+000
      0.0000000000E+000 -2.0000000000E+000  1.0000000000E+000 -1.0000000000E+001  1.0000000000E+000  0.0000000000E+000  1.9999999553E-002
      3.0000000000E+000  1.0000000000E+000  0.0000000000E+000  0.0000000000E+000  0.0000000000E+000  0.0000000000E+000  5.6400279137E+003
      0.0000000000E+000  1.0000000000E+000  1.0000000000E+000  0.0000000000E+000  0.0000000000E+000
     1  5720     4   287     1     1       1     3       7    1    0   19    0    2   -2    0
      0.0000000000E+000 -1.8865175298E-001 -1.1348247023E-001
   14
      1.0000000000E+000
      0.0000000000E+000  0.0000000000E+000
      0.0000000000E+000 -2.0000000000E+000  1.0000000000E+000 -1.0000000000E+001  1.0000000000E+000  0.0000000000E+000  1.9999999553E-002
      3.0000000000E+000  1.0000000000E+000  0.0000000000E+000  0.0000000000E+000  0.0000000000E+000  0.0000000000E+000  5.6600279157E+003
      0.0000000000E+000  1.0000000000E+000  1.0000000000E+000  0.0000000000E+000  0.0000000000E+000
     1  5740     4   288     1     1       1     3       7    1    0   19    0    2   -2    0
      0.0000000000E+000 -1.8865175298E-001 -1.1348247023E-001
   14
      1.0000000000E+000
      0.0000000000E+000  0.0000000000E+000
      0.0000000000E+000 -2.0000000000E+000  1.0000000000E+000 -1.0000000000E+001  1.0000000000E+000  0.0000000000E+000  1.9999999553E-002
      3.0000000000E+000  1.0000000000E+000  0.0000000000E+000  0.0000000000E+000  0.0000000000E+000  0.0000000000E+000  5.6800279177E+003
      0.0000000000E+000  1.0000000000E+000  1.0000000000E+000  0.0000000000E+000  0.0000000000E+000
     1  5760     4   289     1     1       1     3       7    1    0   19    0    2   -2    0
      0.0000000000E+000 -1.8865175298E-001 -1.1348247023E-001
   14
      1.0000000000E+000
      0.0000000000E+000  0.0000000000E+000
      0.0000000000E+000 -2.0000000000E+000  1.0000000000E+000 -1.0000000000E+001  1.0000000000E+000  0.0000000000E+000  1.9999999553E-002
      3.0000000000E+000  1.0000000000E+000  0.0000000000E+000  0.0000000000E+000  0.0000000000E+000  0.0000000000E+000  5.7000279197E+003
      0.0000000000E+000  1.0000000000E+000  1.0000000000E+000  0.0000000000E+000  0.0000000000E+000
     1  5780     4   290     1     1       1     3       7    1    0   19    0    2   -2    0
      0.0000000000E+000 -1.8865175298E-001 -1.1348247023E-001
   14
      1.0000000000E+000
      0.0000000000E+000  0.0000000000E+000
      0.0000000000E+000 -2.0000000000E+000  1.0000000000E+000 -1.0000000000E+001  1.0000000000E+000  0.0000000000E+000  1.9999999553E-002
      3.0000000000E+000  1.0000000000E+000  0.0000000000E+000  0.0000000000E+000  0.0000000000E+000  0.0000000000E+000  5.7200279217E+003
      0.0000000000E+000  1.0000000000E+000  1.0000000000E+000  0.0000000000E+000  0.0000000000E+000
     1  5800     4   291     1     1       1     3       7    1    0   19    0    2   -2    0
      0.0000000000E+000 -1.8865175298E-001 -1.1348247023E-001
   14
      1.0000000000E+000
      0.0000000000E+000  0.0000000000E+000
      0.0000000000E+000 -2.0000000000E+000  1.0000000000E+000 -1.0000000000E+001  1.0000000000E+000  0.0000000000E+000  1.9999999553E-002
      3.0000000000E+000  1.0000000000E+000  0.0000000000E+000  0.0000000000E+000  0.0000000000E+000  0.0000000000E+000  5.7400279237E+003
      0.0000000000E+000  1.0000000000E+000  1.0000000000E+000  0.0000000000E+000  0.0000000000E+000
     1  5820     4   292     1     1       1     3       7    1    0   19    0    2   -2    0
      0.0000000000E+000 -1.8865175298E-001 -1.1348247023E-001
   14
      1.0000000000E+000
      0.0000000000E+000  0.0000000000E+000
      0.0000000000E+000 -2.0000000000E+000  1.0000000000E+000 -1.0000000000E+001  1.0000000000E+000  0.0000000000E+000  1.9999999553E-002
      3.0000000000E+000  1.0000000000E+000  0.0000000000E+000  0.0000000000E+000  0.0000000000E+000  0.0000000000E+000  5.7600279257E+003
      0.0000000000E+000  1.0000000000E+000  1.0000000000E+000  0.0000000000E+000  0.0000000000E+000
     1  5840     4   293     1     1       1     3       7    1    0   19    0    2   -2    0
      0.0000000000E+000 -1.8865175298E-001 -1.1348247023E-001
   14
      1.0000000000E+000
      0.0000000000E+000  0.0000000000E+000
      0.0000000000E+000 -2.0000000000E+000  1.0000000000E+000 -1.0000000000E+001  1.0000000000E+000  0.0000000000E+000  1.9999999553E-002
      3.0000000000E+000  1.0000000000E+000  0.0000000000E+000  0.0000000000E+000  0.0000000000E+000  0.0000000000E+000  5.7800279277E+003
      0.0000000000E+000  1.0000000000E+000  1.0000000000E+000  0.0000000000E+000  0.0000000000E+000
     1  5860     4   294     1     1       1     3       7    1    0   19    0    2   -2    0
      0.0000000000E+000 -1.8865175298E-001 -1.1348247023E-001
   14
      1.0000000000E+000
      0.0000000000E+000  0.0000000000E+000
      0.0000000000E+000 -2.0000000000E+000  1.0000000000E+000 -1.0000000000E+001  1.0000000000E+000  0.0000000000E+000  1.9999999553E-002
      3.0000000000E+000  1.0000000000E+000  0.0000000000E+000  0.0000000000E+000  0.0000000000E+000  0.0000000000E+000  5.8000279297E+003
      0.0000000000E+000  1.0000000000E+000  1.0000000000E+000  0.0000000000E+000  0.0000000000E+000
     1  5880     4   295     1     1       1     3       7    1    0   19    0    2   -2    0
      0.0000000000E+000 -1.8865175298E-001 -1.1348247023E-001
   14
      1.0000000000E+000
      0.0000000000E+000  0.0000000000E+000
      0.0000000000E+000 -2.0000000000E+000  1.0000000000E+000 -1.0000000000E+001  1.0000000000E+000  0.0000000000E+000  1.9999999553E-002
      3.0000000000E+000  1.0000000000E+000  0.0000000000E+000  0.0000000000E+000  0.0000000000E+000  0.0000000000E+000  5.8200279317E+003
      0.0000000000E+000  1.0000000000E+000  1.0000000000E+000  0.0000000000E+000  0.0000000000E+000
     1  5900     4   296     1     1       1     3       7    1    0   19    0    2   -2    0
      0.0000000000E+000 -1.8865175298E-001 -1.1348247023E-001
   14
      1.0000000000E+000
      0.0000000000E+000  0.0000000000E+000
      0.0000000000E+000 -2.0000000000E+000  1.0000000000E+000 -1.0000000000E+001  1.0000000000E+000  0.0000000000E+000  1.9999999553E-002
      3.0000000000E+000  1.0000000000E+000  0.0000000000E+000  0.0000000000E+000  0.0000000000E+000  0.0000000000E+000  5.8400279337E+003
      0.0000000000E+000  1.0000000000E+000  1.0000000000E+000  0.0000000000E+000  0.0000000000E+000
     1  5920     4   297     1     1       1     3       7    1    0   19    0    2   -2    0
      0.0000000000E+000 -1.8865175298E-001 -1.1348247023E-001
   14
      1.0000000000E+000
      0.0000000000E+000  0.0000000000E+000
      0.0000000000E+000 -2.0000000000E+000  1.0000000000E+000 -1.0000000000E+001  1.0000000000E+000  0.0000000000E+000  1.9999999553E-002
      3.0000000000E+000  1.0000000000E+000  0.0000000000E+000  0.0000000000E+000  0.0000000000E+000  0.0000000000E+000  5.8600279357E+003
      0.0000000000E+000  1.0000000000E+000  1.0000000000E+000  0.0000000000E+000  0.0000000000E+000
     1  5940     4   298     1     1       1     3       7    1    0   19    0    2   -2    0
      0.0000000000E+000 -1.8865175298E-001 -1.1348247023E-001
   14
      1.0000000000E+000
      0.0000000000E+000  0.0000000000E+000
      0.0000000000E+000 -2.0000000000E+000  1.0000000000E+000 -1.0000000000E+001  1.0000000000E+000  0.0000000000E+000  1.9999999553E-002
      3.0000000000E+000  1.0000000000E+000  0.0000000000E+000  0.0000000000E+000  0.0000000000E+000  0.0000000000E+000  5.8800279377E+003
      0.0000000000E+000  1.0000000000E+000  1.0000000000E+000  0.0000000000E+000  0.0000000000E+000
     1  5960     4   299     1     1       1     3       7    1    0   19    0    2   -2    0
      0.0000000000E+000 -1.8865175298E-001 -1.1348247023E-001
   14
      1.0000000000E+000
      0.0000000000E+000  0.0000000000E+000
      0.0000000000E+000 -2.0000000000E+000  1.0000000000E+000 -1.0000000000E+001  1.0000000000E+000  0.0000000000E+000  1.9999999553E-002
      3.0000000000E+000  1.0000000000E+000  0.0000000000E+000  0.0000000000E+000  0.0000000000E+000  0.0000000000E+000  5.9000279397E+003
      0.0000000000E+000  1.0000000000E+000  1.0000000000E+000  0.0000000000E+000  0.0000000000E+000
     1  5980     4   300     1     1       1     3       7    1    0   19    0    2   -2    0
      0.0000000000E+000 -1.8865175298E-001 -1.1348247023E-001
   14
      1.0000000000E+000
      0.0000000000E+000  0.0000000000E+000
      0.0000000000E+000 -2.0000000000E+000  1.0000000000E+000 -1.0000000000E+001  1.0000000000E+000  0.0000000000E+000  1.9999999553E-002
      3.0000000000E+000  1.0000000000E+000  0.0000000000E+000  0.0000000000E+000  0.0000000000E+000  0.0000000000E+000  5.9200279417E+003
      0.0000000000E+000  1.0000000000E+000  1.0000000000E+000  0.0000000000E+000  0.0000000000E+000
     1  6000     4   301     1     1       1     3       7    1    0   19    0    2   -2    0
      0.0000000000E+000 -1.8865175298E-001 -1.1348247023E-001
   14
      1.0000000000E+000
      0.0000000000E+000  0.0000000000E+000
      0.0000000000E+000 -2.0000000000E+000  1.0000000000E+000 -1.0000000000E+001  1.0000000000E+000  0.0000000000E+000  1.9999999553E-002
      3.0000000000E+000  1.0000000000E+000  0.0000000000E+000  0.0000000000E+000  0.0000000000E+000  0.0000000000E+000  5.9400279437E+003
      0.0000000000E+000  1.0000000000E+000  1.0000000000E+000  0.0000000000E+000  0.0000000000E+000
     1  6020     4   302     1     1       1     3       7    1    0   19    0    2   -2    0
      0.0000000000E+000 -1.8865175298E-001 -1.1348247023E-001
   14
      1.0000000000E+000
      0.0000000000E+000  0.0000000000E+000
      0.0000000000E+000 -2.0000000000E+000  1.0000000000E+000 -1.0000000000E+001  1.0000000000E+000  0.0000000000E+000  1.9999999553E-002
      3.0000000000E+000  1.0000000000E+000  0.0000000000E+000  0.0000000000E+000  0.0000000000E+000  0.0000000000E+000  5.9600279457E+003
      0.0000000000E+000  1.0000000000E+000  1.0000000000E+000  0.0000000000E+000  0.0000000000E+000
     1  6040     4   303     1     1       1     3       7    1    0   19    0    2   -2    0
      0.0000000000E+000 -1.8865175298E-001 -1.1348247023E-001
   14
      1.0000000000E+000
      0.0000000000E+000  0.0000000000E+000
      0.0000000000E+000 -2.0000000000E+000  1.0000000000E+000 -1.0000000000E+001  1.0000000000E+000  0.0000000000E+000  1.9999999553E-002
      3.0000000000E+000  1.0000000000E+000  0.0000000000E+000  0.0000000000E+000  0.0000000000E+000  0.0000000000E+000  5.9800279477E+003
      0.0000000000E+000  1.0000000000E+000  1.0000000000E+000  0.0000000000E+000  0.0000000000E+000
     1  6060     4   304     1     1       1     3       7    1    0   19    0    2   -2    0
      0.0000000000E+000 -1.8865175298E-001 -1.1348247023E-001
   14
      1.0000000000E+000
      0.0000000000E+000  0.0000000000E+000
      0.0000000000E+000 -2.0000000000E+000  1.0000000000E+000 -1.0000000000E+001  1.0000000000E+000  0.0000000000E+000  1.9999999553E-002
      3.0000000000E+000  1.0000000000E+000  0.0000000000E+000  0.0000000000E+000  0.0000000000E+000  0.0000000000E+000  6.0000279497E+003
      0.0000000000E+000  1.0000000000E+000  1.0000000000E+000  0.0000000000E+000  0.0000000000E+000
     1  6080     4   305     1     1       1     3       7    1    0   19    0    2   -2    0
      0.0000000000E+000 -1.8865175298E-001 -1.1348247023E-001
   14
      1.0000000000E+000
      0.0000000000E+000  0.0000000000E+000
      0.0000000000E+000 -2.0000000000E+000  1.0000000000E+000 -1.0000000000E+001  1.0000000000E+000  0.0000000000E+000  1.9999999553E-002
      3.0000000000E+000  1.0000000000E+000  0.0000000000E+000  0.0000000000E+000  0.0000000000E+000  0.0000000000E+000  6.0200279517E+003
      0.0000000000E+000  1.0000000000E+000  1.0000000000E+000  0.0000000000E+000  0.0000000000E+000
     1  6100     4   306     1     1       1     3       7    1    0   19    0    2   -2    0
      0.0000000000E+000 -1.8865175298E-001 -1.1348247023E-001
   14
      1.0000000000E+000
      0.0000000000E+000  0.0000000000E+000
      0.0000000000E+000 -2.0000000000E+000  1.0000000000E+000 -1.0000000000E+001  1.0000000000E+000  0.0000000000E+000  1.9999999553E-002
      3.0000000000E+000  1.0000000000E+000  0.0000000000E+000  0.0000000000E+000  0.0000000000E+000  0.0000000000E+000  6.0400279537E+003
      0.0000000000E+000  1.0000000000E+000  1.0000000000E+000  0.0000000000E+000  0.0000000000E+000
     1  6120     4   307     1     1       1     3       7    1    0   19    0    2   -2    0
      0.0000000000E+000 -1.8865175298E-001 -1.1348247023E-001
   14
      1.0000000000E+000
      0.0000000000E+000  0.0000000000E+000
      0.0000000000E+000 -2.0000000000E+000  1.0000000000E+000 -1.0000000000E+001  1.0000000000E+000  0.0000000000E+000  1.9999999553E-002
      3.0000000000E+000  1.0000000000E+000  0.0000000000E+000  0.0000000000E+000  0.0000000000E+000  0.0000000000E+000  6.0600279557E+003
      0.0000000000E+000  1.0000000000E+000  1.0000000000E+000  0.0000000000E+000  0.0000000000E+000
     1  6140     4   308     1     1       1     3       7    1    0   19    0    2   -2    0
      0.0000000000E+000 -1.8865175298E-001 -1.1348247023E-001
   14
      1.0000000000E+000
      0.0000000000E+000  0.0000000000E+000
      0.0000000000E+000 -2.0000000000E+000  1.0000000000E+000 -1.0000000000E+001  1.0000000000E+000  0.0000000000E+000  1.9999999553E-002
      3.0000000000E+000  1.0000000000E+000  0.0000000000E+000  0.0000000000E+000  0.0000000000E+000  0.0000000000E+000  6.0800279577E+003
      0.0000000000E+000  1.0000000000E+000  1.0000000000E+000  0.0000000000E+000  0.0000000000E+000
     1  6160     4   309     1     1       1     3       7    1    0   19    0    2   -2    0
      0.0000000000E+000 -1.8865175298E-001 -1.1348247023E-001
   14
      1.0000000000E+000
      0.0000000000E+000  0.0000000000E+000
      0.0000000000E+000 -2.0000000000E+000  1.0000000000E+000 -1.0000000000E+001  1.0000000000E+000  0.0000000000E+000  1.9999999553E-002
      3.0000000000E+000  1.0000000000E+000  0.0000000000E+000  0.0000000000E+000  0.0000000000E+000  0.0000000000E+000  6.1000279597E+003
      0.0000000000E+000  1.0000000000E+000  1.0000000000E+000  0.0000000000E+000  0.0000000000E+000
     1  6180     4   310     1     1       1     3       7    1    0   19    0    2   -2    0
      0.0000000000E+000 -1.8865175298E-001 -1.1348247023E-001
   14
      1.0000000000E+000
      0.0000000000E+000  0.0000000000E+000
      0.0000000000E+000 -2.0000000000E+000  1.0000000000E+000 -1.0000000000E+001  1.0000000000E+000  0.0000000000E+000  1.9999999553E-002
      3.0000000000E+000  1.0000000000E+000  0.0000000000E+000  0.0000000000E+000  0.0000000000E+000  0.0000000000E+000  6.1200279617E+003
      0.0000000000E+000  1.0000000000E+000  1.0000000000E+000  0.0000000000E+000  0.0000000000E+000
     1  6200     4   311     1     1       1     3       7    1    0   19    0    2   -2    0
      0.0000000000E+000 -1.8865175298E-001 -1.1348247023E-001
   14
      1.0000000000E+000
      0.0000000000E+000  0.0000000000E+000
      0.0000000000E+000 -2.0000000000E+000  1.0000000000E+000 -1.0000000000E+001  1.0000000000E+000  0.0000000000E+000  1.9999999553E-002
      3.0000000000E+000  1.0000000000E+000  0.0000000000E+000  0.0000000000E+000  0.0000000000E+000  0.0000000000E+000  6.1400279637E+003
      0.0000000000E+000  1.0000000000E+000  1.0000000000E+000  0.0000000000E+000  0.0000000000E+000
     1  6220     4   312     1     1       1     3       7    1    0   19    0    2   -2    0
      0.0000000000E+000 -1.8865175298E-001 -1.1348247023E-001
   14
      1.0000000000E+000
      0.0000000000E+000  0.0000000000E+000
      0.0000000000E+000 -2.0000000000E+000  1.0000000000E+000 -1.0000000000E+001  1.0000000000E+000  0.0000000000E+000  1.9999999553E-002
      3.0000000000E+000  1.0000000000E+000  0.0000000000E+000  0.0000000000E+000  0.0000000000E+000  0.0000000000E+000  6.1600279657E+003
      0.0000000000E+000  1.0000000000E+000  1.0000000000E+000  0.0000000000E+000  0.0000000000E+000
     1  6240     4   313     1     1       1     3       7    1    0   19    0    2   -2    0
      0.0000000000E+000 -1.8865175298E-001 -1.1348247023E-001
   14
      1.0000000000E+000
      0.0000000000E+000  0.0000000000E+000
      0.0000000000E+000 -2.0000000000E+000  1.0000000000E+000 -1.0000000000E+001  1.0000000000E+000  0.0000000000E+000  1.9999999553E-002
      3.0000000000E+000  1.0000000000E+000  0.0000000000E+000  0.0000000000E+000  0.0000000000E+000  0.0000000000E+000  6.1800279677E+003
      0.0000000000E+000  1.0000000000E+000  1.0000000000E+000  0.0000000000E+000  0.0000000000E+000
     1  6260     4   314     1     1       1     3       7    1    0   19    0    2   -2    0
      0.0000000000E+000 -1.8865175298E-001 -1.1348247023E-001
   14
      1.0000000000E+000
      0.0000000000E+000  0.0000000000E+000
      0.0000000000E+000 -2.0000000000E+000  1.0000000000E+000 -1.0000000000E+001  1.0000000000E+000  0.0000000000E+000  1.9999999553E-002
      3.0000000000E+000  1.0000000000E+000  0.0000000000E+000  0.0000000000E+000  0.0000000000E+000  0.0000000000E+000  6.2000279697E+003
      0.0000000000E+000  1.0000000000E+000  1.0000000000E+000  0.0000000000E+000  0.0000000000E+000
     1  6280     4   315     1     1       1     3       7    1    0   19    0    2   -2    0
      0.0000000000E+000 -1.8865175298E-001 -1.1348247023E-001
   14
      1.0000000000E+000
      0.0000000000E+000  0.0000000000E+000
      0.0000000000E+000 -2.0000000000E+000  1.0000000000E+000 -1.0000000000E+001  1.0000000000E+000  0.0000000000E+000  1.9999999553E-002
      3.0000000000E+000  1.0000000000E+000  0.0000000000E+000  0.0000000000E+000  0.0000000000E+000  0.0000000000E+000  6.2200279717E+003
      0.0000000000E+000  1.0000000000E+000  1.0000000000E+000  0.0000000000E+000  0.0000000000E+000
     1  6300     4   316     1     1       1     3       7    1    0   19    0    2   -2    0
      0.0000000000E+000 -1.8865175298E-001 -1.1348247023E-001
   14
      1.0000000000E+000
      0.0000000000E+000  0.0000000000E+000
      0.0000000000E+000 -2.0000000000E+000  1.0000000000E+000 -1.0000000000E+001  1.0000000000E+000  0.0000000000E+000  1.9999999553E-002
      3.0000000000E+000  1.0000000000E+000  0.0000000000E+000  0.0000000000E+000  0.0000000000E+000  0.0000000000E+000  6.2400279737E+003
      0.0000000000E+000  1.0000000000E+000  1.0000000000E+000  0.0000000000E+000  0.0000000000E+000
     1  6320     4   317     1     1       1     3       7    1    0   19    0    2   -2    0
      0.0000000000E+000 -1.8865175298E-001 -1.1348247023E-001
   14
      1.0000000000E+000
      0.0000000000E+000  0.0000000000E+000
      0.0000000000E+000 -2.0000000000E+000  1.0000000000E+000 -1.0000000000E+001  1.0000000000E+000  0.0000000000E+000  1.9999999553E-002
      3.0000000000E+000  1.0000000000E+000  0.0000000000E+000  0.0000000000E+000  0.0000000000E+000  0.0000000000E+000  6.2600279757E+003
      0.0000000000E+000  1.0000000000E+000  1.0000000000E+000  0.0000000000E+000  0.0000000000E+000
     1  6340     4   318     1     1       1     3       7    1    0   19    0    2   -2    0
      0.0000000000E+000 -1.8865175298E-001 -1.1348247023E-001
   14
      1.0000000000E+000
      0.0000000000E+000  0.0000000000E+000
      0.0000000000E+000 -2.0000000000E+000  1.0000000000E+000 -1.0000000000E+001  1.0000000000E+000  0.0000000000E+000  1.9999999553E-002
      3.0000000000E+000  1.0000000000E+000  0.0000000000E+000  0.0000000000E+000  0.0000000000E+000  0.0000000000E+000  6.2800279777E+003
      0.0000000000E+000  1.0000000000E+000  1.0000000000E+000  0.0000000000E+000  0.0000000000E+000
     1  6360     4   319     1     1       1     3       7    1    0   19    0    2   -2    0
      0.0000000000E+000 -1.8865175298E-001 -1.1348247023E-001
   14
      1.0000000000E+000
      0.0000000000E+000  0.0000000000E+000
      0.0000000000E+000 -2.0000000000E+000  1.0000000000E+000 -1.0000000000E+001  1.0000000000E+000  0.0000000000E+000  1.9999999553E-002
      3.0000000000E+000  1.0000000000E+000  0.0000000000E+000  0.0000000000E+000  0.0000000000E+000  0.0000000000E+000  6.3000279797E+003
      0.0000000000E+000  1.0000000000E+000  1.0000000000E+000  0.0000000000E+000  0.0000000000E+000
     1  6380     4   320     1     1       1     3       7    1    0   19    0    2   -2    0
      0.0000000000E+000 -1.8865175298E-001 -1.1348247023E-001
   14
      1.0000000000E+000
      0.0000000000E+000  0.0000000000E+000
      0.0000000000E+000 -2.0000000000E+000  1.0000000000E+000 -1.0000000000E+001  1.0000000000E+000  0.0000000000E+000  1.9999999553E-002
      3.0000000000E+000  1.0000000000E+000  0.0000000000E+000  0.0000000000E+000  0.0000000000E+000  0.0000000000E+000  6.3200279817E+003
      0.0000000000E+000  1.0000000000E+000  1.0000000000E+000  0.0000000000E+000  0.0000000000E+000
     1  6400     4   321     1     1       1     3       7    1    0   19    0    2   -2    0
      0.0000000000E+000 -1.8865175298E-001 -1.1348247023E-001
   14
      1.0000000000E+000
      0.0000000000E+000  0.0000000000E+000
      0.0000000000E+000 -2.0000000000E+000  1.0000000000E+000 -1.0000000000E+001  1.0000000000E+000  0.0000000000E+000  1.9999999553E-002
      3.0000000000E+000  1.0000000000E+000  0.0000000000E+000  0.0000000000E+000  0.0000000000E+000  0.0000000000E+000  6.3400279837E+003
      0.0000000000E+000  1.0000000000E+000  1.0000000000E+000  0.0000000000E+000  0.0000000000E+000
     1  6420     4   322     1     1       1     3       7    1    0   19    0    2   -2    0
      0.0000000000E+000 -1.8865175298E-001 -1.1348247023E-001
   14
      1.0000000000E+000
      0.0000000000E+000  0.0000000000E+000
      0.0000000000E+000 -2.0000000000E+000  1.0000000000E+000 -1.0000000000E+001  1.0000000000E+000  0.0000000000E+000  1.9999999553E-002
      3.0000000000E+000  1.0000000000E+000  0.0000000000E+000  0.0000000000E+000  0.0000000000E+000  0.0000000000E+000  6.3600279857E+003
      0.0000000000E+000  1.0000000000E+000  1.0000000000E+000  0.0000000000E+000  0.0000000000E+000
     1  6440     4   323     1     1       1     3       7    1    0   19    0    2   -2    0
      0.0000000000E+000 -1.8865175298E-001 -1.1348247023E-001
   14
      1.0000000000E+000
      0.0000000000E+000  0.0000000000E+000
      0.0000000000E+000 -2.0000000000E+000  1.0000000000E+000 -1.0000000000E+001  1.0000000000E+000  0.0000000000E+000  1.9999999553E-002
      3.0000000000E+000  1.0000000000E+000  0.0000000000E+000  0.0000000000E+000  0.0000000000E+000  0.0000000000E+000  6.3800279877E+003
      0.0000000000E+000  1.0000000000E+000  1.0000000000E+000  0.0000000000E+000  0.0000000000E+000
     1  6460     4   324     1     1       1     3       7    1    0   19    0    2   -2    0
      0.0000000000E+000 -1.8865175298E-001 -1.1348247023E-001
   14
      1.0000000000E+000
      0.0000000000E+000  0.0000000000E+000
      0.0000000000E+000 -2.0000000000E+000  1.0000000000E+000 -1.0000000000E+001  1.0000000000E+000  0.0000000000E+000  1.9999999553E-002
      3.0000000000E+000  1.0000000000E+000  0.0000000000E+000  0.0000000000E+000  0.0000000000E+000  0.0000000000E+000  6.4000279897E+003
      0.0000000000E+000  1.0000000000E+000  1.0000000000E+000  0.0000000000E+000  0.0000000000E+000
     1  6480     4   325     1     1       1     3       7    1    0   19    0    2   -2    0
      0.0000000000E+000 -1.8865175298E-001 -1.1348247023E-001
   14
      1.0000000000E+000
      0.0000000000E+000  0.0000000000E+000
      0.0000000000E+000 -2.0000000000E+000  1.0000000000E+000 -1.0000000000E+001  1.0000000000E+000  0.0000000000E+000  1.9999999553E-002
      3.0000000000E+000  1.0000000000E+000  0.0000000000E+000  0.0000000000E+000  0.0000000000E+000  0.0000000000E+000  6.4200279917E+003
      0.0000000000E+000  1.0000000000E+000  1.0000000000E+000  0.0000000000E+000  0.0000000000E+000
     1  6500     4   326     1     1       1     3       7    1    0   19    0    2   -2    0
      0.0000000000E+000 -1.8865175298E-001 -1.1348247023E-001
   14
      1.0000000000E+000
      0.0000000000E+000  0.0000000000E+000
      0.0000000000E+000 -2.0000000000E+000  1.0000000000E+000 -1.0000000000E+001  1.0000000000E+000  0.0000000000E+000  1.9999999553E-002
      3.0000000000E+000  1.0000000000E+000  0.0000000000E+000  0.0000000000E+000  0.0000000000E+000  0.0000000000E+000  6.4400279937E+003
      0.0000000000E+000  1.0000000000E+000  1.0000000000E+000  0.0000000000E+000  0.0000000000E+000
     1  6520     4   327     1     1       1     3       7    1    0   19    0    2   -2    0
      0.0000000000E+000 -1.8865175298E-001 -1.1348247023E-001
   14
      1.0000000000E+000
      0.0000000000E+000  0.0000000000E+000
      0.0000000000E+000 -2.0000000000E+000  1.0000000000E+000 -1.0000000000E+001  1.0000000000E+000  0.0000000000E+000  1.9999999553E-002
      3.0000000000E+000  1.0000000000E+000  0.0000000000E+000  0.0000000000E+000  0.0000000000E+000  0.0000000000E+000  6.4600279957E+003
      0.0000000000E+000  1.0000000000E+000  1.0000000000E+000  0.0000000000E+000  0.0000000000E+000
     1  6540     4   328     1     1       1     3       7    1    0   19    0    2   -2    0
      0.0000000000E+000 -1.8865175298E-001 -1.1348247023E-001
   14
      1.0000000000E+000
      0.0000000000E+000  0.0000000000E+000
      0.0000000000E+000 -2.0000000000E+000  1.0000000000E+000 -1.0000000000E+001  1.0000000000E+000  0.0000000000E+000  1.9999999553E-002
      3.0000000000E+000  1.0000000000E+000  0.0000000000E+000  0.0000000000E+000  0.0000000000E+000  0.0000000000E+000  6.4800279977E+003
      0.0000000000E+000  1.0000000000E+000  1.0000000000E+000  0.0000000000E+000  0.0000000000E+000
     1  6560     4   329     1     1       1     3       7    1    0   19    0    2   -2    0
      0.0000000000E+000 -1.8865175298E-001 -1.1348247023E-001
   14
      1.0000000000E+000
      0.0000000000E+000  0.0000000000E+000
      0.0000000000E+000 -2.0000000000E+000  1.0000000000E+000 -1.0000000000E+001  1.0000000000E+000  0.0000000000E+000  1.9999999553E-002
      3.0000000000E+000  1.0000000000E+000  0.0000000000E+000  0.0000000000E+000  0.0000000000E+000  0.0000000000E+000  6.5000279997E+003
      0.0000000000E+000  1.0000000000E+000  1.0000000000E+000  0.0000000000E+000  0.0000000000E+000
     1  6580     4   330     1     1       1     3       7    1    0   19    0    2   -2    0
      0.0000000000E+000 -1.8865175298E-001 -1.1348247023E-001
   14
      1.0000000000E+000
      0.0000000000E+000  0.0000000000E+000
      0.0000000000E+000 -2.0000000000E+000  1.0000000000E+000 -1.0000000000E+001  1.0000000000E+000  0.0000000000E+000  1.9999999553E-002
      3.0000000000E+000  1.0000000000E+000  0.0000000000E+000  0.0000000000E+000  0.0000000000E+000  0.0000000000E+000  6.5200280017E+003
      0.0000000000E+000  1.0000000000E+000  1.0000000000E+000  0.0000000000E+000  0.0000000000E+000
     1  6600     4   331     1     1       1     3       7    1    0   19    0    2   -2    0
      0.0000000000E+000 -1.8865175298E-001 -1.1348247023E-001
   14
      1.0000000000E+000
      0.0000000000E+000  0.0000000000E+000
      0.0000000000E+000 -2.0000000000E+000  1.0000000000E+000 -1.0000000000E+001  1.0000000000E+000  0.0000000000E+000  1.9999999553E-002
      3.0000000000E+000  1.0000000000E+000  0.0000000000E+000  0.0000000000E+000  0.0000000000E+000  0.0000000000E+000  6.5400280037E+003
      0.0000000000E+000  1.0000000000E+000  1.0000000000E+000  0.0000000000E+000  0.0000000000E+000
     1  6620     4   332     1     1       1     3       7    1    0   19    0    2   -2    0
      0.0000000000E+000 -1.8865175298E-001 -1.1348247023E-001
   14
      1.0000000000E+000
      0.0000000000E+000  0.0000000000E+000
      0.0000000000E+000 -2.0000000000E+000  1.0000000000E+000 -1.0000000000E+001  1.0000000000E+000  0.0000000000E+000  1.9999999553E-002
      3.0000000000E+000  1.0000000000E+000  0.0000000000E+000  0.0000000000E+000  0.0000000000E+000  0.0000000000E+000  6.5600280057E+003
      0.0000000000E+000  1.0000000000E+000  1.0000000000E+000  0.0000000000E+000  0.0000000000E+000
     1  6640     4   333     1     1       1     3       7    1    0   19    0    2   -2    0
      0.0000000000E+000 -1.8865175298E-001 -1.1348247023E-001
   14
      1.0000000000E+000
      0.0000000000E+000  0.0000000000E+000
      0.0000000000E+000 -2.0000000000E+000  1.0000000000E+000 -1.0000000000E+001  1.0000000000E+000  0.0000000000E+000  1.9999999553E-002
      3.0000000000E+000  1.0000000000E+000  0.0000000000E+000  0.0000000000E+000  0.0000000000E+000  0.0000000000E+000  6.5800280077E+003
      0.0000000000E+000  1.0000000000E+000  1.0000000000E+000  0.0000000000E+000  0.0000000000E+000
     1  6660     4   334     1     1       1     3       7    1    0   19    0    2   -2    0
      0.0000000000E+000 -1.8865175298E-001 -1.1348247023E-001
   14
      1.0000000000E+000
      0.0000000000E+000  0.0000000000E+000
      0.0000000000E+000 -2.0000000000E+000  1.0000000000E+000 -1.0000000000E+001  1.0000000000E+000  0.0000000000E+000  1.9999999553E-002
      3.0000000000E+000  1.0000000000E+000  0.0000000000E+000  0.0000000000E+000  0.0000000000E+000  0.0000000000E+000  6.6000280097E+003
      0.0000000000E+000  1.0000000000E+000  1.0000000000E+000  0.0000000000E+000  0.0000000000E+000
     1  6680     4   335     1     1       1     3       7    1    0   19    0    2   -2    0
      0.0000000000E+000 -1.8865175298E-001 -1.1348247023E-001
   14
      1.0000000000E+000
      0.0000000000E+000  0.0000000000E+000
      0.0000000000E+000 -2.0000000000E+000  1.0000000000E+000 -1.0000000000E+001  1.0000000000E+000  0.0000000000E+000  1.9999999553E-002
      3.0000000000E+000  1.0000000000E+000  0.0000000000E+000  0.0000000000E+000  0.0000000000E+000  0.0000000000E+000  6.6200280117E+003
      0.0000000000E+000  1.0000000000E+000  1.0000000000E+000  0.0000000000E+000  0.0000000000E+000
     1  6700     4   336     1     1       1     3       7    1    0   19    0    2   -2    0
      0.0000000000E+000 -1.8865175298E-001 -1.1348247023E-001
   14
      1.0000000000E+000
      0.0000000000E+000  0.0000000000E+000
      0.0000000000E+000 -2.0000000000E+000  1.0000000000E+000 -1.0000000000E+001  1.0000000000E+000  0.0000000000E+000  1.9999999553E-002
      3.0000000000E+000  1.0000000000E+000  0.0000000000E+000  0.0000000000E+000  0.0000000000E+000  0.0000000000E+000  6.6400280137E+003
      0.0000000000E+000  1.0000000000E+000  1.0000000000E+000  0.0000000000E+000  0.0000000000E+000
     1  6720     4   337     1     1       1     3       7    1    0   19    0    2   -2    0
      0.0000000000E+000 -1.8865175298E-001 -1.1348247023E-001
   14
      1.0000000000E+000
      0.0000000000E+000  0.0000000000E+000
      0.0000000000E+000 -2.0000000000E+000  1.0000000000E+000 -1.0000000000E+001  1.0000000000E+000  0.0000000000E+000  1.9999999553E-002
      3.0000000000E+000  1.0000000000E+000  0.0000000000E+000  0.0000000000E+000  0.0000000000E+000  0.0000000000E+000  6.6600280157E+003
      0.0000000000E+000  1.0000000000E+000  1.0000000000E+000  0.0000000000E+000  0.0000000000E+000
     1  6740     4   338     1     1       1     3       7    1    0   19    0    2   -2    0
      0.0000000000E+000 -1.8865175298E-001 -1.1348247023E-001
   14
      1.0000000000E+000
      0.0000000000E+000  0.0000000000E+000
      0.0000000000E+000 -2.0000000000E+000  1.0000000000E+000 -1.0000000000E+001  1.0000000000E+000  0.0000000000E+000  1.9999999553E-002
      3.0000000000E+000  1.0000000000E+000  0.0000000000E+000  0.0000000000E+000  0.0000000000E+000  0.0000000000E+000  6.6800280177E+003
      0.0000000000E+000  1.0000000000E+000  1.0000000000E+000  0.0000000000E+000  0.0000000000E+000
     1  6760     4   339     1     1       1     3       7    1    0   19    0    2   -2    0
      0.0000000000E+000 -1.8865175298E-001 -1.1348247023E-001
   14
      1.0000000000E+000
      0.0000000000E+000  0.0000000000E+000
      0.0000000000E+000 -2.0000000000E+000  1.0000000000E+000 -1.0000000000E+001  1.0000000000E+000  0.0000000000E+000  1.9999999553E-002
      3.0000000000E+000  1.0000000000E+000  0.0000000000E+000  0.0000000000E+000  0.0000000000E+000  0.0000000000E+000  6.7000280197E+003
      0.0000000000E+000  1.0000000000E+000  1.0000000000E+000  0.0000000000E+000  0.0000000000E+000
     1  6780     4   340     1     1       1     3       7    1    0   19    0    2   -2    0
      0.0000000000E+000 -1.8865175298E-001 -1.1348247023E-001
   14
      1.0000000000E+000
      0.0000000000E+000  0.0000000000E+000
      0.0000000000E+000 -2.0000000000E+000  1.0000000000E+000 -1.0000000000E+001  1.0000000000E+000  0.0000000000E+000  1.9999999553E-002
      3.0000000000E+000  1.0000000000E+000  0.0000000000E+000  0.0000000000E+000  0.0000000000E+000  0.0000000000E+000  6.7200280217E+003
      0.0000000000E+000  1.0000000000E+000  1.0000000000E+000  0.0000000000E+000  0.0000000000E+000
     1  6800     4   341     1     1       1     3       7    1    0   19    0    2   -2    0
      0.0000000000E+000 -1.8865175298E-001 -1.1348247023E-001
   14
      1.0000000000E+000
      0.0000000000E+000  0.0000000000E+000
      0.0000000000E+000 -2.0000000000E+000  1.0000000000E+000 -1.0000000000E+001  1.0000000000E+000  0.0000000000E+000  1.9999999553E-002
      3.0000000000E+000  1.0000000000E+000  0.0000000000E+000  0.0000000000E+000  0.0000000000E+000  0.0000000000E+000  6.7400280237E+003
      0.0000000000E+000  1.0000000000E+000  1.0000000000E+000  0.0000000000E+000  0.0000000000E+000
     1  6820     4   342     1     1       1     3       7    1    0   19    0    2   -2    0
      0.0000000000E+000 -1.8865175298E-001 -1.1348247023E-001
   14
      1.0000000000E+000
      0.0000000000E+000  0.0000000000E+000
      0.0000000000E+000 -2.0000000000E+000  1.0000000000E+000 -1.0000000000E+001  1.0000000000E+000  0.0000000000E+000  1.9999999553E-002
      3.0000000000E+000  1.0000000000E+000  0.0000000000E+000  0.0000000000E+000  0.0000000000E+000  0.0000000000E+000  6.7600280257E+003
      0.0000000000E+000  1.0000000000E+000  1.0000000000E+000  0.0000000000E+000  0.0000000000E+000
     1  6840     4   343     1     1       1     3       7    1    0   19    0    2   -2    0
      0.0000000000E+000 -1.8865175298E-001 -1.1348247023E-001
   14
      1.0000000000E+000
      0.0000000000E+000  0.0000000000E+000
      0.0000000000E+000 -2.0000000000E+000  1.0000000000E+000 -1.0000000000E+001  1.0000000000E+000  0.0000000000E+000  1.9999999553E-002
      3.0000000000E+000  1.0000000000E+000  0.0000000000E+000  0.0000000000E+000  0.0000000000E+000  0.0000000000E+000  6.7800280277E+003
      0.0000000000E+000  1.0000000000E+000  1.0000000000E+000  0.0000000000E+000  0.0000000000E+000
     1  6860     4   344     1     1       1     3       7    1    0   19    0    2   -2    0
      0.0000000000E+000 -1.8865175298E-001 -1.1348247023E-001
   14
      1.0000000000E+000
      0.0000000000E+000  0.0000000000E+000
      0.0000000000E+000 -2.0000000000E+000  1.0000000000E+000 -1.0000000000E+001  1.0000000000E+000  0.0000000000E+000  1.9999999553E-002
      3.0000000000E+000  1.0000000000E+000  0.0000000000E+000  0.0000000000E+000  0.0000000000E+000  0.0000000000E+000  6.8000280297E+003
      0.0000000000E+000  1.0000000000E+000  1.0000000000E+000  0.0000000000E+000  0.0000000000E+000
     1  6880     4   345     1     1       1     3       7    1    0   19    0    2   -2    0
      0.0000000000E+000 -1.8865175298E-001 -1.1348247023E-001
   14
      1.0000000000E+000
      0.0000000000E+000  0.0000000000E+000
      0.0000000000E+000 -2.0000000000E+000  1.0000000000E+000 -1.0000000000E+001  1.0000000000E+000  0.0000000000E+000  1.9999999553E-002
      3.0000000000E+000  1.0000000000E+000  0.0000000000E+000  0.0000000000E+000  0.0000000000E+000  0.0000000000E+000  6.8200280317E+003
      0.0000000000E+000  1.0000000000E+000  1.0000000000E+000  0.0000000000E+000  0.0000000000E+000
     1  6900     4   346     1     1       1     3       7    1    0   19    0    2   -2    0
      0.0000000000E+000 -1.8865175298E-001 -1.1348247023E-001
   14
      1.0000000000E+000
      0.0000000000E+000  0.0000000000E+000
      0.0000000000E+000 -2.0000000000E+000  1.0000000000E+000 -1.0000000000E+001  1.0000000000E+000  0.0000000000E+000  1.9999999553E-002
      3.0000000000E+000  1.0000000000E+000  0.0000000000E+000  0.0000000000E+000  0.0000000000E+000  0.0000000000E+000  6.8400280337E+003
      0.0000000000E+000  1.0000000000E+000  1.0000000000E+000  0.0000000000E+000  0.0000000000E+000
     1  6920     4   347     1     1       1     3       7    1    0   19    0    2   -2    0
      0.0000000000E+000 -1.8865175298E-001 -1.1348247023E-001
   14
      1.0000000000E+000
      0.0000000000E+000  0.0000000000E+000
      0.0000000000E+000 -2.0000000000E+000  1.0000000000E+000 -1.0000000000E+001  1.0000000000E+000  0.0000000000E+000  1.9999999553E-002
      3.0000000000E+000  1.0000000000E+000  0.0000000000E+000  0.0000000000E+000  0.0000000000E+000  0.0000000000E+000  6.8600280357E+003
      0.0000000000E+000  1.0000000000E+000  1.0000000000E+000  0.0000000000E+000  0.0000000000E+000
     1  6940     4   348     1     1       1     3       7    1    0   19    0    2   -2    0
      0.0000000000E+000 -1.8865175298E-001 -1.1348247023E-001
   14
      1.0000000000E+000
      0.0000000000E+000  0.0000000000E+000
      0.0000000000E+000 -2.0000000000E+000  1.0000000000E+000 -1.0000000000E+001  1.0000000000E+000  0.0000000000E+000  1.9999999553E-002
      3.0000000000E+000  1.0000000000E+000  0.0000000000E+000  0.0000000000E+000  0.0000000000E+000  0.0000000000E+000  6.8800280377E+003
      0.0000000000E+000  1.0000000000E+000  1.0000000000E+000  0.0000000000E+000  0.0000000000E+000
     1  6960     4   349     1     1       1     3       7    1    0   19    0    2   -2    0
      0.0000000000E+000 -1.8865175298E-001 -1.1348247023E-001
   14
      1.0000000000E+000
      0.0000000000E+000  0.0000000000E+000
      0.0000000000E+000 -2.0000000000E+000  1.0000000000E+000 -1.0000000000E+001  1.0000000000E+000  0.0000000000E+000  1.9999999553E-002
      3.0000000000E+000  1.0000000000E+000  0.0000000000E+000  0.0000000000E+000  0.0000000000E+000  0.0000000000E+000  6.9000280397E+003
      0.0000000000E+000  1.0000000000E+000  1.0000000000E+000  0.0000000000E+000  0.0000000000E+000
     1  6980     4   350     1     1       1     3       7    1    0   19    0    2   -2    0
      0.0000000000E+000 -1.8865175298E-001 -1.1348247023E-001
   14
      1.0000000000E+000
      0.0000000000E+000  0.0000000000E+000
      0.0000000000E+000 -2.0000000000E+000  1.0000000000E+000 -1.0000000000E+001  1.0000000000E+000  0.0000000000E+000  1.9999999553E-002
      3.0000000000E+000  1.0000000000E+000  0.0000000000E+000  0.0000000000E+000  0.0000000000E+000  0.0000000000E+000  6.9200280417E+003
      0.0000000000E+000  1.0000000000E+000  1.0000000000E+000  0.0000000000E+000  0.0000000000E+000
     1  7000     4   351     1     1       1     3       7    1    0   19    0    2   -2    0
      0.0000000000E+000 -1.8865175298E-001 -1.1348247023E-001
   14
      1.0000000000E+000
      0.0000000000E+000  0.0000000000E+000
      0.0000000000E+000 -2.0000000000E+000  1.0000000000E+000 -1.0000000000E+001  1.0000000000E+000  0.0000000000E+000  1.9999999553E-002
      3.0000000000E+000  1.0000000000E+000  0.0000000000E+000  0.0000000000E+000  0.0000000000E+000  0.0000000000E+000  6.9400280437E+003
      0.0000000000E+000  1.0000000000E+000  1.0000000000E+000  0.0000000000E+000  0.0000000000E+000
     1  7020     4   352     1     1       1     3       7    1    0   19    0    2   -2    0
      0.0000000000E+000 -1.8865175298E-001 -1.1348247023E-001
   14
      1.0000000000E+000
      0.0000000000E+000  0.0000000000E+000
      0.0000000000E+000 -2.0000000000E+000  1.0000000000E+000 -1.0000000000E+001  1.0000000000E+000  0.0000000000E+000  1.9999999553E-002
      3.0000000000E+000  1.0000000000E+000  0.0000000000E+000  0.0000000000E+000  0.0000000000E+000  0.0000000000E+000  6.9600280457E+003
      0.0000000000E+000  1.0000000000E+000  1.0000000000E+000  0.0000000000E+000  0.0000000000E+000
     1  7040     4   353     1     1       1     3       7    1    0   19    0    2   -2    0
      0.0000000000E+000 -1.8865175298E-001 -1.1348247023E-001
   14
      1.0000000000E+000
      0.0000000000E+000  0.0000000000E+000
      0.0000000000E+000 -2.0000000000E+000  1.0000000000E+000 -1.0000000000E+001  1.0000000000E+000  0.0000000000E+000  1.9999999553E-002
      3.0000000000E+000  1.0000000000E+000  0.0000000000E+000  0.0000000000E+000  0.0000000000E+000  0.0000000000E+000  6.9800280477E+003
      0.0000000000E+000  1.0000000000E+000  1.0000000000E+000  0.0000000000E+000  0.0000000000E+000
     1  7060     4   354     1     1       1     3       7    1    0   19    0    2   -2    0
      0.0000000000E+000 -1.8865175298E-001 -1.1348247023E-001
   14
      1.0000000000E+000
      0.0000000000E+000  0.0000000000E+000
      0.0000000000E+000 -2.0000000000E+000  1.0000000000E+000 -1.0000000000E+001  1.0000000000E+000  0.0000000000E+000  1.9999999553E-002
      3.0000000000E+000  1.0000000000E+000  0.0000000000E+000  0.0000000000E+000  0.0000000000E+000  0.0000000000E+000  7.0000280497E+003
      0.0000000000E+000  1.0000000000E+000  1.0000000000E+000  0.0000000000E+000  0.0000000000E+000
     1  7080     4   355     1     1       1     3       7    1    0   19    0    2   -2    0
      0.0000000000E+000 -1.8865175298E-001 -1.1348247023E-001
   14
      1.0000000000E+000
      0.0000000000E+000  0.0000000000E+000
      0.0000000000E+000 -2.0000000000E+000  1.0000000000E+000 -1.0000000000E+001  1.0000000000E+000  0.0000000000E+000  1.9999999553E-002
      3.0000000000E+000  1.0000000000E+000  0.0000000000E+000  0.0000000000E+000  0.0000000000E+000  0.0000000000E+000  7.0200280517E+003
      0.0000000000E+000  1.0000000000E+000  1.0000000000E+000  0.0000000000E+000  0.0000000000E+000
     1  7100     4   356     1     1       1     3       7    1    0   19    0    2   -2    0
      0.0000000000E+000 -1.8865175298E-001 -1.1348247023E-001
   14
      1.0000000000E+000
      0.0000000000E+000  0.0000000000E+000
      0.0000000000E+000 -2.0000000000E+000  1.0000000000E+000 -1.0000000000E+001  1.0000000000E+000  0.0000000000E+000  1.9999999553E-002
      3.0000000000E+000  1.0000000000E+000  0.0000000000E+000  0.0000000000E+000  0.0000000000E+000  0.0000000000E+000  7.0400280537E+003
      0.0000000000E+000  1.0000000000E+000  1.0000000000E+000  0.0000000000E+000  0.0000000000E+000
     1  7120     4   357     1     1       1     3       7    1    0   19    0    2   -2    0
      0.0000000000E+000 -1.8865175298E-001 -1.1348247023E-001
   14
      1.0000000000E+000
      0.0000000000E+000  0.0000000000E+000
      0.0000000000E+000 -2.0000000000E+000  1.0000000000E+000 -1.0000000000E+001  1.0000000000E+000  0.0000000000E+000  1.9999999553E-002
      3.0000000000E+000  1.0000000000E+000  0.0000000000E+000  0.0000000000E+000  0.0000000000E+000  0.0000000000E+000  7.0600280557E+003
      0.0000000000E+000  1.0000000000E+000  1.0000000000E+000  0.0000000000E+000  0.0000000000E+000
     1  7140     4   358     1     1       1     3       7    1    0   19    0    2   -2    0
      0.0000000000E+000 -1.8865175298E-001 -1.1348247023E-001
   14
      1.0000000000E+000
      0.0000000000E+000  0.0000000000E+000
      0.0000000000E+000 -2.0000000000E+000  1.0000000000E+000 -1.0000000000E+001  1.0000000000E+000  0.0000000000E+000  1.9999999553E-002
      3.0000000000E+000  1.0000000000E+000  0.0000000000E+000  0.0000000000E+000  0.0000000000E+000  0.0000000000E+000  7.0800280577E+003
      0.0000000000E+000  1.0000000000E+000  1.0000000000E+000  0.0000000000E+000  0.0000000000E+000
     1  7160     4   359     1     1       1     3       7    1    0   19    0    2   -2    0
      0.0000000000E+000 -1.8865175298E-001 -1.1348247023E-001
   14
      1.0000000000E+000
      0.0000000000E+000  0.0000000000E+000
      0.0000000000E+000 -2.0000000000E+000  1.0000000000E+000 -1.0000000000E+001  1.0000000000E+000  0.0000000000E+000  1.9999999553E-002
      3.0000000000E+000  1.0000000000E+000  0.0000000000E+000  0.0000000000E+000  0.0000000000E+000  0.0000000000E+000  7.1000280597E+003
      0.0000000000E+000  1.0000000000E+000  1.0000000000E+000  0.0000000000E+000  0.0000000000E+000
     1  7180     4   360     1     1       1     3       7    1    0   19    0    2   -2    0
      0.0000000000E+000 -1.8865175298E-001 -1.1348247023E-001
   14
      1.0000000000E+000
      0.0000000000E+000  0.0000000000E+000
      0.0000000000E+000 -2.0000000000E+000  1.0000000000E+000 -1.0000000000E+001  1.0000000000E+000  0.0000000000E+000  1.9999999553E-002
      3.0000000000E+000  1.0000000000E+000  0.0000000000E+000  0.0000000000E+000  0.0000000000E+000  0.0000000000E+000  7.1200280617E+003
      0.0000000000E+000  1.0000000000E+000  1.0000000000E+000  0.0000000000E+000  0.0000000000E+000
     1  7200     4   361     1     1       1     3       7    1    0   19    0    2   -2    0
      0.0000000000E+000 -1.8865175298E-001 -1.1348247023E-001
   14
      1.0000000000E+000
      0.0000000000E+000  0.0000000000E+000
      0.0000000000E+000 -2.0000000000E+000  1.0000000000E+000 -1.0000000000E+001  1.0000000000E+000  0.0000000000E+000  1.9999999553E-002
      3.0000000000E+000  1.0000000000E+000  0.0000000000E+000  0.0000000000E+000  0.0000000000E+000  0.0000000000E+000  7.1400280637E+003
      0.0000000000E+000  1.0000000000E+000  1.0000000000E+000  0.0000000000E+000  0.0000000000E+000
     1  7220     4   362     1     1       1     3       7    1    0   19    0    2   -2    0
      0.0000000000E+000 -1.8865175298E-001 -1.1348247023E-001
   14
      1.0000000000E+000
      0.0000000000E+000  0.0000000000E+000
      0.0000000000E+000 -2.0000000000E+000  1.0000000000E+000 -1.0000000000E+001  1.0000000000E+000  0.0000000000E+000  1.9999999553E-002
      3.0000000000E+000  1.0000000000E+000  0.0000000000E+000  0.0000000000E+000  0.0000000000E+000  0.0000000000E+000  7.1600280657E+003
      0.0000000000E+000  1.0000000000E+000  1.0000000000E+000  0.0000000000E+000  0.0000000000E+000
     1  7240     4   363     1     1       1     3       7    1    0   19    0    2   -2    0
      0.0000000000E+000 -1.8865175298E-001 -1.1348247023E-001
   14
      1.0000000000E+000
      0.0000000000E+000  0.0000000000E+000
      0.0000000000E+000 -2.0000000000E+000  1.0000000000E+000 -1.0000000000E+001  1.0000000000E+000  0.0000000000E+000  1.9999999553E-002
      3.0000000000E+000  1.0000000000E+000  0.0000000000E+000  0.0000000000E+000  0.0000000000E+000  0.0000000000E+000  7.1800280677E+003
      0.0000000000E+000  1.0000000000E+000  1.0000000000E+000  0.0000000000E+000  0.0000000000E+000
     1  7260     4   364     1     1       1     3       7    1    0   19    0    2   -2    0
      0.0000000000E+000 -1.8865175298E-001 -1.1348247023E-001
   14
      1.0000000000E+000
      0.0000000000E+000  0.0000000000E+000
      0.0000000000E+000 -2.0000000000E+000  1.0000000000E+000 -1.0000000000E+001  1.0000000000E+000  0.0000000000E+000  1.9999999553E-002
      3.0000000000E+000  1.0000000000E+000  0.0000000000E+000  0.0000000000E+000  0.0000000000E+000  0.0000000000E+000  7.2000280697E+003
      0.0000000000E+000  1.0000000000E+000  1.0000000000E+000  0.0000000000E+000  0.0000000000E+000
     1  7280     4   365     1     1       1     3       7    1    0   19    0    2   -2    0
      0.0000000000E+000 -1.8865175298E-001 -1.1348247023E-001
   14
      1.0000000000E+000
      0.0000000000E+000  0.0000000000E+000
      0.0000000000E+000 -2.0000000000E+000  1.0000000000E+000 -1.0000000000E+001  1.0000000000E+000  0.0000000000E+000  1.9999999553E-002
      3.0000000000E+000  1.0000000000E+000  0.0000000000E+000  0.0000000000E+000  0.0000000000E+000  0.0000000000E+000  7.2200280717E+003
      0.0000000000E+000  1.0000000000E+000  1.0000000000E+000  0.0000000000E+000  0.0000000000E+000
     1  7300     4   366     1     1       1     3       7    1    0   19    0    2   -2    0
      0.0000000000E+000 -1.8865175298E-001 -1.1348247023E-001
   14
      1.0000000000E+000
      0.0000000000E+000  0.0000000000E+000
      0.0000000000E+000 -2.0000000000E+000  1.0000000000E+000 -1.0000000000E+001  1.0000000000E+000  0.0000000000E+000  1.9999999553E-002
      3.0000000000E+000  1.0000000000E+000  0.0000000000E+000  0.0000000000E+000  0.0000000000E+000  0.0000000000E+000  7.2400280737E+003
      0.0000000000E+000  1.0000000000E+000  1.0000000000E+000  0.0000000000E+000  0.0000000000E+000
     1  7320     4   367     1     1       1     3       7    1    0   19    0    2   -2    0
      0.0000000000E+000 -1.8865175298E-001 -1.1348247023E-001
   14
      1.0000000000E+000
      0.0000000000E+000  0.0000000000E+000
      0.0000000000E+000 -2.0000000000E+000  1.0000000000E+000 -1.0000000000E+001  1.0000000000E+000  0.0000000000E+000  1.9999999553E-002
      3.0000000000E+000  1.0000000000E+000  0.0000000000E+000  0.0000000000E+000  0.0000000000E+000  0.0000000000E+000  7.2600280757E+003
      0.0000000000E+000  1.0000000000E+000  1.0000000000E+000  0.0000000000E+000  0.0000000000E+000
     1  7340     4   368     1     1       1     3       7    1    0   19    0    2   -2    0
      0.0000000000E+000 -1.8865175298E-001 -1.1348247023E-001
   14
      1.0000000000E+000
      0.0000000000E+000  0.0000000000E+000
      0.0000000000E+000 -2.0000000000E+000  1.0000000000E+000 -1.0000000000E+001  1.0000000000E+000  0.0000000000E+000  1.9999999553E-002
      3.0000000000E+000  1.0000000000E+000  0.0000000000E+000  0.0000000000E+000  0.0000000000E+000  0.0000000000E+000  7.2800280777E+003
      0.0000000000E+000  1.0000000000E+000  1.0000000000E+000  0.0000000000E+000  0.0000000000E+000
     1  7360     4   369     1     1       1     3       7    1    0   19    0    2   -2    0
      0.0000000000E+000 -1.8865175298E-001 -1.1348247023E-001
   14
      1.0000000000E+000
      0.0000000000E+000  0.0000000000E+000
      0.0000000000E+000 -2.0000000000E+000  1.0000000000E+000 -1.0000000000E+001  1.0000000000E+000  0.0000000000E+000  1.9999999553E-002
      3.0000000000E+000  1.0000000000E+000  0.0000000000E+000  0.0000000000E+000  0.0000000000E+000  0.0000000000E+000  7.3000280797E+003
      0.0000000000E+000  1.0000000000E+000  1.0000000000E+000  0.0000000000E+000  0.0000000000E+000
     1  7380     4   370     1     1       1     3       7    1    0   19    0    2   -2    0
      0.0000000000E+000 -1.8865175298E-001 -1.1348247023E-001
   14
      1.0000000000E+000
      0.0000000000E+000  0.0000000000E+000
      0.0000000000E+000 -2.0000000000E+000  1.0000000000E+000 -1.0000000000E+001  1.0000000000E+000  0.0000000000E+000  1.9999999553E-002
      3.0000000000E+000  1.0000000000E+000  0.0000000000E+000  0.0000000000E+000  0.0000000000E+000  0.0000000000E+000  7.3200280817E+003
      0.0000000000E+000  1.0000000000E+000  1.0000000000E+000  0.0000000000E+000  0.0000000000E+000
     1  7400     4   371     1     1       1     3       7    1    0   19    0    2   -2    0
      0.0000000000E+000 -1.8865175298E-001 -1.1348247023E-001
   14
      1.0000000000E+000
      0.0000000000E+000  0.0000000000E+000
      0.0000000000E+000 -2.0000000000E+000  1.0000000000E+000 -1.0000000000E+001  1.0000000000E+000  0.0000000000E+000  1.9999999553E-002
      3.0000000000E+000  1.0000000000E+000  0.0000000000E+000  0.0000000000E+000  0.0000000000E+000  0.0000000000E+000  7.3400280837E+003
      0.0000000000E+000  1.0000000000E+000  1.0000000000E+000  0.0000000000E+000  0.0000000000E+000
     1  7420     4   372     1     1       1     3       7    1    0   19    0    2   -2    0
      0.0000000000E+000 -1.8865175298E-001 -1.1348247023E-001
   14
      1.0000000000E+000
      0.0000000000E+000  0.0000000000E+000
      0.0000000000E+000 -2.0000000000E+000  1.0000000000E+000 -1.0000000000E+001  1.0000000000E+000  0.0000000000E+000  1.9999999553E-002
      3.0000000000E+000  1.0000000000E+000  0.0000000000E+000  0.0000000000E+000  0.0000000000E+000  0.0000000000E+000  7.3600280857E+003
      0.0000000000E+000  1.0000000000E+000  1.0000000000E+000  0.0000000000E+000  0.0000000000E+000
     1  7440     4   373     1     1       1     3       7    1    0   19    0    2   -2    0
      0.0000000000E+000 -1.8865175298E-001 -1.1348247023E-001
   14
      1.0000000000E+000
      0.0000000000E+000  0.0000000000E+000
      0.0000000000E+000 -2.0000000000E+000  1.0000000000E+000 -1.0000000000E+001  1.0000000000E+000  0.0000000000E+000  1.9999999553E-002
      3.0000000000E+000  1.0000000000E+000  0.0000000000E+000  0.0000000000E+000  0.0000000000E+000  0.0000000000E+000  7.3800280877E+003
      0.0000000000E+000  1.0000000000E+000  1.0000000000E+000  0.0000000000E+000  0.0000000000E+000
     1  7460     4   374     1     1       1     3       7    1    0   19    0    2   -2    0
      0.0000000000E+000 -1.8865175298E-001 -1.1348247023E-001
   14
      1.0000000000E+000
      0.0000000000E+000  0.0000000000E+000
      0.0000000000E+000 -2.0000000000E+000  1.0000000000E+000 -1.0000000000E+001  1.0000000000E+000  0.0000000000E+000  1.9999999553E-002
      3.0000000000E+000  1.0000000000E+000  0.0000000000E+000  0.0000000000E+000  0.0000000000E+000  0.0000000000E+000  7.4000280897E+003
      0.0000000000E+000  1.0000000000E+000  1.0000000000E+000  0.0000000000E+000  0.0000000000E+000
     1  7480     4   375     1     1       1     3       7    1    0   19    0    2   -2    0
      0.0000000000E+000 -1.8865175298E-001 -1.1348247023E-001
   14
      1.0000000000E+000
      0.0000000000E+000  0.0000000000E+000
      0.0000000000E+000 -2.0000000000E+000  1.0000000000E+000 -1.0000000000E+001  1.0000000000E+000  0.0000000000E+000  1.9999999553E-002
      3.0000000000E+000  1.0000000000E+000  0.0000000000E+000  0.0000000000E+000  0.0000000000E+000  0.0000000000E+000  7.4200280917E+003
      0.0000000000E+000  1.0000000000E+000  1.0000000000E+000  0.0000000000E+000  0.0000000000E+000
     1  7500     4   376     1     1       1     3       7    1    0   19    0    2   -2    0
      0.0000000000E+000 -1.8865175298E-001 -1.1348247023E-001
   14
      1.0000000000E+000
      0.0000000000E+000  0.0000000000E+000
      0.0000000000E+000 -2.0000000000E+000  1.0000000000E+000 -1.0000000000E+001  1.0000000000E+000  0.0000000000E+000  1.9999999553E-002
      3.0000000000E+000  1.0000000000E+000  0.0000000000E+000  0.0000000000E+000  0.0000000000E+000  0.0000000000E+000  7.4400280937E+003
      0.0000000000E+000  1.0000000000E+000  1.0000000000E+000  0.0000000000E+000  0.0000000000E+000
     1  7520     4   377     1     1       1     3       7    1    0   19    0    2   -2    0
      0.0000000000E+000 -1.8865175298E-001 -1.1348247023E-001
   14
      1.0000000000E+000
      0.0000000000E+000  0.0000000000E+000
      0.0000000000E+000 -2.0000000000E+000  1.0000000000E+000 -1.0000000000E+001  1.0000000000E+000  0.0000000000E+000  1.9999999553E-002
      3.0000000000E+000  1.0000000000E+000  0.0000000000E+000  0.0000000000E+000  0.0000000000E+000  0.0000000000E+000  7.4600280957E+003
      0.0000000000E+000  1.0000000000E+000  1.0000000000E+000  0.0000000000E+000  0.0000000000E+000
     1  7540     4   378     1     1       1     3       7    1    0   19    0    2   -2    0
      0.0000000000E+000 -1.8865175298E-001 -1.1348247023E-001
   14
      1.0000000000E+000
      0.0000000000E+000  0.0000000000E+000
      0.0000000000E+000 -2.0000000000E+000  1.0000000000E+000 -1.0000000000E+001  1.0000000000E+000  0.0000000000E+000  1.9999999553E-002
      3.0000000000E+000  1.0000000000E+000  0.0000000000E+000  0.0000000000E+000  0.0000000000E+000  0.0000000000E+000  7.4800280977E+003
      0.0000000000E+000  1.0000000000E+000  1.0000000000E+000  0.0000000000E+000  0.0000000000E+000
     1  7560     4   379     1     1       1     3       7    1    0   19    0    2   -2    0
      0.0000000000E+000 -1.8865175298E-001 -1.1348247023E-001
   14
      1.0000000000E+000
      0.0000000000E+000  0.0000000000E+000
      0.0000000000E+000 -2.0000000000E+000  1.0000000000E+000 -1.0000000000E+001  1.0000000000E+000  0.0000000000E+000  1.9999999553E-002
      3.0000000000E+000  1.0000000000E+000  0.0000000000E+000  0.0000000000E+000  0.0000000000E+000  0.0000000000E+000  7.5000280997E+003
      0.0000000000E+000  1.0000000000E+000  1.0000000000E+000  0.0000000000E+000  0.0000000000E+000
     1  7580     4   380     1     1       1     3       7    1    0   19    0    2   -2    0
      0.0000000000E+000 -1.8865175298E-001 -1.1348247023E-001
   14
      1.0000000000E+000
      0.0000000000E+000  0.0000000000E+000
      0.0000000000E+000 -2.0000000000E+000  1.0000000000E+000 -1.0000000000E+001  1.0000000000E+000  0.0000000000E+000  1.9999999553E-002
      3.0000000000E+000  1.0000000000E+000  0.0000000000E+000  0.0000000000E+000  0.0000000000E+000  0.0000000000E+000  7.5200281017E+003
      0.0000000000E+000  1.0000000000E+000  1.0000000000E+000  0.0000000000E+000  0.0000000000E+000
     1  7600     4   381     1     1       1     3       7    1    0   19    0    2   -2    0
      0.0000000000E+000 -1.8865175298E-001 -1.1348247023E-001
   14
      1.0000000000E+000
      0.0000000000E+000  0.0000000000E+000
      0.0000000000E+000 -2.0000000000E+000  1.0000000000E+000 -1.0000000000E+001  1.0000000000E+000  0.0000000000E+000  1.9999999553E-002
      3.0000000000E+000  1.0000000000E+000  0.0000000000E+000  0.0000000000E+000  0.0000000000E+000  0.0000000000E+000  7.5400281037E+003
      0.0000000000E+000  1.0000000000E+000  1.0000000000E+000  0.0000000000E+000  0.0000000000E+000
     1  7620     4   382     1     1       1     3       7    1    0   19    0    2   -2    0
      0.0000000000E+000 -1.8865175298E-001 -1.1348247023E-001
   14
      1.0000000000E+000
      0.0000000000E+000  0.0000000000E+000
      0.0000000000E+000 -2.0000000000E+000  1.0000000000E+000 -1.0000000000E+001  1.0000000000E+000  0.0000000000E+000  1.9999999553E-002
      3.0000000000E+000  1.0000000000E+000  0.0000000000E+000  0.0000000000E+000  0.0000000000E+000  0.0000000000E+000  7.5600281057E+003
      0.0000000000E+000  1.0000000000E+000  1.0000000000E+000  0.0000000000E+000  0.0000000000E+000
     1  7640     4   383     1     1       1     3       7    1    0   19    0    2   -2    0
      0.0000000000E+000 -1.8865175298E-001 -1.1348247023E-001
   14
      1.0000000000E+000
      0.0000000000E+000  0.0000000000E+000
      0.0000000000E+000 -2.0000000000E+000  1.0000000000E+000 -1.0000000000E+001  1.0000000000E+000  0.0000000000E+000  1.9999999553E-002
      3.0000000000E+000  1.0000000000E+000  0.0000000000E+000  0.0000000000E+000  0.0000000000E+000  0.0000000000E+000  7.5800281077E+003
      0.0000000000E+000  1.0000000000E+000  1.0000000000E+000  0.0000000000E+000  0.0000000000E+000
     1  7660     4   384     1     1       1     3       7    1    0   19    0    2   -2    0
      0.0000000000E+000 -1.8865175298E-001 -1.1348247023E-001
   14
      1.0000000000E+000
      0.0000000000E+000  0.0000000000E+000
      0.0000000000E+000 -2.0000000000E+000  1.0000000000E+000 -1.0000000000E+001  1.0000000000E+000  0.0000000000E+000  1.9999999553E-002
      3.0000000000E+000  1.0000000000E+000  0.0000000000E+000  0.0000000000E+000  0.0000000000E+000  0.0000000000E+000  7.6000281097E+003
      0.0000000000E+000  1.0000000000E+000  1.0000000000E+000  0.0000000000E+000  0.0000000000E+000
     1  7680     4   385     1     1       1     3       7    1    0   19    0    2   -2    0
      0.0000000000E+000 -1.8865175298E-001 -1.1348247023E-001
   14
      1.0000000000E+000
      0.0000000000E+000  0.0000000000E+000
      0.0000000000E+000 -2.0000000000E+000  1.0000000000E+000 -1.0000000000E+001  1.0000000000E+000  0.0000000000E+000  1.9999999553E-002
      3.0000000000E+000  1.0000000000E+000  0.0000000000E+000  0.0000000000E+000  0.0000000000E+000  0.0000000000E+000  7.6200281117E+003
      0.0000000000E+000  1.0000000000E+000  1.0000000000E+000  0.0000000000E+000  0.0000000000E+000
     1  7700     4   386     1     1       1     3       7    1    0   19    0    2   -2    0
      0.0000000000E+000 -1.8865175298E-001 -1.1348247023E-001
   14
      1.0000000000E+000
      0.0000000000E+000  0.0000000000E+000
      0.0000000000E+000 -2.0000000000E+000  1.0000000000E+000 -1.0000000000E+001  1.0000000000E+000  0.0000000000E+000  1.9999999553E-002
      3.0000000000E+000  1.0000000000E+000  0.0000000000E+000  0.0000000000E+000  0.0000000000E+000  0.0000000000E+000  7.6400281137E+003
      0.0000000000E+000  1.0000000000E+000  1.0000000000E+000  0.0000000000E+000  0.0000000000E+000
     1  7720     4   387     1     1       1     3       7    1    0   19    0    2   -2    0
      0.0000000000E+000 -1.8865175298E-001 -1.1348247023E-001
   14
      1.0000000000E+000
      0.0000000000E+000  0.0000000000E+000
      0.0000000000E+000 -2.0000000000E+000  1.0000000000E+000 -1.0000000000E+001  1.0000000000E+000  0.0000000000E+000  1.9999999553E-002
      3.0000000000E+000  1.0000000000E+000  0.0000000000E+000  0.0000000000E+000  0.0000000000E+000  0.0000000000E+000  7.6600281157E+003
      0.0000000000E+000  1.0000000000E+000  1.0000000000E+000  0.0000000000E+000  0.0000000000E+000
     1  7740     4   388     1     1       1     3       7    1    0   19    0    2   -2    0
      0.0000000000E+000 -1.8865175298E-001 -1.1348247023E-001
   14
      1.0000000000E+000
      0.0000000000E+000  0.0000000000E+000
      0.0000000000E+000 -2.0000000000E+000  1.0000000000E+000 -1.0000000000E+001  1.0000000000E+000  0.0000000000E+000  1.9999999553E-002
      3.0000000000E+000  1.0000000000E+000  0.0000000000E+000  0.0000000000E+000  0.0000000000E+000  0.0000000000E+000  7.6800281177E+003
      0.0000000000E+000  1.0000000000E+000  1.0000000000E+000  0.0000000000E+000  0.0000000000E+000
     1  7760     4   389     1     1       1     3       7    1    0   19    0    2   -2    0
      0.0000000000E+000 -1.8865175298E-001 -1.1348247023E-001
   14
      1.0000000000E+000
      0.0000000000E+000  0.0000000000E+000
      0.0000000000E+000 -2.0000000000E+000  1.0000000000E+000 -1.0000000000E+001  1.0000000000E+000  0.0000000000E+000  1.9999999553E-002
      3.0000000000E+000  1.0000000000E+000  0.0000000000E+000  0.0000000000E+000  0.0000000000E+000  0.0000000000E+000  7.7000281197E+003
      0.0000000000E+000  1.0000000000E+000  1.0000000000E+000  0.0000000000E+000  0.0000000000E+000
     1  7780     4   390     1     1       1     3       7    1    0   19    0    2   -2    0
      0.0000000000E+000 -1.8865175298E-001 -1.1348247023E-001
   14
      1.0000000000E+000
      0.0000000000E+000  0.0000000000E+000
      0.0000000000E+000 -2.0000000000E+000  1.0000000000E+000 -1.0000000000E+001  1.0000000000E+000  0.0000000000E+000  1.9999999553E-002
      3.0000000000E+000  1.0000000000E+000  0.0000000000E+000  0.0000000000E+000  0.0000000000E+000  0.0000000000E+000  7.7200281217E+003
      0.0000000000E+000  1.0000000000E+000  1.0000000000E+000  0.0000000000E+000  0.0000000000E+000
     1  7800     4   391     1     1       1     3       7    1    0   19    0    2   -2    0
      0.0000000000E+000 -1.8865175298E-001 -1.1348247023E-001
   14
      1.0000000000E+000
      0.0000000000E+000  0.0000000000E+000
      0.0000000000E+000 -2.0000000000E+000  1.0000000000E+000 -1.0000000000E+001  1.0000000000E+000  0.0000000000E+000  1.9999999553E-002
      3.0000000000E+000  1.0000000000E+000  0.0000000000E+000  0.0000000000E+000  0.0000000000E+000  0.0000000000E+000  7.7400281237E+003
      0.0000000000E+000  1.0000000000E+000  1.0000000000E+000  0.0000000000E+000  0.0000000000E+000
     1  7820     4   392     1     1       1     3       7    1    0   19    0    2   -2    0
      0.0000000000E+000 -1.8865175298E-001 -1.1348247023E-001
   14
      1.0000000000E+000
      0.0000000000E+000  0.0000000000E+000
      0.0000000000E+000 -2.0000000000E+000  1.0000000000E+000 -1.0000000000E+001  1.0000000000E+000  0.0000000000E+000  1.9999999553E-002
      3.0000000000E+000  1.0000000000E+000  0.0000000000E+000  0.0000000000E+000  0.0000000000E+000  0.0000000000E+000  7.7600281257E+003
      0.0000000000E+000  1.0000000000E+000  1.0000000000E+000  0.0000000000E+000  0.0000000000E+000
     1  7840     4   393     1     1       1     3       7    1    0   19    0    2   -2    0
      0.0000000000E+000 -1.8865175298E-001 -1.1348247023E-001
   14
      1.0000000000E+000
      0.0000000000E+000  0.0000000000E+000
      0.0000000000E+000 -2.0000000000E+000  1.0000000000E+000 -1.0000000000E+001  1.0000000000E+000  0.0000000000E+000  1.9999999553E-002
      3.0000000000E+000  1.0000000000E+000  0.0000000000E+000  0.0000000000E+000  0.0000000000E+000  0.0000000000E+000  7.7800281277E+003
      0.0000000000E+000  1.0000000000E+000  1.0000000000E+000  0.0000000000E+000  0.0000000000E+000
     1  7860     4   394     1     1       1     3       7    1    0   19    0    2   -2    0
      0.0000000000E+000 -1.8865175298E-001 -1.1348247023E-001
   14
      1.0000000000E+000
      0.0000000000E+000  0.0000000000E+000
      0.0000000000E+000 -2.0000000000E+000  1.0000000000E+000 -1.0000000000E+001  1.0000000000E+000  0.0000000000E+000  1.9999999553E-002
      3.0000000000E+000  1.0000000000E+000  0.0000000000E+000  0.0000000000E+000  0.0000000000E+000  0.0000000000E+000  7.8000281297E+003
      0.0000000000E+000  1.0000000000E+000  1.0000000000E+000  0.0000000000E+000  0.0000000000E+000
     1  7880     4   395     1     1       1     3       7    1    0   19    0    2   -2    0
      0.0000000000E+000 -1.8865175298E-001 -1.1348247023E-001
   14
      1.0000000000E+000
      0.0000000000E+000  0.0000000000E+000
      0.0000000000E+000 -2.0000000000E+000  1.0000000000E+000 -1.0000000000E+001  1.0000000000E+000  0.0000000000E+000  1.9999999553E-002
      3.0000000000E+000  1.0000000000E+000  0.0000000000E+000  0.0000000000E+000  0.0000000000E+000  0.0000000000E+000  7.8200281317E+003
      0.0000000000E+000  1.0000000000E+000  1.0000000000E+000  0.0000000000E+000  0.0000000000E+000
     1  7900     4   396     1     1       1     3       7    1    0   19    0    2   -2    0
      0.0000000000E+000 -1.8865175298E-001 -1.1348247023E-001
   14
      1.0000000000E+000
      0.0000000000E+000  0.0000000000E+000
      0.0000000000E+000 -2.0000000000E+000  1.0000000000E+000 -1.0000000000E+001  1.0000000000E+000  0.0000000000E+000  1.9999999553E-002
      3.0000000000E+000  1.0000000000E+000  0.0000000000E+000  0.0000000000E+000  0.0000000000E+000  0.0000000000E+000  7.8400281337E+003
      0.0000000000E+000  1.0000000000E+000  1.0000000000E+000  0.0000000000E+000  0.0000000000E+000
     1  7920     4   397     1     1       1     3       7    1    0   19    0    2   -2    0
      0.0000000000E+000 -1.8865175298E-001 -1.1348247023E-001
   14
      1.0000000000E+000
      0.0000000000E+000  0.0000000000E+000
      0.0000000000E+000 -2.0000000000E+000  1.0000000000E+000 -1.0000000000E+001  1.0000000000E+000  0.0000000000E+000  1.9999999553E-002
      3.0000000000E+000  1.0000000000E+000  0.0000000000E+000  0.0000000000E+000  0.0000000000E+000  0.0000000000E+000  7.8600281357E+003
      0.0000000000E+000  1.0000000000E+000  1.0000000000E+000  0.0000000000E+000  0.0000000000E+000
     1  7940     4   398     1     1       1     3       7    1    0   19    0    2   -2    0
      0.0000000000E+000 -1.8865175298E-001 -1.1348247023E-001
   14
      1.0000000000E+000
      0.0000000000E+000  0.0000000000E+000
      0.0000000000E+000 -2.0000000000E+000  1.0000000000E+000 -1.0000000000E+001  1.0000000000E+000  0.0000000000E+000  1.9999999553E-002
      3.0000000000E+000  1.0000000000E+000  0.0000000000E+000  0.0000000000E+000  0.0000000000E+000  0.0000000000E+000  7.8800281377E+003
      0.0000000000E+000  1.0000000000E+000  1.0000000000E+000  0.0000000000E+000  0.0000000000E+000
     1  7960     4   399     1     1       1     3       7    1    0   19    0    2   -2    0
      0.0000000000E+000 -1.8865175298E-001 -1.1348247023E-001
   14
      1.0000000000E+000
      0.0000000000E+000  0.0000000000E+000
      0.0000000000E+000 -2.0000000000E+000  1.0000000000E+000 -1.0000000000E+001  1.0000000000E+000  0.0000000000E+000  1.9999999553E-002
      3.0000000000E+000  1.0000000000E+000  0.0000000000E+000  0.0000000000E+000  0.0000000000E+000  0.0000000000E+000  7.9000281397E+003
      0.0000000000E+000  1.0000000000E+000  1.0000000000E+000  0.0000000000E+000  0.0000000000E+000
     1  7980     4   400     1     1       1     3       7    1    0   19    0    2   -2    0
      0.0000000000E+000 -1.8865175298E-001 -1.1348247023E-001
   14
      1.0000000000E+000
      0.0000000000E+000  0.0000000000E+000
      0.0000000000E+000 -2.0000000000E+000  1.0000000000E+000 -1.0000000000E+001  1.0000000000E+000  0.0000000000E+000  1.9999999553E-002
      3.0000000000E+000  1.0000000000E+000  0.0000000000E+000  0.0000000000E+000  0.0000000000E+000  0.0000000000E+000  7.9200281417E+003
      0.0000000000E+000  1.0000000000E+000  1.0000000000E+000  0.0000000000E+000  0.0000000000E+000
     1  8000     4   401     1     1       1     3       7    1    0   19    0    2   -2    0
      0.0000000000E+000 -1.8865175298E-001 -1.1348247023E-001
   14
      1.0000000000E+000
      0.0000000000E+000  0.0000000000E+000
      0.0000000000E+000 -2.0000000000E+000  1.0000000000E+000 -1.0000000000E+001  1.0000000000E+000  0.0000000000E+000  1.9999999553E-002
      3.0000000000E+000  1.0000000000E+000  0.0000000000E+000  0.0000000000E+000  0.0000000000E+000  0.0000000000E+000  7.9400281437E+003
      0.0000000000E+000  1.0000000000E+000  1.0000000000E+000  0.0000000000E+000  0.0000000000E+000
     1  8020     4   402     1     1       1     3       7    1    0   19    0    2   -2    0
      0.0000000000E+000 -1.8865175298E-001 -1.1348247023E-001
   14
      1.0000000000E+000
      0.0000000000E+000  0.0000000000E+000
      0.0000000000E+000 -2.0000000000E+000  1.0000000000E+000 -1.0000000000E+001  1.0000000000E+000  0.0000000000E+000  1.9999999553E-002
      3.0000000000E+000  1.0000000000E+000  0.0000000000E+000  0.0000000000E+000  0.0000000000E+000  0.0000000000E+000  7.9600281457E+003
      0.0000000000E+000  1.0000000000E+000  1.0000000000E+000  0.0000000000E+000  0.0000000000E+000
     1  8040     4   403     1     1       1     3       7    1    0   19    0    2   -2    0
      0.0000000000E+000 -1.8865175298E-001 -1.1348247023E-001
   14
      1.0000000000E+000
      0.0000000000E+000  0.0000000000E+000
      0.0000000000E+000 -2.0000000000E+000  1.0000000000E+000 -1.0000000000E+001  1.0000000000E+000  0.0000000000E+000  1.9999999553E-002
      3.0000000000E+000  1.0000000000E+000  0.0000000000E+000  0.0000000000E+000  0.0000000000E+000  0.0000000000E+000  7.9800281477E+003
      0.0000000000E+000  1.0000000000E+000  1.0000000000E+000  0.0000000000E+000  0.0000000000E+000
     1  8060     4   404     1     1       1     3       7    1    0   19    0    2   -2    0
      0.0000000000E+000 -1.8865175298E-001 -1.1348247023E-001
   14
      1.0000000000E+000
      0.0000000000E+000  0.0000000000E+000
      0.0000000000E+000 -2.0000000000E+000  1.0000000000E+000 -1.0000000000E+001  1.0000000000E+000  0.0000000000E+000  1.9999999553E-002
      3.0000000000E+000  1.0000000000E+000  0.0000000000E+000  0.0000000000E+000  0.0000000000E+000  0.0000000000E+000  8.0000281497E+003
      0.0000000000E+000  1.0000000000E+000  1.0000000000E+000  0.0000000000E+000  0.0000000000E+000
     1  8080     4   405     1     1       1     3       7    1    0   19    0    2   -2    0
      0.0000000000E+000 -1.8865175298E-001 -1.1348247023E-001
   14
      1.0000000000E+000
      0.0000000000E+000  0.0000000000E+000
      0.0000000000E+000 -2.0000000000E+000  1.0000000000E+000 -1.0000000000E+001  1.0000000000E+000  0.0000000000E+000  1.9999999553E-002
      3.0000000000E+000  1.0000000000E+000  0.0000000000E+000  0.0000000000E+000  0.0000000000E+000  0.0000000000E+000  8.0200281517E+003
      0.0000000000E+000  1.0000000000E+000  1.0000000000E+000  0.0000000000E+000  0.0000000000E+000
     1  8100     4   406     1     1       1     3       7    1    0   19    0    2   -2    0
      0.0000000000E+000 -1.8865175298E-001 -1.1348247023E-001
   14
      1.0000000000E+000
      0.0000000000E+000  0.0000000000E+000
      0.0000000000E+000 -2.0000000000E+000  1.0000000000E+000 -1.0000000000E+001  1.0000000000E+000  0.0000000000E+000  1.9999999553E-002
      3.0000000000E+000  1.0000000000E+000  0.0000000000E+000  0.0000000000E+000  0.0000000000E+000  0.0000000000E+000  8.0400281537E+003
      0.0000000000E+000  1.0000000000E+000  1.0000000000E+000  0.0000000000E+000  0.0000000000E+000
     1  8120     4   407     1     1       1     3       7    1    0   19    0    2   -2    0
      0.0000000000E+000 -1.8865175298E-001 -1.1348247023E-001
   14
      1.0000000000E+000
      0.0000000000E+000  0.0000000000E+000
      0.0000000000E+000 -2.0000000000E+000  1.0000000000E+000 -1.0000000000E+001  1.0000000000E+000  0.0000000000E+000  1.9999999553E-002
      3.0000000000E+000  1.0000000000E+000  0.0000000000E+000  0.0000000000E+000  0.0000000000E+000  0.0000000000E+000  8.0600281557E+003
      0.0000000000E+000  1.0000000000E+000  1.0000000000E+000  0.0000000000E+000  0.0000000000E+000
     1  8140     4   408     1     1       1     3       7    1    0   19    0    2   -2    0
      0.0000000000E+000 -1.8865175298E-001 -1.1348247023E-001
   14
      1.0000000000E+000
      0.0000000000E+000  0.0000000000E+000
      0.0000000000E+000 -2.0000000000E+000  1.0000000000E+000 -1.0000000000E+001  1.0000000000E+000  0.0000000000E+000  1.9999999553E-002
      3.0000000000E+000  1.0000000000E+000  0.0000000000E+000  0.0000000000E+000  0.0000000000E+000  0.0000000000E+000  8.0800281577E+003
      0.0000000000E+000  1.0000000000E+000  1.0000000000E+000  0.0000000000E+000  0.0000000000E+000
     1  8160     4   409     1     1       1     3       7    1    0   19    0    2   -2    0
      0.0000000000E+000 -1.8865175298E-001 -1.1348247023E-001
   14
      1.0000000000E+000
      0.0000000000E+000  0.0000000000E+000
      0.0000000000E+000 -2.0000000000E+000  1.0000000000E+000 -1.0000000000E+001  1.0000000000E+000  0.0000000000E+000  1.9999999553E-002
      3.0000000000E+000  1.0000000000E+000  0.0000000000E+000  0.0000000000E+000  0.0000000000E+000  0.0000000000E+000  8.1000281597E+003
      0.0000000000E+000  1.0000000000E+000  1.0000000000E+000  0.0000000000E+000  0.0000000000E+000
     1  8180     4   410     1     1       1     3       7    1    0   19    0    2   -2    0
      0.0000000000E+000 -1.8865175298E-001 -1.1348247023E-001
   14
      1.0000000000E+000
      0.0000000000E+000  0.0000000000E+000
      0.0000000000E+000 -2.0000000000E+000  1.0000000000E+000 -1.0000000000E+001  1.0000000000E+000  0.0000000000E+000  1.9999999553E-002
      3.0000000000E+000  1.0000000000E+000  0.0000000000E+000  0.0000000000E+000  0.0000000000E+000  0.0000000000E+000  8.1200281617E+003
      0.0000000000E+000  1.0000000000E+000  1.0000000000E+000  0.0000000000E+000  0.0000000000E+000
     1  8200     4   411     1     1       1     3       7    1    0   19    0    2   -2    0
      0.0000000000E+000 -1.8865175298E-001 -1.1348247023E-001
   14
      1.0000000000E+000
      0.0000000000E+000  0.0000000000E+000
      0.0000000000E+000 -2.0000000000E+000  1.0000000000E+000 -1.0000000000E+001  1.0000000000E+000  0.0000000000E+000  1.9999999553E-002
      3.0000000000E+000  1.0000000000E+000  0.0000000000E+000  0.0000000000E+000  0.0000000000E+000  0.0000000000E+000  8.1400281637E+003
      0.0000000000E+000  1.0000000000E+000  1.0000000000E+000  0.0000000000E+000  0.0000000000E+000
     1  8220     4   412     1     1       1     3       7    1    0   19    0    2   -2    0
      0.0000000000E+000 -1.8865175298E-001 -1.1348247023E-001
   14
      1.0000000000E+000
      0.0000000000E+000  0.0000000000E+000
      0.0000000000E+000 -2.0000000000E+000  1.0000000000E+000 -1.0000000000E+001  1.0000000000E+000  0.0000000000E+000  1.9999999553E-002
      3.0000000000E+000  1.0000000000E+000  0.0000000000E+000  0.0000000000E+000  0.0000000000E+000  0.0000000000E+000  8.1600281657E+003
      0.0000000000E+000  1.0000000000E+000  1.0000000000E+000  0.0000000000E+000  0.0000000000E+000
     1  8240     4   413     1     1       1     3       7    1    0   19    0    2   -2    0
      0.0000000000E+000 -1.8865175298E-001 -1.1348247023E-001
   14
      1.0000000000E+000
      0.0000000000E+000  0.0000000000E+000
      0.0000000000E+000 -2.0000000000E+000  1.0000000000E+000 -1.0000000000E+001  1.0000000000E+000  0.0000000000E+000  1.9999999553E-002
      3.0000000000E+000  1.0000000000E+000  0.0000000000E+000  0.0000000000E+000  0.0000000000E+000  0.0000000000E+000  8.1800281677E+003
      0.0000000000E+000  1.0000000000E+000  1.0000000000E+000  0.0000000000E+000  0.0000000000E+000
     1  8260     4   414     1     1       1     3       7    1    0   19    0    2   -2    0
      0.0000000000E+000 -1.8865175298E-001 -1.1348247023E-001
   14
      1.0000000000E+000
      0.0000000000E+000  0.0000000000E+000
      0.0000000000E+000 -2.0000000000E+000  1.0000000000E+000 -1.0000000000E+001  1.0000000000E+000  0.0000000000E+000  1.9999999553E-002
      3.0000000000E+000  1.0000000000E+000  0.0000000000E+000  0.0000000000E+000  0.0000000000E+000  0.0000000000E+000  8.2000281697E+003
      0.0000000000E+000  1.0000000000E+000  1.0000000000E+000  0.0000000000E+000  0.0000000000E+000
     1  8280     4   415     1     1       1     3       7    1    0   19    0    2   -2    0
      0.0000000000E+000 -1.8865175298E-001 -1.1348247023E-001
   14
      1.0000000000E+000
      0.0000000000E+000  0.0000000000E+000
      0.0000000000E+000 -2.0000000000E+000  1.0000000000E+000 -1.0000000000E+001  1.0000000000E+000  0.0000000000E+000  1.9999999553E-002
      3.0000000000E+000  1.0000000000E+000  0.0000000000E+000  0.0000000000E+000  0.0000000000E+000  0.0000000000E+000  8.2200281717E+003
      0.0000000000E+000  1.0000000000E+000  1.0000000000E+000  0.0000000000E+000  0.0000000000E+000
     1  8300     4   416     1     1       1     3       7    1    0   19    0    2   -2    0
      0.0000000000E+000 -1.8865175298E-001 -1.1348247023E-001
   14
      1.0000000000E+000
      0.0000000000E+000  0.0000000000E+000
      0.0000000000E+000 -2.0000000000E+000  1.0000000000E+000 -1.0000000000E+001  1.0000000000E+000  0.0000000000E+000  1.9999999553E-002
      3.0000000000E+000  1.0000000000E+000  0.0000000000E+000  0.0000000000E+000  0.0000000000E+000  0.0000000000E+000  8.2400281737E+003
      0.0000000000E+000  1.0000000000E+000  1.0000000000E+000  0.0000000000E+000  0.0000000000E+000
     1  8320     4   417     1     1       1     3       7    1    0   19    0    2   -2    0
      0.0000000000E+000 -1.8865175298E-001 -1.1348247023E-001
   14
      1.0000000000E+000
      0.0000000000E+000  0.0000000000E+000
      0.0000000000E+000 -2.0000000000E+000  1.0000000000E+000 -1.0000000000E+001  1.0000000000E+000  0.0000000000E+000  1.9999999553E-002
      3.0000000000E+000  1.0000000000E+000  0.0000000000E+000  0.0000000000E+000  0.0000000000E+000  0.0000000000E+000  8.2600281757E+003
      0.0000000000E+000  1.0000000000E+000  1.0000000000E+000  0.0000000000E+000  0.0000000000E+000
     1  8340     4   418     1     1       1     3       7    1    0   19    0    2   -2    0
      0.0000000000E+000 -1.8865175298E-001 -1.1348247023E-001
   14
      1.0000000000E+000
      0.0000000000E+000  0.0000000000E+000
      0.0000000000E+000 -2.0000000000E+000  1.0000000000E+000 -1.0000000000E+001  1.0000000000E+000  0.0000000000E+000  1.9999999553E-002
      3.0000000000E+000  1.0000000000E+000  0.0000000000E+000  0.0000000000E+000  0.0000000000E+000  0.0000000000E+000  8.2800281777E+003
      0.0000000000E+000  1.0000000000E+000  1.0000000000E+000  0.0000000000E+000  0.0000000000E+000
     1  8360     4   419     1     1       1     3       7    1    0   19    0    2   -2    0
      0.0000000000E+000 -1.8865175298E-001 -1.1348247023E-001
   14
      1.0000000000E+000
      0.0000000000E+000  0.0000000000E+000
      0.0000000000E+000 -2.0000000000E+000  1.0000000000E+000 -1.0000000000E+001  1.0000000000E+000  0.0000000000E+000  1.9999999553E-002
      3.0000000000E+000  1.0000000000E+000  0.0000000000E+000  0.0000000000E+000  0.0000000000E+000  0.0000000000E+000  8.3000281797E+003
      0.0000000000E+000  1.0000000000E+000  1.0000000000E+000  0.0000000000E+000  0.0000000000E+000
     1  8380     4   420     1     1       1     3       7    1    0   19    0    2   -2    0
      0.0000000000E+000 -1.8865175298E-001 -1.1348247023E-001
   14
      1.0000000000E+000
      0.0000000000E+000  0.0000000000E+000
      0.0000000000E+000 -2.0000000000E+000  1.0000000000E+000 -1.0000000000E+001  1.0000000000E+000  0.0000000000E+000  1.9999999553E-002
      3.0000000000E+000  1.0000000000E+000  0.0000000000E+000  0.0000000000E+000  0.0000000000E+000  0.0000000000E+000  8.3200281817E+003
      0.0000000000E+000  1.0000000000E+000  1.0000000000E+000  0.0000000000E+000  0.0000000000E+000
     1  8400     4   421     1     1       1     3       7    1    0   19    0    2   -2    0
      0.0000000000E+000 -1.8865175298E-001 -1.1348247023E-001
   14
      1.0000000000E+000
      0.0000000000E+000  0.0000000000E+000
      0.0000000000E+000 -2.0000000000E+000  1.0000000000E+000 -1.0000000000E+001  1.0000000000E+000  0.0000000000E+000  1.9999999553E-002
      3.0000000000E+000  1.0000000000E+000  0.0000000000E+000  0.0000000000E+000  0.0000000000E+000  0.0000000000E+000  8.3400281837E+003
      0.0000000000E+000  1.0000000000E+000  1.0000000000E+000  0.0000000000E+000  0.0000000000E+000
     1  8420     4   422     1     1       1     3       7    1    0   19    0    2   -2    0
      0.0000000000E+000 -1.8865175298E-001 -1.1348247023E-001
   14
      1.0000000000E+000
      0.0000000000E+000  0.0000000000E+000
      0.0000000000E+000 -2.0000000000E+000  1.0000000000E+000 -1.0000000000E+001  1.0000000000E+000  0.0000000000E+000  1.9999999553E-002
      3.0000000000E+000  1.0000000000E+000  0.0000000000E+000  0.0000000000E+000  0.0000000000E+000  0.0000000000E+000  8.3600281857E+003
      0.0000000000E+000  1.0000000000E+000  1.0000000000E+000  0.0000000000E+000  0.0000000000E+000
     1  8440     4   423     1     1       1     3       7    1    0   19    0    2   -2    0
      0.0000000000E+000 -1.8865175298E-001 -1.1348247023E-001
   14
      1.0000000000E+000
      0.0000000000E+000  0.0000000000E+000
      0.0000000000E+000 -2.0000000000E+000  1.0000000000E+000 -1.0000000000E+001  1.0000000000E+000  0.0000000000E+000  1.9999999553E-002
      3.0000000000E+000  1.0000000000E+000  0.0000000000E+000  0.0000000000E+000  0.0000000000E+000  0.0000000000E+000  8.3800281877E+003
      0.0000000000E+000  1.0000000000E+000  1.0000000000E+000  0.0000000000E+000  0.0000000000E+000
     1  8460     4   424     1     1       1     3       7    1    0   19    0    2   -2    0
      0.0000000000E+000 -1.8865175298E-001 -1.1348247023E-001
   14
      1.0000000000E+000
      0.0000000000E+000  0.0000000000E+000
      0.0000000000E+000 -2.0000000000E+000  1.0000000000E+000 -1.0000000000E+001  1.0000000000E+000  0.0000000000E+000  1.9999999553E-002
      3.0000000000E+000  1.0000000000E+000  0.0000000000E+000  0.0000000000E+000  0.0000000000E+000  0.0000000000E+000  8.4000281897E+003
      0.0000000000E+000  1.0000000000E+000  1.0000000000E+000  0.0000000000E+000  0.0000000000E+000
     1  8480     4   425     1     1       1     3       7    1    0   19    0    2   -2    0
      0.0000000000E+000 -1.8865175298E-001 -1.1348247023E-001
   14
      1.0000000000E+000
      0.0000000000E+000  0.0000000000E+000
      0.0000000000E+000 -2.0000000000E+000  1.0000000000E+000 -1.0000000000E+001  1.0000000000E+000  0.0000000000E+000  1.9999999553E-002
      3.0000000000E+000  1.0000000000E+000  0.0000000000E+000  0.0000000000E+000  0.0000000000E+000  0.0000000000E+000  8.4200281917E+003
      0.0000000000E+000  1.0000000000E+000  1.0000000000E+000  0.0000000000E+000  0.0000000000E+000
     1  8500     4   426     1     1       1     3       7    1    0   19    0    2   -2    0
      0.0000000000E+000 -1.8865175298E-001 -1.1348247023E-001
   14
      1.0000000000E+000
      0.0000000000E+000  0.0000000000E+000
      0.0000000000E+000 -2.0000000000E+000  1.0000000000E+000 -1.0000000000E+001  1.0000000000E+000  0.0000000000E+000  1.9999999553E-002
      3.0000000000E+000  1.0000000000E+000  0.0000000000E+000  0.0000000000E+000  0.0000000000E+000  0.0000000000E+000  8.4400281937E+003
      0.0000000000E+000  1.0000000000E+000  1.0000000000E+000  0.0000000000E+000  0.0000000000E+000
     1  8520     4   427     1     1       1     3       7    1    0   19    0    2   -2    0
      0.0000000000E+000 -1.8865175298E-001 -1.1348247023E-001
   14
      1.0000000000E+000
      0.0000000000E+000  0.0000000000E+000
      0.0000000000E+000 -2.0000000000E+000  1.0000000000E+000 -1.0000000000E+001  1.0000000000E+000  0.0000000000E+000  1.9999999553E-002
      3.0000000000E+000  1.0000000000E+000  0.0000000000E+000  0.0000000000E+000  0.0000000000E+000  0.0000000000E+000  8.4600281957E+003
      0.0000000000E+000  1.0000000000E+000  1.0000000000E+000  0.0000000000E+000  0.0000000000E+000
     1  8540     4   428     1     1       1     3       7    1    0   19    0    2   -2    0
      0.0000000000E+000 -1.8865175298E-001 -1.1348247023E-001
   14
      1.0000000000E+000
      0.0000000000E+000  0.0000000000E+000
      0.0000000000E+000 -2.0000000000E+000  1.0000000000E+000 -1.0000000000E+001  1.0000000000E+000  0.0000000000E+000  1.9999999553E-002
      3.0000000000E+000  1.0000000000E+000  0.0000000000E+000  0.0000000000E+000  0.0000000000E+000  0.0000000000E+000  8.4800281977E+003
      0.0000000000E+000  1.0000000000E+000  1.0000000000E+000  0.0000000000E+000  0.0000000000E+000
     1  8560     4   429     1     1       1     3       7    1    0   19    0    2   -2    0
      0.0000000000E+000 -1.8865175298E-001 -1.1348247023E-001
   14
      1.0000000000E+000
      0.0000000000E+000  0.0000000000E+000
      0.0000000000E+000 -2.0000000000E+000  1.0000000000E+000 -1.0000000000E+001  1.0000000000E+000  0.0000000000E+000  1.9999999553E-002
      3.0000000000E+000  1.0000000000E+000  0.0000000000E+000  0.0000000000E+000  0.0000000000E+000  0.0000000000E+000  8.5000281997E+003
      0.0000000000E+000  1.0000000000E+000  1.0000000000E+000  0.0000000000E+000  0.0000000000E+000
     1  8580     4   430     1     1       1     3       7    1    0   19    0    2   -2    0
      0.0000000000E+000 -1.8865175298E-001 -1.1348247023E-001
   14
      1.0000000000E+000
      0.0000000000E+000  0.0000000000E+000
      0.0000000000E+000 -2.0000000000E+000  1.0000000000E+000 -1.0000000000E+001  1.0000000000E+000  0.0000000000E+000  1.9999999553E-002
      3.0000000000E+000  1.0000000000E+000  0.0000000000E+000  0.0000000000E+000  0.0000000000E+000  0.0000000000E+000  8.5200282017E+003
      0.0000000000E+000  1.0000000000E+000  1.0000000000E+000  0.0000000000E+000  0.0000000000E+000
     1  8600     4   431     1     1       1     3       7    1    0   19    0    2   -2    0
      0.0000000000E+000 -1.8865175298E-001 -1.1348247023E-001
   14
      1.0000000000E+000
      0.0000000000E+000  0.0000000000E+000
      0.0000000000E+000 -2.0000000000E+000  1.0000000000E+000 -1.0000000000E+001  1.0000000000E+000  0.0000000000E+000  1.9999999553E-002
      3.0000000000E+000  1.0000000000E+000  0.0000000000E+000  0.0000000000E+000  0.0000000000E+000  0.0000000000E+000  8.5400282037E+003
      0.0000000000E+000  1.0000000000E+000  1.0000000000E+000  0.0000000000E+000  0.0000000000E+000
     1  8620     4   432     1     1       1     3       7    1    0   19    0    2   -2    0
      0.0000000000E+000 -1.8865175298E-001 -1.1348247023E-001
   14
      1.0000000000E+000
      0.0000000000E+000  0.0000000000E+000
      0.0000000000E+000 -2.0000000000E+000  1.0000000000E+000 -1.0000000000E+001  1.0000000000E+000  0.0000000000E+000  1.9999999553E-002
      3.0000000000E+000  1.0000000000E+000  0.0000000000E+000  0.0000000000E+000  0.0000000000E+000  0.0000000000E+000  8.5600282057E+003
      0.0000000000E+000  1.0000000000E+000  1.0000000000E+000  0.0000000000E+000  0.0000000000E+000
     1  8640     4   433     1     1       1     3       7    1    0   19    0    2   -2    0
      0.0000000000E+000 -1.8865175298E-001 -1.1348247023E-001
   14
      1.0000000000E+000
      0.0000000000E+000  0.0000000000E+000
      0.0000000000E+000 -2.0000000000E+000  1.0000000000E+000 -1.0000000000E+001  1.0000000000E+000  0.0000000000E+000  1.9999999553E-002
      3.0000000000E+000  1.0000000000E+000  0.0000000000E+000  0.0000000000E+000  0.0000000000E+000  0.0000000000E+000  8.5800282077E+003
      0.0000000000E+000  1.0000000000E+000  1.0000000000E+000  0.0000000000E+000  0.0000000000E+000
     1  8660     4   434     1     1       1     3       7    1    0   19    0    2   -2    0
      0.0000000000E+000 -1.8865175298E-001 -1.1348247023E-001
   14
      1.0000000000E+000
      0.0000000000E+000  0.0000000000E+000
      0.0000000000E+000 -2.0000000000E+000  1.0000000000E+000 -1.0000000000E+001  1.0000000000E+000  0.0000000000E+000  1.9999999553E-002
      3.0000000000E+000  1.0000000000E+000  0.0000000000E+000  0.0000000000E+000  0.0000000000E+000  0.0000000000E+000  8.6000282097E+003
      0.0000000000E+000  1.0000000000E+000  1.0000000000E+000  0.0000000000E+000  0.0000000000E+000
     1  8680     4   435     1     1       1     3       7    1    0   19    0    2   -2    0
      0.0000000000E+000 -1.8865175298E-001 -1.1348247023E-001
   14
      1.0000000000E+000
      0.0000000000E+000  0.0000000000E+000
      0.0000000000E+000 -2.0000000000E+000  1.0000000000E+000 -1.0000000000E+001  1.0000000000E+000  0.0000000000E+000  1.9999999553E-002
      3.0000000000E+000  1.0000000000E+000  0.0000000000E+000  0.0000000000E+000  0.0000000000E+000  0.0000000000E+000  8.6200282117E+003
      0.0000000000E+000  1.0000000000E+000  1.0000000000E+000  0.0000000000E+000  0.0000000000E+000
     1  8700     4   436     1     1       1     3       7    1    0   19    0    2   -2    0
      0.0000000000E+000 -1.8865175298E-001 -1.1348247023E-001
   14
      1.0000000000E+000
      0.0000000000E+000  0.0000000000E+000
      0.0000000000E+000 -2.0000000000E+000  1.0000000000E+000 -1.0000000000E+001  1.0000000000E+000  0.0000000000E+000  1.9999999553E-002
      3.0000000000E+000  1.0000000000E+000  0.0000000000E+000  0.0000000000E+000  0.0000000000E+000  0.0000000000E+000  8.6400282137E+003
      0.0000000000E+000  1.0000000000E+000  1.0000000000E+000  0.0000000000E+000  0.0000000000E+000
     1  8720     4   437     1     1       1     3       7    1    0   19    0    2   -2    0
      0.0000000000E+000 -1.8865175298E-001 -1.1348247023E-001
   14
      1.0000000000E+000
      0.0000000000E+000  0.0000000000E+000
      0.0000000000E+000 -2.0000000000E+000  1.0000000000E+000 -1.0000000000E+001  1.0000000000E+000  0.0000000000E+000  1.9999999553E-002
      3.0000000000E+000  1.0000000000E+000  0.0000000000E+000  0.0000000000E+000  0.0000000000E+000  0.0000000000E+000  8.6600282157E+003
      0.0000000000E+000  1.0000000000E+000  1.0000000000E+000  0.0000000000E+000  0.0000000000E+000
     1  8740     4   438     1     1       1     3       7    1    0   19    0    2   -2    0
      0.0000000000E+000 -1.8865175298E-001 -1.1348247023E-001
   14
      1.0000000000E+000
      0.0000000000E+000  0.0000000000E+000
      0.0000000000E+000 -2.0000000000E+000  1.0000000000E+000 -1.0000000000E+001  1.0000000000E+000  0.0000000000E+000  1.9999999553E-002
      3.0000000000E+000  1.0000000000E+000  0.0000000000E+000  0.0000000000E+000  0.0000000000E+000  0.0000000000E+000  8.6800282177E+003
      0.0000000000E+000  1.0000000000E+000  1.0000000000E+000  0.0000000000E+000  0.0000000000E+000
     1  8760     4   439     1     1       1     3       7    1    0   19    0    2   -2    0
      0.0000000000E+000 -1.8865175298E-001 -1.1348247023E-001
   14
      1.0000000000E+000
      0.0000000000E+000  0.0000000000E+000
      0.0000000000E+000 -2.0000000000E+000  1.0000000000E+000 -1.0000000000E+001  1.0000000000E+000  0.0000000000E+000  1.9999999553E-002
      3.0000000000E+000  1.0000000000E+000  0.0000000000E+000  0.0000000000E+000  0.0000000000E+000  0.0000000000E+000  8.7000282197E+003
      0.0000000000E+000  1.0000000000E+000  1.0000000000E+000  0.0000000000E+000  0.0000000000E+000
     1  8780     4   440     1     1       1     3       7    1    0   19    0    2   -2    0
      0.0000000000E+000 -1.8865175298E-001 -1.1348247023E-001
   14
      1.0000000000E+000
      0.0000000000E+000  0.0000000000E+000
      0.0000000000E+000 -2.0000000000E+000  1.0000000000E+000 -1.0000000000E+001  1.0000000000E+000  0.0000000000E+000  1.9999999553E-002
      3.0000000000E+000  1.0000000000E+000  0.0000000000E+000  0.0000000000E+000  0.0000000000E+000  0.0000000000E+000  8.7200282217E+003
      0.0000000000E+000  1.0000000000E+000  1.0000000000E+000  0.0000000000E+000  0.0000000000E+000
     1  8800     4   441     1     1       1     3       7    1    0   19    0    2   -2    0
      0.0000000000E+000 -1.8865175298E-001 -1.1348247023E-001
   14
      1.0000000000E+000
      0.0000000000E+000  0.0000000000E+000
      0.0000000000E+000 -2.0000000000E+000  1.0000000000E+000 -1.0000000000E+001  1.0000000000E+000  0.0000000000E+000  1.9999999553E-002
      3.0000000000E+000  1.0000000000E+000  0.0000000000E+000  0.0000000000E+000  0.0000000000E+000  0.0000000000E+000  8.7400282237E+003
      0.0000000000E+000  1.0000000000E+000  1.0000000000E+000  0.0000000000E+000  0.0000000000E+000
     1  8820     4   442     1     1       1     3       7    1    0   19    0    2   -2    0
      0.0000000000E+000 -1.8865175298E-001 -1.1348247023E-001
   14
      1.0000000000E+000
      0.0000000000E+000  0.0000000000E+000
      0.0000000000E+000 -2.0000000000E+000  1.0000000000E+000 -1.0000000000E+001  1.0000000000E+000  0.0000000000E+000  1.9999999553E-002
      3.0000000000E+000  1.0000000000E+000  0.0000000000E+000  0.0000000000E+000  0.0000000000E+000  0.0000000000E+000  8.7600282257E+003
      0.0000000000E+000  1.0000000000E+000  1.0000000000E+000  0.0000000000E+000  0.0000000000E+000
     1  8840     4   443     1     1       1     3       7    1    0   19    0    2   -2    0
      0.0000000000E+000 -1.8865175298E-001 -1.1348247023E-001
   14
      1.0000000000E+000
      0.0000000000E+000  0.0000000000E+000
      0.0000000000E+000 -2.0000000000E+000  1.0000000000E+000 -1.0000000000E+001  1.0000000000E+000  0.0000000000E+000  1.9999999553E-002
      3.0000000000E+000  1.0000000000E+000  0.0000000000E+000  0.0000000000E+000  0.0000000000E+000  0.0000000000E+000  8.7800282277E+003
      0.0000000000E+000  1.0000000000E+000  1.0000000000E+000  0.0000000000E+000  0.0000000000E+000
     1  8860     4   444     1     1       1     3       7    1    0   19    0    2   -2    0
      0.0000000000E+000 -1.8865175298E-001 -1.1348247023E-001
   14
      1.0000000000E+000
      0.0000000000E+000  0.0000000000E+000
      0.0000000000E+000 -2.0000000000E+000  1.0000000000E+000 -1.0000000000E+001  1.0000000000E+000  0.0000000000E+000  1.9999999553E-002
      3.0000000000E+000  1.0000000000E+000  0.0000000000E+000  0.0000000000E+000  0.0000000000E+000  0.0000000000E+000  8.8000282297E+003
      0.0000000000E+000  1.0000000000E+000  1.0000000000E+000  0.0000000000E+000  0.0000000000E+000
     1  8880     4   445     1     1       1     3       7    1    0   19    0    2   -2    0
      0.0000000000E+000 -1.8865175298E-001 -1.1348247023E-001
   14
      1.0000000000E+000
      0.0000000000E+000  0.0000000000E+000
      0.0000000000E+000 -2.0000000000E+000  1.0000000000E+000 -1.0000000000E+001  1.0000000000E+000  0.0000000000E+000  1.9999999553E-002
      3.0000000000E+000  1.0000000000E+000  0.0000000000E+000  0.0000000000E+000  0.0000000000E+000  0.0000000000E+000  8.8200282317E+003
      0.0000000000E+000  1.0000000000E+000  1.0000000000E+000  0.0000000000E+000  0.0000000000E+000
     1  8900     4   446     1     1       1     3       7    1    0   19    0    2   -2    0
      0.0000000000E+000 -1.8865175298E-001 -1.1348247023E-001
   14
      1.0000000000E+000
      0.0000000000E+000  0.0000000000E+000
      0.0000000000E+000 -2.0000000000E+000  1.0000000000E+000 -1.0000000000E+001  1.0000000000E+000  0.0000000000E+000  1.9999999553E-002
      3.0000000000E+000  1.0000000000E+000  0.0000000000E+000  0.0000000000E+000  0.0000000000E+000  0.0000000000E+000  8.8400282337E+003
      0.0000000000E+000  1.0000000000E+000  1.0000000000E+000  0.0000000000E+000  0.0000000000E+000
     1  8920     4   447     1     1       1     3       7    1    0   19    0    2   -2    0
      0.0000000000E+000 -1.8865175298E-001 -1.1348247023E-001
   14
      1.0000000000E+000
      0.0000000000E+000  0.0000000000E+000
      0.0000000000E+000 -2.0000000000E+000  1.0000000000E+000 -1.0000000000E+001  1.0000000000E+000  0.0000000000E+000  1.9999999553E-002
      3.0000000000E+000  1.0000000000E+000  0.0000000000E+000  0.0000000000E+000  0.0000000000E+000  0.0000000000E+000  8.8600282357E+003
      0.0000000000E+000  1.0000000000E+000  1.0000000000E+000  0.0000000000E+000  0.0000000000E+000
     1  8940     4   448     1     1       1     3       7    1    0   19    0    2   -2    0
      0.0000000000E+000 -1.8865175298E-001 -1.1348247023E-001
   14
      1.0000000000E+000
      0.0000000000E+000  0.0000000000E+000
      0.0000000000E+000 -2.0000000000E+000  1.0000000000E+000 -1.0000000000E+001  1.0000000000E+000  0.0000000000E+000  1.9999999553E-002
      3.0000000000E+000  1.0000000000E+000  0.0000000000E+000  0.0000000000E+000  0.0000000000E+000  0.0000000000E+000  8.8800282377E+003
      0.0000000000E+000  1.0000000000E+000  1.0000000000E+000  0.0000000000E+000  0.0000000000E+000
     1  8960     4   449     1     1       1     3       7    1    0   19    0    2   -2    0
      0.0000000000E+000 -1.8865175298E-001 -1.1348247023E-001
   14
      1.0000000000E+000
      0.0000000000E+000  0.0000000000E+000
      0.0000000000E+000 -2.0000000000E+000  1.0000000000E+000 -1.0000000000E+001  1.0000000000E+000  0.0000000000E+000  1.9999999553E-002
      3.0000000000E+000  1.0000000000E+000  0.0000000000E+000  0.0000000000E+000  0.0000000000E+000  0.0000000000E+000  8.9000282397E+003
      0.0000000000E+000  1.0000000000E+000  1.0000000000E+000  0.0000000000E+000  0.0000000000E+000
     1  8980     4   450     1     1       1     3       7    1    0   19    0    2   -2    0
      0.0000000000E+000 -1.8865175298E-001 -1.1348247023E-001
   14
      1.0000000000E+000
      0.0000000000E+000  0.0000000000E+000
      0.0000000000E+000 -2.0000000000E+000  1.0000000000E+000 -1.0000000000E+001  1.0000000000E+000  0.0000000000E+000  1.9999999553E-002
      3.0000000000E+000  1.0000000000E+000  0.0000000000E+000  0.0000000000E+000  0.0000000000E+000  0.0000000000E+000  8.9200282417E+003
      0.0000000000E+000  1.0000000000E+000  1.0000000000E+000  0.0000000000E+000  0.0000000000E+000
     1  9000     4   451     1     1       1     3       7    1    0   19    0    2   -2    0
      0.0000000000E+000 -1.8865175298E-001 -1.1348247023E-001
   14
      1.0000000000E+000
      0.0000000000E+000  0.0000000000E+000
      0.0000000000E+000 -2.0000000000E+000  1.0000000000E+000 -1.0000000000E+001  1.0000000000E+000  0.0000000000E+000  1.9999999553E-002
      3.0000000000E+000  1.0000000000E+000  0.0000000000E+000  0.0000000000E+000  0.0000000000E+000  0.0000000000E+000  8.9400282437E+003
      0.0000000000E+000  1.0000000000E+000  1.0000000000E+000  0.0000000000E+000  0.0000000000E+000
     1  9020     4   452     1     1       1     3       7    1    0   19    0    2   -2    0
      0.0000000000E+000 -1.8865175298E-001 -1.1348247023E-001
   14
      1.0000000000E+000
      0.0000000000E+000  0.0000000000E+000
      0.0000000000E+000 -2.0000000000E+000  1.0000000000E+000 -1.0000000000E+001  1.0000000000E+000  0.0000000000E+000  1.9999999553E-002
      3.0000000000E+000  1.0000000000E+000  0.0000000000E+000  0.0000000000E+000  0.0000000000E+000  0.0000000000E+000  8.9600282457E+003
      0.0000000000E+000  1.0000000000E+000  1.0000000000E+000  0.0000000000E+000  0.0000000000E+000
     1  9040     4   453     1     1       1     3       7    1    0   19    0    2   -2    0
      0.0000000000E+000 -1.8865175298E-001 -1.1348247023E-001
   14
      1.0000000000E+000
      0.0000000000E+000  0.0000000000E+000
      0.0000000000E+000 -2.0000000000E+000  1.0000000000E+000 -1.0000000000E+001  1.0000000000E+000  0.0000000000E+000  1.9999999553E-002
      3.0000000000E+000  1.0000000000E+000  0.0000000000E+000  0.0000000000E+000  0.0000000000E+000  0.0000000000E+000  8.9800282477E+003
      0.0000000000E+000  1.0000000000E+000  1.0000000000E+000  0.0000000000E+000  0.0000000000E+000
     1  9060     4   454     1     1       1     3       7    1    0   19    0    2   -2    0
      0.0000000000E+000 -1.8865175298E-001 -1.1348247023E-001
   14
      1.0000000000E+000
      0.0000000000E+000  0.0000000000E+000
      0.0000000000E+000 -2.0000000000E+000  1.0000000000E+000 -1.0000000000E+001  1.0000000000E+000  0.0000000000E+000  1.9999999553E-002
      3.0000000000E+000  1.0000000000E+000  0.0000000000E+000  0.0000000000E+000  0.0000000000E+000  0.0000000000E+000  9.0000282497E+003
      0.0000000000E+000  1.0000000000E+000  1.0000000000E+000  0.0000000000E+000  0.0000000000E+000
     1  9080     4   455     1     1       1     3       7    1    0   19    0    2   -2    0
      0.0000000000E+000 -1.8865175298E-001 -1.1348247023E-001
   14
      1.0000000000E+000
      0.0000000000E+000  0.0000000000E+000
      0.0000000000E+000 -2.0000000000E+000  1.0000000000E+000 -1.0000000000E+001  1.0000000000E+000  0.0000000000E+000  1.9999999553E-002
      3.0000000000E+000  1.0000000000E+000  0.0000000000E+000  0.0000000000E+000  0.0000000000E+000  0.0000000000E+000  9.0200282517E+003
      0.0000000000E+000  1.0000000000E+000  1.0000000000E+000  0.0000000000E+000  0.0000000000E+000
     1  9100     4   456     1     1       1     3       7    1    0   19    0    2   -2    0
      0.0000000000E+000 -1.8865175298E-001 -1.1348247023E-001
   14
      1.0000000000E+000
      0.0000000000E+000  0.0000000000E+000
      0.0000000000E+000 -2.0000000000E+000  1.0000000000E+000 -1.0000000000E+001  1.0000000000E+000  0.0000000000E+000  1.9999999553E-002
      3.0000000000E+000  1.0000000000E+000  0.0000000000E+000  0.0000000000E+000  0.0000000000E+000  0.0000000000E+000  9.0400282537E+003
      0.0000000000E+000  1.0000000000E+000  1.0000000000E+000  0.0000000000E+000  0.0000000000E+000
     1  9120     4   457     1     1       1     3       7    1    0   19    0    2   -2    0
      0.0000000000E+000 -1.8865175298E-001 -1.1348247023E-001
   14
      1.0000000000E+000
      0.0000000000E+000  0.0000000000E+000
      0.0000000000E+000 -2.0000000000E+000  1.0000000000E+000 -1.0000000000E+001  1.0000000000E+000  0.0000000000E+000  1.9999999553E-002
      3.0000000000E+000  1.0000000000E+000  0.0000000000E+000  0.0000000000E+000  0.0000000000E+000  0.0000000000E+000  9.0600282557E+003
      0.0000000000E+000  1.0000000000E+000  1.0000000000E+000  0.0000000000E+000  0.0000000000E+000
     1  9140     4   458     1     1       1     3       7    1    0   19    0    2   -2    0
      0.0000000000E+000 -1.8865175298E-001 -1.1348247023E-001
   14
      1.0000000000E+000
      0.0000000000E+000  0.0000000000E+000
      0.0000000000E+000 -2.0000000000E+000  1.0000000000E+000 -1.0000000000E+001  1.0000000000E+000  0.0000000000E+000  1.9999999553E-002
      3.0000000000E+000  1.0000000000E+000  0.0000000000E+000  0.0000000000E+000  0.0000000000E+000  0.0000000000E+000  9.0800282577E+003
      0.0000000000E+000  1.0000000000E+000  1.0000000000E+000  0.0000000000E+000  0.0000000000E+000
     1  9160     4   459     1     1       1     3       7    1    0   19    0    2   -2    0
      0.0000000000E+000 -1.8865175298E-001 -1.1348247023E-001
   14
      1.0000000000E+000
      0.0000000000E+000  0.0000000000E+000
      0.0000000000E+000 -2.0000000000E+000  1.0000000000E+000 -1.0000000000E+001  1.0000000000E+000  0.0000000000E+000  1.9999999553E-002
      3.0000000000E+000  1.0000000000E+000  0.0000000000E+000  0.0000000000E+000  0.0000000000E+000  0.0000000000E+000  9.1000282597E+003
      0.0000000000E+000  1.0000000000E+000  1.0000000000E+000  0.0000000000E+000  0.0000000000E+000
     1  9180     4   460     1     1       1     3       7    1    0   19    0    2   -2    0
      0.0000000000E+000 -1.8865175298E-001 -1.1348247023E-001
   14
      1.0000000000E+000
      0.0000000000E+000  0.0000000000E+000
      0.0000000000E+000 -2.0000000000E+000  1.0000000000E+000 -1.0000000000E+001  1.0000000000E+000  0.0000000000E+000  1.9999999553E-002
      3.0000000000E+000  1.0000000000E+000  0.0000000000E+000  0.0000000000E+000  0.0000000000E+000  0.0000000000E+000  9.1200282617E+003
      0.0000000000E+000  1.0000000000E+000  1.0000000000E+000  0.0000000000E+000  0.0000000000E+000
     1  9200     4   461     1     1       1     3       7    1    0   19    0    2   -2    0
      0.0000000000E+000 -1.8865175298E-001 -1.1348247023E-001
   14
      1.0000000000E+000
      0.0000000000E+000  0.0000000000E+000
      0.0000000000E+000 -2.0000000000E+000  1.0000000000E+000 -1.0000000000E+001  1.0000000000E+000  0.0000000000E+000  1.9999999553E-002
      3.0000000000E+000  1.0000000000E+000  0.0000000000E+000  0.0000000000E+000  0.0000000000E+000  0.0000000000E+000  9.1400282637E+003
      0.0000000000E+000  1.0000000000E+000  1.0000000000E+000  0.0000000000E+000  0.0000000000E+000
     1  9220     4   462     1     1       1     3       7    1    0   19    0    2   -2    0
      0.0000000000E+000 -1.8865175298E-001 -1.1348247023E-001
   14
      1.0000000000E+000
      0.0000000000E+000  0.0000000000E+000
      0.0000000000E+000 -2.0000000000E+000  1.0000000000E+000 -1.0000000000E+001  1.0000000000E+000  0.0000000000E+000  1.9999999553E-002
      3.0000000000E+000  1.0000000000E+000  0.0000000000E+000  0.0000000000E+000  0.0000000000E+000  0.0000000000E+000  9.1600282657E+003
      0.0000000000E+000  1.0000000000E+000  1.0000000000E+000  0.0000000000E+000  0.0000000000E+000
     1  9240     4   463     1     1       1     3       7    1    0   19    0    2   -2    0
      0.0000000000E+000 -1.8865175298E-001 -1.1348247023E-001
   14
      1.0000000000E+000
      0.0000000000E+000  0.0000000000E+000
      0.0000000000E+000 -2.0000000000E+000  1.0000000000E+000 -1.0000000000E+001  1.0000000000E+000  0.0000000000E+000  1.9999999553E-002
      3.0000000000E+000  1.0000000000E+000  0.0000000000E+000  0.0000000000E+000  0.0000000000E+000  0.0000000000E+000  9.1800282677E+003
      0.0000000000E+000  1.0000000000E+000  1.0000000000E+000  0.0000000000E+000  0.0000000000E+000
     1  9260     4   464     1     1       1     3       7    1    0   19    0    2   -2    0
      0.0000000000E+000 -1.8865175298E-001 -1.1348247023E-001
   14
      1.0000000000E+000
      0.0000000000E+000  0.0000000000E+000
      0.0000000000E+000 -2.0000000000E+000  1.0000000000E+000 -1.0000000000E+001  1.0000000000E+000  0.0000000000E+000  1.9999999553E-002
      3.0000000000E+000  1.0000000000E+000  0.0000000000E+000  0.0000000000E+000  0.0000000000E+000  0.0000000000E+000  9.2000282697E+003
      0.0000000000E+000  1.0000000000E+000  1.0000000000E+000  0.0000000000E+000  0.0000000000E+000
     1  9280     4   465     1     1       1     3       7    1    0   19    0    2   -2    0
      0.0000000000E+000 -1.8865175298E-001 -1.1348247023E-001
   14
      1.0000000000E+000
      0.0000000000E+000  0.0000000000E+000
      0.0000000000E+000 -2.0000000000E+000  1.0000000000E+000 -1.0000000000E+001  1.0000000000E+000  0.0000000000E+000  1.9999999553E-002
      3.0000000000E+000  1.0000000000E+000  0.0000000000E+000  0.0000000000E+000  0.0000000000E+000  0.0000000000E+000  9.2200282717E+003
      0.0000000000E+000  1.0000000000E+000  1.0000000000E+000  0.0000000000E+000  0.0000000000E+000
     1  9300     4   466     1     1       1     3       7    1    0   19    0    2   -2    0
      0.0000000000E+000 -1.8865175298E-001 -1.1348247023E-001
   14
      1.0000000000E+000
      0.0000000000E+000  0.0000000000E+000
      0.0000000000E+000 -2.0000000000E+000  1.0000000000E+000 -1.0000000000E+001  1.0000000000E+000  0.0000000000E+000  1.9999999553E-002
      3.0000000000E+000  1.0000000000E+000  0.0000000000E+000  0.0000000000E+000  0.0000000000E+000  0.0000000000E+000  9.2400282737E+003
      0.0000000000E+000  1.0000000000E+000  1.0000000000E+000  0.0000000000E+000  0.0000000000E+000
     1  9320     4   467     1     1       1     3       7    1    0   19    0    2   -2    0
      0.0000000000E+000 -1.8865175298E-001 -1.1348247023E-001
   14
      1.0000000000E+000
      0.0000000000E+000  0.0000000000E+000
      0.0000000000E+000 -2.0000000000E+000  1.0000000000E+000 -1.0000000000E+001  1.0000000000E+000  0.0000000000E+000  1.9999999553E-002
      3.0000000000E+000  1.0000000000E+000  0.0000000000E+000  0.0000000000E+000  0.0000000000E+000  0.0000000000E+000  9.2600282757E+003
      0.0000000000E+000  1.0000000000E+000  1.0000000000E+000  0.0000000000E+000  0.0000000000E+000
     1  9340     4   468     1     1       1     3       7    1    0   19    0    2   -2    0
      0.0000000000E+000 -1.8865175298E-001 -1.1348247023E-001
   14
      1.0000000000E+000
      0.0000000000E+000  0.0000000000E+000
      0.0000000000E+000 -2.0000000000E+000  1.0000000000E+000 -1.0000000000E+001  1.0000000000E+000  0.0000000000E+000  1.9999999553E-002
      3.0000000000E+000  1.0000000000E+000  0.0000000000E+000  0.0000000000E+000  0.0000000000E+000  0.0000000000E+000  9.2800282777E+003
      0.0000000000E+000  1.0000000000E+000  1.0000000000E+000  0.0000000000E+000  0.0000000000E+000
     1  9360     4   469     1     1       1     3       7    1    0   19    0    2   -2    0
      0.0000000000E+000 -1.8865175298E-001 -1.1348247023E-001
   14
      1.0000000000E+000
      0.0000000000E+000  0.0000000000E+000
      0.0000000000E+000 -2.0000000000E+000  1.0000000000E+000 -1.0000000000E+001  1.0000000000E+000  0.0000000000E+000  1.9999999553E-002
      3.0000000000E+000  1.0000000000E+000  0.0000000000E+000  0.0000000000E+000  0.0000000000E+000  0.0000000000E+000  9.3000282797E+003
      0.0000000000E+000  1.0000000000E+000  1.0000000000E+000  0.0000000000E+000  0.0000000000E+000
     1  9380     4   470     1     1       1     3       7    1    0   19    0    2   -2    0
      0.0000000000E+000 -1.8865175298E-001 -1.1348247023E-001
   14
      1.0000000000E+000
      0.0000000000E+000  0.0000000000E+000
      0.0000000000E+000 -2.0000000000E+000  1.0000000000E+000 -1.0000000000E+001  1.0000000000E+000  0.0000000000E+000  1.9999999553E-002
      3.0000000000E+000  1.0000000000E+000  0.0000000000E+000  0.0000000000E+000  0.0000000000E+000  0.0000000000E+000  9.3200282817E+003
      0.0000000000E+000  1.0000000000E+000  1.0000000000E+000  0.0000000000E+000  0.0000000000E+000
     1  9400     4   471     1     1       1     3       7    1    0   19    0    2   -2    0
      0.0000000000E+000 -1.8865175298E-001 -1.1348247023E-001
   14
      1.0000000000E+000
      0.0000000000E+000  0.0000000000E+000
      0.0000000000E+000 -2.0000000000E+000  1.0000000000E+000 -1.0000000000E+001  1.0000000000E+000  0.0000000000E+000  1.9999999553E-002
      3.0000000000E+000  1.0000000000E+000  0.0000000000E+000  0.0000000000E+000  0.0000000000E+000  0.0000000000E+000  9.3400282837E+003
      0.0000000000E+000  1.0000000000E+000  1.0000000000E+000  0.0000000000E+000  0.0000000000E+000
     1  9420     4   472     1     1       1     3       7    1    0   19    0    2   -2    0
      0.0000000000E+000 -1.8865175298E-001 -1.1348247023E-001
   14
      1.0000000000E+000
      0.0000000000E+000  0.0000000000E+000
      0.0000000000E+000 -2.0000000000E+000  1.0000000000E+000 -1.0000000000E+001  1.0000000000E+000  0.0000000000E+000  1.9999999553E-002
      3.0000000000E+000  1.0000000000E+000  0.0000000000E+000  0.0000000000E+000  0.0000000000E+000  0.0000000000E+000  9.3600282857E+003
      0.0000000000E+000  1.0000000000E+000  1.0000000000E+000  0.0000000000E+000  0.0000000000E+000
     1  9440     4   473     1     1       1     3       7    1    0   19    0    2   -2    0
      0.0000000000E+000 -1.8865175298E-001 -1.1348247023E-001
   14
      1.0000000000E+000
      0.0000000000E+000  0.0000000000E+000
      0.0000000000E+000 -2.0000000000E+000  1.0000000000E+000 -1.0000000000E+001  1.0000000000E+000  0.0000000000E+000  1.9999999553E-002
      3.0000000000E+000  1.0000000000E+000  0.0000000000E+000  0.0000000000E+000  0.0000000000E+000  0.0000000000E+000  9.3800282877E+003
      0.0000000000E+000  1.0000000000E+000  1.0000000000E+000  0.0000000000E+000  0.0000000000E+000
     1  9460     4   474     1     1       1     3       7    1    0   19    0    2   -2    0
      0.0000000000E+000 -1.8865175298E-001 -1.1348247023E-001
   14
      1.0000000000E+000
      0.0000000000E+000  0.0000000000E+000
      0.0000000000E+000 -2.0000000000E+000  1.0000000000E+000 -1.0000000000E+001  1.0000000000E+000  0.0000000000E+000  1.9999999553E-002
      3.0000000000E+000  1.0000000000E+000  0.0000000000E+000  0.0000000000E+000  0.0000000000E+000  0.0000000000E+000  9.4000282897E+003
      0.0000000000E+000  1.0000000000E+000  1.0000000000E+000  0.0000000000E+000  0.0000000000E+000
     1  9480     4   475     1     1       1     3       7    1    0   19    0    2   -2    0
      0.0000000000E+000 -1.8865175298E-001 -1.1348247023E-001
   14
      1.0000000000E+000
      0.0000000000E+000  0.0000000000E+000
      0.0000000000E+000 -2.0000000000E+000  1.0000000000E+000 -1.0000000000E+001  1.0000000000E+000  0.0000000000E+000  1.9999999553E-002
      3.0000000000E+000  1.0000000000E+000  0.0000000000E+000  0.0000000000E+000  0.0000000000E+000  0.0000000000E+000  9.4200282917E+003
      0.0000000000E+000  1.0000000000E+000  1.0000000000E+000  0.0000000000E+000  0.0000000000E+000
     1  9500     4   476     1     1       1     3       7    1    0   19    0    2   -2    0
      0.0000000000E+000 -1.8865175298E-001 -1.1348247023E-001
   14
      1.0000000000E+000
      0.0000000000E+000  0.0000000000E+000
      0.0000000000E+000 -2.0000000000E+000  1.0000000000E+000 -1.0000000000E+001  1.0000000000E+000  0.0000000000E+000  1.9999999553E-002
      3.0000000000E+000  1.0000000000E+000  0.0000000000E+000  0.0000000000E+000  0.0000000000E+000  0.0000000000E+000  9.4400282937E+003
      0.0000000000E+000  1.0000000000E+000  1.0000000000E+000  0.0000000000E+000  0.0000000000E+000
     1  9520     4   477     1     1       1     3       7    1    0   19    0    2   -2    0
      0.0000000000E+000 -1.8865175298E-001 -1.1348247023E-001
   14
      1.0000000000E+000
      0.0000000000E+000  0.0000000000E+000
      0.0000000000E+000 -2.0000000000E+000  1.0000000000E+000 -1.0000000000E+001  1.0000000000E+000  0.0000000000E+000  1.9999999553E-002
      3.0000000000E+000  1.0000000000E+000  0.0000000000E+000  0.0000000000E+000  0.0000000000E+000  0.0000000000E+000  9.4600282957E+003
      0.0000000000E+000  1.0000000000E+000  1.0000000000E+000  0.0000000000E+000  0.0000000000E+000
     1  9540     4   478     1     1       1     3       7    1    0   19    0    2   -2    0
      0.0000000000E+000 -1.8865175298E-001 -1.1348247023E-001
   14
      1.0000000000E+000
      0.0000000000E+000  0.0000000000E+000
      0.0000000000E+000 -2.0000000000E+000  1.0000000000E+000 -1.0000000000E+001  1.0000000000E+000  0.0000000000E+000  1.9999999553E-002
      3.0000000000E+000  1.0000000000E+000  0.0000000000E+000  0.0000000000E+000  0.0000000000E+000  0.0000000000E+000  9.4800282977E+003
      0.0000000000E+000  1.0000000000E+000  1.0000000000E+000  0.0000000000E+000  0.0000000000E+000
     1  9560     4   479     1     1       1     3       7    1    0   19    0    2   -2    0
      0.0000000000E+000 -1.8865175298E-001 -1.1348247023E-001
   14
      1.0000000000E+000
      0.0000000000E+000  0.0000000000E+000
      0.0000000000E+000 -2.0000000000E+000  1.0000000000E+000 -1.0000000000E+001  1.0000000000E+000  0.0000000000E+000  1.9999999553E-002
      3.0000000000E+000  1.0000000000E+000  0.0000000000E+000  0.0000000000E+000  0.0000000000E+000  0.0000000000E+000  9.5000282997E+003
      0.0000000000E+000  1.0000000000E+000  1.0000000000E+000  0.0000000000E+000  0.0000000000E+000
     1  9580     4   480     1     1       1     3       7    1    0   19    0    2   -2    0
      0.0000000000E+000 -1.8865175298E-001 -1.1348247023E-001
   14
      1.0000000000E+000
      0.0000000000E+000  0.0000000000E+000
      0.0000000000E+000 -2.0000000000E+000  1.0000000000E+000 -1.0000000000E+001  1.0000000000E+000  0.0000000000E+000  1.9999999553E-002
      3.0000000000E+000  1.0000000000E+000  0.0000000000E+000  0.0000000000E+000  0.0000000000E+000  0.0000000000E+000  9.5200283017E+003
      0.0000000000E+000  1.0000000000E+000  1.0000000000E+000  0.0000000000E+000  0.0000000000E+000
     1  9600     4   481     1     1       1     3       7    1    0   19    0    2   -2    0
      0.0000000000E+000 -1.8865175298E-001 -1.1348247023E-001
   14
      1.0000000000E+000
      0.0000000000E+000  0.0000000000E+000
      0.0000000000E+000 -2.0000000000E+000  1.0000000000E+000 -1.0000000000E+001  1.0000000000E+000  0.0000000000E+000  1.9999999553E-002
      3.0000000000E+000  1.0000000000E+000  0.0000000000E+000  0.0000000000E+000  0.0000000000E+000  0.0000000000E+000  9.5400283037E+003
      0.0000000000E+000  1.0000000000E+000  1.0000000000E+000  0.0000000000E+000  0.0000000000E+000
     1  9620     4   482     1     1       1     3       7    1    0   19    0    2   -2    0
      0.0000000000E+000 -1.8865175298E-001 -1.1348247023E-001
   14
      1.0000000000E+000
      0.0000000000E+000  0.0000000000E+000
      0.0000000000E+000 -2.0000000000E+000  1.0000000000E+000 -1.0000000000E+001  1.0000000000E+000  0.0000000000E+000  1.9999999553E-002
      3.0000000000E+000  1.0000000000E+000  0.0000000000E+000  0.0000000000E+000  0.0000000000E+000  0.0000000000E+000  9.5600283057E+003
      0.0000000000E+000  1.0000000000E+000  1.0000000000E+000  0.0000000000E+000  0.0000000000E+000
     1  9640     4   483     1     1       1     3       7    1    0   19    0    2   -2    0
      0.0000000000E+000 -1.8865175298E-001 -1.1348247023E-001
   14
      1.0000000000E+000
      0.0000000000E+000  0.0000000000E+000
      0.0000000000E+000 -2.0000000000E+000  1.0000000000E+000 -1.0000000000E+001  1.0000000000E+000  0.0000000000E+000  1.9999999553E-002
      3.0000000000E+000  1.0000000000E+000  0.0000000000E+000  0.0000000000E+000  0.0000000000E+000  0.0000000000E+000  9.5800283077E+003
      0.0000000000E+000  1.0000000000E+000  1.0000000000E+000  0.0000000000E+000  0.0000000000E+000
     1  9660     4   484     1     1       1     3       7    1    0   19    0    2   -2    0
      0.0000000000E+000 -1.8865175298E-001 -1.1348247023E-001
   14
      1.0000000000E+000
      0.0000000000E+000  0.0000000000E+000
      0.0000000000E+000 -2.0000000000E+000  1.0000000000E+000 -1.0000000000E+001  1.0000000000E+000  0.0000000000E+000  1.9999999553E-002
      3.0000000000E+000  1.0000000000E+000  0.0000000000E+000  0.0000000000E+000  0.0000000000E+000  0.0000000000E+000  9.6000283097E+003
      0.0000000000E+000  1.0000000000E+000  1.0000000000E+000  0.0000000000E+000  0.0000000000E+000
     1  9680     4   485     1     1       1     3       7    1    0   19    0    2   -2    0
      0.0000000000E+000 -1.8865175298E-001 -1.1348247023E-001
   14
      1.0000000000E+000
      0.0000000000E+000  0.0000000000E+000
      0.0000000000E+000 -2.0000000000E+000  1.0000000000E+000 -1.0000000000E+001  1.0000000000E+000  0.0000000000E+000  1.9999999553E-002
      3.0000000000E+000  1.0000000000E+000  0.0000000000E+000  0.0000000000E+000  0.0000000000E+000  0.0000000000E+000  9.6200283117E+003
      0.0000000000E+000  1.0000000000E+000  1.0000000000E+000  0.0000000000E+000  0.0000000000E+000
     1  9700     4   486     1     1       1     3       7    1    0   19    0    2   -2    0
      0.0000000000E+000 -1.8865175298E-001 -1.1348247023E-001
   14
      1.0000000000E+000
      0.0000000000E+000  0.0000000000E+000
      0.0000000000E+000 -2.0000000000E+000  1.0000000000E+000 -1.0000000000E+001  1.0000000000E+000  0.0000000000E+000  1.9999999553E-002
      3.0000000000E+000  1.0000000000E+000  0.0000000000E+000  0.0000000000E+000  0.0000000000E+000  0.0000000000E+000  9.6400283137E+003
      0.0000000000E+000  1.0000000000E+000  1.0000000000E+000  0.0000000000E+000  0.0000000000E+000
     1  9720     4   487     1     1       1     3       7    1    0   19    0    2   -2    0
      0.0000000000E+000 -1.8865175298E-001 -1.1348247023E-001
   14
      1.0000000000E+000
      0.0000000000E+000  0.0000000000E+000
      0.0000000000E+000 -2.0000000000E+000  1.0000000000E+000 -1.0000000000E+001  1.0000000000E+000  0.0000000000E+000  1.9999999553E-002
      3.0000000000E+000  1.0000000000E+000  0.0000000000E+000  0.0000000000E+000  0.0000000000E+000  0.0000000000E+000  9.6600283157E+003
      0.0000000000E+000  1.0000000000E+000  1.0000000000E+000  0.0000000000E+000  0.0000000000E+000
     1  9740     4   488     1     1       1     3       7    1    0   19    0    2   -2    0
      0.0000000000E+000 -1.8865175298E-001 -1.1348247023E-001
   14
      1.0000000000E+000
      0.0000000000E+000  0.0000000000E+000
      0.0000000000E+000 -2.0000000000E+000  1.0000000000E+000 -1.0000000000E+001  1.0000000000E+000  0.0000000000E+000  1.9999999553E-002
      3.0000000000E+000  1.0000000000E+000  0.0000000000E+000  0.0000000000E+000  0.0000000000E+000  0.0000000000E+000  9.6800283177E+003
      0.0000000000E+000  1.0000000000E+000  1.0000000000E+000  0.0000000000E+000  0.0000000000E+000
     1  9760     4   489     1     1       1     3       7    1    0   19    0    2   -2    0
      0.0000000000E+000 -1.8865175298E-001 -1.1348247023E-001
   14
      1.0000000000E+000
      0.0000000000E+000  0.0000000000E+000
      0.0000000000E+000 -2.0000000000E+000  1.0000000000E+000 -1.0000000000E+001  1.0000000000E+000  0.0000000000E+000  1.9999999553E-002
      3.0000000000E+000  1.0000000000E+000  0.0000000000E+000  0.0000000000E+000  0.0000000000E+000  0.0000000000E+000  9.7000283197E+003
      0.0000000000E+000  1.0000000000E+000  1.0000000000E+000  0.0000000000E+000  0.0000000000E+000
     1  9780     4   490     1     1       1     3       7    1    0   19    0    2   -2    0
      0.0000000000E+000 -1.8865175298E-001 -1.1348247023E-001
   14
      1.0000000000E+000
      0.0000000000E+000  0.0000000000E+000
      0.0000000000E+000 -2.0000000000E+000  1.0000000000E+000 -1.0000000000E+001  1.0000000000E+000  0.0000000000E+000  1.9999999553E-002
      3.0000000000E+000  1.0000000000E+000  0.0000000000E+000  0.0000000000E+000  0.0000000000E+000  0.0000000000E+000  9.7200283217E+003
      0.0000000000E+000  1.0000000000E+000  1.0000000000E+000  0.0000000000E+000  0.0000000000E+000
     1  9800     4   491     1     1       1     3       7    1    0   19    0    2   -2    0
      0.0000000000E+000 -1.8865175298E-001 -1.1348247023E-001
   14
      1.0000000000E+000
      0.0000000000E+000  0.0000000000E+000
      0.0000000000E+000 -2.0000000000E+000  1.0000000000E+000 -1.0000000000E+001  1.0000000000E+000  0.0000000000E+000  1.9999999553E-002
      3.0000000000E+000  1.0000000000E+000  0.0000000000E+000  0.0000000000E+000  0.0000000000E+000  0.0000000000E+000  9.7400283237E+003
      0.0000000000E+000  1.0000000000E+000  1.0000000000E+000  0.0000000000E+000  0.0000000000E+000
     1  9820     4   492     1     1       1     3       7    1    0   19    0    2   -2    0
      0.0000000000E+000 -1.8865175298E-001 -1.1348247023E-001
   14
      1.0000000000E+000
      0.0000000000E+000  0.0000000000E+000
      0.0000000000E+000 -2.0000000000E+000  1.0000000000E+000 -1.0000000000E+001  1.0000000000E+000  0.0000000000E+000  1.9999999553E-002
      3.0000000000E+000  1.0000000000E+000  0.0000000000E+000  0.0000000000E+000  0.0000000000E+000  0.0000000000E+000  9.7600283257E+003
      0.0000000000E+000  1.0000000000E+000  1.0000000000E+000  0.0000000000E+000  0.0000000000E+000
     1  9840     4   493     1     1       1     3       7    1    0   19    0    2   -2    0
      0.0000000000E+000 -1.8865175298E-001 -1.1348247023E-001
   14
      1.0000000000E+000
      0.0000000000E+000  0.0000000000E+000
      0.0000000000E+000 -2.0000000000E+000  1.0000000000E+000 -1.0000000000E+001  1.0000000000E+000  0.0000000000E+000  1.9999999553E-002
      3.0000000000E+000  1.0000000000E+000  0.0000000000E+000  0.0000000000E+000  0.0000000000E+000  0.0000000000E+000  9.7800283277E+003
      0.0000000000E+000  1.0000000000E+000  1.0000000000E+000  0.0000000000E+000  0.0000000000E+000
     1  9860     4   494     1     1       1     3       7    1    0   19    0    2   -2    0
      0.0000000000E+000 -1.8865175298E-001 -1.1348247023E-001
   14
      1.0000000000E+000
      0.0000000000E+000  0.0000000000E+000
      0.0000000000E+000 -2.0000000000E+000  1.0000000000E+000 -1.0000000000E+001  1.0000000000E+000  0.0000000000E+000  1.9999999553E-002
      3.0000000000E+000  1.0000000000E+000  0.0000000000E+000  0.0000000000E+000  0.0000000000E+000  0.0000000000E+000  9.8000283297E+003
      0.0000000000E+000  1.0000000000E+000  1.0000000000E+000  0.0000000000E+000  0.0000000000E+000
     1  9880     4   495     1     1       1     3       7    1    0   19    0    2   -2    0
      0.0000000000E+000 -1.8865175298E-001 -1.1348247023E-001
   14
      1.0000000000E+000
      0.0000000000E+000  0.0000000000E+000
      0.0000000000E+000 -2.0000000000E+000  1.0000000000E+000 -1.0000000000E+001  1.0000000000E+000  0.0000000000E+000  1.9999999553E-002
      3.0000000000E+000  1.0000000000E+000  0.0000000000E+000  0.0000000000E+000  0.0000000000E+000  0.0000000000E+000  9.8200283317E+003
      0.0000000000E+000  1.0000000000E+000  1.0000000000E+000  0.0000000000E+000  0.0000000000E+000
     1  9900     4   496     1     1       1     3       7    1    0   19    0    2   -2    0
      0.0000000000E+000 -1.8865175298E-001 -1.1348247023E-001
   14
      1.0000000000E+000
      0.0000000000E+000  0.0000000000E+000
      0.0000000000E+000 -2.0000000000E+000  1.0000000000E+000 -1.0000000000E+001  1.0000000000E+000  0.0000000000E+000  1.9999999553E-002
      3.0000000000E+000  1.0000000000E+000  0.0000000000E+000  0.0000000000E+000  0.0000000000E+000  0.0000000000E+000  9.8400283337E+003
      0.0000000000E+000  1.0000000000E+000  1.0000000000E+000  0.0000000000E+000  0.0000000000E+000
     1  9920     4   497     1     1       1     3       7    1    0   19    0    2   -2    0
      0.0000000000E+000 -1.8865175298E-001 -1.1348247023E-001
   14
      1.0000000000E+000
      0.0000000000E+000  0.0000000000E+000
      0.0000000000E+000 -2.0000000000E+000  1.0000000000E+000 -1.0000000000E+001  1.0000000000E+000  0.0000000000E+000  1.9999999553E-002
      3.0000000000E+000  1.0000000000E+000  0.0000000000E+000  0.0000000000E+000  0.0000000000E+000  0.0000000000E+000  9.8600283357E+003
      0.0000000000E+000  1.0000000000E+000  1.0000000000E+000  0.0000000000E+000  0.0000000000E+000
     1  9940     4   498     1     1       1     3       7    1    0   19    0    2   -2    0
      0.0000000000E+000 -1.8865175298E-001 -1.1348247023E-001
   14
      1.0000000000E+000
      0.0000000000E+000  0.0000000000E+000
      0.0000000000E+000 -2.0000000000E+000  1.0000000000E+000 -1.0000000000E+001  1.0000000000E+000  0.0000000000E+000  1.9999999553E-002
      3.0000000000E+000  1.0000000000E+000  0.0000000000E+000  0.0000000000E+000  0.0000000000E+000  0.0000000000E+000  9.8800283377E+003
      0.0000000000E+000  1.0000000000E+000  1.0000000000E+000  0.0000000000E+000  0.0000000000E+000
     1  9960     4   499     1     1       1     3       7    1    0   19    0    2   -2    0
      0.0000000000E+000 -1.8865175298E-001 -1.1348247023E-001
   14
      1.0000000000E+000
      0.0000000000E+000  0.0000000000E+000
      0.0000000000E+000 -2.0000000000E+000  1.0000000000E+000 -1.0000000000E+001  1.0000000000E+000  0.0000000000E+000  1.9999999553E-002
      3.0000000000E+000  1.0000000000E+000  0.0000000000E+000  0.0000000000E+000  0.0000000000E+000  0.0000000000E+000  9.9000283397E+003
      0.0000000000E+000  1.0000000000E+000  1.0000000000E+000  0.0000000000E+000  0.0000000000E+000
     1  9980     4   500     1     1       1     3       7    1    0   19    0    2   -2    0
      0.0000000000E+000 -1.8865175298E-001 -1.1348247023E-001
   14
      1.0000000000E+000
      0.0000000000E+000  0.0000000000E+000
      0.0000000000E+000 -2.0000000000E+000  1.0000000000E+000 -1.0000000000E+001  1.0000000000E+000  0.0000000000E+000  1.9999999553E-002
      3.0000000000E+000  1.0000000000E+000  0.0000000000E+000  0.0000000000E+000  0.0000000000E+000  0.0000000000E+000  9.9200283417E+003
      0.0000000000E+000  1.0000000000E+000  1.0000000000E+000  0.0000000000E+000  0.0000000000E+000
     1     1     4   501     1     1       1     3       7    1    0   19    0    2   -2    0
      0.0000000000E+000 -1.8865175298E-001 -1.1348247023E-001
   14
      1.0000000000E+000
      0.0000000000E+000  0.0000000000E+000
      0.0000000000E+000 -2.0000000000E+000  1.0000000000E+000 -1.0000000000E+001  1.0000000000E+000  0.0000000000E+000  1.9999999553E-002
      3.0000000000E+000  1.0000000000E+000  0.0000000000E+000  0.0000000000E+000  0.0000000000E+000  0.0000000000E+000  9.9400283437E+003
      0.0000000000E+000  1.0000000000E+000  1.0000000000E+000  0.0000000000E+000  0.0000000000E+000
     1    21     4   502     1     1       1     3       7    1    0   19    0    2   -2    0
      0.0000000000E+000 -1.8865175298E-001 -1.1348247023E-001
   14
      1.0000000000E+000
      0.0000000000E+000  0.0000000000E+000
      0.0000000000E+000 -2.0000000000E+000  1.0000000000E+000 -1.0000000000E+001  1.0000000000E+000  0.0000000000E+000  1.9999999553E-002
      3.0000000000E+000  1.0000000000E+000  0.0000000000E+000  0.0000000000E+000  0.0000000000E+000  0.0000000000E+000  9.9600283457E+003
      0.0000000000E+000  1.0000000000E+000  1.0000000000E+000  0.0000000000E+000  0.0000000000E+000
     1    41     4   503     1     1       1     3       7    1    0   19    0    2   -2    0
      0.0000000000E+000 -1.8865175298E-001 -1.1348247023E-001
   14
      1.0000000000E+000
      0.0000000000E+000  0.0000000000E+000
      0.0000000000E+000 -2.0000000000E+000  1.0000000000E+000 -1.0000000000E+001  1.0000000000E+000  0.0000000000E+000  1.9999999553E-002
      3.0000000000E+000  1.0000000000E+000  0.0000000000E+000  0.0000000000E+000  0.0000000000E+000  0.0000000000E+000  9.9800283477E+003
      0.0000000000E+000  1.0000000000E+000  1.0000000000E+000  0.0000000000E+000  0.0000000000E+000
     1    61    -4   504     1     1       1     3       7    1    0   19    0    2   -2    0
      0.0000000000E+000 -1.8865175298E-001 -1.1348247023E-001
   14
      1.0000000000E+000
     -0.0000000000E+000 -0.0000000000E+000
      0.0000000000E+000 -2.0000000000E+000  1.0000000000E+000 -1.0000000000E+001  1.0000000000E+000  0.0000000000E+000  1.9999999553E-002
      3.0000000000E+000  1.0000000000E+000  0.0000000000E+000  0.0000000000E+000  0.0000000000E+000  0.0000000000E+000  1.0000000000E+004
      0.0000000000E+000  1.0000000000E+000  1.0000000000E+000  0.0000000000E+000  0.0000000000E+000
