   0  -1.7976+308  1.7976+308 -1.7976+308  1.7976+308
   0   EPSL= 1.0000E-08  EPSU = 1.0000E-08  EPSS = 1.0000E-06
   0   DS  = 1.0000E-04  DSMIN= 1.0000E-10  DSMAX= 1.0000E+00
   0   NDIM=   2   IPS =  -2   IRS =   0   ILP =   0
   0   NTST=   1   NCOL=   3   IAD =   0   ISP =   0
   0   ISW =   1   IPLT=   0   NBC =   0   NINT=   0
   0   NMX=50000   NPR=   20   MXBF=  10   IID =   2   IADS=   1
   0   ITMX=   2   ITNW=   5   NWTN=   2   JAC =   1   NUZR=   1
   0   NPAR=  19   THL = {}    THU = {}
   0   UZR = {14: 10000}
   0   e = 'tvbo_bif' s = '/'
   0   parnames = {1: 'I_', 2: 'a', 3: 'alpha', 4: 'b', 5: 'beta_', 6: 'c', 7: 'd', 8: 'e', 9: 'f', 15: 'g', 16: 'gamma_', 17: 'tau', 18: 'c_glob', 19: 'local_couplin'}
   0   unames   = {1: 'V', 2: 'W'}
   0   STOP=['UZ1']
   0   User-specified parameter:          14
   0   Active continuation parameter:     14
   0
   0    PT  TY  LAB    PAR(14)            L2-NORM               V                  W            
   1     1   9    1  0.0000000000E+000  1.4142135834E-001  1.0000000149E-001  1.0000000149E-001
   1     2   0    0  1.9961606427E-004  1.4141297150E-001  1.0000051646E-001  9.9987625316E-002
   1     3   0    0  3.9923213093E-004  1.4140458523E-001  1.0000103138E-001  9.9975249178E-002
   1     4   0    0  7.9846427187E-004  1.4138781440E-001  1.0000206101E-001  9.9950497016E-002
   1     5   0    0  1.5969285842E-003  1.4135427956E-001  1.0000411950E-001  9.9900993153E-002
   1     6   0    0  3.1938573311E-003  1.4128723726E-001  1.0000823341E-001  9.9801987268E-002
   1     7   0    0  6.3877153134E-003  1.4115326226E-001  1.0001644886E-001  9.9603982867E-002
   1     8   0    0  1.1178503388E-002  1.4095257540E-001  1.0002874426E-001  9.9306992872E-002
   1     9   0    0  1.8364687981E-002  1.4065216791E-001  1.0004712486E-001  9.8861545331E-002
   1    10   0    0  2.9143970471E-002  1.4020296675E-001  1.0007455511E-001  9.8193458566E-002
   1    11   0    0  4.5312906855E-002  1.3953236759E-001  1.0011538404E-001  9.7191519607E-002
   1    12   0    0  6.9566340073E-002  1.3853377672E-001  1.0017591546E-001  9.5689044580E-002
   1    13   0    0  1.0594655493E-001  1.3705268321E-001  1.0026511074E-001  9.3436318115E-002
   1    14   0    0  1.6051702556E-001  1.3487003687E-001  1.0039529976E-001  9.0059483846E-002
   1    15   0    0  2.4237307195E-001  1.3168803164E-001  1.0058247565E-001  8.4999430997E-002
   1    16   0    0  3.6515793012E-001  1.2713692513E-001  1.0084500206E-001  7.7421465312E-002
   1    17   0    0  5.4933706686E-001  1.2086346043E-001  1.0119777795E-001  6.6083173383E-002
   1    18   0    0  8.2561018299E-001  1.1289307028E-001  1.0163475323E-001  4.9144910767E-002
   1    19   0    0  1.1018879468E+000  1.0696672475E-001  1.0197965544E-001  3.2280490726E-002
   1    20   4    2  1.3781705892E+000  1.0340014624E-001  1.0223262308E-001  1.5494548059E-002
   1    21   0    0  1.6544583355E+000  1.0240094752E-001  1.0239381830E-001 -1.2083160170E-003
   1    22   0    0  1.9307514046E+000  1.0400207871E-001  1.0246342751E-001 -1.7823534998E-002
   1    23   0    0  2.3452037289E+000  1.1084775057E-001  1.0236253125E-001 -4.2533939414E-002
   1    24   0    0  2.7596694517E+000  1.2209397071E-001  1.0205721211E-001 -6.7016886969E-002
   1    25   0    0  3.1741492159E+000  1.3652851865E-001  1.0154849262E-001 -9.1257547912E-002
   1    26   0    0  3.5886436276E+000  1.5312990212E-001  1.0083753510E-001 -1.1524130526E-001
   1    27   0    0  4.0031532548E+000  1.7115280741E-001  9.9925646012E-002 -1.3895376481E-001
   1    28   0    0  4.4176786266E+000  1.9008359986E-001  9.8814280068E-002 -1.6238076545E-001
   1    29   0    0  4.8322202316E+000  2.0957241302E-001  9.7505044191E-002 -1.8550838972E-001
   1    30   0    0  5.2467785170E+000  2.2937829975E-001  9.5999701219E-002 -2.0832297464E-001
   1    31   0    0  5.6613538879E+000  2.4933170089E-001  9.4300173395E-002 -2.3081112271E-001
   1    32   0    0  6.0759467063E+000  2.6931014798E-001  9.2408545584E-002 -2.5295971321E-001
   1    33   0    0  6.4905572904E+000  2.8922273650E-001  9.0327068217E-002 -2.7475591359E-001
   1    34   0    0  6.9051859143E+000  3.0900014834E-001  8.8058159930E-002 -2.9618719106E-001
   1    35   0    0  7.3198328074E+000  3.2858815072E-001  8.5604409886E-002 -3.1724132424E-001
   1    36   0    0  7.7344981542E+000  3.4794328637E-001  8.2968579739E-002 -3.3790641501E-001
   1    37   0    0  8.1491820940E+000  3.6702996371E-001  8.0153605248E-002 -3.5817090031E-001
   1    38   0    0  8.5638847211E+000  3.8581845654E-001  7.7162597485E-002 -3.7802356403E-001
   1    39   0    0  8.9786060851E+000  4.0428350494E-001  7.3998843647E-002 -3.9745354887E-001
   1    40   4    3  9.3933461906E+000  4.2240332086E-001  7.0665807427E-002 -4.1645036815E-001
   1    41   0    0  9.8081049981E+000  4.4015887077E-001  6.7167128934E-002 -4.3500391758E-001
   1    42   0    0  1.0222882424E+001  4.5753335099E-001  6.3506624149E-002 -4.5310448680E-001
   1    43   0    0  1.0637678344E+001  4.7451179919E-001  5.9688283880E-002 -4.7074277088E-001
   1    44   0    0  1.1052492587E+001  4.9108080342E-001  5.5716272217E-002 -4.8790988154E-001
   1    45   0    0  1.1467324946E+001  5.0722828199E-001  5.1594924464E-002 -5.0459735812E-001
   1    46   0    0  1.1882175171E+001  5.2294331524E-001  4.7328744530E-002 -5.2079717827E-001
   1    47   0    0  1.2297042973E+001  5.3821601610E-001  4.2922401773E-002 -5.3650176832E-001
   1    48   0    0  1.2711928028E+001  5.5303742947E-001  3.8380727288E-002 -5.5170401319E-001
   1    49   0    0  1.3126829973E+001  5.6739945363E-001  3.3708709627E-002 -5.6639726595E-001
   1    50   0    0  1.3541748412E+001  5.8129477828E-001  2.8911489944E-002 -5.8057535687E-001
   1    51   0    0  1.3956682919E+001  5.9471683540E-001  2.3994356577E-002 -5.9423260190E-001
   1    52   0    0  1.4371633034E+001  6.0765976006E-001  1.8962739047E-002 -6.0736381068E-001
   1    53   0    0  1.4786598268E+001  6.2011835877E-001  1.3822201498E-002 -6.1996429383E-001
   1    54   0    0  1.5201578109E+001  6.3208808382E-001  8.5784355748E-003 -6.3202986966E-001
   1    55   0    0  1.5616572017E+001  6.4356501218E-001  3.2372527492E-003 -6.4355687014E-001
   1    56   0    0  1.6031579430E+001  6.5454582799E-001 -2.1954238835E-003 -6.5454214613E-001
   1    57   0    0  1.6446599767E+001  6.6502780770E-001 -7.7135683276E-003 -6.6498307187E-001
   1    58   0    0  1.6861632430E+001  6.7500880733E-001 -1.3311060902E-002 -6.7487754862E-001
   1    59   0    0  1.7276676802E+001  6.8448725132E-001 -1.8981697927E-002 -6.8422400744E-001
   1    60   4    4  1.7691732256E+001  6.9346212246E-001 -2.4719201845E-002 -6.9302141117E-001
   1    61   0    0  1.8106798154E+001  7.0193295264E-001 -3.0517231756E-002 -7.0126925540E-001
   1    62   0    0  1.8521873848E+001  7.0989981413E-001 -3.6369394316E-002 -7.0896756855E-001
   1    63   0    0  1.8936958685E+001  7.1736331120E-001 -4.2269254976E-002 -7.1611691108E-001
   1    64   0    0  1.9352052008E+001  7.2432457182E-001 -4.8210349501E-002 -7.2271837361E-001
   1    65   0    0  1.9767153161E+001  7.3078523940E-001 -5.4186195745E-002 -7.2877357411E-001
   1    66   0    0  2.0182261487E+001  7.3674746433E-001 -6.0190305610E-002 -7.3428465415E-001
   1    67   0    0  2.0597376332E+001  7.4221389540E-001 -6.6216197165E-002 -7.3925427409E-001
   1    68   0    0  2.1012497050E+001  7.4718767079E-001 -7.2257406855E-002 -7.4368560732E-001
   1    69   0    0  2.1427623001E+001  7.5167240883E-001 -7.8307501749E-002 -7.4758233350E-001
   1    70   0    0  2.1842753556E+001  7.5567219828E-001 -8.4360091790E-002 -7.5094863084E-001
   1    71   0    0  2.2257888097E+001  7.5919158820E-001 -9.0408841962E-002 -7.5378916740E-001
   1    72   0    0  2.2673026022E+001  7.6223557737E-001 -9.6447484351E-002 -7.5610909145E-001
   1    73   0    0  2.3088166741E+001  7.6480960325E-001 -1.0246983003E-001 -7.5791402096E-001
   1    74   0    0  2.3503309685E+001  7.6691953045E-001 -1.0846978069E-001 -7.5921003212E-001
   1    75   0    0  2.3918454304E+001  7.6857163873E-001 -1.1444134004E-001 -7.6000364706E-001
   1    76   0    0  2.4333600065E+001  7.6977261057E-001 -1.2037862484E-001 -7.6030182077E-001
   1    77   0    0  2.4748746460E+001  7.7052951828E-001 -1.2627587551E-001 -7.6011192715E-001
   1    78   0    0  2.5163893005E+001  7.7084981062E-001 -1.3212746642E-001 -7.5944174441E-001
   1    79   0    0  2.5579039236E+001  7.7074129913E-001 -1.3792791562E-001 -7.5829943972E-001
   1    80   4    5  2.5994184718E+001  7.7021214399E-001 -1.4367189407E-001 -7.5669355329E-001
   1    81   0    0  2.6616900166E+001  7.6848349633E-001 -1.5214463883E-001 -7.5327212414E-001
   1    82   0    0  2.7239611605E+001  7.6586766755E-001 -1.6045782139E-001 -7.4887019687E-001
   1    83   0    0  2.7862317942E+001  7.6239665616E-001 -1.6859603545E-001 -7.4352137707E-001
   1    84   0    0  2.8485018225E+001  7.5810377127E-001 -1.7654485189E-001 -7.3726063457E-001
   1    85   0    0  2.9107711643E+001  7.5302351189E-001 -1.8429085534E-001 -7.3012416074E-001
   1    86   0    0  2.9730397526E+001  7.4719144540E-001 -1.9182167276E-001 -7.2214922415E-001
   1    87   0    0  3.0353075344E+001  7.4064408582E-001 -1.9912599429E-001 -7.1337402550E-001
   1    88   0    0  3.0975744701E+001  7.3341877254E-001 -2.0619358627E-001 -7.0383755292E-001
   1    89   0    0  3.1598405329E+001  7.2555355006E-001 -2.1301529668E-001 -6.9357943841E-001
   1    90   0    0  3.2221057087E+001  7.1708704937E-001 -2.1958305331E-001 -6.8263981650E-001
   1    91   0    0  3.2843699951E+001  7.0805837150E-001 -2.2588985502E-001 -6.7105918580E-001
   1    92   0    0  3.3466334007E+001  6.9850697367E-001 -2.3192975651E-001 -6.5887827427E-001
   1    93   0    0  3.4088959444E+001  6.8847255851E-001 -2.3769784707E-001 -6.4613790890E-001
   1    94   0    0  3.5022879528E+001  6.7241375455E-001 -2.4572808794E-001 -6.2590571503E-001
   1    95   0    0  3.5956782936E+001  6.5553164154E-001 -2.5312918921E-001 -6.0468780922E-001
   1    96   0    0  3.6890671397E+001  6.3795850353E-001 -2.5989840792E-001 -5.8261811660E-001
   1    97   0    0  3.7824546907E+001  6.1982495419E-001 -2.6603717321E-001 -5.5982782738E-001
   1    98   0    0  3.8758411664E+001  6.0125932018E-001 -2.7155073393E-001 -5.3644474926E-001
   1    99   0    0  3.9692267997E+001  5.8238706920E-001 -2.7644779272E-001 -5.1259273920E-001
   1   100   4    6  4.0626118313E+001  5.6333027708E-001 -2.8074013481E-001 -4.8839121387E-001
   1   101   0    0  4.1559965037E+001  5.4420712651E-001 -2.8444225908E-001 -4.6395473679E-001
   1   102   0    0  4.2493810563E+001  5.2513142775E-001 -2.8757101735E-001 -4.3939267903E-001
   1   103   0    0  4.3427657212E+001  5.0621214993E-001 -2.9014526740E-001 -4.1480894945E-001
   1   104   0    0  4.4361507193E+001  4.8755295004E-001 -2.9218554346E-001 -3.9030179001E-001
   1   105   0    0  4.5295362573E+001  4.6925168584E-001 -2.9371374744E-001 -3.6596363102E-001
   1   106   0    0  4.6229225249E+001  4.5139989920E-001 -2.9475286282E-001 -3.4188100101E-001
   1   107   0    0  4.7163096934E+001  4.3408225777E-001 -2.9532669258E-001 -3.1813448596E-001
   1   108   0    0  4.8096979141E+001  4.1737594627E-001 -2.9545962156E-001 -2.9479873227E-001
   1   109   0    0  4.9030873172E+001  4.0135000449E-001 -2.9517640334E-001 -2.7194248843E-001
   1   110   0    0  5.0030588763E+001  3.8502176326E-001 -2.9442695823E-001 -2.4810184290E-001
   1   111   0    0  5.1030320296E+001  3.6960513288E-001 -2.9326182741E-001 -2.2495656210E-001
   1   112   0    0  5.2030068551E+001  3.5514722716E-001 -2.9171139004E-001 -2.0256855106E-001
   1   113   0    0  5.3029834047E+001  3.4168062164E-001 -2.8980565080E-001 -1.8099262961E-001
   1   114   0    0  5.4029617061E+001  3.2922257688E-001 -2.8757409788E-001 -1.6027677112E-001
   1   115   0    0  5.5029417639E+001  3.1777454320E-001 -2.8504558561E-001 -1.4046235947E-001
   1   116   0    0  5.6029235622E+001  3.0732206123E-001 -2.8224823915E-001 -1.2158445959E-001
   1   117   0    0  5.7029070665E+001  2.9783515720E-001 -2.7920937851E-001 -1.0367209760E-001
   1   118   0    0  5.8028922256E+001  2.8926929684E-001 -2.7595545958E-001 -8.6748547084E-002
   1   119   0    0  5.9028789745E+001  2.8156690962E-001 -2.7251202984E-001 -7.0831618560E-002
   1   120   4    7  6.0028672357E+001  2.7465943399E-001 -2.6890369644E-001 -5.5933949612E-002
   1   121   0    0  6.1028569225E+001  2.6846977496E-001 -2.6515410498E-001 -4.2063293715E-002
   1   122   0    0  6.2028479400E+001  2.6291502055E-001 -2.6128592698E-001 -2.9222805980E-002
   1   123   0    0  6.3028401881E+001  2.5790924074E-001 -2.5732085465E-001 -1.7411324516E-002
   1   124   0    0  6.4028335626E+001  2.5336619590E-001 -2.5327960149E-001 -6.6236463173E-003
   1   125   0    0  6.5028279574E+001  2.4920180694E-001 -2.4918190765E-001  3.1492031190E-003
   1   126   0    0  6.6028232662E+001  2.4533628040E-001 -2.4504654877E-001  1.1919707069E-002
   1   127   0    0  6.7028193834E+001  2.4169582815E-001 -2.4089134773E-001  1.9703602152E-002
   1   128   0    0  6.8028162059E+001  2.3821396527E-001 -2.3673318831E-001  2.6519630468E-002
   1   129   0    0  6.9028136341E+001  2.3483240528E-001 -2.3258803033E-001  3.2389299453E-002
   1   130   0    0  7.0028115727E+001  2.3150159658E-001 -2.2847092556E-001  3.7336649479E-002
   1   131   0    0  7.1028099318E+001  2.2818095702E-001 -2.2439603425E-001  4.1388029173E-002
   1   132   0    0  7.2028086272E+001  2.2483886798E-001 -2.2037664172E-001  4.4571878340E-002
   1   133   0    0  7.3028075811E+001  2.2145248632E-001 -2.1642517491E-001  4.6918518356E-002
   1   134   0    0  7.4028067227E+001  2.1800742537E-001 -2.1255321870E-001  4.8459949833E-002
   1   135   0    0  7.5028059880E+001  2.1449734652E-001 -2.0877153182E-001  4.9229657378E-002
   1   136   0    0  7.6028053203E+001  2.1092349281E-001 -2.0509006235E-001  4.9262421204E-002
   1   137   0    0  7.7028046700E+001  2.0729418543E-001 -2.0151796276E-001  4.8594135409E-002
   1   138   0    0  7.8028039946E+001  2.0362429463E-001 -1.9806360453E-001  4.7261632690E-002
   1   139   0    0  7.9028032585E+001  1.9993468768E-001 -1.9473459232E-001  4.5302515311E-002
   1   140   4    8  8.0028024331E+001  1.9625164890E-001 -1.9153777786E-001  4.2754992126E-002
   1   141   0    0  8.1028014957E+001  1.9260626013E-001 -1.8847927357E-001  3.9657721513E-002
   1   142   0    0  8.2028004300E+001  1.8903372465E-001 -1.8556446606E-001  3.6049660057E-002
   1   143   0    0  8.3027992251E+001  1.8557261437E-001 -1.8279802958E-001  3.1969916883E-002
   1   144   0    0  8.4027978754E+001  1.8226401901E-001 -1.8018393958E-001  2.7457613535E-002
   1   145   0    0  8.5027963798E+001  1.7915057901E-001 -1.7772548652E-001  2.2551749335E-002
   1   146   0    0  8.6027947415E+001  1.7627539122E-001 -1.7542529000E-001  1.7291072196E-002
   1   147   0    0  8.7027929673E+001  1.7368078932E-001 -1.7328531340E-001  1.1713954854E-002
   1   148   0    0  8.8027910671E+001  1.7140701920E-001 -1.7130687910E-001  5.8582765451E-003
   1   149   0    0  8.9027890535E+001  1.6949085256E-001 -1.6949068449E-001 -2.3868985206E-004
   1   150   0    0  9.0027869412E+001  1.6796420559E-001 -1.6783681874E-001 -6.5403851444E-003
   1   151   0    0  9.1027847463E+001  1.6685285084E-001 -1.6634478052E-001 -1.3011065562E-002
   1   152   0    0  9.2027824865E+001  1.6617532192E-001 -1.6501349681E-001 -1.9615898815E-002
   1   153   0    0  9.3027801798E+001  1.6594210886E-001 -1.6384134273E-001 -2.6321054361E-002
   1   154   0    0  9.4027778448E+001  1.6615522261E-001 -1.6282616255E-001 -3.3093787792E-002
   1   155   0    0  9.5027754997E+001  1.6680817370E-001 -1.6196529188E-001 -3.9902519210E-002
   1   156   0    0  9.6027731627E+001  1.6788636541E-001 -1.6125558110E-001 -4.6716905473E-002
   1   157   0    0  9.7027708510E+001  1.6936785781E-001 -1.6069342000E-001 -5.3507906205E-002
   1   158   0    0  9.8027685809E+001  1.7122442144E-001 -1.6027476363E-001 -6.0247843450E-002
   1   159   0    0  9.9027663674E+001  1.7342277812E-001 -1.5999515930E-001 -6.6910454868E-002
   1   160   4    9  1.0002764224E+002  1.7592592065E-001 -1.5984977472E-001 -7.3470940369E-002
   1   161   0    0  1.0102762164E+002  1.7869441412E-001 -1.5983342723E-001 -7.9906002138E-002
   1   162   0    0  1.0202760196E+002  1.8168760155E-001 -1.5994061386E-001 -8.6193877952E-002
   1   163   0    0  1.0302758331E+002  1.8486466260E-001 -1.6016554242E-001 -9.2314367792E-002
   1   164   0    0  1.0402756574E+002  1.8818549794E-001 -1.6050216316E-001 -9.8248853706E-002
   1   165   0    0  1.0502754932E+002  1.9161143328E-001 -1.6094420113E-001 -1.0398031296E-001
   1   166   0    0  1.0602753408E+002  1.9510575171E-001 -1.6148518890E-001 -1.0949332453E-001
   1   167   0    0  1.0702752003E+002  1.9863407265E-001 -1.6211849960E-001 -1.1477406895E-001
   1   168   0    0  1.0802750719E+002  2.0216460013E-001 -1.6283738009E-001 -1.1981032172E-001
   1   169   0    0  1.0902749554E+002  2.0566826440E-001 -1.6363498397E-001 -1.2459144032E-001
   1   170   0    0  1.1002748507E+002  2.0911877928E-001 -1.6450440442E-001 -1.2910834510E-001
   1   171   0    0  1.1102747572E+002  2.1249263524E-001 -1.6543870658E-001 -1.3335349413E-001
   1   172   0    0  1.1202746746E+002  2.1576904479E-001 -1.6643095925E-001 -1.3732085236E-001
   1   173   0    0  1.1302746022E+002  2.1892985400E-001 -1.6747426588E-001 -1.4100585534E-001
   1   174   0    0  1.1402745395E+002  2.2195943048E-001 -1.6856179449E-001 -1.4440536770E-001
   1   175   0    0  1.1502744858E+002  2.2484453625E-001 -1.6968680649E-001 -1.4751763686E-001
   1   176   0    0  1.1602744402E+002  2.2757419131E-001 -1.7084268421E-001 -1.5034224224E-001
   1   177   0    0  1.1702744020E+002  2.3013953252E-001 -1.7202295691E-001 -1.5288004031E-001
   1   178   0    0  1.1802743705E+002  2.3253367089E-001 -1.7322132527E-001 -1.5513310597E-001
   1   179   0    0  1.1902743447E+002  2.3475154946E-001 -1.7443168419E-001 -1.5710467060E-001
   1   180   4   10  1.2002743239E+002  2.3678980327E-001 -1.7564814367E-001 -1.5879905717E-001
   1   181   0    0  1.2102743074E+002  2.3864662255E-001 -1.7686504800E-001 -1.6022161293E-001
   1   182   0    0  1.2202742944E+002  2.4032161955E-001 -1.7807699281E-001 -1.6137864003E-001
   1   183   0    0  1.2302742841E+002  2.4181569968E-001 -1.7927884021E-001 -1.6227732456E-001
   1   184   0    0  1.2402742760E+002  2.4313093696E-001 -1.8046573195E-001 -1.6292566434E-001
   1   185   0    0  1.2502742693E+002  2.4427045416E-001 -1.8163310044E-001 -1.6333239605E-001
   1   186   0    0  1.2602742637E+002  2.4523830752E-001 -1.8277667781E-001 -1.6350692194E-001
   1   187   0    0  1.2702742584E+002  2.4603937628E-001 -1.8389250293E-001 -1.6345923665E-001
   1   188   0    0  1.2802742532E+002  2.4667925697E-001 -1.8497692651E-001 -1.6319985440E-001
   1   189   0    0  1.2902742476E+002  2.4716416248E-001 -1.8602661420E-001 -1.6273973709E-001
   1   190   0    0  1.3002742414E+002  2.4750082617E-001 -1.8703854795E-001 -1.6209022345E-001
   1   191   0    0  1.3102742343E+002  2.4769641074E-001 -1.8801002555E-001 -1.6126295975E-001
   1   192   0    0  1.3202742260E+002  2.4775842224E-001 -1.8893865845E-001 -1.6026983226E-001
   1   193   0    0  1.3302742165E+002  2.4769462912E-001 -1.8982236814E-001 -1.5912290171E-001
   1   194   0    0  1.3402742057E+002  2.4751298641E-001 -1.9065938086E-001 -1.5783434015E-001
   1   195   0    0  1.3502741936E+002  2.4722156517E-001 -1.9144822119E-001 -1.5641637027E-001
   1   196   0    0  1.3602741800E+002  2.4682848709E-001 -1.9218770417E-001 -1.5488120740E-001
   1   197   0    0  1.3702741652E+002  2.4634186451E-001 -1.9287692644E-001 -1.5324100449E-001
   1   198   0    0  1.3802741492E+002  2.4576974572E-001 -1.9351525635E-001 -1.5150780004E-001
   1   199   0    0  1.3902741320E+002  2.4512006561E-001 -1.9410232314E-001 -1.4969346918E-001
   1   200   4   11  1.4002741138E+002  2.4440060158E-001 -1.9463800538E-001 -1.4780967801E-001
   1   201   0    0  1.4102740948E+002  2.4361893483E-001 -1.9512241880E-001 -1.4586784117E-001
   1   202   0    0  1.4202740751E+002  2.4278241669E-001 -1.9555590350E-001 -1.4387908278E-001
   1   203   0    0  1.4302740548E+002  2.4189814017E-001 -1.9593901078E-001 -1.4185420075E-001
   1   204   0    0  1.4402740342E+002  2.4097291632E-001 -1.9627248969E-001 -1.3980363439E-001
   1   205   0    0  1.4502740135E+002  2.4001325539E-001 -1.9655727324E-001 -1.3773743537E-001
   1   206   0    0  1.4602739927E+002  2.3902535253E-001 -1.9679446454E-001 -1.3566524197E-001
   1   207   0    0  1.4702739722E+002  2.3801507771E-001 -1.9698532294E-001 -1.3359625655E-001
   1   208   0    0  1.4802739519E+002  2.3698796974E-001 -1.9713125010E-001 -1.3153922622E-001
   1   209   0    0  1.4902739321E+002  2.3594923385E-001 -1.9723377621E-001 -1.2950242653E-001
   1   210   0    0  1.5002739129E+002  2.3490374279E-001 -1.9729454642E-001 -1.2749364818E-001
   1   211   0    0  1.5102738944E+002  2.3385604078E-001 -1.9731530744E-001 -1.2552018665E-001
   1   212   0    0  1.5202738768E+002  2.3281035022E-001 -1.9729789445E-001 -1.2358883452E-001
   1   213   0    0  1.5302738600E+002  2.3177058063E-001 -1.9724421833E-001 -1.2170587652E-001
   1   214   0    0  1.5402738443E+002  2.3074033939E-001 -1.9715625333E-001 -1.1987708704E-001
   1   215   0    0  1.5502738295E+002  2.2972294414E-001 -1.9703602504E-001 -1.1810773007E-001
   1   216   0    0  1.5602738159E+002  2.2872143617E-001 -1.9688559890E-001 -1.1640256143E-001
   1   217   0    0  1.5702738033E+002  2.2773859464E-001 -1.9670706916E-001 -1.1476583303E-001
   1   218   0    0  1.5802737919E+002  2.2677695124E-001 -1.9650254825E-001 -1.1320129922E-001
   1   219   0    0  1.5902737815E+002  2.2583880495E-001 -1.9627415678E-001 -1.1171222494E-001
   1   220   4   12  1.6002737723E+002  2.2492623665E-001 -1.9602401401E-001 -1.1030139557E-001
   1   221   0    0  1.6102737641E+002  2.2404112324E-001 -1.9575422878E-001 -1.0897112836E-001
   1   222   0    0  1.6202737569E+002  2.2318515123E-001 -1.9546689111E-001 -1.0772328536E-001
   1   223   0    0  1.6302737506E+002  2.2235982937E-001 -1.9516406421E-001 -1.0655928752E-001
   1   224   0    0  1.6402737453E+002  2.2156650040E-001 -1.9484777714E-001 -1.0548013009E-001
   1   225   0    0  1.6502737408E+002  2.2080635168E-001 -1.9452001791E-001 -1.0448639900E-001
   1   226   0    0  1.6602737371E+002  2.2008042468E-001 -1.9418272722E-001 -1.0357828814E-001
   1   227   0    0  1.6702737342E+002  2.1938962321E-001 -1.9383779259E-001 -1.0275561754E-001
   1   228   0    0  1.6802737318E+002  2.1873472064E-001 -1.9348704317E-001 -1.0201785205E-001
   1   229   0    0  1.6902737301E+002  2.1811636575E-001 -1.9313224491E-001 -1.0136412078E-001
   1   230   0    0  1.7002737288E+002  2.1753508768E-001 -1.9277509636E-001 -1.0079323686E-001
   1   231   0    0  1.7102737280E+002  2.1699129978E-001 -1.9241722484E-001 -1.0030371759E-001
   1   232   0    0  1.7202737275E+002  2.1648530257E-001 -1.9206018321E-001 -9.9893804881E-002
   1   233   0    0  1.7302737273E+002  2.1601728601E-001 -1.9170544698E-001 -9.9561485783E-002
   1   234   0    0  1.7402737274E+002  2.1558733105E-001 -1.9135441197E-001 -9.9304513130E-002
   1   235   0    0  1.7502737276E+002  2.1519541079E-001 -1.9100839235E-001 -9.9120426138E-002
   1   236   0    0  1.7602737279E+002  2.1484139123E-001 -1.9066861909E-001 -9.9006570900E-002
   1   237   0    0  1.7702737284E+002  2.1452503193E-001 -1.9033623888E-001 -9.8960120708E-002
   1   238   0    0  1.7802737289E+002  2.1424598653E-001 -1.9001231337E-001 -9.8978096112E-002
   1   239   0    0  1.7902737293E+002  2.1400380350E-001 -1.8969781879E-001 -9.9057384662E-002
   1   240   4   13  1.8002737298E+002  2.1379792703E-001 -1.8939364598E-001 -9.9194760264E-002
   1   241   0    0  1.8102737302E+002  2.1362769831E-001 -1.8910060068E-001 -9.9386902090E-002
   1   242   0    0  1.8202737305E+002  2.1349235723E-001 -1.8881940421E-001 -9.9630412991E-002
   1   243   0    0  1.8302737307E+002  2.1339104466E-001 -1.8855069440E-001 -9.9921837363E-002
   1   244   0    0  1.8402737308E+002  2.1332280522E-001 -1.8829502688E-001 -1.0025767842E-001
   1   245   0    0  1.8502737308E+002  2.1328659078E-001 -1.8805287651E-001 -1.0063441481E-001
   1   246   0    0  1.8602737307E+002  2.1328126457E-001 -1.8782463924E-001 -1.0104851661E-001
   1   247   0    0  1.8702737304E+002  2.1330560589E-001 -1.8761063401E-001 -1.0149646058E-001
   1   248   0    0  1.8802737301E+002  2.1335831563E-001 -1.8741110507E-001 -1.0197474465E-001
   1   249   0    0  1.8902737296E+002  2.1343802219E-001 -1.8722622429E-001 -1.0247990172E-001
   1   250   0    0  1.9002737291E+002  2.1354328816E-001 -1.8705609383E-001 -1.0300851266E-001
   1   251   0    0  1.9102737285E+002  2.1367261741E-001 -1.8690074889E-001 -1.0355721847E-001
   1   252   0    0  1.9202737278E+002  2.1382446266E-001 -1.8676016059E-001 -1.0412273166E-001
   1   253   0    0  1.9302737270E+002  2.1399723344E-001 -1.8663423905E-001 -1.0470184686E-001
   1   254   0    0  1.9402737262E+002  2.1418930431E-001 -1.8652283650E-001 -1.0529145049E-001
   1   255   0    0  1.9502737254E+002  2.1439902333E-001 -1.8642575058E-001 -1.0588852972E-001
   1   256   0    0  1.9602737246E+002  2.1462472058E-001 -1.8634272761E-001 -1.0649018052E-001
   1   257   0    0  1.9702737237E+002  2.1486471679E-001 -1.8627346607E-001 -1.0709361494E-001
   1   258   0    0  1.9802737229E+002  2.1511733188E-001 -1.8621761993E-001 -1.0769616754E-001
   1   259   0    0  1.9902737221E+002  2.1538089332E-001 -1.8617480223E-001 -1.0829530102E-001
   1   260   4   14  2.0002737213E+002  2.1565374432E-001 -1.8614458850E-001 -1.0888861104E-001
   1   261   0    0  2.0102737206E+002  2.1593425175E-001 -1.8612652029E-001 -1.0947383032E-001
   1   262   0    0  2.0202737199E+002  2.1622081362E-001 -1.8612010864E-001 -1.1004883190E-001
   1   263   0    0  2.0302737194E+002  2.1651186623E-001 -1.8612483754E-001 -1.1061163172E-001
   1   264   0    0  2.0402737189E+002  2.1680589081E-001 -1.8614016734E-001 -1.1116039040E-001
   1   265   0    0  2.0502737184E+002  2.1710141966E-001 -1.8616553812E-001 -1.1169341445E-001
   1   266   0    0  2.0602737181E+002  2.1739704174E-001 -1.8620037303E-001 -1.1220915668E-001
   1   267   0    0  2.0702737178E+002  2.1769140775E-001 -1.8624408143E-001 -1.1270621605E-001
   1   268   0    0  2.0802737177E+002  2.1798323449E-001 -1.8629606215E-001 -1.1318333687E-001
   1   269   0    0  2.0902737176E+002  2.1827130879E-001 -1.8635570644E-001 -1.1363940742E-001
   1   270   0    0  2.1002737177E+002  2.1855449074E-001 -1.8642240099E-001 -1.1407345805E-001
   1   271   0    0  2.1102737178E+002  2.1883171631E-001 -1.8649553072E-001 -1.1448465873E-001
   1   272   0    0  2.1202737180E+002  2.1910199945E-001 -1.8657448152E-001 -1.1487231610E-001
   1   273   0    0  2.1302737183E+002  2.1936443356E-001 -1.8665864284E-001 -1.1523587013E-001
   1   274   0    0  2.1402737187E+002  2.1961819246E-001 -1.8674741013E-001 -1.1557489031E-001
   1   275   0    0  2.1502737192E+002  2.1986253075E-001 -1.8684018719E-001 -1.1588907145E-001
   1   276   0    0  2.1602737197E+002  2.2009678377E-001 -1.8693638834E-001 -1.1617822921E-001
   1   277   0    0  2.1702737203E+002  2.2032036697E-001 -1.8703544045E-001 -1.1644229522E-001
   1   278   0    0  2.1802737210E+002  2.2053277494E-001 -1.8713678486E-001 -1.1668131202E-001
   1   279   0    0  2.1902737217E+002  2.2073357996E-001 -1.8723987907E-001 -1.1689542766E-001
   1   280   4   15  2.2002737225E+002  2.2092243024E-001 -1.8734419840E-001 -1.1708489019E-001
   1   281   0    0  2.2102737233E+002  2.2109904773E-001 -1.8744923736E-001 -1.1725004189E-001
   1   282   0    0  2.2202737241E+002  2.2126322574E-001 -1.8755451100E-001 -1.1739131343E-001
   1   283   0    0  2.2302737250E+002  2.2141482619E-001 -1.8765955604E-001 -1.1750921787E-001
   1   284   0    0  2.2402737259E+002  2.2155377671E-001 -1.8776393184E-001 -1.1760434462E-001
   1   285   0    0  2.2502737268E+002  2.2168006747E-001 -1.8786722128E-001 -1.1767735330E-001
   1   286   0    0  2.2602737277E+002  2.2179374791E-001 -1.8796903146E-001 -1.1772896766E-001
   1   287   0    0  2.2702737287E+002  2.2189492332E-001 -1.8806899425E-001 -1.1775996942E-001
   1   288   0    0  2.2802737296E+002  2.2198375129E-001 -1.8816676677E-001 -1.1777119223E-001
   1   289   0    0  2.2902737306E+002  2.2206043808E-001 -1.8826203164E-001 -1.1776351559E-001
   1   290   0    0  2.3002737315E+002  2.2212523507E-001 -1.8835449721E-001 -1.1773785896E-001
   1   291   0    0  2.3102737325E+002  2.2217843498E-001 -1.8844389758E-001 -1.1769517593E-001
   1   292   0    0  2.3202737334E+002  2.2222036830E-001 -1.8852999253E-001 -1.1763644845E-001
   1   293   0    0  2.3302737344E+002  2.2225139961E-001 -1.8861256742E-001 -1.1756268133E-001
   1   294   0    0  2.3402737353E+002  2.2227192402E-001 -1.8869143283E-001 -1.1747489682E-001
   1   295   0    0  2.3502737362E+002  2.2228236362E-001 -1.8876642426E-001 -1.1737412938E-001
   1   296   0    0  2.3602737371E+002  2.2228316406E-001 -1.8883740163E-001 -1.1726142063E-001
   1   297   0    0  2.3702737380E+002  2.2227479120E-001 -1.8890424875E-001 -1.1713781458E-001
   1   298   0    0  2.3802737389E+002  2.2225772785E-001 -1.8896687269E-001 -1.1700435297E-001
   1   299   0    0  2.3902737398E+002  2.2223247066E-001 -1.8902520306E-001 -1.1686207093E-001
   1   300   4   16  2.4002737407E+002  2.2219952711E-001 -1.8907919131E-001 -1.1671199280E-001
   1   301   0    0  2.4102737416E+002  2.2215941266E-001 -1.8912880983E-001 -1.1655512826E-001
   1   302   0    0  2.4202737424E+002  2.2211264797E-001 -1.8917405115E-001 -1.1639246865E-001
   1   303   0    0  2.4302737433E+002  2.2205975635E-001 -1.8921492696E-001 -1.1622498358E-001
   1   304   0    0  2.4402737441E+002  2.2200126133E-001 -1.8925146719E-001 -1.1605361777E-001
   1   305   0    0  2.4502737450E+002  2.2193768430E-001 -1.8928371900E-001 -1.1587928820E-001
   1   306   0    0  2.4602737458E+002  2.2186954242E-001 -1.8931174577E-001 -1.1570288140E-001
   1   307   0    0  2.4702737466E+002  2.2179734657E-001 -1.8933562605E-001 -1.1552525116E-001
   1   308   0    0  2.4802737475E+002  2.2172159954E-001 -1.8935545249E-001 -1.1534721632E-001
   1   309   0    0  2.4902737483E+002  2.2164279426E-001 -1.8937133081E-001 -1.1516955897E-001
   1   310   0    0  2.5002737492E+002  2.2156141228E-001 -1.8938337869E-001 -1.1499302276E-001
   1   311   0    0  2.5102737500E+002  2.2147792229E-001 -1.8939172471E-001 -1.1481831158E-001
   1   312   0    0  2.5202737509E+002  2.2139277889E-001 -1.8939650728E-001 -1.1464608835E-001
   1   313   0    0  2.5302737517E+002  2.2130642133E-001 -1.8939787357E-001 -1.1447697414E-001
   1   314   0    0  2.5402737526E+002  2.2121927256E-001 -1.8939597847E-001 -1.1431154748E-001
   1   315   0    0  2.5502737534E+002  2.2113173827E-001 -1.8939098358E-001 -1.1415034388E-001
   1   316   0    0  2.5602737543E+002  2.2104420610E-001 -1.8938305614E-001 -1.1399385553E-001
   1   317   0    0  2.5702737552E+002  2.2095704498E-001 -1.8937236810E-001 -1.1384253128E-001
   1   318   0    0  2.5802737561E+002  2.2087060453E-001 -1.8935909514E-001 -1.1369677670E-001
   1   319   0    0  2.5902737570E+002  2.2078521461E-001 -1.8934341574E-001 -1.1355695446E-001
   1   320   4   17  2.6002737579E+002  2.2070118494E-001 -1.8932551026E-001 -1.1342338470E-001
   1   321   0    0  2.6102737588E+002  2.2061880486E-001 -1.8930556014E-001 -1.1329634575E-001
   1   322   0    0  2.6202737598E+002  2.2053834313E-001 -1.8928374698E-001 -1.1317607485E-001
   1   323   0    0  2.6302737607E+002  2.2046004782E-001 -1.8926025185E-001 -1.1306276909E-001
   1   324   0    0  2.6402737616E+002  2.2038414634E-001 -1.8923525447E-001 -1.1295658646E-001
   1   325   0    0  2.6502737626E+002  2.2031084548E-001 -1.8920893252E-001 -1.1285764701E-001
   1   326   0    0  2.6602737635E+002  2.2024033156E-001 -1.8918146102E-001 -1.1276603411E-001
   1   327   0    0  2.6702737645E+002  2.2017277064E-001 -1.8915301164E-001 -1.1268179586E-001
   1   328   0    0  2.6802737655E+002  2.2010830881E-001 -1.8912375216E-001 -1.1260494649E-001
   1   329   0    0  2.6902737664E+002  2.2004707251E-001 -1.8909384595E-001 -1.1253546794E-001
   1   330   0    0  2.7002737674E+002  2.1998916894E-001 -1.8906345144E-001 -1.1247331142E-001
   1   331   0    0  2.7102737684E+002  2.1993468650E-001 -1.8903272170E-001 -1.1241839909E-001
   1   332   0    0  2.7202737694E+002  2.1988369532E-001 -1.8900180405E-001 -1.1237062577E-001
   1   333   0    0  2.7302737704E+002  2.1983624777E-001 -1.8897083967E-001 -1.1232986062E-001
   1   334   0    0  2.7402737713E+002  2.1979237906E-001 -1.8893996332E-001 -1.1229594897E-001
   1   335   0    0  2.7502737723E+002  2.1975210791E-001 -1.8890930303E-001 -1.1226871408E-001
   1   336   0    0  2.7602737733E+002  2.1971543716E-001 -1.8887897989E-001 -1.1224795892E-001
   1   337   0    0  2.7702737743E+002  2.1968235451E-001 -1.8884910788E-001 -1.1223346799E-001
   1   338   0    0  2.7802737753E+002  2.1965283322E-001 -1.8881979367E-001 -1.1222500907E-001
   1   339   0    0  2.7902737763E+002  2.1962683289E-001 -1.8879113655E-001 -1.1222233506E-001
   1   340   4   18  2.8002737773E+002  2.1960430021E-001 -1.8876322833E-001 -1.1222518568E-001
   1   341   0    0  2.8102737783E+002  2.1958516975E-001 -1.8873615330E-001 -1.1223328924E-001
   1   342   0    0  2.8202737793E+002  2.1956936480E-001 -1.8870998824E-001 -1.1224636430E-001
   1   343   0    0  2.8302737803E+002  2.1955679816E-001 -1.8868480243E-001 -1.1226412139E-001
   1   344   0    0  2.8402737813E+002  2.1954737296E-001 -1.8866065771E-001 -1.1228626456E-001
   1   345   0    0  2.8502737823E+002  2.1954098352E-001 -1.8863760855E-001 -1.1231249299E-001
   1   346   0    0  2.8602737833E+002  2.1953751613E-001 -1.8861570221E-001 -1.1234250250E-001
   1   347   0    0  2.8702737843E+002  2.1953684996E-001 -1.8859497881E-001 -1.1237598700E-001
   1   348   0    0  2.8802737853E+002  2.1953885779E-001 -1.8857547156E-001 -1.1241263990E-001
   1   349   0    0  2.8902737863E+002  2.1954340691E-001 -1.8855720687E-001 -1.1245215542E-001
   1   350   0    0  2.9002737872E+002  2.1955035987E-001 -1.8854020462E-001 -1.1249422990E-001
   1   351   0    0  2.9102737882E+002  2.1955957528E-001 -1.8852447837E-001 -1.1253856297E-001
   1   352   0    0  2.9202737892E+002  2.1957090861E-001 -1.8851003555E-001 -1.1258485869E-001
   1   353   0    0  2.9302737902E+002  2.1958421292E-001 -1.8849687778E-001 -1.1263282660E-001
   1   354   0    0  2.9402737912E+002  2.1959933957E-001 -1.8848500109E-001 -1.1268218273E-001
   1   355   0    0  2.9502737922E+002  2.1961613901E-001 -1.8847439621E-001 -1.1273265049E-001
   1   356   0    0  2.9602737932E+002  2.1963446136E-001 -1.8846504888E-001 -1.1278396149E-001
   1   357   0    0  2.9702737942E+002  2.1965415714E-001 -1.8845694011E-001 -1.1283585634E-001
   1   358   0    0  2.9802737951E+002  2.1967507787E-001 -1.8845004650E-001 -1.1288808534E-001
   1   359   0    0  2.9902737961E+002  2.1969707664E-001 -1.8844434055E-001 -1.1294040905E-001
   1   360   4   19  3.0002737971E+002  2.1972000871E-001 -1.8843979098E-001 -1.1299259888E-001
   1   361   0    0  3.0102737981E+002  2.1974373201E-001 -1.8843636300E-001 -1.1304443754E-001
   1   362   0    0  3.0202737991E+002  2.1976810765E-001 -1.8843401866E-001 -1.1309571942E-001
   1   363   0    0  3.0302738001E+002  2.1979300035E-001 -1.8843271715E-001 -1.1314625097E-001
   1   364   0    0  3.0402738011E+002  2.1981827890E-001 -1.8843241512E-001 -1.1319585093E-001
   1   365   0    0  3.0502738020E+002  2.1984381649E-001 -1.8843306695E-001 -1.1324435054E-001
   1   366   0    0  3.0602738030E+002  2.1986949112E-001 -1.8843462509E-001 -1.1329159365E-001
   1   367   0    0  3.0702738040E+002  2.1989518586E-001 -1.8843704034E-001 -1.1333743685E-001
   1   368   0    0  3.0802738050E+002  2.1992078913E-001 -1.8844026212E-001 -1.1338174944E-001
   1   369   0    0  3.0902738060E+002  2.1994619499E-001 -1.8844423878E-001 -1.1342441342E-001
   1   370   0    0  3.1002738070E+002  2.1997130325E-001 -1.8844891786E-001 -1.1346532338E-001
   1   371   0    0  3.1102738080E+002  2.1999601973E-001 -1.8845424635E-001 -1.1350438639E-001
   1   372   0    0  3.1202738090E+002  2.2002025633E-001 -1.8846017094E-001 -1.1354152177E-001
   1   373   0    0  3.1302738100E+002  2.2004393115E-001 -1.8846663826E-001 -1.1357666090E-001
   1   374   0    0  3.1402738110E+002  2.2006696859E-001 -1.8847359514E-001 -1.1360974693E-001
   1   375   0    0  3.1502738120E+002  2.2008929931E-001 -1.8848098879E-001 -1.1364073449E-001
   1   376   0    0  3.1602738130E+002  2.2011086031E-001 -1.8848876702E-001 -1.1366958930E-001
   1   377   0    0  3.1702738140E+002  2.2013159487E-001 -1.8849687846E-001 -1.1369628786E-001
   1   378   0    0  3.1802738150E+002  2.2015145253E-001 -1.8850527270E-001 -1.1372081698E-001
   1   379   0    0  3.1902738160E+002  2.2017038898E-001 -1.8851390051E-001 -1.1374317341E-001
   1   380   4   20  3.2002738170E+002  2.2018836598E-001 -1.8852271395E-001 -1.1376336335E-001
   1   381   0    0  3.2102738179E+002  2.2020535127E-001 -1.8853166653E-001 -1.1378140201E-001
   1   382   0    0  3.2202738189E+002  2.2022131835E-001 -1.8854071335E-001 -1.1379731308E-001
   1   383   0    0  3.2302738199E+002  2.2023624641E-001 -1.8854981123E-001 -1.1381112827E-001
   1   384   0    0  3.2402738209E+002  2.2025012011E-001 -1.8855891879E-001 -1.1382288678E-001
   1   385   0    0  3.2502738219E+002  2.2026292937E-001 -1.8856799653E-001 -1.1383263478E-001
   1   386   0    0  3.2602738229E+002  2.2027466919E-001 -1.8857700695E-001 -1.1384042489E-001
   1   387   0    0  3.2702738239E+002  2.2028533944E-001 -1.8858591460E-001 -1.1384631566E-001
   1   388   0    0  3.2802738249E+002  2.2029494460E-001 -1.8859468613E-001 -1.1385037101E-001
   1   389   0    0  3.2902738259E+002  2.2030349353E-001 -1.8860329035E-001 -1.1385265975E-001
   1   390   0    0  3.3002738269E+002  2.2031099923E-001 -1.8861169823E-001 -1.1385325500E-001
   1   391   0    0  3.3102738279E+002  2.2031747860E-001 -1.8861988296E-001 -1.1385223373E-001
   1   392   0    0  3.3202738289E+002  2.2032295213E-001 -1.8862781995E-001 -1.1384967622E-001
   1   393   0    0  3.3302738299E+002  2.2032744370E-001 -1.8863548681E-001 -1.1384566554E-001
   1   394   0    0  3.3402738309E+002  2.2033098029E-001 -1.8864286337E-001 -1.1384028713E-001
   1   395   0    0  3.3502738319E+002  2.2033359169E-001 -1.8864993165E-001 -1.1383362823E-001
   1   396   0    0  3.3602738329E+002  2.2033531030E-001 -1.8865667584E-001 -1.1382577751E-001
   1   397   0    0  3.3702738339E+002  2.2033617079E-001 -1.8866308225E-001 -1.1381682457E-001
   1   398   0    0  3.3802738349E+002  2.2033620991E-001 -1.8866913929E-001 -1.1380685952E-001
   1   399   0    0  3.3902738359E+002  2.2033546617E-001 -1.8867483742E-001 -1.1379597259E-001
   1   400   4   21  3.4002738369E+002  2.2033397965E-001 -1.8868016906E-001 -1.1378425370E-001
   1   401   0    0  3.4102738379E+002  2.2033179171E-001 -1.8868512859E-001 -1.1377179214E-001
   1   402   0    0  3.4202738389E+002  2.2032894476E-001 -1.8868971222E-001 -1.1375867617E-001
   1   403   0    0  3.4302738399E+002  2.2032548206E-001 -1.8869391796E-001 -1.1374499272E-001
   1   404   0    0  3.4402738409E+002  2.2032144744E-001 -1.8869774555E-001 -1.1373082707E-001
   1   405   0    0  3.4502738419E+002  2.2031688511E-001 -1.8870119633E-001 -1.1371626255E-001
   1   406   0    0  3.4602738429E+002  2.2031183948E-001 -1.8870427322E-001 -1.1370138030E-001
   1   407   0    0  3.4702738439E+002  2.2030635490E-001 -1.8870698060E-001 -1.1368625900E-001
   1   408   0    0  3.4802738449E+002  2.2030047554E-001 -1.8870932420E-001 -1.1367097466E-001
   1   409   0    0  3.4902738459E+002  2.2029424514E-001 -1.8871131109E-001 -1.1365560044E-001
   1   410   0    0  3.5002738469E+002  2.2028770691E-001 -1.8871294949E-001 -1.1364020641E-001
   1   411   0    0  3.5102738479E+002  2.2028090333E-001 -1.8871424875E-001 -1.1362485947E-001
   1   412   0    0  3.5202738489E+002  2.2027387599E-001 -1.8871521923E-001 -1.1360962316E-001
   1   413   0    0  3.5302738499E+002  2.2026666551E-001 -1.8871587222E-001 -1.1359455756E-001
   1   414   0    0  3.5402738509E+002  2.2025931137E-001 -1.8871621983E-001 -1.1357971921E-001
   1   415   0    0  3.5502738519E+002  2.2025185178E-001 -1.8871627491E-001 -1.1356516100E-001
   1   416   0    0  3.5602738529E+002  2.2024432362E-001 -1.8871605096E-001 -1.1355093217E-001
   1   417   0    0  3.5702738539E+002  2.2023676234E-001 -1.8871556205E-001 -1.1353707819E-001
   1   418   0    0  3.5802738549E+002  2.2022920184E-001 -1.8871482272E-001 -1.1352364083E-001
   1   419   0    0  3.5902738559E+002  2.2022167442E-001 -1.8871384789E-001 -1.1351065809E-001
   1   420   4   22  3.6002738569E+002  2.2021421074E-001 -1.8871265280E-001 -1.1349816424E-001
   1   421   0    0  3.6102738579E+002  2.2020683973E-001 -1.8871125291E-001 -1.1348618986E-001
   1   422   0    0  3.6202738589E+002  2.2019958857E-001 -1.8870966384E-001 -1.1347476186E-001
   1   423   0    0  3.6302738599E+002  2.2019248264E-001 -1.8870790129E-001 -1.1346390353E-001
   1   424   0    0  3.6402738609E+002  2.2018554553E-001 -1.8870598095E-001 -1.1345363464E-001
   1   425   0    0  3.6502738619E+002  2.2017879897E-001 -1.8870391845E-001 -1.1344397152E-001
   1   426   0    0  3.6602738629E+002  2.2017226287E-001 -1.8870172932E-001 -1.1343492711E-001
   1   427   0    0  3.6702738639E+002  2.2016595532E-001 -1.8869942887E-001 -1.1342651112E-001
   1   428   0    0  3.6802738649E+002  2.2015989256E-001 -1.8869703220E-001 -1.1341873008E-001
   1   429   0    0  3.6902738659E+002  2.2015408904E-001 -1.8869455407E-001 -1.1341158751E-001
   1   430   0    0  3.7002738669E+002  2.2014855741E-001 -1.8869200895E-001 -1.1340508404E-001
   1   431   0    0  3.7102738679E+002  2.2014330857E-001 -1.8868941087E-001 -1.1339921751E-001
   1   432   0    0  3.7202738689E+002  2.2013835171E-001 -1.8868677346E-001 -1.1339398316E-001
   1   433   0    0  3.7302738699E+002  2.2013369434E-001 -1.8868410986E-001 -1.1338937371E-001
   1   434   0    0  3.7402738709E+002  2.2012934232E-001 -1.8868143271E-001 -1.1338537958E-001
   1   435   0    0  3.7502738719E+002  2.2012529995E-001 -1.8867875412E-001 -1.1338198897E-001
   1   436   0    0  3.7602738729E+002  2.2012157000E-001 -1.8867608563E-001 -1.1337918809E-001
   1   437   0    0  3.7702738739E+002  2.2011815376E-001 -1.8867343819E-001 -1.1337696122E-001
   1   438   0    0  3.7802738749E+002  2.2011505114E-001 -1.8867082217E-001 -1.1337529097E-001
   1   439   0    0  3.7902738759E+002  2.2011226071E-001 -1.8866824729E-001 -1.1337415834E-001
   1   440   4   23  3.8002738769E+002  2.2010977976E-001 -1.8866572265E-001 -1.1337354296E-001
   1   441   0    0  3.8102738779E+002  2.2010760439E-001 -1.8866325671E-001 -1.1337342315E-001
   1   442   0    0  3.8202738789E+002  2.2010572958E-001 -1.8866085728E-001 -1.1337377617E-001
   1   443   0    0  3.8302738799E+002  2.2010414925E-001 -1.8865853151E-001 -1.1337457830E-001
   1   444   0    0  3.8402738809E+002  2.2010285636E-001 -1.8865628590E-001 -1.1337580502E-001
   1   445   0    0  3.8502738819E+002  2.2010184295E-001 -1.8865412633E-001 -1.1337743114E-001
   1   446   0    0  3.8602738829E+002  2.2010110026E-001 -1.8865205798E-001 -1.1337943092E-001
   1   447   0    0  3.8702738839E+002  2.2010061877E-001 -1.8865008545E-001 -1.1338177826E-001
   1   448   0    0  3.8802738849E+002  2.2010038829E-001 -1.8864821269E-001 -1.1338444679E-001
   1   449   0    0  3.8902738859E+002  2.2010039803E-001 -1.8864644303E-001 -1.1338740999E-001
   1   450   0    0  3.9002738869E+002  2.2010063667E-001 -1.8864477921E-001 -1.1339064132E-001
   1   451   0    0  3.9102738879E+002  2.2010109246E-001 -1.8864322340E-001 -1.1339411435E-001
   1   452   0    0  3.9202738889E+002  2.2010175327E-001 -1.8864177718E-001 -1.1339780286E-001
   1   453   0    0  3.9302738899E+002  2.2010260663E-001 -1.8864044161E-001 -1.1340168092E-001
   1   454   0    0  3.9402738909E+002  2.2010363986E-001 -1.8863921721E-001 -1.1340572302E-001
   1   455   0    0  3.9502738919E+002  2.2010484011E-001 -1.8863810401E-001 -1.1340990413E-001
   1   456   0    0  3.9602738929E+002  2.2010619438E-001 -1.8863710155E-001 -1.1341419983E-001
   1   457   0    0  3.9702738939E+002  2.2010768965E-001 -1.8863620894E-001 -1.1341858631E-001
   1   458   0    0  3.9802738949E+002  2.2010931290E-001 -1.8863542483E-001 -1.1342304054E-001
   1   459   0    0  3.9902738959E+002  2.2011105117E-001 -1.8863474750E-001 -1.1342754023E-001
   1   460   4   24  4.0002738969E+002  2.2011289161E-001 -1.8863417482E-001 -1.1343206399E-001
   1   461   0    0  4.0102738979E+002  2.2011482154E-001 -1.8863370435E-001 -1.1343659129E-001
   1   462   0    0  4.0202738989E+002  2.2011682849E-001 -1.8863333329E-001 -1.1344110258E-001
   1   463   0    0  4.0302738999E+002  2.2011890025E-001 -1.8863305858E-001 -1.1344557928E-001
   1   464   0    0  4.0402739009E+002  2.2012102489E-001 -1.8863287685E-001 -1.1345000384E-001
   1   465   0    0  4.0502739019E+002  2.2012319084E-001 -1.8863278453E-001 -1.1345435973E-001
   1   466   0    0  4.0602739029E+002  2.2012538686E-001 -1.8863277782E-001 -1.1345863154E-001
   1   467   0    0  4.0702739039E+002  2.2012760213E-001 -1.8863285271E-001 -1.1346280490E-001
   1   468   0    0  4.0802739049E+002  2.2012982625E-001 -1.8863300507E-001 -1.1346686656E-001
   1   469   0    0  4.0902739059E+002  2.2013204929E-001 -1.8863323059E-001 -1.1347080435E-001
   1   470   0    0  4.1002739069E+002  2.2013426175E-001 -1.8863352488E-001 -1.1347460723E-001
   1   471   0    0  4.1102739079E+002  2.2013645465E-001 -1.8863388345E-001 -1.1347826524E-001
   1   472   0    0  4.1202739089E+002  2.2013861952E-001 -1.8863430175E-001 -1.1348176950E-001
   1   473   0    0  4.1302739099E+002  2.2014074838E-001 -1.8863477517E-001 -1.1348511222E-001
   1   474   0    0  4.1402739109E+002  2.2014283381E-001 -1.8863529910E-001 -1.1348828667E-001
   1   475   0    0  4.1502739119E+002  2.2014486889E-001 -1.8863586892E-001 -1.1349128714E-001
   1   476   0    0  4.1602739129E+002  2.2014684729E-001 -1.8863648004E-001 -1.1349410895E-001
   1   477   0    0  4.1702739139E+002  2.2014876317E-001 -1.8863712791E-001 -1.1349674840E-001
   1   478   0    0  4.1802739149E+002  2.2015061125E-001 -1.8863780801E-001 -1.1349920275E-001
   1   479   0    0  4.1902739159E+002  2.2015238681E-001 -1.8863851593E-001 -1.1350147016E-001
   1   480   4   25  4.2002739169E+002  2.2015408564E-001 -1.8863924732E-001 -1.1350354970E-001
   1   481   0    0  4.2102739179E+002  2.2015570405E-001 -1.8863999794E-001 -1.1350544129E-001
   1   482   0    0  4.2202739189E+002  2.2015723889E-001 -1.8864076368E-001 -1.1350714564E-001
   1   483   0    0  4.2302739199E+002  2.2015868750E-001 -1.8864154056E-001 -1.1350866424E-001
   1   484   0    0  4.2402739209E+002  2.2016004772E-001 -1.8864232470E-001 -1.1350999932E-001
   1   485   0    0  4.2502739219E+002  2.2016131788E-001 -1.8864311243E-001 -1.1351115375E-001
   1   486   0    0  4.2602739229E+002  2.2016249676E-001 -1.8864390018E-001 -1.1351213110E-001
   1   487   0    0  4.2702739239E+002  2.2016358360E-001 -1.8864468459E-001 -1.1351293547E-001
   1   488   0    0  4.2802739249E+002  2.2016457805E-001 -1.8864546245E-001 -1.1351357155E-001
   1   489   0    0  4.2902739259E+002  2.2016548021E-001 -1.8864623074E-001 -1.1351404451E-001
   1   490   0    0  4.3002739269E+002  2.2016629052E-001 -1.8864698662E-001 -1.1351435999E-001
   1   491   0    0  4.3102739279E+002  2.2016700984E-001 -1.8864772742E-001 -1.1351452402E-001
   1   492   0    0  4.3202739289E+002  2.2016763936E-001 -1.8864845068E-001 -1.1351454302E-001
   1   493   0    0  4.3302739299E+002  2.2016818060E-001 -1.8864915414E-001 -1.1351442372E-001
   1   494   0    0  4.3402739309E+002  2.2016863538E-001 -1.8864983569E-001 -1.1351417312E-001
   1   495   0    0  4.3502739319E+002  2.2016900582E-001 -1.8865049346E-001 -1.1351379846E-001
   1   496   0    0  4.3602739329E+002  2.2016929429E-001 -1.8865112574E-001 -1.1351330717E-001
   1   497   0    0  4.3702739339E+002  2.2016950340E-001 -1.8865173101E-001 -1.1351270683E-001
   1   498   0    0  4.3802739349E+002  2.2016963598E-001 -1.8865230796E-001 -1.1351200514E-001
   1   499   0    0  4.3902739359E+002  2.2016969507E-001 -1.8865285544E-001 -1.1351120985E-001
   1   500   4   26  4.4002739369E+002  2.2016968386E-001 -1.8865337249E-001 -1.1351032878E-001
   1   501   0    0  4.4102739379E+002  2.2016960570E-001 -1.8865385832E-001 -1.1350936972E-001
   1   502   0    0  4.4202739389E+002  2.2016946407E-001 -1.8865431232E-001 -1.1350834044E-001
   1   503   0    0  4.4302739399E+002  2.2016926256E-001 -1.8865473404E-001 -1.1350724866E-001
   1   504   0    0  4.4402739409E+002  2.2016900484E-001 -1.8865512318E-001 -1.1350610199E-001
   1   505   0    0  4.4502739419E+002  2.2016869466E-001 -1.8865547961E-001 -1.1350490791E-001
   1   506   0    0  4.4602739429E+002  2.2016833581E-001 -1.8865580334E-001 -1.1350367376E-001
   1   507   0    0  4.4702739439E+002  2.2016793211E-001 -1.8865609451E-001 -1.1350240673E-001
   1   508   0    0  4.4802739449E+002  2.2016748740E-001 -1.8865635341E-001 -1.1350111377E-001
   1   509   0    0  4.4902739459E+002  2.2016700552E-001 -1.8865658045E-001 -1.1349980164E-001
   1   510   0    0  4.5002739469E+002  2.2016649027E-001 -1.8865677614E-001 -1.1349847688E-001
   1   511   0    0  4.5102739479E+002  2.2016594542E-001 -1.8865694112E-001 -1.1349714574E-001
   1   512   0    0  4.5202739489E+002  2.2016537470E-001 -1.8865707612E-001 -1.1349581423E-001
   1   513   0    0  4.5302739499E+002  2.2016478178E-001 -1.8865718198E-001 -1.1349448808E-001
   1   514   0    0  4.5402739509E+002  2.2016417023E-001 -1.8865725961E-001 -1.1349317270E-001
   1   515   0    0  4.5502739519E+002  2.2016354354E-001 -1.8865731000E-001 -1.1349187324E-001
   1   516   0    0  4.5602739529E+002  2.2016290513E-001 -1.8865733421E-001 -1.1349059450E-001
   1   517   0    0  4.5702739539E+002  2.2016225826E-001 -1.8865733338E-001 -1.1348934101E-001
   1   518   0    0  4.5802739549E+002  2.2016160610E-001 -1.8865730868E-001 -1.1348811693E-001
   1   519   0    0  4.5902739559E+002  2.2016095171E-001 -1.8865726133E-001 -1.1348692614E-001
   1   520   4   27  4.6002739569E+002  2.2016029799E-001 -1.8865719261E-001 -1.1348577218E-001
   1   521   0    0  4.6102739579E+002  2.2015964770E-001 -1.8865710381E-001 -1.1348465825E-001
   1   522   0    0  4.6202739589E+002  2.2015900348E-001 -1.8865699625E-001 -1.1348358725E-001
   1   523   0    0  4.6302739599E+002  2.2015836779E-001 -1.8865687128E-001 -1.1348256176E-001
   1   524   0    0  4.6402739609E+002  2.2015774296E-001 -1.8865673025E-001 -1.1348158403E-001
   1   525   0    0  4.6502739619E+002  2.2015713115E-001 -1.8865657452E-001 -1.1348065601E-001
   1   526   0    0  4.6602739629E+002  2.2015653438E-001 -1.8865640544E-001 -1.1347977933E-001
   1   527   0    0  4.6702739639E+002  2.2015595450E-001 -1.8865622437E-001 -1.1347895535E-001
   1   528   0    0  4.6802739649E+002  2.2015539319E-001 -1.8865603264E-001 -1.1347818512E-001
   1   529   0    0  4.6902739659E+002  2.2015485199E-001 -1.8865583158E-001 -1.1347746941E-001
   1   530   0    0  4.7002739669E+002  2.2015433228E-001 -1.8865562249E-001 -1.1347680874E-001
   1   531   0    0  4.7102739679E+002  2.2015383526E-001 -1.8865540664E-001 -1.1347620335E-001
   1   532   0    0  4.7202739689E+002  2.2015336201E-001 -1.8865518527E-001 -1.1347565323E-001
   1   533   0    0  4.7302739699E+002  2.2015291343E-001 -1.8865495959E-001 -1.1347515815E-001
   1   534   0    0  4.7402739709E+002  2.2015249030E-001 -1.8865473076E-001 -1.1347471764E-001
   1   535   0    0  4.7502739719E+002  2.2015209321E-001 -1.8865449993E-001 -1.1347433103E-001
   1   536   0    0  4.7602739729E+002  2.2015172267E-001 -1.8865426816E-001 -1.1347399745E-001
   1   537   0    0  4.7702739739E+002  2.2015137900E-001 -1.8865403650E-001 -1.1347371584E-001
   1   538   0    0  4.7802739749E+002  2.2015106241E-001 -1.8865380594E-001 -1.1347348495E-001
   1   539   0    0  4.7902739759E+002  2.2015077300E-001 -1.8865357740E-001 -1.1347330340E-001
   1   540   4   28  4.8002739769E+002  2.2015051072E-001 -1.8865335178E-001 -1.1347316965E-001
   1   541   0    0  4.8102739779E+002  2.2015027542E-001 -1.8865312991E-001 -1.1347308203E-001
   1   542   0    0  4.8202739789E+002  2.2015006685E-001 -1.8865291255E-001 -1.1347303874E-001
   1   543   0    0  4.8302739799E+002  2.2014988465E-001 -1.8865270043E-001 -1.1347303790E-001
   1   544   0    0  4.8402739809E+002  2.2014972835E-001 -1.8865249421E-001 -1.1347307751E-001
   1   545   0    0  4.8502739819E+002  2.2014959741E-001 -1.8865229450E-001 -1.1347315550E-001
   1   546   0    0  4.8602739829E+002  2.2014949120E-001 -1.8865210185E-001 -1.1347326973E-001
   1   547   0    0  4.8702739839E+002  2.2014940902E-001 -1.8865191675E-001 -1.1347341802E-001
   1   548   0    0  4.8802739849E+002  2.2014935008E-001 -1.8865173964E-001 -1.1347359813E-001
   1   549   0    0  4.8902739859E+002  2.2014931355E-001 -1.8865157090E-001 -1.1347380779E-001
   1   550   0    0  4.9002739869E+002  2.2014929854E-001 -1.8865141087E-001 -1.1347404473E-001
   1   551   0    0  4.9102739879E+002  2.2014930410E-001 -1.8865125981E-001 -1.1347430663E-001
   1   552   0    0  4.9202739889E+002  2.2014932923E-001 -1.8865111796E-001 -1.1347459122E-001
   1   553   0    0  4.9302739899E+002  2.2014937291E-001 -1.8865098549E-001 -1.1347489619E-001
   1   554   0    0  4.9402739909E+002  2.2014943409E-001 -1.8865086254E-001 -1.1347521930E-001
   1   555   0    0  4.9502739919E+002  2.2014951168E-001 -1.8865074916E-001 -1.1347555830E-001
   1   556   0    0  4.9602739929E+002  2.2014960457E-001 -1.8865064542E-001 -1.1347591100E-001
   1   557   0    0  4.9702739939E+002  2.2014971166E-001 -1.8865055129E-001 -1.1347627523E-001
   1   558   0    0  4.9802739949E+002  2.2014983181E-001 -1.8865046673E-001 -1.1347664891E-001
   1   559   0    0  4.9902739959E+002  2.2014996389E-001 -1.8865039165E-001 -1.1347702998E-001
   1   560   4   29  5.0002739969E+002  2.2015010679E-001 -1.8865032592E-001 -1.1347741647E-001
   1   561   0    0  5.0102739979E+002  2.2015025938E-001 -1.8865026940E-001 -1.1347780646E-001
   1   562   0    0  5.0202739989E+002  2.2015042055E-001 -1.8865022189E-001 -1.1347819812E-001
   1   563   0    0  5.0302739999E+002  2.2015058921E-001 -1.8865018317E-001 -1.1347858969E-001
   1   564   0    0  5.0402740009E+002  2.2015076428E-001 -1.8865015299E-001 -1.1347897950E-001
   1   565   0    0  5.0502740019E+002  2.2015094471E-001 -1.8865013109E-001 -1.1347936596E-001
   1   566   0    0  5.0602740029E+002  2.2015112949E-001 -1.8865011716E-001 -1.1347974758E-001
   1   567   0    0  5.0702740039E+002  2.2015131761E-001 -1.8865011089E-001 -1.1348012294E-001
   1   568   0    0  5.0802740049E+002  2.2015150810E-001 -1.8865011196E-001 -1.1348049074E-001
   1   569   0    0  5.0902740059E+002  2.2015170005E-001 -1.8865012000E-001 -1.1348084974E-001
   1   570   0    0  5.1002740069E+002  2.2015189256E-001 -1.8865013466E-001 -1.1348119883E-001
   1   571   0    0  5.1102740079E+002  2.2015208478E-001 -1.8865015557E-001 -1.1348153698E-001
   1   572   0    0  5.1202740089E+002  2.2015227590E-001 -1.8865018234E-001 -1.1348186325E-001
   1   573   0    0  5.1302740099E+002  2.2015246515E-001 -1.8865021459E-001 -1.1348217679E-001
   1   574   0    0  5.1402740109E+002  2.2015265182E-001 -1.8865025191E-001 -1.1348247687E-001
   1   575   0    0  5.1502740119E+002  2.2015283521E-001 -1.8865029390E-001 -1.1348276284E-001
   1   576   0    0  5.1602740129E+002  2.2015301470E-001 -1.8865034018E-001 -1.1348303412E-001
   1   577   0    0  5.1702740139E+002  2.2015318971E-001 -1.8865039034E-001 -1.1348329024E-001
   1   578   0    0  5.1802740149E+002  2.2015335969E-001 -1.8865044398E-001 -1.1348353083E-001
   1   579   0    0  5.1902740159E+002  2.2015352416E-001 -1.8865050071E-001 -1.1348375558E-001
   1   580   4   30  5.2002740169E+002  2.2015368266E-001 -1.8865056014E-001 -1.1348396427E-001
   1   581   0    0  5.2102740179E+002  2.2015383479E-001 -1.8865062189E-001 -1.1348415675E-001
   1   582   0    0  5.2202740189E+002  2.2015398021E-001 -1.8865068559E-001 -1.1348433297E-001
   1   583   0    0  5.2302740199E+002  2.2015411861E-001 -1.8865075087E-001 -1.1348449294E-001
   1   584   0    0  5.2402740209E+002  2.2015424972E-001 -1.8865081738E-001 -1.1348463673E-001
   1   585   0    0  5.2502740219E+002  2.2015437333E-001 -1.8865088477E-001 -1.1348476449E-001
   1   586   0    0  5.2602740229E+002  2.2015448925E-001 -1.8865095272E-001 -1.1348487641E-001
   1   587   0    0  5.2702740239E+002  2.2015459735E-001 -1.8865102091E-001 -1.1348497278E-001
   1   588   0    0  5.2802740249E+002  2.2015469754E-001 -1.8865108903E-001 -1.1348505389E-001
   1   589   0    0  5.2902740259E+002  2.2015478976E-001 -1.8865115680E-001 -1.1348512013E-001
   1   590   0    0  5.3002740269E+002  2.2015487398E-001 -1.8865122394E-001 -1.1348517191E-001
   1   591   0    0  5.3102740279E+002  2.2015495022E-001 -1.8865129019E-001 -1.1348520967E-001
   1   592   0    0  5.3202740289E+002  2.2015501853E-001 -1.8865135532E-001 -1.1348523393E-001
   1   593   0    0  5.3302740299E+002  2.2015507899E-001 -1.8865141909E-001 -1.1348524521E-001
   1   594   0    0  5.3402740309E+002  2.2015513171E-001 -1.8865148129E-001 -1.1348524407E-001
   1   595   0    0  5.3502740319E+002  2.2015517682E-001 -1.8865154175E-001 -1.1348523110E-001
   1   596   0    0  5.3602740329E+002  2.2015521449E-001 -1.8865160026E-001 -1.1348520691E-001
   1   597   0    0  5.3702740339E+002  2.2015524491E-001 -1.8865165669E-001 -1.1348517213E-001
   1   598   0    0  5.3802740349E+002  2.2015526829E-001 -1.8865171087E-001 -1.1348512741E-001
   1   599   0    0  5.3902740359E+002  2.2015528486E-001 -1.8865176269E-001 -1.1348507340E-001
   1   600   4   31  5.4002740369E+002  2.2015529487E-001 -1.8865181204E-001 -1.1348501078E-001
   1   601   0    0  5.4102740379E+002  2.2015529857E-001 -1.8865185882E-001 -1.1348494021E-001
   1   602   0    0  5.4202740389E+002  2.2015529626E-001 -1.8865190295E-001 -1.1348486237E-001
   1   603   0    0  5.4302740399E+002  2.2015528823E-001 -1.8865194436E-001 -1.1348477794E-001
   1   604   0    0  5.4402740409E+002  2.2015527477E-001 -1.8865198301E-001 -1.1348468759E-001
   1   605   0    0  5.4502740419E+002  2.2015525620E-001 -1.8865201886E-001 -1.1348459198E-001
   1   606   0    0  5.4602740429E+002  2.2015523285E-001 -1.8865205188E-001 -1.1348449176E-001
   1   607   0    0  5.4702740439E+002  2.2015520503E-001 -1.8865208208E-001 -1.1348438760E-001
   1   608   0    0  5.4802740449E+002  2.2015517307E-001 -1.8865210944E-001 -1.1348428011E-001
   1   609   0    0  5.4902740459E+002  2.2015513730E-001 -1.8865213400E-001 -1.1348416991E-001
   1   610   0    0  5.5002740469E+002  2.2015509807E-001 -1.8865215577E-001 -1.1348405760E-001
   1   611   0    0  5.5102740479E+002  2.2015505569E-001 -1.8865217479E-001 -1.1348394377E-001
   1   612   0    0  5.5202740489E+002  2.2015501050E-001 -1.8865219111E-001 -1.1348382897E-001
   1   613   0    0  5.5302740499E+002  2.2015496282E-001 -1.8865220479E-001 -1.1348371374E-001
   1   614   0    0  5.5402740509E+002  2.2015491297E-001 -1.8865221588E-001 -1.1348359859E-001
   1   615   0    0  5.5502740519E+002  2.2015486128E-001 -1.8865222448E-001 -1.1348348401E-001
   1   616   0    0  5.5602740529E+002  2.2015480804E-001 -1.8865223065E-001 -1.1348337047E-001
   1   617   0    0  5.5702740539E+002  2.2015475356E-001 -1.8865223449E-001 -1.1348325841E-001
   1   618   0    0  5.5802740549E+002  2.2015469813E-001 -1.8865223608E-001 -1.1348314823E-001
   1   619   0    0  5.5902740559E+002  2.2015464203E-001 -1.8865223552E-001 -1.1348304032E-001
   1   620   4   32  5.6002740569E+002  2.2015458554E-001 -1.8865223293E-001 -1.1348293503E-001
   1   621   0    0  5.6102740579E+002  2.2015452890E-001 -1.8865222840E-001 -1.1348283269E-001
   1   622   0    0  5.6202740589E+002  2.2015447239E-001 -1.8865222205E-001 -1.1348273361E-001
   1   623   0    0  5.6302740599E+002  2.2015441622E-001 -1.8865221398E-001 -1.1348263805E-001
   1   624   0    0  5.6402740609E+002  2.2015436063E-001 -1.8865220432E-001 -1.1348254626E-001
   1   625   0    0  5.6502740619E+002  2.2015430582E-001 -1.8865219318E-001 -1.1348245846E-001
   1   626   0    0  5.6602740629E+002  2.2015425199E-001 -1.8865218068E-001 -1.1348237483E-001
   1   627   0    0  5.6702740639E+002  2.2015419934E-001 -1.8865216693E-001 -1.1348229553E-001
   1   628   0    0  5.6802740649E+002  2.2015414802E-001 -1.8865215205E-001 -1.1348222070E-001
   1   629   0    0  5.6902740659E+002  2.2015409820E-001 -1.8865213616E-001 -1.1348215046E-001
   1   630   0    0  5.7002740669E+002  2.2015405001E-001 -1.8865211938E-001 -1.1348208489E-001
   1   631   0    0  5.7102740679E+002  2.2015400360E-001 -1.8865210182E-001 -1.1348202404E-001
   1   632   0    0  5.7202740689E+002  2.2015395907E-001 -1.8865208358E-001 -1.1348196797E-001
   1   633   0    0  5.7302740699E+002  2.2015391652E-001 -1.8865206478E-001 -1.1348191668E-001
   1   634   0    0  5.7402740709E+002  2.2015387605E-001 -1.8865204554E-001 -1.1348187017E-001
   1   635   0    0  5.7502740719E+002  2.2015383774E-001 -1.8865202594E-001 -1.1348182841E-001
   1   636   0    0  5.7602740729E+002  2.2015380163E-001 -1.8865200609E-001 -1.1348179137E-001
   1   637   0    0  5.7702740739E+002  2.2015376779E-001 -1.8865198609E-001 -1.1348175897E-001
   1   638   0    0  5.7802740749E+002  2.2015373626E-001 -1.8865196603E-001 -1.1348173114E-001
   1   639   0    0  5.7902740759E+002  2.2015370706E-001 -1.8865194600E-001 -1.1348170779E-001
   1   640   4   33  5.8002740769E+002  2.2015368020E-001 -1.8865192608E-001 -1.1348168879E-001
   1   641   0    0  5.8102740779E+002  2.2015365569E-001 -1.8865190636E-001 -1.1348167404E-001
   1   642   0    0  5.8202740789E+002  2.2015363354E-001 -1.8865188690E-001 -1.1348166339E-001
   1   643   0    0  5.8302740799E+002  2.2015361371E-001 -1.8865186779E-001 -1.1348165670E-001
   1   644   0    0  5.8402740809E+002  2.2015359618E-001 -1.8865184908E-001 -1.1348165381E-001
   1   645   0    0  5.8502740819E+002  2.2015358093E-001 -1.8865183084E-001 -1.1348165455E-001
   1   646   0    0  5.8602740829E+002  2.2015356792E-001 -1.8865181312E-001 -1.1348165875E-001
   1   647   0    0  5.8702740839E+002  2.2015355708E-001 -1.8865179597E-001 -1.1348166623E-001
   1   648   0    0  5.8802740849E+002  2.2015354837E-001 -1.8865177945E-001 -1.1348167681E-001
   1   649   0    0  5.8902740859E+002  2.2015354173E-001 -1.8865176359E-001 -1.1348169029E-001
   1   650   0    0  5.9002740869E+002  2.2015353708E-001 -1.8865174842E-001 -1.1348170647E-001
   1   651   0    0  5.9102740879E+002  2.2015353435E-001 -1.8865173399E-001 -1.1348172517E-001
   1   652   0    0  5.9202740889E+002  2.2015353346E-001 -1.8865172032E-001 -1.1348174618E-001
   1   653   0    0  5.9302740899E+002  2.2015353434E-001 -1.8865170743E-001 -1.1348176931E-001
   1   654   0    0  5.9402740909E+002  2.2015353689E-001 -1.8865169534E-001 -1.1348179435E-001
   1   655   0    0  5.9502740919E+002  2.2015354102E-001 -1.8865168407E-001 -1.1348182112E-001
   1   656   0    0  5.9602740929E+002  2.2015354665E-001 -1.8865167362E-001 -1.1348184941E-001
   1   657   0    0  5.9702740939E+002  2.2015355368E-001 -1.8865166400E-001 -1.1348187903E-001
   1   658   0    0  5.9802740949E+002  2.2015356200E-001 -1.8865165521E-001 -1.1348190979E-001
   1   659   0    0  5.9902740959E+002  2.2015357154E-001 -1.8865164725E-001 -1.1348194151E-001
   1   660   4   34  6.0002740969E+002  2.2015358218E-001 -1.8865164013E-001 -1.1348197400E-001
   1   661   0    0  6.0102740979E+002  2.2015359383E-001 -1.8865163381E-001 -1.1348200710E-001
   1   662   0    0  6.0202740989E+002  2.2015360639E-001 -1.8865162831E-001 -1.1348204062E-001
   1   663   0    0  6.0302740999E+002  2.2015361978E-001 -1.8865162360E-001 -1.1348207442E-001
   1   664   0    0  6.0402741009E+002  2.2015363388E-001 -1.8865161966E-001 -1.1348210832E-001
   1   665   0    0  6.0502741019E+002  2.2015364861E-001 -1.8865161648E-001 -1.1348214218E-001
   1   666   0    0  6.0602741029E+002  2.2015366387E-001 -1.8865161404E-001 -1.1348217585E-001
   1   667   0    0  6.0702741039E+002  2.2015367958E-001 -1.8865161230E-001 -1.1348220921E-001
   1   668   0    0  6.0802741049E+002  2.2015369564E-001 -1.8865161125E-001 -1.1348224211E-001
   1   669   0    0  6.0902741059E+002  2.2015371197E-001 -1.8865161086E-001 -1.1348227445E-001
   1   670   0    0  6.1002741069E+002  2.2015372849E-001 -1.8865161109E-001 -1.1348230611E-001
   1   671   0    0  6.1102741079E+002  2.2015374512E-001 -1.8865161192E-001 -1.1348233699E-001
   1   672   0    0  6.1202741089E+002  2.2015376177E-001 -1.8865161332E-001 -1.1348236699E-001
   1   673   0    0  6.1302741099E+002  2.2015377839E-001 -1.8865161524E-001 -1.1348239602E-001
   1   674   0    0  6.1402741109E+002  2.2015379490E-001 -1.8865161767E-001 -1.1348242400E-001
   1   675   0    0  6.1502741119E+002  2.2015381123E-001 -1.8865162056E-001 -1.1348245087E-001
   1   676   0    0  6.1602741129E+002  2.2015382732E-001 -1.8865162389E-001 -1.1348247656E-001
   1   677   0    0  6.1702741139E+002  2.2015384311E-001 -1.8865162761E-001 -1.1348250102E-001
   1   678   0    0  6.1802741149E+002  2.2015385856E-001 -1.8865163169E-001 -1.1348252420E-001
   1   679   0    0  6.1902741159E+002  2.2015387361E-001 -1.8865163611E-001 -1.1348254606E-001
   1   680   4   35  6.2002741169E+002  2.2015388821E-001 -1.8865164081E-001 -1.1348256656E-001
   1   681   0    0  6.2102741179E+002  2.2015390233E-001 -1.8865164578E-001 -1.1348258569E-001
   1   682   0    0  6.2202741189E+002  2.2015391592E-001 -1.8865165097E-001 -1.1348260343E-001
   1   683   0    0  6.2302741199E+002  2.2015392895E-001 -1.8865165635E-001 -1.1348261977E-001
   1   684   0    0  6.2402741209E+002  2.2015394140E-001 -1.8865166190E-001 -1.1348263469E-001
   1   685   0    0  6.2502741219E+002  2.2015395323E-001 -1.8865166757E-001 -1.1348264821E-001
   1   686   0    0  6.2602741229E+002  2.2015396443E-001 -1.8865167335E-001 -1.1348266034E-001
   1   687   0    0  6.2702741239E+002  2.2015397497E-001 -1.8865167919E-001 -1.1348267108E-001
   1   688   0    0  6.2802741249E+002  2.2015398485E-001 -1.8865168508E-001 -1.1348268045E-001
   1   689   0    0  6.2902741259E+002  2.2015399405E-001 -1.8865169098E-001 -1.1348268849E-001
   1   690   0    0  6.3002741269E+002  2.2015400256E-001 -1.8865169687E-001 -1.1348269521E-001
   1   691   0    0  6.3102741279E+002  2.2015401038E-001 -1.8865170272E-001 -1.1348270065E-001
   1   692   0    0  6.3202741289E+002  2.2015401751E-001 -1.8865170852E-001 -1.1348270485E-001
   1   693   0    0  6.3302741299E+002  2.2015402395E-001 -1.8865171423E-001 -1.1348270785E-001
   1   694   0    0  6.3402741309E+002  2.2015402971E-001 -1.8865171984E-001 -1.1348270969E-001
   1   695   0    0  6.3502741319E+002  2.2015403478E-001 -1.8865172533E-001 -1.1348271041E-001
   1   696   0    0  6.3602741329E+002  2.2015403919E-001 -1.8865173068E-001 -1.1348271008E-001
   1   697   0    0  6.3702741339E+002  2.2015404295E-001 -1.8865173587E-001 -1.1348270873E-001
   1   698   0    0  6.3802741349E+002  2.2015404606E-001 -1.8865174089E-001 -1.1348270642E-001
   1   699   0    0  6.3902741359E+002  2.2015404856E-001 -1.8865174573E-001 -1.1348270321E-001
   1   700   4   36  6.4002741369E+002  2.2015405044E-001 -1.8865175038E-001 -1.1348269915E-001
   1   701   0    0  6.4102741379E+002  2.2015405174E-001 -1.8865175481E-001 -1.1348269430E-001
   1   702   0    0  6.4202741389E+002  2.2015405248E-001 -1.8865175903E-001 -1.1348268872E-001
   1   703   0    0  6.4302741399E+002  2.2015405268E-001 -1.8865176303E-001 -1.1348268247E-001
   1   704   0    0  6.4402741409E+002  2.2015405237E-001 -1.8865176679E-001 -1.1348267560E-001
   1   705   0    0  6.4502741419E+002  2.2015405156E-001 -1.8865177032E-001 -1.1348266817E-001
   1   706   0    0  6.4602741429E+002  2.2015405030E-001 -1.8865177361E-001 -1.1348266024E-001
   1   707   0    0  6.4702741439E+002  2.2015404859E-001 -1.8865177666E-001 -1.1348265187E-001
   1   708   0    0  6.4802741449E+002  2.2015404648E-001 -1.8865177946E-001 -1.1348264312E-001
   1   709   0    0  6.4902741459E+002  2.2015404399E-001 -1.8865178202E-001 -1.1348263403E-001
   1   710   0    0  6.5002741469E+002  2.2015404115E-001 -1.8865178433E-001 -1.1348262468E-001
   1   711   0    0  6.5102741479E+002  2.2015403798E-001 -1.8865178640E-001 -1.1348261509E-001
   1   712   0    0  6.5202741489E+002  2.2015403452E-001 -1.8865178823E-001 -1.1348260534E-001
   1   713   0    0  6.5302741499E+002  2.2015403080E-001 -1.8865178982E-001 -1.1348259547E-001
   1   714   0    0  6.5402741509E+002  2.2015402683E-001 -1.8865179118E-001 -1.1348258552E-001
   1   715   0    0  6.5502741519E+002  2.2015402266E-001 -1.8865179231E-001 -1.1348257555E-001
   1   716   0    0  6.5602741529E+002  2.2015401831E-001 -1.8865179322E-001 -1.1348256559E-001
   1   717   0    0  6.5702741539E+002  2.2015401381E-001 -1.8865179392E-001 -1.1348255570E-001
   1   718   0    0  6.5802741549E+002  2.2015400917E-001 -1.8865179440E-001 -1.1348254590E-001
   1   719   0    0  6.5902741559E+002  2.2015400444E-001 -1.8865179469E-001 -1.1348253624E-001
   1   720   4   37  6.6002741569E+002  2.2015399963E-001 -1.8865179478E-001 -1.1348252674E-001
   1   721   0    0  6.6102741579E+002  2.2015399476E-001 -1.8865179469E-001 -1.1348251746E-001
   1   722   0    0  6.6202741589E+002  2.2015398987E-001 -1.8865179443E-001 -1.1348250840E-001
   1   723   0    0  6.6302741599E+002  2.2015398497E-001 -1.8865179400E-001 -1.1348249961E-001
   1   724   0    0  6.6402741609E+002  2.2015398008E-001 -1.8865179342E-001 -1.1348249110E-001
   1   725   0    0  6.6502741619E+002  2.2015397523E-001 -1.8865179269E-001 -1.1348248291E-001
   1   726   0    0  6.6602741629E+002  2.2015397044E-001 -1.8865179182E-001 -1.1348247504E-001
   1   727   0    0  6.6702741639E+002  2.2015396571E-001 -1.8865179083E-001 -1.1348246753E-001
   1   728   0    0  6.6802741649E+002  2.2015396108E-001 -1.8865178972E-001 -1.1348246037E-001
   1   729   0    0  6.6902741659E+002  2.2015395655E-001 -1.8865178851E-001 -1.1348245360E-001
   1   730   0    0  6.7002741669E+002  2.2015395213E-001 -1.8865178720E-001 -1.1348244722E-001
   1   731   0    0  6.7102741679E+002  2.2015394785E-001 -1.8865178581E-001 -1.1348244123E-001
   1   732   0    0  6.7202741689E+002  2.2015394372E-001 -1.8865178434E-001 -1.1348243565E-001
   1   733   0    0  6.7302741699E+002  2.2015393974E-001 -1.8865178281E-001 -1.1348243048E-001
   1   734   0    0  6.7402741709E+002  2.2015393592E-001 -1.8865178122E-001 -1.1348242572E-001
   1   735   0    0  6.7502741719E+002  2.2015393228E-001 -1.8865177958E-001 -1.1348242138E-001
   1   736   0    0  6.7602741729E+002  2.2015392882E-001 -1.8865177791E-001 -1.1348241745E-001
   1   737   0    0  6.7702741739E+002  2.2015392555E-001 -1.8865177621E-001 -1.1348241393E-001
   1   738   0    0  6.7802741749E+002  2.2015392247E-001 -1.8865177448E-001 -1.1348241081E-001
   1   739   0    0  6.7902741759E+002  2.2015391959E-001 -1.8865177275E-001 -1.1348240810E-001
   1   740   4   38  6.8002741769E+002  2.2015391691E-001 -1.8865177102E-001 -1.1348240578E-001
   1   741   0    0  6.8102741779E+002  2.2015391443E-001 -1.8865176928E-001 -1.1348240385E-001
   1   742   0    0  6.8202741789E+002  2.2015391215E-001 -1.8865176756E-001 -1.1348240229E-001
   1   743   0    0  6.8302741799E+002  2.2015391008E-001 -1.8865176586E-001 -1.1348240110E-001
   1   744   0    0  6.8402741809E+002  2.2015390820E-001 -1.8865176418E-001 -1.1348240025E-001
   1   745   0    0  6.8502741819E+002  2.2015390653E-001 -1.8865176254E-001 -1.1348239975E-001
   1   746   0    0  6.8602741829E+002  2.2015390506E-001 -1.8865176093E-001 -1.1348239957E-001
   1   747   0    0  6.8702741839E+002  2.2015390379E-001 -1.8865175936E-001 -1.1348239971E-001
   1   748   0    0  6.8802741849E+002  2.2015390270E-001 -1.8865175784E-001 -1.1348240014E-001
   1   749   0    0  6.8902741859E+002  2.2015390181E-001 -1.8865175637E-001 -1.1348240085E-001
   1   750   0    0  6.9002741869E+002  2.2015390110E-001 -1.8865175495E-001 -1.1348240182E-001
   1   751   0    0  6.9102741879E+002  2.2015390056E-001 -1.8865175359E-001 -1.1348240304E-001
   1   752   0    0  6.9202741889E+002  2.2015390020E-001 -1.8865175229E-001 -1.1348240449E-001
   1   753   0    0  6.9302741899E+002  2.2015390000E-001 -1.8865175106E-001 -1.1348240616E-001
   1   754   0    0  6.9402741909E+002  2.2015389996E-001 -1.8865174989E-001 -1.1348240802E-001
   1   755   0    0  6.9502741919E+002  2.2015390007E-001 -1.8865174879E-001 -1.1348241006E-001
   1   756   0    0  6.9602741929E+002  2.2015390032E-001 -1.8865174776E-001 -1.1348241226E-001
   1   757   0    0  6.9702741939E+002  2.2015390071E-001 -1.8865174680E-001 -1.1348241461E-001
   1   758   0    0  6.9802741949E+002  2.2015390122E-001 -1.8865174591E-001 -1.1348241709E-001
   1   759   0    0  6.9902741959E+002  2.2015390186E-001 -1.8865174510E-001 -1.1348241967E-001
   1   760   4   39  7.0002741969E+002  2.2015390260E-001 -1.8865174435E-001 -1.1348242236E-001
   1   761   0    0  7.0102741979E+002  2.2015390345E-001 -1.8865174368E-001 -1.1348242512E-001
   1   762   0    0  7.0202741989E+002  2.2015390439E-001 -1.8865174308E-001 -1.1348242794E-001
   1   763   0    0  7.0302741999E+002  2.2015390542E-001 -1.8865174255E-001 -1.1348243082E-001
   1   764   0    0  7.0402742009E+002  2.2015390652E-001 -1.8865174209E-001 -1.1348243372E-001
   1   765   0    0  7.0502742019E+002  2.2015390770E-001 -1.8865174170E-001 -1.1348243665E-001
   1   766   0    0  7.0602742029E+002  2.2015390893E-001 -1.8865174137E-001 -1.1348243958E-001
   1   767   0    0  7.0702742039E+002  2.2015391022E-001 -1.8865174111E-001 -1.1348244251E-001
   1   768   0    0  7.0802742049E+002  2.2015391155E-001 -1.8865174092E-001 -1.1348244542E-001
   1   769   0    0  7.0902742059E+002  2.2015391291E-001 -1.8865174078E-001 -1.1348244830E-001
   1   770   0    0  7.1002742069E+002  2.2015391431E-001 -1.8865174070E-001 -1.1348245113E-001
   1   771   0    0  7.1102742079E+002  2.2015391573E-001 -1.8865174068E-001 -1.1348245392E-001
   1   772   0    0  7.1202742089E+002  2.2015391716E-001 -1.8865174071E-001 -1.1348245665E-001
   1   773   0    0  7.1302742099E+002  2.2015391860E-001 -1.8865174080E-001 -1.1348245930E-001
   1   774   0    0  7.1402742109E+002  2.2015392004E-001 -1.8865174093E-001 -1.1348246188E-001
   1   775   0    0  7.1502742119E+002  2.2015392147E-001 -1.8865174110E-001 -1.1348246437E-001
   1   776   0    0  7.1602742129E+002  2.2015392290E-001 -1.8865174132E-001 -1.1348246677E-001
   1   777   0    0  7.1702742139E+002  2.2015392431E-001 -1.8865174158E-001 -1.1348246907E-001
   1   778   0    0  7.1802742149E+002  2.2015392570E-001 -1.8865174188E-001 -1.1348247127E-001
   1   779   0    0  7.1902742159E+002  2.2015392706E-001 -1.8865174221E-001 -1.1348247336E-001
   1   780   4   40  7.2002742169E+002  2.2015392839E-001 -1.8865174257E-001 -1.1348247534E-001
   1   781   0    0  7.2102742179E+002  2.2015392968E-001 -1.8865174296E-001 -1.1348247721E-001
   1   782   0    0  7.2202742189E+002  2.2015393093E-001 -1.8865174337E-001 -1.1348247895E-001
   1   783   0    0  7.2302742199E+002  2.2015393214E-001 -1.8865174380E-001 -1.1348248058E-001
   1   784   0    0  7.2402742209E+002  2.2015393331E-001 -1.8865174426E-001 -1.1348248209E-001
   1   785   0    0  7.2502742219E+002  2.2015393443E-001 -1.8865174472E-001 -1.1348248347E-001
   1   786   0    0  7.2602742229E+002  2.2015393549E-001 -1.8865174521E-001 -1.1348248474E-001
   1   787   0    0  7.2702742239E+002  2.2015393650E-001 -1.8865174570E-001 -1.1348248588E-001
   1   788   0    0  7.2802742249E+002  2.2015393746E-001 -1.8865174620E-001 -1.1348248690E-001
   1   789   0    0  7.2902742259E+002  2.2015393836E-001 -1.8865174671E-001 -1.1348248780E-001
   1   790   0    0  7.3002742269E+002  2.2015393920E-001 -1.8865174722E-001 -1.1348248859E-001
   1   791   0    0  7.3102742279E+002  2.2015393998E-001 -1.8865174773E-001 -1.1348248926E-001
   1   792   0    0  7.3202742289E+002  2.2015394070E-001 -1.8865174824E-001 -1.1348248981E-001
   1   793   0    0  7.3302742299E+002  2.2015394137E-001 -1.8865174874E-001 -1.1348249026E-001
   1   794   0    0  7.3402742309E+002  2.2015394197E-001 -1.8865174924E-001 -1.1348249060E-001
   1   795   0    0  7.3502742319E+002  2.2015394251E-001 -1.8865174974E-001 -1.1348249084E-001
   1   796   0    0  7.3602742329E+002  2.2015394300E-001 -1.8865175022E-001 -1.1348249097E-001
   1   797   0    0  7.3702742339E+002  2.2015394342E-001 -1.8865175069E-001 -1.1348249101E-001
   1   798   0    0  7.3802742349E+002  2.2015394379E-001 -1.8865175115E-001 -1.1348249096E-001
   1   799   0    0  7.3902742359E+002  2.2015394411E-001 -1.8865175160E-001 -1.1348249083E-001
   1   800   4   41  7.4002742369E+002  2.2015394436E-001 -1.8865175203E-001 -1.1348249061E-001
   1   801   0    0  7.4102742379E+002  2.2015394457E-001 -1.8865175244E-001 -1.1348249031E-001
   1   802   0    0  7.4202742389E+002  2.2015394472E-001 -1.8865175284E-001 -1.1348248995E-001
   1   803   0    0  7.4302742399E+002  2.2015394482E-001 -1.8865175322E-001 -1.1348248951E-001
   1   804   0    0  7.4402742409E+002  2.2015394487E-001 -1.8865175358E-001 -1.1348248902E-001
   1   805   0    0  7.4502742419E+002  2.2015394488E-001 -1.8865175392E-001 -1.1348248846E-001
   1   806   0    0  7.4602742429E+002  2.2015394484E-001 -1.8865175424E-001 -1.1348248786E-001
   1   807   0    0  7.4702742439E+002  2.2015394476E-001 -1.8865175454E-001 -1.1348248720E-001
   1   808   0    0  7.4802742449E+002  2.2015394464E-001 -1.8865175482E-001 -1.1348248651E-001
   1   809   0    0  7.4902742459E+002  2.2015394449E-001 -1.8865175508E-001 -1.1348248578E-001
   1   810   0    0  7.5002742469E+002  2.2015394430E-001 -1.8865175532E-001 -1.1348248501E-001
   1   811   0    0  7.5102742479E+002  2.2015394408E-001 -1.8865175554E-001 -1.1348248422E-001
   1   812   0    0  7.5202742489E+002  2.2015394382E-001 -1.8865175573E-001 -1.1348248341E-001
   1   813   0    0  7.5302742499E+002  2.2015394354E-001 -1.8865175591E-001 -1.1348248257E-001
   1   814   0    0  7.5402742509E+002  2.2015394324E-001 -1.8865175606E-001 -1.1348248173E-001
   1   815   0    0  7.5502742519E+002  2.2015394291E-001 -1.8865175619E-001 -1.1348248087E-001
   1   816   0    0  7.5602742529E+002  2.2015394256E-001 -1.8865175631E-001 -1.1348248001E-001
   1   817   0    0  7.5702742539E+002  2.2015394220E-001 -1.8865175640E-001 -1.1348247915E-001
   1   818   0    0  7.5802742549E+002  2.2015394182E-001 -1.8865175647E-001 -1.1348247829E-001
   1   819   0    0  7.5902742559E+002  2.2015394143E-001 -1.8865175653E-001 -1.1348247743E-001
   1   820   4   42  7.6002742569E+002  2.2015394102E-001 -1.8865175657E-001 -1.1348247658E-001
   1   821   0    0  7.6102742579E+002  2.2015394061E-001 -1.8865175659E-001 -1.1348247575E-001
   1   822   0    0  7.6202742589E+002  2.2015394019E-001 -1.8865175659E-001 -1.1348247493E-001
   1   823   0    0  7.6302742599E+002  2.2015393977E-001 -1.8865175658E-001 -1.1348247414E-001
   1   824   0    0  7.6402742609E+002  2.2015393935E-001 -1.8865175656E-001 -1.1348247336E-001
   1   825   0    0  7.6502742619E+002  2.2015393893E-001 -1.8865175652E-001 -1.1348247260E-001
   1   826   0    0  7.6602742629E+002  2.2015393850E-001 -1.8865175646E-001 -1.1348247187E-001
   1   827   0    0  7.6702742639E+002  2.2015393808E-001 -1.8865175640E-001 -1.1348247117E-001
   1   828   0    0  7.6802742649E+002  2.2015393767E-001 -1.8865175632E-001 -1.1348247049E-001
   1   829   0    0  7.6902742659E+002  2.2015393726E-001 -1.8865175623E-001 -1.1348246985E-001
   1   830   0    0  7.7002742669E+002  2.2015393686E-001 -1.8865175613E-001 -1.1348246924E-001
   1   831   0    0  7.7102742679E+002  2.2015393647E-001 -1.8865175603E-001 -1.1348246866E-001
   1   832   0    0  7.7202742689E+002  2.2015393610E-001 -1.8865175591E-001 -1.1348246812E-001
   1   833   0    0  7.7302742699E+002  2.2015393573E-001 -1.8865175579E-001 -1.1348246761E-001
   1   834   0    0  7.7402742709E+002  2.2015393537E-001 -1.8865175566E-001 -1.1348246713E-001
   1   835   0    0  7.7502742719E+002  2.2015393503E-001 -1.8865175553E-001 -1.1348246669E-001
   1   836   0    0  7.7602742729E+002  2.2015393471E-001 -1.8865175539E-001 -1.1348246629E-001
   1   837   0    0  7.7702742739E+002  2.2015393439E-001 -1.8865175525E-001 -1.1348246592E-001
   1   838   0    0  7.7802742749E+002  2.2015393410E-001 -1.8865175510E-001 -1.1348246559E-001
   1   839   0    0  7.7902742759E+002  2.2015393382E-001 -1.8865175495E-001 -1.1348246529E-001
   1   840   4   43  7.8002742769E+002  2.2015393356E-001 -1.8865175480E-001 -1.1348246503E-001
   1   841   0    0  7.8102742779E+002  2.2015393331E-001 -1.8865175465E-001 -1.1348246480E-001
   1   842   0    0  7.8202742789E+002  2.2015393308E-001 -1.8865175450E-001 -1.1348246461E-001
   1   843   0    0  7.8302742799E+002  2.2015393287E-001 -1.8865175435E-001 -1.1348246445E-001
   1   844   0    0  7.8402742809E+002  2.2015393268E-001 -1.8865175421E-001 -1.1348246432E-001
   1   845   0    0  7.8502742819E+002  2.2015393250E-001 -1.8865175406E-001 -1.1348246423E-001
   1   846   0    0  7.8602742829E+002  2.2015393235E-001 -1.8865175391E-001 -1.1348246416E-001
   1   847   0    0  7.8702742839E+002  2.2015393220E-001 -1.8865175377E-001 -1.1348246413E-001
   1   848   0    0  7.8802742849E+002  2.2015393208E-001 -1.8865175363E-001 -1.1348246412E-001
   1   849   0    0  7.8902742859E+002  2.2015393198E-001 -1.8865175350E-001 -1.1348246413E-001
   1   850   0    0  7.9002742869E+002  2.2015393189E-001 -1.8865175337E-001 -1.1348246418E-001
   1   851   0    0  7.9102742879E+002  2.2015393181E-001 -1.8865175324E-001 -1.1348246424E-001
   1   852   0    0  7.9202742889E+002  2.2015393175E-001 -1.8865175312E-001 -1.1348246433E-001
   1   853   0    0  7.9302742899E+002  2.2015393171E-001 -1.8865175300E-001 -1.1348246444E-001
   1   854   0    0  7.9402742909E+002  2.2015393168E-001 -1.8865175289E-001 -1.1348246457E-001
   1   855   0    0  7.9502742919E+002  2.2015393167E-001 -1.8865175279E-001 -1.1348246472E-001
   1   856   0    0  7.9602742929E+002  2.2015393167E-001 -1.8865175269E-001 -1.1348246489E-001
   1   857   0    0  7.9702742939E+002  2.2015393168E-001 -1.8865175259E-001 -1.1348246507E-001
   1   858   0    0  7.9802742949E+002  2.2015393170E-001 -1.8865175251E-001 -1.1348246526E-001
   1   859   0    0  7.9902742959E+002  2.2015393174E-001 -1.8865175242E-001 -1.1348246546E-001
   1   860   4   44  8.0002742969E+002  2.2015393179E-001 -1.8865175235E-001 -1.1348246568E-001
   1   861   0    0  8.0102742979E+002  2.2015393184E-001 -1.8865175228E-001 -1.1348246591E-001
   1   862   0    0  8.0202742989E+002  2.2015393191E-001 -1.8865175222E-001 -1.1348246614E-001
   1   863   0    0  8.0302742999E+002  2.2015393199E-001 -1.8865175216E-001 -1.1348246638E-001
   1   864   0    0  8.0402743009E+002  2.2015393207E-001 -1.8865175211E-001 -1.1348246663E-001
   1   865   0    0  8.0502743019E+002  2.2015393216E-001 -1.8865175207E-001 -1.1348246688E-001
   1   866   0    0  8.0602743029E+002  2.2015393226E-001 -1.8865175203E-001 -1.1348246713E-001
   1   867   0    0  8.0702743039E+002  2.2015393236E-001 -1.8865175199E-001 -1.1348246738E-001
   1   868   0    0  8.0802743049E+002  2.2015393247E-001 -1.8865175197E-001 -1.1348246764E-001
   1   869   0    0  8.0902743059E+002  2.2015393258E-001 -1.8865175195E-001 -1.1348246789E-001
   1   870   0    0  8.1002743069E+002  2.2015393270E-001 -1.8865175193E-001 -1.1348246814E-001
   1   871   0    0  8.1102743079E+002  2.2015393281E-001 -1.8865175192E-001 -1.1348246839E-001
   1   872   0    0  8.1202743089E+002  2.2015393294E-001 -1.8865175191E-001 -1.1348246863E-001
   1   873   0    0  8.1302743099E+002  2.2015393306E-001 -1.8865175191E-001 -1.1348246887E-001
   1   874   0    0  8.1402743109E+002  2.2015393318E-001 -1.8865175192E-001 -1.1348246911E-001
   1   875   0    0  8.1502743119E+002  2.2015393331E-001 -1.8865175193E-001 -1.1348246934E-001
   1   876   0    0  8.1602743129E+002  2.2015393343E-001 -1.8865175194E-001 -1.1348246956E-001
   1   877   0    0  8.1702743139E+002  2.2015393356E-001 -1.8865175195E-001 -1.1348246977E-001
   1   878   0    0  8.1802743149E+002  2.2015393368E-001 -1.8865175197E-001 -1.1348246998E-001
   1   879   0    0  8.1902743159E+002  2.2015393380E-001 -1.8865175200E-001 -1.1348247017E-001
   1   880   4   45  8.2002743169E+002  2.2015393392E-001 -1.8865175202E-001 -1.1348247036E-001
   1   881   0    0  8.2102743179E+002  2.2015393404E-001 -1.8865175205E-001 -1.1348247054E-001
   1   882   0    0  8.2202743189E+002  2.2015393415E-001 -1.8865175208E-001 -1.1348247071E-001
   1   883   0    0  8.2302743199E+002  2.2015393426E-001 -1.8865175212E-001 -1.1348247087E-001
   1   884   0    0  8.2402743209E+002  2.2015393437E-001 -1.8865175215E-001 -1.1348247102E-001
   1   885   0    0  8.2502743219E+002  2.2015393447E-001 -1.8865175219E-001 -1.1348247116E-001
   1   886   0    0  8.2602743229E+002  2.2015393457E-001 -1.8865175223E-001 -1.1348247128E-001
   1   887   0    0  8.2702743239E+002  2.2015393467E-001 -1.8865175227E-001 -1.1348247140E-001
   1   888   0    0  8.2802743249E+002  2.2015393476E-001 -1.8865175231E-001 -1.1348247151E-001
   1   889   0    0  8.2902743259E+002  2.2015393485E-001 -1.8865175236E-001 -1.1348247160E-001
   1   890   0    0  8.3002743269E+002  2.2015393493E-001 -1.8865175240E-001 -1.1348247169E-001
   1   891   0    0  8.3102743279E+002  2.2015393501E-001 -1.8865175244E-001 -1.1348247177E-001
   1   892   0    0  8.3202743289E+002  2.2015393508E-001 -1.8865175249E-001 -1.1348247183E-001
   1   893   0    0  8.3302743299E+002  2.2015393514E-001 -1.8865175253E-001 -1.1348247189E-001
   1   894   0    0  8.3402743309E+002  2.2015393521E-001 -1.8865175258E-001 -1.1348247193E-001
   1   895   0    0  8.3502743319E+002  2.2015393526E-001 -1.8865175262E-001 -1.1348247197E-001
   1   896   0    0  8.3602743329E+002  2.2015393531E-001 -1.8865175266E-001 -1.1348247200E-001
   1   897   0    0  8.3702743339E+002  2.2015393536E-001 -1.8865175271E-001 -1.1348247202E-001
   1   898   0    0  8.3802743349E+002  2.2015393540E-001 -1.8865175275E-001 -1.1348247203E-001
   1   899   0    0  8.3902743359E+002  2.2015393544E-001 -1.8865175279E-001 -1.1348247203E-001
   1   900   4   46  8.4002743369E+002  2.2015393547E-001 -1.8865175283E-001 -1.1348247202E-001
   1   901   0    0  8.4102743379E+002  2.2015393549E-001 -1.8865175287E-001 -1.1348247201E-001
   1   902   0    0  8.4202743389E+002  2.2015393551E-001 -1.8865175290E-001 -1.1348247199E-001
   1   903   0    0  8.4302743399E+002  2.2015393553E-001 -1.8865175294E-001 -1.1348247196E-001
   1   904   0    0  8.4402743409E+002  2.2015393554E-001 -1.8865175297E-001 -1.1348247193E-001
   1   905   0    0  8.4502743419E+002  2.2015393555E-001 -1.8865175301E-001 -1.1348247189E-001
   1   906   0    0  8.4602743429E+002  2.2015393555E-001 -1.8865175304E-001 -1.1348247184E-001
   1   907   0    0  8.4702743439E+002  2.2015393555E-001 -1.8865175307E-001 -1.1348247180E-001
   1   908   0    0  8.4802743449E+002  2.2015393555E-001 -1.8865175309E-001 -1.1348247174E-001
   1   909   0    0  8.4902743459E+002  2.2015393554E-001 -1.8865175312E-001 -1.1348247168E-001
   1   910   0    0  8.5002743469E+002  2.2015393553E-001 -1.8865175314E-001 -1.1348247162E-001
   1   911   0    0  8.5102743479E+002  2.2015393552E-001 -1.8865175316E-001 -1.1348247156E-001
   1   912   0    0  8.5202743489E+002  2.2015393550E-001 -1.8865175318E-001 -1.1348247149E-001
   1   913   0    0  8.5302743499E+002  2.2015393548E-001 -1.8865175320E-001 -1.1348247142E-001
   1   914   0    0  8.5402743509E+002  2.2015393546E-001 -1.8865175322E-001 -1.1348247135E-001
   1   915   0    0  8.5502743519E+002  2.2015393543E-001 -1.8865175323E-001 -1.1348247128E-001
   1   916   0    0  8.5602743529E+002  2.2015393541E-001 -1.8865175325E-001 -1.1348247121E-001
   1   917   0    0  8.5702743539E+002  2.2015393538E-001 -1.8865175326E-001 -1.1348247113E-001
   1   918   0    0  8.5802743549E+002  2.2015393535E-001 -1.8865175327E-001 -1.1348247106E-001
   1   919   0    0  8.5902743559E+002  2.2015393531E-001 -1.8865175327E-001 -1.1348247098E-001
   1   920   4   47  8.6002743569E+002  2.2015393528E-001 -1.8865175328E-001 -1.1348247091E-001
   1   921   0    0  8.6102743579E+002  2.2015393525E-001 -1.8865175329E-001 -1.1348247084E-001
   1   922   0    0  8.6202743589E+002  2.2015393521E-001 -1.8865175329E-001 -1.1348247076E-001
   1   923   0    0  8.6302743599E+002  2.2015393518E-001 -1.8865175329E-001 -1.1348247069E-001
   1   924   0    0  8.6402743609E+002  2.2015393514E-001 -1.8865175329E-001 -1.1348247062E-001
   1   925   0    0  8.6502743619E+002  2.2015393510E-001 -1.8865175329E-001 -1.1348247055E-001
   1   926   0    0  8.6602743629E+002  2.2015393507E-001 -1.8865175329E-001 -1.1348247048E-001
   1   927   0    0  8.6702743639E+002  2.2015393503E-001 -1.8865175328E-001 -1.1348247042E-001
   1   928   0    0  8.6802743649E+002  2.2015393499E-001 -1.8865175328E-001 -1.1348247036E-001
   1   929   0    0  8.6902743659E+002  2.2015393496E-001 -1.8865175327E-001 -1.1348247030E-001
   1   930   0    0  8.7002743669E+002  2.2015393492E-001 -1.8865175326E-001 -1.1348247024E-001
   1   931   0    0  8.7102743679E+002  2.2015393489E-001 -1.8865175326E-001 -1.1348247018E-001
   1   932   0    0  8.7202743689E+002  2.2015393485E-001 -1.8865175325E-001 -1.1348247013E-001
   1   933   0    0  8.7302743699E+002  2.2015393482E-001 -1.8865175324E-001 -1.1348247008E-001
   1   934   0    0  8.7402743709E+002  2.2015393479E-001 -1.8865175323E-001 -1.1348247004E-001
   1   935   0    0  8.7502743719E+002  2.2015393475E-001 -1.8865175322E-001 -1.1348246999E-001
   1   936   0    0  8.7602743729E+002  2.2015393472E-001 -1.8865175321E-001 -1.1348246995E-001
   1   937   0    0  8.7702743739E+002  2.2015393469E-001 -1.8865175319E-001 -1.1348246992E-001
   1   938   0    0  8.7802743749E+002  2.2015393467E-001 -1.8865175318E-001 -1.1348246988E-001
   1   939   0    0  8.7902743759E+002  2.2015393464E-001 -1.8865175317E-001 -1.1348246985E-001
   1   940   4   48  8.8002743769E+002  2.2015393461E-001 -1.8865175316E-001 -1.1348246982E-001
   1   941   0    0  8.8102743779E+002  2.2015393459E-001 -1.8865175315E-001 -1.1348246980E-001
   1   942   0    0  8.8202743789E+002  2.2015393457E-001 -1.8865175313E-001 -1.1348246977E-001
   1   943   0    0  8.8302743799E+002  2.2015393455E-001 -1.8865175312E-001 -1.1348246976E-001
   1   944   0    0  8.8402743809E+002  2.2015393453E-001 -1.8865175311E-001 -1.1348246974E-001
   1   945   0    0  8.8502743819E+002  2.2015393451E-001 -1.8865175309E-001 -1.1348246973E-001
   1   946   0    0  8.8602743829E+002  2.2015393449E-001 -1.8865175308E-001 -1.1348246972E-001
   1   947   0    0  8.8702743839E+002  2.2015393448E-001 -1.8865175307E-001 -1.1348246971E-001
   1   948   0    0  8.8802743849E+002  2.2015393447E-001 -1.8865175306E-001 -1.1348246970E-001
   1   949   0    0  8.8902743859E+002  2.2015393445E-001 -1.8865175304E-001 -1.1348246970E-001
   1   950   0    0  8.9002743869E+002  2.2015393444E-001 -1.8865175303E-001 -1.1348246970E-001
   1   951   0    0  8.9102743879E+002  2.2015393443E-001 -1.8865175302E-001 -1.1348246970E-001
   1   952   0    0  8.9202743889E+002  2.2015393443E-001 -1.8865175301E-001 -1.1348246971E-001
   1   953   0    0  8.9302743899E+002  2.2015393442E-001 -1.8865175300E-001 -1.1348246971E-001
   1   954   0    0  8.9402743909E+002  2.2015393442E-001 -1.8865175299E-001 -1.1348246972E-001
   1   955   0    0  8.9502743919E+002  2.2015393441E-001 -1.8865175298E-001 -1.1348246973E-001
   1   956   0    0  8.9602743929E+002  2.2015393441E-001 -1.8865175297E-001 -1.1348246974E-001
   1   957   0    0  8.9702743939E+002  2.2015393441E-001 -1.8865175296E-001 -1.1348246976E-001
   1   958   0    0  8.9802743949E+002  2.2015393441E-001 -1.8865175295E-001 -1.1348246977E-001
   1   959   0    0  8.9902743959E+002  2.2015393441E-001 -1.8865175294E-001 -1.1348246979E-001
   1   960   4   49  9.0002743969E+002  2.2015393441E-001 -1.8865175293E-001 -1.1348246980E-001
   1   961   0    0  9.0102743979E+002  2.2015393442E-001 -1.8865175293E-001 -1.1348246982E-001
   1   962   0    0  9.0202743989E+002  2.2015393442E-001 -1.8865175292E-001 -1.1348246984E-001
   1   963   0    0  9.0302743999E+002  2.2015393443E-001 -1.8865175292E-001 -1.1348246986E-001
   1   964   0    0  9.0402744009E+002  2.2015393443E-001 -1.8865175291E-001 -1.1348246988E-001
   1   965   0    0  9.0502744019E+002  2.2015393444E-001 -1.8865175291E-001 -1.1348246990E-001
   1   966   0    0  9.0602744029E+002  2.2015393445E-001 -1.8865175290E-001 -1.1348246992E-001
   1   967   0    0  9.0702744039E+002  2.2015393445E-001 -1.8865175290E-001 -1.1348246994E-001
   1   968   0    0  9.0802744049E+002  2.2015393446E-001 -1.8865175289E-001 -1.1348246997E-001
   1   969   0    0  9.0902744059E+002  2.2015393447E-001 -1.8865175289E-001 -1.1348246999E-001
   1   970   0    0  9.1002744069E+002  2.2015393448E-001 -1.8865175289E-001 -1.1348247001E-001
   1   971   0    0  9.1102744079E+002  2.2015393449E-001 -1.8865175289E-001 -1.1348247003E-001
   1   972   0    0  9.1202744089E+002  2.2015393450E-001 -1.8865175289E-001 -1.1348247005E-001
   1   973   0    0  9.1302744099E+002  2.2015393451E-001 -1.8865175289E-001 -1.1348247008E-001
   1   974   0    0  9.1402744109E+002  2.2015393452E-001 -1.8865175289E-001 -1.1348247010E-001
   1   975   0    0  9.1502744119E+002  2.2015393453E-001 -1.8865175289E-001 -1.1348247012E-001
   1   976   0    0  9.1602744129E+002  2.2015393454E-001 -1.8865175289E-001 -1.1348247014E-001
   1   977   0    0  9.1702744139E+002  2.2015393455E-001 -1.8865175289E-001 -1.1348247016E-001
   1   978   0    0  9.1802744149E+002  2.2015393457E-001 -1.8865175289E-001 -1.1348247018E-001
   1   979   0    0  9.1902744159E+002  2.2015393458E-001 -1.8865175289E-001 -1.1348247019E-001
   1   980   4   50  9.2002744169E+002  2.2015393459E-001 -1.8865175289E-001 -1.1348247021E-001
   1   981   0    0  9.2102744179E+002  2.2015393460E-001 -1.8865175289E-001 -1.1348247023E-001
   1   982   0    0  9.2202744189E+002  2.2015393461E-001 -1.8865175290E-001 -1.1348247024E-001
   1   983   0    0  9.2302744199E+002  2.2015393462E-001 -1.8865175290E-001 -1.1348247026E-001
   1   984   0    0  9.2402744209E+002  2.2015393463E-001 -1.8865175290E-001 -1.1348247027E-001
   1   985   0    0  9.2502744219E+002  2.2015393464E-001 -1.8865175290E-001 -1.1348247029E-001
   1   986   0    0  9.2602744229E+002  2.2015393465E-001 -1.8865175291E-001 -1.1348247030E-001
   1   987   0    0  9.2702744239E+002  2.2015393466E-001 -1.8865175291E-001 -1.1348247031E-001
   1   988   0    0  9.2802744249E+002  2.2015393466E-001 -1.8865175291E-001 -1.1348247032E-001
   1   989   0    0  9.2902744259E+002  2.2015393467E-001 -1.8865175292E-001 -1.1348247033E-001
   1   990   0    0  9.3002744269E+002  2.2015393468E-001 -1.8865175292E-001 -1.1348247034E-001
   1   991   0    0  9.3102744279E+002  2.2015393469E-001 -1.8865175292E-001 -1.1348247035E-001
   1   992   0    0  9.3202744289E+002  2.2015393469E-001 -1.8865175293E-001 -1.1348247036E-001
   1   993   0    0  9.3302744299E+002  2.2015393470E-001 -1.8865175293E-001 -1.1348247036E-001
   1   994   0    0  9.3402744309E+002  2.2015393471E-001 -1.8865175294E-001 -1.1348247037E-001
   1   995   0    0  9.3502744319E+002  2.2015393471E-001 -1.8865175294E-001 -1.1348247037E-001
   1   996   0    0  9.3602744329E+002  2.2015393472E-001 -1.8865175294E-001 -1.1348247038E-001
   1   997   0    0  9.3702744339E+002  2.2015393472E-001 -1.8865175295E-001 -1.1348247038E-001
   1   998   0    0  9.3802744349E+002  2.2015393473E-001 -1.8865175295E-001 -1.1348247038E-001
   1   999   0    0  9.3902744359E+002  2.2015393473E-001 -1.8865175295E-001 -1.1348247038E-001
   1  1000   4   51  9.4002744369E+002  2.2015393473E-001 -1.8865175296E-001 -1.1348247039E-001
   1  1001   0    0  9.4102744379E+002  2.2015393474E-001 -1.8865175296E-001 -1.1348247038E-001
   1  1002   0    0  9.4202744389E+002  2.2015393474E-001 -1.8865175296E-001 -1.1348247038E-001
   1  1003   0    0  9.4302744399E+002  2.2015393474E-001 -1.8865175297E-001 -1.1348247038E-001
   1  1004   0    0  9.4402744409E+002  2.2015393474E-001 -1.8865175297E-001 -1.1348247038E-001
   1  1005   0    0  9.4502744419E+002  2.2015393474E-001 -1.8865175297E-001 -1.1348247038E-001
   1  1006   0    0  9.4602744429E+002  2.2015393475E-001 -1.8865175298E-001 -1.1348247038E-001
   1  1007   0    0  9.4702744439E+002  2.2015393475E-001 -1.8865175298E-001 -1.1348247037E-001
   1  1008   0    0  9.4802744449E+002  2.2015393475E-001 -1.8865175298E-001 -1.1348247037E-001
   1  1009   0    0  9.4902744459E+002  2.2015393475E-001 -1.8865175299E-001 -1.1348247036E-001
   1  1010   0    0  9.5002744469E+002  2.2015393475E-001 -1.8865175299E-001 -1.1348247036E-001
   1  1011   0    0  9.5102744479E+002  2.2015393475E-001 -1.8865175299E-001 -1.1348247035E-001
   1  1012   0    0  9.5202744489E+002  2.2015393474E-001 -1.8865175299E-001 -1.1348247035E-001
   1  1013   0    0  9.5302744499E+002  2.2015393474E-001 -1.8865175299E-001 -1.1348247034E-001
   1  1014   0    0  9.5402744509E+002  2.2015393474E-001 -1.8865175300E-001 -1.1348247034E-001
   1  1015   0    0  9.5502744519E+002  2.2015393474E-001 -1.8865175300E-001 -1.1348247033E-001
   1  1016   0    0  9.5602744529E+002  2.2015393474E-001 -1.8865175300E-001 -1.1348247033E-001
   1  1017   0    0  9.5702744539E+002  2.2015393474E-001 -1.8865175300E-001 -1.1348247032E-001
   1  1018   0    0  9.5802744549E+002  2.2015393473E-001 -1.8865175300E-001 -1.1348247031E-001
   1  1019   0    0  9.5902744559E+002  2.2015393473E-001 -1.8865175300E-001 -1.1348247031E-001
   1  1020   4   52  9.6002744569E+002  2.2015393473E-001 -1.8865175300E-001 -1.1348247030E-001
   1  1021   0    0  9.6102744579E+002  2.2015393473E-001 -1.8865175300E-001 -1.1348247029E-001
   1  1022   0    0  9.6202744589E+002  2.2015393472E-001 -1.8865175300E-001 -1.1348247029E-001
   1  1023   0    0  9.6302744599E+002  2.2015393472E-001 -1.8865175300E-001 -1.1348247028E-001
   1  1024   0    0  9.6402744609E+002  2.2015393472E-001 -1.8865175300E-001 -1.1348247027E-001
   1  1025   0    0  9.6502744619E+002  2.2015393471E-001 -1.8865175300E-001 -1.1348247027E-001
   1  1026   0    0  9.6602744629E+002  2.2015393471E-001 -1.8865175300E-001 -1.1348247026E-001
   1  1027   0    0  9.6702744639E+002  2.2015393471E-001 -1.8865175300E-001 -1.1348247026E-001
   1  1028   0    0  9.6802744649E+002  2.2015393470E-001 -1.8865175300E-001 -1.1348247025E-001
   1  1029   0    0  9.6902744659E+002  2.2015393470E-001 -1.8865175300E-001 -1.1348247024E-001
   1  1030   0    0  9.7002744669E+002  2.2015393470E-001 -1.8865175300E-001 -1.1348247024E-001
   1  1031   0    0  9.7102744679E+002  2.2015393469E-001 -1.8865175300E-001 -1.1348247023E-001
   1  1032   0    0  9.7202744689E+002  2.2015393469E-001 -1.8865175300E-001 -1.1348247023E-001
   1  1033   0    0  9.7302744699E+002  2.2015393469E-001 -1.8865175300E-001 -1.1348247022E-001
   1  1034   0    0  9.7402744709E+002  2.2015393469E-001 -1.8865175300E-001 -1.1348247022E-001
   1  1035   0    0  9.7502744719E+002  2.2015393468E-001 -1.8865175300E-001 -1.1348247022E-001
   1  1036   0    0  9.7602744729E+002  2.2015393468E-001 -1.8865175300E-001 -1.1348247021E-001
   1  1037   0    0  9.7702744739E+002  2.2015393468E-001 -1.8865175300E-001 -1.1348247021E-001
   1  1038   0    0  9.7802744749E+002  2.2015393467E-001 -1.8865175300E-001 -1.1348247020E-001
   1  1039   0    0  9.7902744759E+002  2.2015393467E-001 -1.8865175300E-001 -1.1348247020E-001
   1  1040   4   53  9.8002744769E+002  2.2015393467E-001 -1.8865175299E-001 -1.1348247020E-001
   1  1041   0    0  9.8102744779E+002  2.2015393467E-001 -1.8865175299E-001 -1.1348247020E-001
   1  1042   0    0  9.8202744789E+002  2.2015393466E-001 -1.8865175299E-001 -1.1348247019E-001
   1  1043   0    0  9.8302744799E+002  2.2015393466E-001 -1.8865175299E-001 -1.1348247019E-001
   1  1044   0    0  9.8402744809E+002  2.2015393466E-001 -1.8865175299E-001 -1.1348247019E-001
   1  1045   0    0  9.8502744819E+002  2.2015393466E-001 -1.8865175299E-001 -1.1348247019E-001
   1  1046   0    0  9.8602744829E+002  2.2015393466E-001 -1.8865175299E-001 -1.1348247019E-001
   1  1047   0    0  9.8702744839E+002  2.2015393466E-001 -1.8865175299E-001 -1.1348247019E-001
   1  1048   0    0  9.8802744849E+002  2.2015393465E-001 -1.8865175299E-001 -1.1348247018E-001
   1  1049   0    0  9.8902744859E+002  2.2015393465E-001 -1.8865175298E-001 -1.1348247018E-001
   1  1050   0    0  9.9002744869E+002  2.2015393465E-001 -1.8865175298E-001 -1.1348247018E-001
   1  1051   0    0  9.9102744879E+002  2.2015393465E-001 -1.8865175298E-001 -1.1348247018E-001
   1  1052   0    0  9.9202744889E+002  2.2015393465E-001 -1.8865175298E-001 -1.1348247018E-001
   1  1053   0    0  9.9302744899E+002  2.2015393465E-001 -1.8865175298E-001 -1.1348247018E-001
   1  1054   0    0  9.9402744909E+002  2.2015393465E-001 -1.8865175298E-001 -1.1348247018E-001
   1  1055   0    0  9.9502744919E+002  2.2015393465E-001 -1.8865175298E-001 -1.1348247018E-001
   1  1056   0    0  9.9602744929E+002  2.2015393465E-001 -1.8865175298E-001 -1.1348247019E-001
   1  1057   0    0  9.9702744939E+002  2.2015393465E-001 -1.8865175298E-001 -1.1348247019E-001
   1  1058   0    0  9.9802744949E+002  2.2015393465E-001 -1.8865175298E-001 -1.1348247019E-001
   1  1059   0    0  9.9902744959E+002  2.2015393465E-001 -1.8865175298E-001 -1.1348247019E-001
   1  1060   4   54  1.0000274497E+003  2.2015393465E-001 -1.8865175297E-001 -1.1348247019E-001
   1  1061   0    0  1.0010274498E+003  2.2015393465E-001 -1.8865175297E-001 -1.1348247019E-001
   1  1062   0    0  1.0020274499E+003  2.2015393465E-001 -1.8865175297E-001 -1.1348247019E-001
   1  1063   0    0  1.0030274500E+003  2.2015393465E-001 -1.8865175297E-001 -1.1348247019E-001
   1  1064   0    0  1.0040274501E+003  2.2015393465E-001 -1.8865175297E-001 -1.1348247020E-001
   1  1065   0    0  1.0050274502E+003  2.2015393465E-001 -1.8865175297E-001 -1.1348247020E-001
   1  1066   0    0  1.0060274503E+003  2.2015393465E-001 -1.8865175297E-001 -1.1348247020E-001
   1  1067   0    0  1.0070274504E+003  2.2015393465E-001 -1.8865175297E-001 -1.1348247020E-001
   1  1068   0    0  1.0080274505E+003  2.2015393465E-001 -1.8865175297E-001 -1.1348247020E-001
   1  1069   0    0  1.0090274506E+003  2.2015393465E-001 -1.8865175297E-001 -1.1348247021E-001
   1  1070   0    0  1.0100274507E+003  2.2015393465E-001 -1.8865175297E-001 -1.1348247021E-001
   1  1071   0    0  1.0110274508E+003  2.2015393465E-001 -1.8865175297E-001 -1.1348247021E-001
   1  1072   0    0  1.0120274509E+003  2.2015393465E-001 -1.8865175297E-001 -1.1348247021E-001
   1  1073   0    0  1.0130274510E+003  2.2015393465E-001 -1.8865175297E-001 -1.1348247021E-001
   1  1074   0    0  1.0140274511E+003  2.2015393466E-001 -1.8865175297E-001 -1.1348247021E-001
   1  1075   0    0  1.0150274512E+003  2.2015393466E-001 -1.8865175297E-001 -1.1348247022E-001
   1  1076   0    0  1.0160274513E+003  2.2015393466E-001 -1.8865175297E-001 -1.1348247022E-001
   1  1077   0    0  1.0170274514E+003  2.2015393466E-001 -1.8865175297E-001 -1.1348247022E-001
   1  1078   0    0  1.0180274515E+003  2.2015393466E-001 -1.8865175297E-001 -1.1348247022E-001
   1  1079   0    0  1.0190274516E+003  2.2015393466E-001 -1.8865175297E-001 -1.1348247022E-001
   1  1080   4   55  1.0200274517E+003  2.2015393466E-001 -1.8865175297E-001 -1.1348247023E-001
   1  1081   0    0  1.0210274518E+003  2.2015393466E-001 -1.8865175297E-001 -1.1348247023E-001
   1  1082   0    0  1.0220274519E+003  2.2015393466E-001 -1.8865175297E-001 -1.1348247023E-001
   1  1083   0    0  1.0230274520E+003  2.2015393466E-001 -1.8865175297E-001 -1.1348247023E-001
   1  1084   0    0  1.0240274521E+003  2.2015393466E-001 -1.8865175297E-001 -1.1348247023E-001
   1  1085   0    0  1.0250274522E+003  2.2015393467E-001 -1.8865175297E-001 -1.1348247023E-001
   1  1086   0    0  1.0260274523E+003  2.2015393467E-001 -1.8865175297E-001 -1.1348247023E-001
   1  1087   0    0  1.0270274524E+003  2.2015393467E-001 -1.8865175297E-001 -1.1348247023E-001
   1  1088   0    0  1.0280274525E+003  2.2015393467E-001 -1.8865175297E-001 -1.1348247024E-001
   1  1089   0    0  1.0290274526E+003  2.2015393467E-001 -1.8865175297E-001 -1.1348247024E-001
   1  1090   0    0  1.0300274527E+003  2.2015393467E-001 -1.8865175297E-001 -1.1348247024E-001
   1  1091   0    0  1.0310274528E+003  2.2015393467E-001 -1.8865175297E-001 -1.1348247024E-001
   1  1092   0    0  1.0320274529E+003  2.2015393467E-001 -1.8865175297E-001 -1.1348247024E-001
   1  1093   0    0  1.0330274530E+003  2.2015393467E-001 -1.8865175297E-001 -1.1348247024E-001
   1  1094   0    0  1.0340274531E+003  2.2015393467E-001 -1.8865175297E-001 -1.1348247024E-001
   1  1095   0    0  1.0350274532E+003  2.2015393467E-001 -1.8865175297E-001 -1.1348247024E-001
   1  1096   0    0  1.0360274533E+003  2.2015393467E-001 -1.8865175297E-001 -1.1348247024E-001
   1  1097   0    0  1.0370274534E+003  2.2015393467E-001 -1.8865175297E-001 -1.1348247024E-001
   1  1098   0    0  1.0380274535E+003  2.2015393467E-001 -1.8865175297E-001 -1.1348247024E-001
   1  1099   0    0  1.0390274536E+003  2.2015393467E-001 -1.8865175297E-001 -1.1348247024E-001
   1  1100   4   56  1.0400274537E+003  2.2015393468E-001 -1.8865175297E-001 -1.1348247024E-001
   1  1101   0    0  1.0410274538E+003  2.2015393468E-001 -1.8865175298E-001 -1.1348247024E-001
   1  1102   0    0  1.0420274539E+003  2.2015393468E-001 -1.8865175298E-001 -1.1348247024E-001
   1  1103   0    0  1.0430274540E+003  2.2015393468E-001 -1.8865175298E-001 -1.1348247024E-001
   1  1104   0    0  1.0440274541E+003  2.2015393468E-001 -1.8865175298E-001 -1.1348247024E-001
   1  1105   0    0  1.0450274542E+003  2.2015393468E-001 -1.8865175298E-001 -1.1348247024E-001
   1  1106   0    0  1.0460274543E+003  2.2015393468E-001 -1.8865175298E-001 -1.1348247024E-001
   1  1107   0    0  1.0470274544E+003  2.2015393468E-001 -1.8865175298E-001 -1.1348247024E-001
   1  1108   0    0  1.0480274545E+003  2.2015393468E-001 -1.8865175298E-001 -1.1348247024E-001
   1  1109   0    0  1.0490274546E+003  2.2015393468E-001 -1.8865175298E-001 -1.1348247024E-001
   1  1110   0    0  1.0500274547E+003  2.2015393468E-001 -1.8865175298E-001 -1.1348247024E-001
   1  1111   0    0  1.0510274548E+003  2.2015393468E-001 -1.8865175298E-001 -1.1348247024E-001
   1  1112   0    0  1.0520274549E+003  2.2015393468E-001 -1.8865175298E-001 -1.1348247024E-001
   1  1113   0    0  1.0530274550E+003  2.2015393468E-001 -1.8865175298E-001 -1.1348247024E-001
   1  1114   0    0  1.0540274551E+003  2.2015393468E-001 -1.8865175298E-001 -1.1348247024E-001
   1  1115   0    0  1.0550274552E+003  2.2015393468E-001 -1.8865175298E-001 -1.1348247024E-001
   1  1116   0    0  1.0560274553E+003  2.2015393468E-001 -1.8865175298E-001 -1.1348247024E-001
   1  1117   0    0  1.0570274554E+003  2.2015393468E-001 -1.8865175298E-001 -1.1348247024E-001
   1  1118   0    0  1.0580274555E+003  2.2015393468E-001 -1.8865175298E-001 -1.1348247024E-001
   1  1119   0    0  1.0590274556E+003  2.2015393468E-001 -1.8865175298E-001 -1.1348247024E-001
   1  1120   4   57  1.0600274557E+003  2.2015393468E-001 -1.8865175298E-001 -1.1348247024E-001
   1  1121   0    0  1.0610274558E+003  2.2015393468E-001 -1.8865175298E-001 -1.1348247024E-001
   1  1122   0    0  1.0620274559E+003  2.2015393467E-001 -1.8865175298E-001 -1.1348247024E-001
   1  1123   0    0  1.0630274560E+003  2.2015393467E-001 -1.8865175298E-001 -1.1348247023E-001
   1  1124   0    0  1.0640274561E+003  2.2015393467E-001 -1.8865175298E-001 -1.1348247023E-001
   1  1125   0    0  1.0650274562E+003  2.2015393467E-001 -1.8865175298E-001 -1.1348247023E-001
   1  1126   0    0  1.0660274563E+003  2.2015393467E-001 -1.8865175298E-001 -1.1348247023E-001
   1  1127   0    0  1.0670274564E+003  2.2015393467E-001 -1.8865175298E-001 -1.1348247023E-001
   1  1128   0    0  1.0680274565E+003  2.2015393467E-001 -1.8865175298E-001 -1.1348247023E-001
   1  1129   0    0  1.0690274566E+003  2.2015393467E-001 -1.8865175298E-001 -1.1348247023E-001
   1  1130   0    0  1.0700274567E+003  2.2015393467E-001 -1.8865175298E-001 -1.1348247023E-001
   1  1131   0    0  1.0710274568E+003  2.2015393467E-001 -1.8865175298E-001 -1.1348247023E-001
   1  1132   0    0  1.0720274569E+003  2.2015393467E-001 -1.8865175298E-001 -1.1348247023E-001
   1  1133   0    0  1.0730274570E+003  2.2015393467E-001 -1.8865175298E-001 -1.1348247023E-001
   1  1134   0    0  1.0740274571E+003  2.2015393467E-001 -1.8865175298E-001 -1.1348247023E-001
   1  1135   0    0  1.0750274572E+003  2.2015393467E-001 -1.8865175298E-001 -1.1348247023E-001
   1  1136   0    0  1.0760274573E+003  2.2015393467E-001 -1.8865175298E-001 -1.1348247023E-001
   1  1137   0    0  1.0770274574E+003  2.2015393467E-001 -1.8865175298E-001 -1.1348247023E-001
   1  1138   0    0  1.0780274575E+003  2.2015393467E-001 -1.8865175298E-001 -1.1348247023E-001
   1  1139   0    0  1.0790274576E+003  2.2015393467E-001 -1.8865175298E-001 -1.1348247023E-001
   1  1140   4   58  1.0800274577E+003  2.2015393467E-001 -1.8865175298E-001 -1.1348247023E-001
   1  1141   0    0  1.0810274578E+003  2.2015393467E-001 -1.8865175298E-001 -1.1348247023E-001
   1  1142   0    0  1.0820274579E+003  2.2015393467E-001 -1.8865175298E-001 -1.1348247023E-001
   1  1143   0    0  1.0830274580E+003  2.2015393467E-001 -1.8865175298E-001 -1.1348247023E-001
   1  1144   0    0  1.0840274581E+003  2.2015393467E-001 -1.8865175298E-001 -1.1348247023E-001
   1  1145   0    0  1.0850274582E+003  2.2015393467E-001 -1.8865175298E-001 -1.1348247023E-001
   1  1146   0    0  1.0860274583E+003  2.2015393467E-001 -1.8865175298E-001 -1.1348247023E-001
   1  1147   0    0  1.0870274584E+003  2.2015393467E-001 -1.8865175298E-001 -1.1348247023E-001
   1  1148   0    0  1.0880274585E+003  2.2015393467E-001 -1.8865175298E-001 -1.1348247023E-001
   1  1149   0    0  1.0890274586E+003  2.2015393467E-001 -1.8865175298E-001 -1.1348247023E-001
   1  1150   0    0  1.0900274587E+003  2.2015393467E-001 -1.8865175298E-001 -1.1348247023E-001
   1  1151   0    0  1.0910274588E+003  2.2015393467E-001 -1.8865175298E-001 -1.1348247023E-001
   1  1152   0    0  1.0920274589E+003  2.2015393467E-001 -1.8865175298E-001 -1.1348247023E-001
   1  1153   0    0  1.0930274590E+003  2.2015393467E-001 -1.8865175298E-001 -1.1348247023E-001
   1  1154   0    0  1.0940274591E+003  2.2015393467E-001 -1.8865175298E-001 -1.1348247023E-001
   1  1155   0    0  1.0950274592E+003  2.2015393467E-001 -1.8865175298E-001 -1.1348247023E-001
   1  1156   0    0  1.0960274593E+003  2.2015393467E-001 -1.8865175298E-001 -1.1348247023E-001
   1  1157   0    0  1.0970274594E+003  2.2015393467E-001 -1.8865175298E-001 -1.1348247023E-001
   1  1158   0    0  1.0980274595E+003  2.2015393467E-001 -1.8865175298E-001 -1.1348247023E-001
   1  1159   0    0  1.0990274596E+003  2.2015393467E-001 -1.8865175298E-001 -1.1348247023E-001
   1  1160   4   59  1.1000274597E+003  2.2015393467E-001 -1.8865175298E-001 -1.1348247023E-001
   1  1161   0    0  1.1010274598E+003  2.2015393467E-001 -1.8865175298E-001 -1.1348247023E-001
   1  1162   0    0  1.1020274599E+003  2.2015393467E-001 -1.8865175298E-001 -1.1348247023E-001
   1  1163   0    0  1.1030274600E+003  2.2015393467E-001 -1.8865175298E-001 -1.1348247023E-001
   1  1164   0    0  1.1040274601E+003  2.2015393467E-001 -1.8865175298E-001 -1.1348247023E-001
   1  1165   0    0  1.1050274602E+003  2.2015393467E-001 -1.8865175298E-001 -1.1348247023E-001
   1  1166   0    0  1.1060274603E+003  2.2015393467E-001 -1.8865175298E-001 -1.1348247023E-001
   1  1167   0    0  1.1070274604E+003  2.2015393467E-001 -1.8865175298E-001 -1.1348247023E-001
   1  1168   0    0  1.1080274605E+003  2.2015393467E-001 -1.8865175298E-001 -1.1348247023E-001
   1  1169   0    0  1.1090274606E+003  2.2015393467E-001 -1.8865175298E-001 -1.1348247023E-001
   1  1170   0    0  1.1100274607E+003  2.2015393467E-001 -1.8865175298E-001 -1.1348247023E-001
   1  1171   0    0  1.1110274608E+003  2.2015393467E-001 -1.8865175298E-001 -1.1348247023E-001
   1  1172   0    0  1.1120274609E+003  2.2015393467E-001 -1.8865175298E-001 -1.1348247023E-001
   1  1173   0    0  1.1130274610E+003  2.2015393467E-001 -1.8865175298E-001 -1.1348247023E-001
   1  1174   0    0  1.1140274611E+003  2.2015393467E-001 -1.8865175298E-001 -1.1348247023E-001
   1  1175   0    0  1.1150274612E+003  2.2015393467E-001 -1.8865175298E-001 -1.1348247023E-001
   1  1176   0    0  1.1160274613E+003  2.2015393467E-001 -1.8865175298E-001 -1.1348247023E-001
   1  1177   0    0  1.1170274614E+003  2.2015393467E-001 -1.8865175298E-001 -1.1348247023E-001
   1  1178   0    0  1.1180274615E+003  2.2015393467E-001 -1.8865175298E-001 -1.1348247023E-001
   1  1179   0    0  1.1190274616E+003  2.2015393467E-001 -1.8865175298E-001 -1.1348247023E-001
   1  1180   4   60  1.1200274617E+003  2.2015393467E-001 -1.8865175298E-001 -1.1348247023E-001
   1  1181   0    0  1.1210274618E+003  2.2015393467E-001 -1.8865175298E-001 -1.1348247023E-001
   1  1182   0    0  1.1220274619E+003  2.2015393467E-001 -1.8865175298E-001 -1.1348247023E-001
   1  1183   0    0  1.1230274620E+003  2.2015393467E-001 -1.8865175298E-001 -1.1348247023E-001
   1  1184   0    0  1.1240274621E+003  2.2015393467E-001 -1.8865175298E-001 -1.1348247023E-001
   1  1185   0    0  1.1250274622E+003  2.2015393467E-001 -1.8865175298E-001 -1.1348247023E-001
   1  1186   0    0  1.1260274623E+003  2.2015393467E-001 -1.8865175298E-001 -1.1348247023E-001
   1  1187   0    0  1.1270274624E+003  2.2015393467E-001 -1.8865175298E-001 -1.1348247023E-001
   1  1188   0    0  1.1280274625E+003  2.2015393467E-001 -1.8865175298E-001 -1.1348247023E-001
   1  1189   0    0  1.1290274626E+003  2.2015393467E-001 -1.8865175298E-001 -1.1348247023E-001
   1  1190   0    0  1.1300274627E+003  2.2015393467E-001 -1.8865175298E-001 -1.1348247023E-001
   1  1191   0    0  1.1310274628E+003  2.2015393467E-001 -1.8865175298E-001 -1.1348247023E-001
   1  1192   0    0  1.1320274629E+003  2.2015393467E-001 -1.8865175298E-001 -1.1348247023E-001
   1  1193   0    0  1.1330274630E+003  2.2015393467E-001 -1.8865175298E-001 -1.1348247023E-001
   1  1194   0    0  1.1340274631E+003  2.2015393467E-001 -1.8865175298E-001 -1.1348247023E-001
   1  1195   0    0  1.1350274632E+003  2.2015393467E-001 -1.8865175298E-001 -1.1348247023E-001
   1  1196   0    0  1.1360274633E+003  2.2015393467E-001 -1.8865175298E-001 -1.1348247023E-001
   1  1197   0    0  1.1370274634E+003  2.2015393467E-001 -1.8865175298E-001 -1.1348247023E-001
   1  1198   0    0  1.1380274635E+003  2.2015393467E-001 -1.8865175298E-001 -1.1348247023E-001
   1  1199   0    0  1.1390274636E+003  2.2015393467E-001 -1.8865175298E-001 -1.1348247023E-001
   1  1200   4   61  1.1400274637E+003  2.2015393467E-001 -1.8865175298E-001 -1.1348247023E-001
   1  1201   0    0  1.1410274638E+003  2.2015393467E-001 -1.8865175298E-001 -1.1348247023E-001
   1  1202   0    0  1.1420274639E+003  2.2015393467E-001 -1.8865175298E-001 -1.1348247023E-001
   1  1203   0    0  1.1430274640E+003  2.2015393467E-001 -1.8865175298E-001 -1.1348247023E-001
   1  1204   0    0  1.1440274641E+003  2.2015393467E-001 -1.8865175298E-001 -1.1348247023E-001
   1  1205   0    0  1.1450274642E+003  2.2015393467E-001 -1.8865175298E-001 -1.1348247023E-001
   1  1206   0    0  1.1460274643E+003  2.2015393467E-001 -1.8865175298E-001 -1.1348247023E-001
   1  1207   0    0  1.1470274644E+003  2.2015393467E-001 -1.8865175298E-001 -1.1348247023E-001
   1  1208   0    0  1.1480274645E+003  2.2015393467E-001 -1.8865175298E-001 -1.1348247023E-001
   1  1209   0    0  1.1490274646E+003  2.2015393467E-001 -1.8865175298E-001 -1.1348247023E-001
   1  1210   0    0  1.1500274647E+003  2.2015393467E-001 -1.8865175298E-001 -1.1348247023E-001
   1  1211   0    0  1.1510274648E+003  2.2015393467E-001 -1.8865175298E-001 -1.1348247023E-001
   1  1212   0    0  1.1520274649E+003  2.2015393467E-001 -1.8865175298E-001 -1.1348247023E-001
   1  1213   0    0  1.1530274650E+003  2.2015393467E-001 -1.8865175298E-001 -1.1348247023E-001
   1  1214   0    0  1.1540274651E+003  2.2015393467E-001 -1.8865175298E-001 -1.1348247023E-001
   1  1215   0    0  1.1550274652E+003  2.2015393467E-001 -1.8865175298E-001 -1.1348247023E-001
   1  1216   0    0  1.1560274653E+003  2.2015393467E-001 -1.8865175298E-001 -1.1348247023E-001
   1  1217   0    0  1.1570274654E+003  2.2015393467E-001 -1.8865175298E-001 -1.1348247023E-001
   1  1218   0    0  1.1580274655E+003  2.2015393467E-001 -1.8865175298E-001 -1.1348247023E-001
   1  1219   0    0  1.1590274656E+003  2.2015393467E-001 -1.8865175298E-001 -1.1348247023E-001
   1  1220   4   62  1.1600274657E+003  2.2015393467E-001 -1.8865175298E-001 -1.1348247023E-001
   1  1221   0    0  1.1610274658E+003  2.2015393467E-001 -1.8865175298E-001 -1.1348247023E-001
   1  1222   0    0  1.1620274659E+003  2.2015393467E-001 -1.8865175298E-001 -1.1348247023E-001
   1  1223   0    0  1.1630274660E+003  2.2015393467E-001 -1.8865175298E-001 -1.1348247023E-001
   1  1224   0    0  1.1640274661E+003  2.2015393467E-001 -1.8865175298E-001 -1.1348247023E-001
   1  1225   0    0  1.1650274662E+003  2.2015393467E-001 -1.8865175298E-001 -1.1348247023E-001
   1  1226   0    0  1.1660274663E+003  2.2015393467E-001 -1.8865175298E-001 -1.1348247023E-001
   1  1227   0    0  1.1670274664E+003  2.2015393467E-001 -1.8865175298E-001 -1.1348247023E-001
   1  1228   0    0  1.1680274665E+003  2.2015393467E-001 -1.8865175298E-001 -1.1348247023E-001
   1  1229   0    0  1.1690274666E+003  2.2015393467E-001 -1.8865175298E-001 -1.1348247023E-001
   1  1230   0    0  1.1700274667E+003  2.2015393467E-001 -1.8865175298E-001 -1.1348247023E-001
   1  1231   0    0  1.1710274668E+003  2.2015393467E-001 -1.8865175298E-001 -1.1348247023E-001
   1  1232   0    0  1.1720274669E+003  2.2015393467E-001 -1.8865175298E-001 -1.1348247023E-001
   1  1233   0    0  1.1730274670E+003  2.2015393467E-001 -1.8865175298E-001 -1.1348247023E-001
   1  1234   0    0  1.1740274671E+003  2.2015393467E-001 -1.8865175298E-001 -1.1348247023E-001
   1  1235   0    0  1.1750274672E+003  2.2015393467E-001 -1.8865175298E-001 -1.1348247023E-001
   1  1236   0    0  1.1760274673E+003  2.2015393467E-001 -1.8865175298E-001 -1.1348247023E-001
   1  1237   0    0  1.1770274674E+003  2.2015393467E-001 -1.8865175298E-001 -1.1348247023E-001
   1  1238   0    0  1.1780274675E+003  2.2015393467E-001 -1.8865175298E-001 -1.1348247023E-001
   1  1239   0    0  1.1790274676E+003  2.2015393467E-001 -1.8865175298E-001 -1.1348247023E-001
   1  1240   4   63  1.1800274677E+003  2.2015393467E-001 -1.8865175298E-001 -1.1348247023E-001
   1  1241   0    0  1.1810274678E+003  2.2015393467E-001 -1.8865175298E-001 -1.1348247023E-001
   1  1242   0    0  1.1820274679E+003  2.2015393467E-001 -1.8865175298E-001 -1.1348247023E-001
   1  1243   0    0  1.1830274680E+003  2.2015393467E-001 -1.8865175298E-001 -1.1348247023E-001
   1  1244   0    0  1.1840274681E+003  2.2015393467E-001 -1.8865175298E-001 -1.1348247023E-001
   1  1245   0    0  1.1850274682E+003  2.2015393467E-001 -1.8865175298E-001 -1.1348247023E-001
   1  1246   0    0  1.1860274683E+003  2.2015393467E-001 -1.8865175298E-001 -1.1348247023E-001
   1  1247   0    0  1.1870274684E+003  2.2015393467E-001 -1.8865175298E-001 -1.1348247023E-001
   1  1248   0    0  1.1880274685E+003  2.2015393467E-001 -1.8865175298E-001 -1.1348247023E-001
   1  1249   0    0  1.1890274686E+003  2.2015393467E-001 -1.8865175298E-001 -1.1348247023E-001
   1  1250   0    0  1.1900274687E+003  2.2015393467E-001 -1.8865175298E-001 -1.1348247023E-001
   1  1251   0    0  1.1910274688E+003  2.2015393467E-001 -1.8865175298E-001 -1.1348247023E-001
   1  1252   0    0  1.1920274689E+003  2.2015393467E-001 -1.8865175298E-001 -1.1348247023E-001
   1  1253   0    0  1.1930274690E+003  2.2015393467E-001 -1.8865175298E-001 -1.1348247023E-001
   1  1254   0    0  1.1940274691E+003  2.2015393467E-001 -1.8865175298E-001 -1.1348247023E-001
   1  1255   0    0  1.1950274692E+003  2.2015393467E-001 -1.8865175298E-001 -1.1348247023E-001
   1  1256   0    0  1.1960274693E+003  2.2015393467E-001 -1.8865175298E-001 -1.1348247023E-001
   1  1257   0    0  1.1970274694E+003  2.2015393467E-001 -1.8865175298E-001 -1.1348247023E-001
   1  1258   0    0  1.1980274695E+003  2.2015393467E-001 -1.8865175298E-001 -1.1348247023E-001
   1  1259   0    0  1.1990274696E+003  2.2015393467E-001 -1.8865175298E-001 -1.1348247023E-001
   1  1260   4   64  1.2000274697E+003  2.2015393467E-001 -1.8865175298E-001 -1.1348247023E-001
   1  1261   0    0  1.2010274698E+003  2.2015393467E-001 -1.8865175298E-001 -1.1348247023E-001
   1  1262   0    0  1.2020274699E+003  2.2015393467E-001 -1.8865175298E-001 -1.1348247023E-001
   1  1263   0    0  1.2030274700E+003  2.2015393467E-001 -1.8865175298E-001 -1.1348247023E-001
   1  1264   0    0  1.2040274701E+003  2.2015393467E-001 -1.8865175298E-001 -1.1348247023E-001
   1  1265   0    0  1.2050274702E+003  2.2015393467E-001 -1.8865175298E-001 -1.1348247023E-001
   1  1266   0    0  1.2060274703E+003  2.2015393467E-001 -1.8865175298E-001 -1.1348247023E-001
   1  1267   0    0  1.2070274704E+003  2.2015393467E-001 -1.8865175298E-001 -1.1348247023E-001
   1  1268   0    0  1.2080274705E+003  2.2015393467E-001 -1.8865175298E-001 -1.1348247023E-001
   1  1269   0    0  1.2090274706E+003  2.2015393467E-001 -1.8865175298E-001 -1.1348247023E-001
   1  1270   0    0  1.2100274707E+003  2.2015393467E-001 -1.8865175298E-001 -1.1348247023E-001
   1  1271   0    0  1.2110274708E+003  2.2015393467E-001 -1.8865175298E-001 -1.1348247023E-001
   1  1272   0    0  1.2120274709E+003  2.2015393467E-001 -1.8865175298E-001 -1.1348247023E-001
   1  1273   0    0  1.2130274710E+003  2.2015393467E-001 -1.8865175298E-001 -1.1348247023E-001
   1  1274   0    0  1.2140274711E+003  2.2015393467E-001 -1.8865175298E-001 -1.1348247023E-001
   1  1275   0    0  1.2150274712E+003  2.2015393467E-001 -1.8865175298E-001 -1.1348247023E-001
   1  1276   0    0  1.2160274713E+003  2.2015393467E-001 -1.8865175298E-001 -1.1348247023E-001
   1  1277   0    0  1.2170274714E+003  2.2015393467E-001 -1.8865175298E-001 -1.1348247023E-001
   1  1278   0    0  1.2180274715E+003  2.2015393467E-001 -1.8865175298E-001 -1.1348247023E-001
   1  1279   0    0  1.2190274716E+003  2.2015393467E-001 -1.8865175298E-001 -1.1348247023E-001
   1  1280   4   65  1.2200274717E+003  2.2015393467E-001 -1.8865175298E-001 -1.1348247023E-001
   1  1281   0    0  1.2210274718E+003  2.2015393467E-001 -1.8865175298E-001 -1.1348247023E-001
   1  1282   0    0  1.2220274719E+003  2.2015393467E-001 -1.8865175298E-001 -1.1348247023E-001
   1  1283   0    0  1.2230274720E+003  2.2015393467E-001 -1.8865175298E-001 -1.1348247023E-001
   1  1284   0    0  1.2240274721E+003  2.2015393467E-001 -1.8865175298E-001 -1.1348247023E-001
   1  1285   0    0  1.2250274722E+003  2.2015393467E-001 -1.8865175298E-001 -1.1348247023E-001
   1  1286   0    0  1.2260274723E+003  2.2015393467E-001 -1.8865175298E-001 -1.1348247023E-001
   1  1287   0    0  1.2270274724E+003  2.2015393467E-001 -1.8865175298E-001 -1.1348247023E-001
   1  1288   0    0  1.2280274725E+003  2.2015393467E-001 -1.8865175298E-001 -1.1348247023E-001
   1  1289   0    0  1.2290274726E+003  2.2015393467E-001 -1.8865175298E-001 -1.1348247023E-001
   1  1290   0    0  1.2300274727E+003  2.2015393467E-001 -1.8865175298E-001 -1.1348247023E-001
   1  1291   0    0  1.2310274728E+003  2.2015393467E-001 -1.8865175298E-001 -1.1348247023E-001
   1  1292   0    0  1.2320274729E+003  2.2015393467E-001 -1.8865175298E-001 -1.1348247023E-001
   1  1293   0    0  1.2330274730E+003  2.2015393467E-001 -1.8865175298E-001 -1.1348247023E-001
   1  1294   0    0  1.2340274731E+003  2.2015393467E-001 -1.8865175298E-001 -1.1348247023E-001
   1  1295   0    0  1.2350274732E+003  2.2015393467E-001 -1.8865175298E-001 -1.1348247023E-001
   1  1296   0    0  1.2360274733E+003  2.2015393467E-001 -1.8865175298E-001 -1.1348247023E-001
   1  1297   0    0  1.2370274734E+003  2.2015393467E-001 -1.8865175298E-001 -1.1348247023E-001
   1  1298   0    0  1.2380274735E+003  2.2015393467E-001 -1.8865175298E-001 -1.1348247023E-001
   1  1299   0    0  1.2390274736E+003  2.2015393467E-001 -1.8865175298E-001 -1.1348247023E-001
   1  1300   4   66  1.2400274737E+003  2.2015393467E-001 -1.8865175298E-001 -1.1348247023E-001
   1  1301   0    0  1.2410274738E+003  2.2015393467E-001 -1.8865175298E-001 -1.1348247023E-001
   1  1302   0    0  1.2420274739E+003  2.2015393467E-001 -1.8865175298E-001 -1.1348247023E-001
   1  1303   0    0  1.2430274740E+003  2.2015393467E-001 -1.8865175298E-001 -1.1348247023E-001
   1  1304   0    0  1.2440274741E+003  2.2015393467E-001 -1.8865175298E-001 -1.1348247023E-001
   1  1305   0    0  1.2450274742E+003  2.2015393467E-001 -1.8865175298E-001 -1.1348247023E-001
   1  1306   0    0  1.2460274743E+003  2.2015393467E-001 -1.8865175298E-001 -1.1348247023E-001
   1  1307   0    0  1.2470274744E+003  2.2015393467E-001 -1.8865175298E-001 -1.1348247023E-001
   1  1308   0    0  1.2480274745E+003  2.2015393467E-001 -1.8865175298E-001 -1.1348247023E-001
   1  1309   0    0  1.2490274746E+003  2.2015393467E-001 -1.8865175298E-001 -1.1348247023E-001
   1  1310   0    0  1.2500274747E+003  2.2015393467E-001 -1.8865175298E-001 -1.1348247023E-001
   1  1311   0    0  1.2510274748E+003  2.2015393467E-001 -1.8865175298E-001 -1.1348247023E-001
   1  1312   0    0  1.2520274749E+003  2.2015393467E-001 -1.8865175298E-001 -1.1348247023E-001
   1  1313   0    0  1.2530274750E+003  2.2015393467E-001 -1.8865175298E-001 -1.1348247023E-001
   1  1314   0    0  1.2540274751E+003  2.2015393467E-001 -1.8865175298E-001 -1.1348247023E-001
   1  1315   0    0  1.2550274752E+003  2.2015393467E-001 -1.8865175298E-001 -1.1348247023E-001
   1  1316   0    0  1.2560274753E+003  2.2015393467E-001 -1.8865175298E-001 -1.1348247023E-001
   1  1317   0    0  1.2570274754E+003  2.2015393467E-001 -1.8865175298E-001 -1.1348247023E-001
   1  1318   0    0  1.2580274755E+003  2.2015393467E-001 -1.8865175298E-001 -1.1348247023E-001
   1  1319   0    0  1.2590274756E+003  2.2015393467E-001 -1.8865175298E-001 -1.1348247023E-001
   1  1320   4   67  1.2600274757E+003  2.2015393467E-001 -1.8865175298E-001 -1.1348247023E-001
   1  1321   0    0  1.2610274758E+003  2.2015393467E-001 -1.8865175298E-001 -1.1348247023E-001
   1  1322   0    0  1.2620274759E+003  2.2015393467E-001 -1.8865175298E-001 -1.1348247023E-001
   1  1323   0    0  1.2630274760E+003  2.2015393467E-001 -1.8865175298E-001 -1.1348247023E-001
   1  1324   0    0  1.2640274761E+003  2.2015393467E-001 -1.8865175298E-001 -1.1348247023E-001
   1  1325   0    0  1.2650274762E+003  2.2015393467E-001 -1.8865175298E-001 -1.1348247023E-001
   1  1326   0    0  1.2660274763E+003  2.2015393467E-001 -1.8865175298E-001 -1.1348247023E-001
   1  1327   0    0  1.2670274764E+003  2.2015393467E-001 -1.8865175298E-001 -1.1348247023E-001
   1  1328   0    0  1.2680274765E+003  2.2015393467E-001 -1.8865175298E-001 -1.1348247023E-001
   1  1329   0    0  1.2690274766E+003  2.2015393467E-001 -1.8865175298E-001 -1.1348247023E-001
   1  1330   0    0  1.2700274767E+003  2.2015393467E-001 -1.8865175298E-001 -1.1348247023E-001
   1  1331   0    0  1.2710274768E+003  2.2015393467E-001 -1.8865175298E-001 -1.1348247023E-001
   1  1332   0    0  1.2720274769E+003  2.2015393467E-001 -1.8865175298E-001 -1.1348247023E-001
   1  1333   0    0  1.2730274770E+003  2.2015393467E-001 -1.8865175298E-001 -1.1348247023E-001
   1  1334   0    0  1.2740274771E+003  2.2015393467E-001 -1.8865175298E-001 -1.1348247023E-001
   1  1335   0    0  1.2750274772E+003  2.2015393467E-001 -1.8865175298E-001 -1.1348247023E-001
   1  1336   0    0  1.2760274773E+003  2.2015393467E-001 -1.8865175298E-001 -1.1348247023E-001
   1  1337   0    0  1.2770274774E+003  2.2015393467E-001 -1.8865175298E-001 -1.1348247023E-001
   1  1338   0    0  1.2780274775E+003  2.2015393467E-001 -1.8865175298E-001 -1.1348247023E-001
   1  1339   0    0  1.2790274776E+003  2.2015393467E-001 -1.8865175298E-001 -1.1348247023E-001
   1  1340   4   68  1.2800274777E+003  2.2015393467E-001 -1.8865175298E-001 -1.1348247023E-001
   1  1341   0    0  1.2810274778E+003  2.2015393467E-001 -1.8865175298E-001 -1.1348247023E-001
   1  1342   0    0  1.2820274779E+003  2.2015393467E-001 -1.8865175298E-001 -1.1348247023E-001
   1  1343   0    0  1.2830274780E+003  2.2015393467E-001 -1.8865175298E-001 -1.1348247023E-001
   1  1344   0    0  1.2840274781E+003  2.2015393467E-001 -1.8865175298E-001 -1.1348247023E-001
   1  1345   0    0  1.2850274782E+003  2.2015393467E-001 -1.8865175298E-001 -1.1348247023E-001
   1  1346   0    0  1.2860274783E+003  2.2015393467E-001 -1.8865175298E-001 -1.1348247023E-001
   1  1347   0    0  1.2870274784E+003  2.2015393467E-001 -1.8865175298E-001 -1.1348247023E-001
   1  1348   0    0  1.2880274785E+003  2.2015393467E-001 -1.8865175298E-001 -1.1348247023E-001
   1  1349   0    0  1.2890274786E+003  2.2015393467E-001 -1.8865175298E-001 -1.1348247023E-001
   1  1350   0    0  1.2900274787E+003  2.2015393467E-001 -1.8865175298E-001 -1.1348247023E-001
   1  1351   0    0  1.2910274788E+003  2.2015393467E-001 -1.8865175298E-001 -1.1348247023E-001
   1  1352   0    0  1.2920274789E+003  2.2015393467E-001 -1.8865175298E-001 -1.1348247023E-001
   1  1353   0    0  1.2930274790E+003  2.2015393467E-001 -1.8865175298E-001 -1.1348247023E-001
   1  1354   0    0  1.2940274791E+003  2.2015393467E-001 -1.8865175298E-001 -1.1348247023E-001
   1  1355   0    0  1.2950274792E+003  2.2015393467E-001 -1.8865175298E-001 -1.1348247023E-001
   1  1356   0    0  1.2960274793E+003  2.2015393467E-001 -1.8865175298E-001 -1.1348247023E-001
   1  1357   0    0  1.2970274794E+003  2.2015393467E-001 -1.8865175298E-001 -1.1348247023E-001
   1  1358   0    0  1.2980274795E+003  2.2015393467E-001 -1.8865175298E-001 -1.1348247023E-001
   1  1359   0    0  1.2990274796E+003  2.2015393467E-001 -1.8865175298E-001 -1.1348247023E-001
   1  1360   4   69  1.3000274797E+003  2.2015393467E-001 -1.8865175298E-001 -1.1348247023E-001
   1  1361   0    0  1.3010274798E+003  2.2015393467E-001 -1.8865175298E-001 -1.1348247023E-001
   1  1362   0    0  1.3020274799E+003  2.2015393467E-001 -1.8865175298E-001 -1.1348247023E-001
   1  1363   0    0  1.3030274800E+003  2.2015393467E-001 -1.8865175298E-001 -1.1348247023E-001
   1  1364   0    0  1.3040274801E+003  2.2015393467E-001 -1.8865175298E-001 -1.1348247023E-001
   1  1365   0    0  1.3050274802E+003  2.2015393467E-001 -1.8865175298E-001 -1.1348247023E-001
   1  1366   0    0  1.3060274803E+003  2.2015393467E-001 -1.8865175298E-001 -1.1348247023E-001
   1  1367   0    0  1.3070274804E+003  2.2015393467E-001 -1.8865175298E-001 -1.1348247023E-001
   1  1368   0    0  1.3080274805E+003  2.2015393467E-001 -1.8865175298E-001 -1.1348247023E-001
   1  1369   0    0  1.3090274806E+003  2.2015393467E-001 -1.8865175298E-001 -1.1348247023E-001
   1  1370   0    0  1.3100274807E+003  2.2015393467E-001 -1.8865175298E-001 -1.1348247023E-001
   1  1371   0    0  1.3110274808E+003  2.2015393467E-001 -1.8865175298E-001 -1.1348247023E-001
   1  1372   0    0  1.3120274809E+003  2.2015393467E-001 -1.8865175298E-001 -1.1348247023E-001
   1  1373   0    0  1.3130274810E+003  2.2015393467E-001 -1.8865175298E-001 -1.1348247023E-001
   1  1374   0    0  1.3140274811E+003  2.2015393467E-001 -1.8865175298E-001 -1.1348247023E-001
   1  1375   0    0  1.3150274812E+003  2.2015393467E-001 -1.8865175298E-001 -1.1348247023E-001
   1  1376   0    0  1.3160274813E+003  2.2015393467E-001 -1.8865175298E-001 -1.1348247023E-001
   1  1377   0    0  1.3170274814E+003  2.2015393467E-001 -1.8865175298E-001 -1.1348247023E-001
   1  1378   0    0  1.3180274815E+003  2.2015393467E-001 -1.8865175298E-001 -1.1348247023E-001
   1  1379   0    0  1.3190274816E+003  2.2015393467E-001 -1.8865175298E-001 -1.1348247023E-001
   1  1380   4   70  1.3200274817E+003  2.2015393467E-001 -1.8865175298E-001 -1.1348247023E-001
   1  1381   0    0  1.3210274818E+003  2.2015393467E-001 -1.8865175298E-001 -1.1348247023E-001
   1  1382   0    0  1.3220274819E+003  2.2015393467E-001 -1.8865175298E-001 -1.1348247023E-001
   1  1383   0    0  1.3230274820E+003  2.2015393467E-001 -1.8865175298E-001 -1.1348247023E-001
   1  1384   0    0  1.3240274821E+003  2.2015393467E-001 -1.8865175298E-001 -1.1348247023E-001
   1  1385   0    0  1.3250274822E+003  2.2015393467E-001 -1.8865175298E-001 -1.1348247023E-001
   1  1386   0    0  1.3260274823E+003  2.2015393467E-001 -1.8865175298E-001 -1.1348247023E-001
   1  1387   0    0  1.3270274824E+003  2.2015393467E-001 -1.8865175298E-001 -1.1348247023E-001
   1  1388   0    0  1.3280274825E+003  2.2015393467E-001 -1.8865175298E-001 -1.1348247023E-001
   1  1389   0    0  1.3290274826E+003  2.2015393467E-001 -1.8865175298E-001 -1.1348247023E-001
   1  1390   0    0  1.3300274827E+003  2.2015393467E-001 -1.8865175298E-001 -1.1348247023E-001
   1  1391   0    0  1.3310274828E+003  2.2015393467E-001 -1.8865175298E-001 -1.1348247023E-001
   1  1392   0    0  1.3320274829E+003  2.2015393467E-001 -1.8865175298E-001 -1.1348247023E-001
   1  1393   0    0  1.3330274830E+003  2.2015393467E-001 -1.8865175298E-001 -1.1348247023E-001
   1  1394   0    0  1.3340274831E+003  2.2015393467E-001 -1.8865175298E-001 -1.1348247023E-001
   1  1395   0    0  1.3350274832E+003  2.2015393467E-001 -1.8865175298E-001 -1.1348247023E-001
   1  1396   0    0  1.3360274833E+003  2.2015393467E-001 -1.8865175298E-001 -1.1348247023E-001
   1  1397   0    0  1.3370274834E+003  2.2015393467E-001 -1.8865175298E-001 -1.1348247023E-001
   1  1398   0    0  1.3380274835E+003  2.2015393467E-001 -1.8865175298E-001 -1.1348247023E-001
   1  1399   0    0  1.3390274836E+003  2.2015393467E-001 -1.8865175298E-001 -1.1348247023E-001
   1  1400   4   71  1.3400274837E+003  2.2015393467E-001 -1.8865175298E-001 -1.1348247023E-001
   1  1401   0    0  1.3410274838E+003  2.2015393467E-001 -1.8865175298E-001 -1.1348247023E-001
   1  1402   0    0  1.3420274839E+003  2.2015393467E-001 -1.8865175298E-001 -1.1348247023E-001
   1  1403   0    0  1.3430274840E+003  2.2015393467E-001 -1.8865175298E-001 -1.1348247023E-001
   1  1404   0    0  1.3440274841E+003  2.2015393467E-001 -1.8865175298E-001 -1.1348247023E-001
   1  1405   0    0  1.3450274842E+003  2.2015393467E-001 -1.8865175298E-001 -1.1348247023E-001
   1  1406   0    0  1.3460274843E+003  2.2015393467E-001 -1.8865175298E-001 -1.1348247023E-001
   1  1407   0    0  1.3470274844E+003  2.2015393467E-001 -1.8865175298E-001 -1.1348247023E-001
   1  1408   0    0  1.3480274845E+003  2.2015393467E-001 -1.8865175298E-001 -1.1348247023E-001
   1  1409   0    0  1.3490274846E+003  2.2015393467E-001 -1.8865175298E-001 -1.1348247023E-001
   1  1410   0    0  1.3500274847E+003  2.2015393467E-001 -1.8865175298E-001 -1.1348247023E-001
   1  1411   0    0  1.3510274848E+003  2.2015393467E-001 -1.8865175298E-001 -1.1348247023E-001
   1  1412   0    0  1.3520274849E+003  2.2015393467E-001 -1.8865175298E-001 -1.1348247023E-001
   1  1413   0    0  1.3530274850E+003  2.2015393467E-001 -1.8865175298E-001 -1.1348247023E-001
   1  1414   0    0  1.3540274851E+003  2.2015393467E-001 -1.8865175298E-001 -1.1348247023E-001
   1  1415   0    0  1.3550274852E+003  2.2015393467E-001 -1.8865175298E-001 -1.1348247023E-001
   1  1416   0    0  1.3560274853E+003  2.2015393467E-001 -1.8865175298E-001 -1.1348247023E-001
   1  1417   0    0  1.3570274854E+003  2.2015393467E-001 -1.8865175298E-001 -1.1348247023E-001
   1  1418   0    0  1.3580274855E+003  2.2015393467E-001 -1.8865175298E-001 -1.1348247023E-001
   1  1419   0    0  1.3590274856E+003  2.2015393467E-001 -1.8865175298E-001 -1.1348247023E-001
   1  1420   4   72  1.3600274857E+003  2.2015393467E-001 -1.8865175298E-001 -1.1348247023E-001
   1  1421   0    0  1.3610274858E+003  2.2015393467E-001 -1.8865175298E-001 -1.1348247023E-001
   1  1422   0    0  1.3620274859E+003  2.2015393467E-001 -1.8865175298E-001 -1.1348247023E-001
   1  1423   0    0  1.3630274860E+003  2.2015393467E-001 -1.8865175298E-001 -1.1348247023E-001
   1  1424   0    0  1.3640274861E+003  2.2015393467E-001 -1.8865175298E-001 -1.1348247023E-001
   1  1425   0    0  1.3650274862E+003  2.2015393467E-001 -1.8865175298E-001 -1.1348247023E-001
   1  1426   0    0  1.3660274863E+003  2.2015393467E-001 -1.8865175298E-001 -1.1348247023E-001
   1  1427   0    0  1.3670274864E+003  2.2015393467E-001 -1.8865175298E-001 -1.1348247023E-001
   1  1428   0    0  1.3680274865E+003  2.2015393467E-001 -1.8865175298E-001 -1.1348247023E-001
   1  1429   0    0  1.3690274866E+003  2.2015393467E-001 -1.8865175298E-001 -1.1348247023E-001
   1  1430   0    0  1.3700274867E+003  2.2015393467E-001 -1.8865175298E-001 -1.1348247023E-001
   1  1431   0    0  1.3710274868E+003  2.2015393467E-001 -1.8865175298E-001 -1.1348247023E-001
   1  1432   0    0  1.3720274869E+003  2.2015393467E-001 -1.8865175298E-001 -1.1348247023E-001
   1  1433   0    0  1.3730274870E+003  2.2015393467E-001 -1.8865175298E-001 -1.1348247023E-001
   1  1434   0    0  1.3740274871E+003  2.2015393467E-001 -1.8865175298E-001 -1.1348247023E-001
   1  1435   0    0  1.3750274872E+003  2.2015393467E-001 -1.8865175298E-001 -1.1348247023E-001
   1  1436   0    0  1.3760274873E+003  2.2015393467E-001 -1.8865175298E-001 -1.1348247023E-001
   1  1437   0    0  1.3770274874E+003  2.2015393467E-001 -1.8865175298E-001 -1.1348247023E-001
   1  1438   0    0  1.3780274875E+003  2.2015393467E-001 -1.8865175298E-001 -1.1348247023E-001
   1  1439   0    0  1.3790274876E+003  2.2015393467E-001 -1.8865175298E-001 -1.1348247023E-001
   1  1440   4   73  1.3800274877E+003  2.2015393467E-001 -1.8865175298E-001 -1.1348247023E-001
   1  1441   0    0  1.3810274878E+003  2.2015393467E-001 -1.8865175298E-001 -1.1348247023E-001
   1  1442   0    0  1.3820274879E+003  2.2015393467E-001 -1.8865175298E-001 -1.1348247023E-001
   1  1443   0    0  1.3830274880E+003  2.2015393467E-001 -1.8865175298E-001 -1.1348247023E-001
   1  1444   0    0  1.3840274881E+003  2.2015393467E-001 -1.8865175298E-001 -1.1348247023E-001
   1  1445   0    0  1.3850274882E+003  2.2015393467E-001 -1.8865175298E-001 -1.1348247023E-001
   1  1446   0    0  1.3860274883E+003  2.2015393467E-001 -1.8865175298E-001 -1.1348247023E-001
   1  1447   0    0  1.3870274884E+003  2.2015393467E-001 -1.8865175298E-001 -1.1348247023E-001
   1  1448   0    0  1.3880274885E+003  2.2015393467E-001 -1.8865175298E-001 -1.1348247023E-001
   1  1449   0    0  1.3890274886E+003  2.2015393467E-001 -1.8865175298E-001 -1.1348247023E-001
   1  1450   0    0  1.3900274887E+003  2.2015393467E-001 -1.8865175298E-001 -1.1348247023E-001
   1  1451   0    0  1.3910274888E+003  2.2015393467E-001 -1.8865175298E-001 -1.1348247023E-001
   1  1452   0    0  1.3920274889E+003  2.2015393467E-001 -1.8865175298E-001 -1.1348247023E-001
   1  1453   0    0  1.3930274890E+003  2.2015393467E-001 -1.8865175298E-001 -1.1348247023E-001
   1  1454   0    0  1.3940274891E+003  2.2015393467E-001 -1.8865175298E-001 -1.1348247023E-001
   1  1455   0    0  1.3950274892E+003  2.2015393467E-001 -1.8865175298E-001 -1.1348247023E-001
   1  1456   0    0  1.3960274893E+003  2.2015393467E-001 -1.8865175298E-001 -1.1348247023E-001
   1  1457   0    0  1.3970274894E+003  2.2015393467E-001 -1.8865175298E-001 -1.1348247023E-001
   1  1458   0    0  1.3980274895E+003  2.2015393467E-001 -1.8865175298E-001 -1.1348247023E-001
   1  1459   0    0  1.3990274896E+003  2.2015393467E-001 -1.8865175298E-001 -1.1348247023E-001
   1  1460   4   74  1.4000274897E+003  2.2015393467E-001 -1.8865175298E-001 -1.1348247023E-001
   1  1461   0    0  1.4010274898E+003  2.2015393467E-001 -1.8865175298E-001 -1.1348247023E-001
   1  1462   0    0  1.4020274899E+003  2.2015393467E-001 -1.8865175298E-001 -1.1348247023E-001
   1  1463   0    0  1.4030274900E+003  2.2015393467E-001 -1.8865175298E-001 -1.1348247023E-001
   1  1464   0    0  1.4040274901E+003  2.2015393467E-001 -1.8865175298E-001 -1.1348247023E-001
   1  1465   0    0  1.4050274902E+003  2.2015393467E-001 -1.8865175298E-001 -1.1348247023E-001
   1  1466   0    0  1.4060274903E+003  2.2015393467E-001 -1.8865175298E-001 -1.1348247023E-001
   1  1467   0    0  1.4070274904E+003  2.2015393467E-001 -1.8865175298E-001 -1.1348247023E-001
   1  1468   0    0  1.4080274905E+003  2.2015393467E-001 -1.8865175298E-001 -1.1348247023E-001
   1  1469   0    0  1.4090274906E+003  2.2015393467E-001 -1.8865175298E-001 -1.1348247023E-001
   1  1470   0    0  1.4100274907E+003  2.2015393467E-001 -1.8865175298E-001 -1.1348247023E-001
   1  1471   0    0  1.4110274908E+003  2.2015393467E-001 -1.8865175298E-001 -1.1348247023E-001
   1  1472   0    0  1.4120274909E+003  2.2015393467E-001 -1.8865175298E-001 -1.1348247023E-001
   1  1473   0    0  1.4130274910E+003  2.2015393467E-001 -1.8865175298E-001 -1.1348247023E-001
   1  1474   0    0  1.4140274911E+003  2.2015393467E-001 -1.8865175298E-001 -1.1348247023E-001
   1  1475   0    0  1.4150274912E+003  2.2015393467E-001 -1.8865175298E-001 -1.1348247023E-001
   1  1476   0    0  1.4160274913E+003  2.2015393467E-001 -1.8865175298E-001 -1.1348247023E-001
   1  1477   0    0  1.4170274914E+003  2.2015393467E-001 -1.8865175298E-001 -1.1348247023E-001
   1  1478   0    0  1.4180274915E+003  2.2015393467E-001 -1.8865175298E-001 -1.1348247023E-001
   1  1479   0    0  1.4190274916E+003  2.2015393467E-001 -1.8865175298E-001 -1.1348247023E-001
   1  1480   4   75  1.4200274917E+003  2.2015393467E-001 -1.8865175298E-001 -1.1348247023E-001
   1  1481   0    0  1.4210274918E+003  2.2015393467E-001 -1.8865175298E-001 -1.1348247023E-001
   1  1482   0    0  1.4220274919E+003  2.2015393467E-001 -1.8865175298E-001 -1.1348247023E-001
   1  1483   0    0  1.4230274920E+003  2.2015393467E-001 -1.8865175298E-001 -1.1348247023E-001
   1  1484   0    0  1.4240274921E+003  2.2015393467E-001 -1.8865175298E-001 -1.1348247023E-001
   1  1485   0    0  1.4250274922E+003  2.2015393467E-001 -1.8865175298E-001 -1.1348247023E-001
   1  1486   0    0  1.4260274923E+003  2.2015393467E-001 -1.8865175298E-001 -1.1348247023E-001
   1  1487   0    0  1.4270274924E+003  2.2015393467E-001 -1.8865175298E-001 -1.1348247023E-001
   1  1488   0    0  1.4280274925E+003  2.2015393467E-001 -1.8865175298E-001 -1.1348247023E-001
   1  1489   0    0  1.4290274926E+003  2.2015393467E-001 -1.8865175298E-001 -1.1348247023E-001
   1  1490   0    0  1.4300274927E+003  2.2015393467E-001 -1.8865175298E-001 -1.1348247023E-001
   1  1491   0    0  1.4310274928E+003  2.2015393467E-001 -1.8865175298E-001 -1.1348247023E-001
   1  1492   0    0  1.4320274929E+003  2.2015393467E-001 -1.8865175298E-001 -1.1348247023E-001
   1  1493   0    0  1.4330274930E+003  2.2015393467E-001 -1.8865175298E-001 -1.1348247023E-001
   1  1494   0    0  1.4340274931E+003  2.2015393467E-001 -1.8865175298E-001 -1.1348247023E-001
   1  1495   0    0  1.4350274932E+003  2.2015393467E-001 -1.8865175298E-001 -1.1348247023E-001
   1  1496   0    0  1.4360274933E+003  2.2015393467E-001 -1.8865175298E-001 -1.1348247023E-001
   1  1497   0    0  1.4370274934E+003  2.2015393467E-001 -1.8865175298E-001 -1.1348247023E-001
   1  1498   0    0  1.4380274935E+003  2.2015393467E-001 -1.8865175298E-001 -1.1348247023E-001
   1  1499   0    0  1.4390274936E+003  2.2015393467E-001 -1.8865175298E-001 -1.1348247023E-001
   1  1500   4   76  1.4400274937E+003  2.2015393467E-001 -1.8865175298E-001 -1.1348247023E-001
   1  1501   0    0  1.4410274938E+003  2.2015393467E-001 -1.8865175298E-001 -1.1348247023E-001
   1  1502   0    0  1.4420274939E+003  2.2015393467E-001 -1.8865175298E-001 -1.1348247023E-001
   1  1503   0    0  1.4430274940E+003  2.2015393467E-001 -1.8865175298E-001 -1.1348247023E-001
   1  1504   0    0  1.4440274941E+003  2.2015393467E-001 -1.8865175298E-001 -1.1348247023E-001
   1  1505   0    0  1.4450274942E+003  2.2015393467E-001 -1.8865175298E-001 -1.1348247023E-001
   1  1506   0    0  1.4460274943E+003  2.2015393467E-001 -1.8865175298E-001 -1.1348247023E-001
   1  1507   0    0  1.4470274944E+003  2.2015393467E-001 -1.8865175298E-001 -1.1348247023E-001
   1  1508   0    0  1.4480274945E+003  2.2015393467E-001 -1.8865175298E-001 -1.1348247023E-001
   1  1509   0    0  1.4490274946E+003  2.2015393467E-001 -1.8865175298E-001 -1.1348247023E-001
   1  1510   0    0  1.4500274947E+003  2.2015393467E-001 -1.8865175298E-001 -1.1348247023E-001
   1  1511   0    0  1.4510274948E+003  2.2015393467E-001 -1.8865175298E-001 -1.1348247023E-001
   1  1512   0    0  1.4520274949E+003  2.2015393467E-001 -1.8865175298E-001 -1.1348247023E-001
   1  1513   0    0  1.4530274950E+003  2.2015393467E-001 -1.8865175298E-001 -1.1348247023E-001
   1  1514   0    0  1.4540274951E+003  2.2015393467E-001 -1.8865175298E-001 -1.1348247023E-001
   1  1515   0    0  1.4550274952E+003  2.2015393467E-001 -1.8865175298E-001 -1.1348247023E-001
   1  1516   0    0  1.4560274953E+003  2.2015393467E-001 -1.8865175298E-001 -1.1348247023E-001
   1  1517   0    0  1.4570274954E+003  2.2015393467E-001 -1.8865175298E-001 -1.1348247023E-001
   1  1518   0    0  1.4580274955E+003  2.2015393467E-001 -1.8865175298E-001 -1.1348247023E-001
   1  1519   0    0  1.4590274956E+003  2.2015393467E-001 -1.8865175298E-001 -1.1348247023E-001
   1  1520   4   77  1.4600274957E+003  2.2015393467E-001 -1.8865175298E-001 -1.1348247023E-001
   1  1521   0    0  1.4610274958E+003  2.2015393467E-001 -1.8865175298E-001 -1.1348247023E-001
   1  1522   0    0  1.4620274959E+003  2.2015393467E-001 -1.8865175298E-001 -1.1348247023E-001
   1  1523   0    0  1.4630274960E+003  2.2015393467E-001 -1.8865175298E-001 -1.1348247023E-001
   1  1524   0    0  1.4640274961E+003  2.2015393467E-001 -1.8865175298E-001 -1.1348247023E-001
   1  1525   0    0  1.4650274962E+003  2.2015393467E-001 -1.8865175298E-001 -1.1348247023E-001
   1  1526   0    0  1.4660274963E+003  2.2015393467E-001 -1.8865175298E-001 -1.1348247023E-001
   1  1527   0    0  1.4670274964E+003  2.2015393467E-001 -1.8865175298E-001 -1.1348247023E-001
   1  1528   0    0  1.4680274965E+003  2.2015393467E-001 -1.8865175298E-001 -1.1348247023E-001
   1  1529   0    0  1.4690274966E+003  2.2015393467E-001 -1.8865175298E-001 -1.1348247023E-001
   1  1530   0    0  1.4700274967E+003  2.2015393467E-001 -1.8865175298E-001 -1.1348247023E-001
   1  1531   0    0  1.4710274968E+003  2.2015393467E-001 -1.8865175298E-001 -1.1348247023E-001
   1  1532   0    0  1.4720274969E+003  2.2015393467E-001 -1.8865175298E-001 -1.1348247023E-001
   1  1533   0    0  1.4730274970E+003  2.2015393467E-001 -1.8865175298E-001 -1.1348247023E-001
   1  1534   0    0  1.4740274971E+003  2.2015393467E-001 -1.8865175298E-001 -1.1348247023E-001
   1  1535   0    0  1.4750274972E+003  2.2015393467E-001 -1.8865175298E-001 -1.1348247023E-001
   1  1536   0    0  1.4760274973E+003  2.2015393467E-001 -1.8865175298E-001 -1.1348247023E-001
   1  1537   0    0  1.4770274974E+003  2.2015393467E-001 -1.8865175298E-001 -1.1348247023E-001
   1  1538   0    0  1.4780274975E+003  2.2015393467E-001 -1.8865175298E-001 -1.1348247023E-001
   1  1539   0    0  1.4790274976E+003  2.2015393467E-001 -1.8865175298E-001 -1.1348247023E-001
   1  1540   4   78  1.4800274977E+003  2.2015393467E-001 -1.8865175298E-001 -1.1348247023E-001
   1  1541   0    0  1.4810274978E+003  2.2015393467E-001 -1.8865175298E-001 -1.1348247023E-001
   1  1542   0    0  1.4820274979E+003  2.2015393467E-001 -1.8865175298E-001 -1.1348247023E-001
   1  1543   0    0  1.4830274980E+003  2.2015393467E-001 -1.8865175298E-001 -1.1348247023E-001
   1  1544   0    0  1.4840274981E+003  2.2015393467E-001 -1.8865175298E-001 -1.1348247023E-001
   1  1545   0    0  1.4850274982E+003  2.2015393467E-001 -1.8865175298E-001 -1.1348247023E-001
   1  1546   0    0  1.4860274983E+003  2.2015393467E-001 -1.8865175298E-001 -1.1348247023E-001
   1  1547   0    0  1.4870274984E+003  2.2015393467E-001 -1.8865175298E-001 -1.1348247023E-001
   1  1548   0    0  1.4880274985E+003  2.2015393467E-001 -1.8865175298E-001 -1.1348247023E-001
   1  1549   0    0  1.4890274986E+003  2.2015393467E-001 -1.8865175298E-001 -1.1348247023E-001
   1  1550   0    0  1.4900274987E+003  2.2015393467E-001 -1.8865175298E-001 -1.1348247023E-001
   1  1551   0    0  1.4910274988E+003  2.2015393467E-001 -1.8865175298E-001 -1.1348247023E-001
   1  1552   0    0  1.4920274989E+003  2.2015393467E-001 -1.8865175298E-001 -1.1348247023E-001
   1  1553   0    0  1.4930274990E+003  2.2015393467E-001 -1.8865175298E-001 -1.1348247023E-001
   1  1554   0    0  1.4940274991E+003  2.2015393467E-001 -1.8865175298E-001 -1.1348247023E-001
   1  1555   0    0  1.4950274992E+003  2.2015393467E-001 -1.8865175298E-001 -1.1348247023E-001
   1  1556   0    0  1.4960274993E+003  2.2015393467E-001 -1.8865175298E-001 -1.1348247023E-001
   1  1557   0    0  1.4970274994E+003  2.2015393467E-001 -1.8865175298E-001 -1.1348247023E-001
   1  1558   0    0  1.4980274995E+003  2.2015393467E-001 -1.8865175298E-001 -1.1348247023E-001
   1  1559   0    0  1.4990274996E+003  2.2015393467E-001 -1.8865175298E-001 -1.1348247023E-001
   1  1560   4   79  1.5000274997E+003  2.2015393467E-001 -1.8865175298E-001 -1.1348247023E-001
   1  1561   0    0  1.5010274998E+003  2.2015393467E-001 -1.8865175298E-001 -1.1348247023E-001
   1  1562   0    0  1.5020274999E+003  2.2015393467E-001 -1.8865175298E-001 -1.1348247023E-001
   1  1563   0    0  1.5030275000E+003  2.2015393467E-001 -1.8865175298E-001 -1.1348247023E-001
   1  1564   0    0  1.5040275001E+003  2.2015393467E-001 -1.8865175298E-001 -1.1348247023E-001
   1  1565   0    0  1.5050275002E+003  2.2015393467E-001 -1.8865175298E-001 -1.1348247023E-001
   1  1566   0    0  1.5060275003E+003  2.2015393467E-001 -1.8865175298E-001 -1.1348247023E-001
   1  1567   0    0  1.5070275004E+003  2.2015393467E-001 -1.8865175298E-001 -1.1348247023E-001
   1  1568   0    0  1.5080275005E+003  2.2015393467E-001 -1.8865175298E-001 -1.1348247023E-001
   1  1569   0    0  1.5090275006E+003  2.2015393467E-001 -1.8865175298E-001 -1.1348247023E-001
   1  1570   0    0  1.5100275007E+003  2.2015393467E-001 -1.8865175298E-001 -1.1348247023E-001
   1  1571   0    0  1.5110275008E+003  2.2015393467E-001 -1.8865175298E-001 -1.1348247023E-001
   1  1572   0    0  1.5120275009E+003  2.2015393467E-001 -1.8865175298E-001 -1.1348247023E-001
   1  1573   0    0  1.5130275010E+003  2.2015393467E-001 -1.8865175298E-001 -1.1348247023E-001
   1  1574   0    0  1.5140275011E+003  2.2015393467E-001 -1.8865175298E-001 -1.1348247023E-001
   1  1575   0    0  1.5150275012E+003  2.2015393467E-001 -1.8865175298E-001 -1.1348247023E-001
   1  1576   0    0  1.5160275013E+003  2.2015393467E-001 -1.8865175298E-001 -1.1348247023E-001
   1  1577   0    0  1.5170275014E+003  2.2015393467E-001 -1.8865175298E-001 -1.1348247023E-001
   1  1578   0    0  1.5180275015E+003  2.2015393467E-001 -1.8865175298E-001 -1.1348247023E-001
   1  1579   0    0  1.5190275016E+003  2.2015393467E-001 -1.8865175298E-001 -1.1348247023E-001
   1  1580   4   80  1.5200275017E+003  2.2015393467E-001 -1.8865175298E-001 -1.1348247023E-001
   1  1581   0    0  1.5210275018E+003  2.2015393467E-001 -1.8865175298E-001 -1.1348247023E-001
   1  1582   0    0  1.5220275019E+003  2.2015393467E-001 -1.8865175298E-001 -1.1348247023E-001
   1  1583   0    0  1.5230275020E+003  2.2015393467E-001 -1.8865175298E-001 -1.1348247023E-001
   1  1584   0    0  1.5240275021E+003  2.2015393467E-001 -1.8865175298E-001 -1.1348247023E-001
   1  1585   0    0  1.5250275022E+003  2.2015393467E-001 -1.8865175298E-001 -1.1348247023E-001
   1  1586   0    0  1.5260275023E+003  2.2015393467E-001 -1.8865175298E-001 -1.1348247023E-001
   1  1587   0    0  1.5270275024E+003  2.2015393467E-001 -1.8865175298E-001 -1.1348247023E-001
   1  1588   0    0  1.5280275025E+003  2.2015393467E-001 -1.8865175298E-001 -1.1348247023E-001
   1  1589   0    0  1.5290275026E+003  2.2015393467E-001 -1.8865175298E-001 -1.1348247023E-001
   1  1590   0    0  1.5300275027E+003  2.2015393467E-001 -1.8865175298E-001 -1.1348247023E-001
   1  1591   0    0  1.5310275028E+003  2.2015393467E-001 -1.8865175298E-001 -1.1348247023E-001
   1  1592   0    0  1.5320275029E+003  2.2015393467E-001 -1.8865175298E-001 -1.1348247023E-001
   1  1593   0    0  1.5330275030E+003  2.2015393467E-001 -1.8865175298E-001 -1.1348247023E-001
   1  1594   0    0  1.5340275031E+003  2.2015393467E-001 -1.8865175298E-001 -1.1348247023E-001
   1  1595   0    0  1.5350275032E+003  2.2015393467E-001 -1.8865175298E-001 -1.1348247023E-001
   1  1596   0    0  1.5360275033E+003  2.2015393467E-001 -1.8865175298E-001 -1.1348247023E-001
   1  1597   0    0  1.5370275034E+003  2.2015393467E-001 -1.8865175298E-001 -1.1348247023E-001
   1  1598   0    0  1.5380275035E+003  2.2015393467E-001 -1.8865175298E-001 -1.1348247023E-001
   1  1599   0    0  1.5390275036E+003  2.2015393467E-001 -1.8865175298E-001 -1.1348247023E-001
   1  1600   4   81  1.5400275037E+003  2.2015393467E-001 -1.8865175298E-001 -1.1348247023E-001
   1  1601   0    0  1.5410275038E+003  2.2015393467E-001 -1.8865175298E-001 -1.1348247023E-001
   1  1602   0    0  1.5420275039E+003  2.2015393467E-001 -1.8865175298E-001 -1.1348247023E-001
   1  1603   0    0  1.5430275040E+003  2.2015393467E-001 -1.8865175298E-001 -1.1348247023E-001
   1  1604   0    0  1.5440275041E+003  2.2015393467E-001 -1.8865175298E-001 -1.1348247023E-001
   1  1605   0    0  1.5450275042E+003  2.2015393467E-001 -1.8865175298E-001 -1.1348247023E-001
   1  1606   0    0  1.5460275043E+003  2.2015393467E-001 -1.8865175298E-001 -1.1348247023E-001
   1  1607   0    0  1.5470275044E+003  2.2015393467E-001 -1.8865175298E-001 -1.1348247023E-001
   1  1608   0    0  1.5480275045E+003  2.2015393467E-001 -1.8865175298E-001 -1.1348247023E-001
   1  1609   0    0  1.5490275046E+003  2.2015393467E-001 -1.8865175298E-001 -1.1348247023E-001
   1  1610   0    0  1.5500275047E+003  2.2015393467E-001 -1.8865175298E-001 -1.1348247023E-001
   1  1611   0    0  1.5510275048E+003  2.2015393467E-001 -1.8865175298E-001 -1.1348247023E-001
   1  1612   0    0  1.5520275049E+003  2.2015393467E-001 -1.8865175298E-001 -1.1348247023E-001
   1  1613   0    0  1.5530275050E+003  2.2015393467E-001 -1.8865175298E-001 -1.1348247023E-001
   1  1614   0    0  1.5540275051E+003  2.2015393467E-001 -1.8865175298E-001 -1.1348247023E-001
   1  1615   0    0  1.5550275052E+003  2.2015393467E-001 -1.8865175298E-001 -1.1348247023E-001
   1  1616   0    0  1.5560275053E+003  2.2015393467E-001 -1.8865175298E-001 -1.1348247023E-001
   1  1617   0    0  1.5570275054E+003  2.2015393467E-001 -1.8865175298E-001 -1.1348247023E-001
   1  1618   0    0  1.5580275055E+003  2.2015393467E-001 -1.8865175298E-001 -1.1348247023E-001
   1  1619   0    0  1.5590275056E+003  2.2015393467E-001 -1.8865175298E-001 -1.1348247023E-001
   1  1620   4   82  1.5600275057E+003  2.2015393467E-001 -1.8865175298E-001 -1.1348247023E-001
   1  1621   0    0  1.5610275058E+003  2.2015393467E-001 -1.8865175298E-001 -1.1348247023E-001
   1  1622   0    0  1.5620275059E+003  2.2015393467E-001 -1.8865175298E-001 -1.1348247023E-001
   1  1623   0    0  1.5630275060E+003  2.2015393467E-001 -1.8865175298E-001 -1.1348247023E-001
   1  1624   0    0  1.5640275061E+003  2.2015393467E-001 -1.8865175298E-001 -1.1348247023E-001
   1  1625   0    0  1.5650275062E+003  2.2015393467E-001 -1.8865175298E-001 -1.1348247023E-001
   1  1626   0    0  1.5660275063E+003  2.2015393467E-001 -1.8865175298E-001 -1.1348247023E-001
   1  1627   0    0  1.5670275064E+003  2.2015393467E-001 -1.8865175298E-001 -1.1348247023E-001
   1  1628   0    0  1.5680275065E+003  2.2015393467E-001 -1.8865175298E-001 -1.1348247023E-001
   1  1629   0    0  1.5690275066E+003  2.2015393467E-001 -1.8865175298E-001 -1.1348247023E-001
   1  1630   0    0  1.5700275067E+003  2.2015393467E-001 -1.8865175298E-001 -1.1348247023E-001
   1  1631   0    0  1.5710275068E+003  2.2015393467E-001 -1.8865175298E-001 -1.1348247023E-001
   1  1632   0    0  1.5720275069E+003  2.2015393467E-001 -1.8865175298E-001 -1.1348247023E-001
   1  1633   0    0  1.5730275070E+003  2.2015393467E-001 -1.8865175298E-001 -1.1348247023E-001
   1  1634   0    0  1.5740275071E+003  2.2015393467E-001 -1.8865175298E-001 -1.1348247023E-001
   1  1635   0    0  1.5750275072E+003  2.2015393467E-001 -1.8865175298E-001 -1.1348247023E-001
   1  1636   0    0  1.5760275073E+003  2.2015393467E-001 -1.8865175298E-001 -1.1348247023E-001
   1  1637   0    0  1.5770275074E+003  2.2015393467E-001 -1.8865175298E-001 -1.1348247023E-001
   1  1638   0    0  1.5780275075E+003  2.2015393467E-001 -1.8865175298E-001 -1.1348247023E-001
   1  1639   0    0  1.5790275076E+003  2.2015393467E-001 -1.8865175298E-001 -1.1348247023E-001
   1  1640   4   83  1.5800275077E+003  2.2015393467E-001 -1.8865175298E-001 -1.1348247023E-001
   1  1641   0    0  1.5810275078E+003  2.2015393467E-001 -1.8865175298E-001 -1.1348247023E-001
   1  1642   0    0  1.5820275079E+003  2.2015393467E-001 -1.8865175298E-001 -1.1348247023E-001
   1  1643   0    0  1.5830275080E+003  2.2015393467E-001 -1.8865175298E-001 -1.1348247023E-001
   1  1644   0    0  1.5840275081E+003  2.2015393467E-001 -1.8865175298E-001 -1.1348247023E-001
   1  1645   0    0  1.5850275082E+003  2.2015393467E-001 -1.8865175298E-001 -1.1348247023E-001
   1  1646   0    0  1.5860275083E+003  2.2015393467E-001 -1.8865175298E-001 -1.1348247023E-001
   1  1647   0    0  1.5870275084E+003  2.2015393467E-001 -1.8865175298E-001 -1.1348247023E-001
   1  1648   0    0  1.5880275085E+003  2.2015393467E-001 -1.8865175298E-001 -1.1348247023E-001
   1  1649   0    0  1.5890275086E+003  2.2015393467E-001 -1.8865175298E-001 -1.1348247023E-001
   1  1650   0    0  1.5900275087E+003  2.2015393467E-001 -1.8865175298E-001 -1.1348247023E-001
   1  1651   0    0  1.5910275088E+003  2.2015393467E-001 -1.8865175298E-001 -1.1348247023E-001
   1  1652   0    0  1.5920275089E+003  2.2015393467E-001 -1.8865175298E-001 -1.1348247023E-001
   1  1653   0    0  1.5930275090E+003  2.2015393467E-001 -1.8865175298E-001 -1.1348247023E-001
   1  1654   0    0  1.5940275091E+003  2.2015393467E-001 -1.8865175298E-001 -1.1348247023E-001
   1  1655   0    0  1.5950275092E+003  2.2015393467E-001 -1.8865175298E-001 -1.1348247023E-001
   1  1656   0    0  1.5960275093E+003  2.2015393467E-001 -1.8865175298E-001 -1.1348247023E-001
   1  1657   0    0  1.5970275094E+003  2.2015393467E-001 -1.8865175298E-001 -1.1348247023E-001
   1  1658   0    0  1.5980275095E+003  2.2015393467E-001 -1.8865175298E-001 -1.1348247023E-001
   1  1659   0    0  1.5990275096E+003  2.2015393467E-001 -1.8865175298E-001 -1.1348247023E-001
   1  1660   4   84  1.6000275097E+003  2.2015393467E-001 -1.8865175298E-001 -1.1348247023E-001
   1  1661   0    0  1.6010275098E+003  2.2015393467E-001 -1.8865175298E-001 -1.1348247023E-001
   1  1662   0    0  1.6020275099E+003  2.2015393467E-001 -1.8865175298E-001 -1.1348247023E-001
   1  1663   0    0  1.6030275100E+003  2.2015393467E-001 -1.8865175298E-001 -1.1348247023E-001
   1  1664   0    0  1.6040275101E+003  2.2015393467E-001 -1.8865175298E-001 -1.1348247023E-001
   1  1665   0    0  1.6050275102E+003  2.2015393467E-001 -1.8865175298E-001 -1.1348247023E-001
   1  1666   0    0  1.6060275103E+003  2.2015393467E-001 -1.8865175298E-001 -1.1348247023E-001
   1  1667   0    0  1.6070275104E+003  2.2015393467E-001 -1.8865175298E-001 -1.1348247023E-001
   1  1668   0    0  1.6080275105E+003  2.2015393467E-001 -1.8865175298E-001 -1.1348247023E-001
   1  1669   0    0  1.6090275106E+003  2.2015393467E-001 -1.8865175298E-001 -1.1348247023E-001
   1  1670   0    0  1.6100275107E+003  2.2015393467E-001 -1.8865175298E-001 -1.1348247023E-001
   1  1671   0    0  1.6110275108E+003  2.2015393467E-001 -1.8865175298E-001 -1.1348247023E-001
   1  1672   0    0  1.6120275109E+003  2.2015393467E-001 -1.8865175298E-001 -1.1348247023E-001
   1  1673   0    0  1.6130275110E+003  2.2015393467E-001 -1.8865175298E-001 -1.1348247023E-001
   1  1674   0    0  1.6140275111E+003  2.2015393467E-001 -1.8865175298E-001 -1.1348247023E-001
   1  1675   0    0  1.6150275112E+003  2.2015393467E-001 -1.8865175298E-001 -1.1348247023E-001
   1  1676   0    0  1.6160275113E+003  2.2015393467E-001 -1.8865175298E-001 -1.1348247023E-001
   1  1677   0    0  1.6170275114E+003  2.2015393467E-001 -1.8865175298E-001 -1.1348247023E-001
   1  1678   0    0  1.6180275115E+003  2.2015393467E-001 -1.8865175298E-001 -1.1348247023E-001
   1  1679   0    0  1.6190275116E+003  2.2015393467E-001 -1.8865175298E-001 -1.1348247023E-001
   1  1680   4   85  1.6200275117E+003  2.2015393467E-001 -1.8865175298E-001 -1.1348247023E-001
   1  1681   0    0  1.6210275118E+003  2.2015393467E-001 -1.8865175298E-001 -1.1348247023E-001
   1  1682   0    0  1.6220275119E+003  2.2015393467E-001 -1.8865175298E-001 -1.1348247023E-001
   1  1683   0    0  1.6230275120E+003  2.2015393467E-001 -1.8865175298E-001 -1.1348247023E-001
   1  1684   0    0  1.6240275121E+003  2.2015393467E-001 -1.8865175298E-001 -1.1348247023E-001
   1  1685   0    0  1.6250275122E+003  2.2015393467E-001 -1.8865175298E-001 -1.1348247023E-001
   1  1686   0    0  1.6260275123E+003  2.2015393467E-001 -1.8865175298E-001 -1.1348247023E-001
   1  1687   0    0  1.6270275124E+003  2.2015393467E-001 -1.8865175298E-001 -1.1348247023E-001
   1  1688   0    0  1.6280275125E+003  2.2015393467E-001 -1.8865175298E-001 -1.1348247023E-001
   1  1689   0    0  1.6290275126E+003  2.2015393467E-001 -1.8865175298E-001 -1.1348247023E-001
   1  1690   0    0  1.6300275127E+003  2.2015393467E-001 -1.8865175298E-001 -1.1348247023E-001
   1  1691   0    0  1.6310275128E+003  2.2015393467E-001 -1.8865175298E-001 -1.1348247023E-001
   1  1692   0    0  1.6320275129E+003  2.2015393467E-001 -1.8865175298E-001 -1.1348247023E-001
   1  1693   0    0  1.6330275130E+003  2.2015393467E-001 -1.8865175298E-001 -1.1348247023E-001
   1  1694   0    0  1.6340275131E+003  2.2015393467E-001 -1.8865175298E-001 -1.1348247023E-001
   1  1695   0    0  1.6350275132E+003  2.2015393467E-001 -1.8865175298E-001 -1.1348247023E-001
   1  1696   0    0  1.6360275133E+003  2.2015393467E-001 -1.8865175298E-001 -1.1348247023E-001
   1  1697   0    0  1.6370275134E+003  2.2015393467E-001 -1.8865175298E-001 -1.1348247023E-001
   1  1698   0    0  1.6380275135E+003  2.2015393467E-001 -1.8865175298E-001 -1.1348247023E-001
   1  1699   0    0  1.6390275136E+003  2.2015393467E-001 -1.8865175298E-001 -1.1348247023E-001
   1  1700   4   86  1.6400275137E+003  2.2015393467E-001 -1.8865175298E-001 -1.1348247023E-001
   1  1701   0    0  1.6410275138E+003  2.2015393467E-001 -1.8865175298E-001 -1.1348247023E-001
   1  1702   0    0  1.6420275139E+003  2.2015393467E-001 -1.8865175298E-001 -1.1348247023E-001
   1  1703   0    0  1.6430275140E+003  2.2015393467E-001 -1.8865175298E-001 -1.1348247023E-001
   1  1704   0    0  1.6440275141E+003  2.2015393467E-001 -1.8865175298E-001 -1.1348247023E-001
   1  1705   0    0  1.6450275142E+003  2.2015393467E-001 -1.8865175298E-001 -1.1348247023E-001
   1  1706   0    0  1.6460275143E+003  2.2015393467E-001 -1.8865175298E-001 -1.1348247023E-001
   1  1707   0    0  1.6470275144E+003  2.2015393467E-001 -1.8865175298E-001 -1.1348247023E-001
   1  1708   0    0  1.6480275145E+003  2.2015393467E-001 -1.8865175298E-001 -1.1348247023E-001
   1  1709   0    0  1.6490275146E+003  2.2015393467E-001 -1.8865175298E-001 -1.1348247023E-001
   1  1710   0    0  1.6500275147E+003  2.2015393467E-001 -1.8865175298E-001 -1.1348247023E-001
   1  1711   0    0  1.6510275148E+003  2.2015393467E-001 -1.8865175298E-001 -1.1348247023E-001
   1  1712   0    0  1.6520275149E+003  2.2015393467E-001 -1.8865175298E-001 -1.1348247023E-001
   1  1713   0    0  1.6530275150E+003  2.2015393467E-001 -1.8865175298E-001 -1.1348247023E-001
   1  1714   0    0  1.6540275151E+003  2.2015393467E-001 -1.8865175298E-001 -1.1348247023E-001
   1  1715   0    0  1.6550275152E+003  2.2015393467E-001 -1.8865175298E-001 -1.1348247023E-001
   1  1716   0    0  1.6560275153E+003  2.2015393467E-001 -1.8865175298E-001 -1.1348247023E-001
   1  1717   0    0  1.6570275154E+003  2.2015393467E-001 -1.8865175298E-001 -1.1348247023E-001
   1  1718   0    0  1.6580275155E+003  2.2015393467E-001 -1.8865175298E-001 -1.1348247023E-001
   1  1719   0    0  1.6590275156E+003  2.2015393467E-001 -1.8865175298E-001 -1.1348247023E-001
   1  1720   4   87  1.6600275157E+003  2.2015393467E-001 -1.8865175298E-001 -1.1348247023E-001
   1  1721   0    0  1.6610275158E+003  2.2015393467E-001 -1.8865175298E-001 -1.1348247023E-001
   1  1722   0    0  1.6620275159E+003  2.2015393467E-001 -1.8865175298E-001 -1.1348247023E-001
   1  1723   0    0  1.6630275160E+003  2.2015393467E-001 -1.8865175298E-001 -1.1348247023E-001
   1  1724   0    0  1.6640275161E+003  2.2015393467E-001 -1.8865175298E-001 -1.1348247023E-001
   1  1725   0    0  1.6650275162E+003  2.2015393467E-001 -1.8865175298E-001 -1.1348247023E-001
   1  1726   0    0  1.6660275163E+003  2.2015393467E-001 -1.8865175298E-001 -1.1348247023E-001
   1  1727   0    0  1.6670275164E+003  2.2015393467E-001 -1.8865175298E-001 -1.1348247023E-001
   1  1728   0    0  1.6680275165E+003  2.2015393467E-001 -1.8865175298E-001 -1.1348247023E-001
   1  1729   0    0  1.6690275166E+003  2.2015393467E-001 -1.8865175298E-001 -1.1348247023E-001
   1  1730   0    0  1.6700275167E+003  2.2015393467E-001 -1.8865175298E-001 -1.1348247023E-001
   1  1731   0    0  1.6710275168E+003  2.2015393467E-001 -1.8865175298E-001 -1.1348247023E-001
   1  1732   0    0  1.6720275169E+003  2.2015393467E-001 -1.8865175298E-001 -1.1348247023E-001
   1  1733   0    0  1.6730275170E+003  2.2015393467E-001 -1.8865175298E-001 -1.1348247023E-001
   1  1734   0    0  1.6740275171E+003  2.2015393467E-001 -1.8865175298E-001 -1.1348247023E-001
   1  1735   0    0  1.6750275172E+003  2.2015393467E-001 -1.8865175298E-001 -1.1348247023E-001
   1  1736   0    0  1.6760275173E+003  2.2015393467E-001 -1.8865175298E-001 -1.1348247023E-001
   1  1737   0    0  1.6770275174E+003  2.2015393467E-001 -1.8865175298E-001 -1.1348247023E-001
   1  1738   0    0  1.6780275175E+003  2.2015393467E-001 -1.8865175298E-001 -1.1348247023E-001
   1  1739   0    0  1.6790275176E+003  2.2015393467E-001 -1.8865175298E-001 -1.1348247023E-001
   1  1740   4   88  1.6800275177E+003  2.2015393467E-001 -1.8865175298E-001 -1.1348247023E-001
   1  1741   0    0  1.6810275178E+003  2.2015393467E-001 -1.8865175298E-001 -1.1348247023E-001
   1  1742   0    0  1.6820275179E+003  2.2015393467E-001 -1.8865175298E-001 -1.1348247023E-001
   1  1743   0    0  1.6830275180E+003  2.2015393467E-001 -1.8865175298E-001 -1.1348247023E-001
   1  1744   0    0  1.6840275181E+003  2.2015393467E-001 -1.8865175298E-001 -1.1348247023E-001
   1  1745   0    0  1.6850275182E+003  2.2015393467E-001 -1.8865175298E-001 -1.1348247023E-001
   1  1746   0    0  1.6860275183E+003  2.2015393467E-001 -1.8865175298E-001 -1.1348247023E-001
   1  1747   0    0  1.6870275184E+003  2.2015393467E-001 -1.8865175298E-001 -1.1348247023E-001
   1  1748   0    0  1.6880275185E+003  2.2015393467E-001 -1.8865175298E-001 -1.1348247023E-001
   1  1749   0    0  1.6890275186E+003  2.2015393467E-001 -1.8865175298E-001 -1.1348247023E-001
   1  1750   0    0  1.6900275187E+003  2.2015393467E-001 -1.8865175298E-001 -1.1348247023E-001
   1  1751   0    0  1.6910275188E+003  2.2015393467E-001 -1.8865175298E-001 -1.1348247023E-001
   1  1752   0    0  1.6920275189E+003  2.2015393467E-001 -1.8865175298E-001 -1.1348247023E-001
   1  1753   0    0  1.6930275190E+003  2.2015393467E-001 -1.8865175298E-001 -1.1348247023E-001
   1  1754   0    0  1.6940275191E+003  2.2015393467E-001 -1.8865175298E-001 -1.1348247023E-001
   1  1755   0    0  1.6950275192E+003  2.2015393467E-001 -1.8865175298E-001 -1.1348247023E-001
   1  1756   0    0  1.6960275193E+003  2.2015393467E-001 -1.8865175298E-001 -1.1348247023E-001
   1  1757   0    0  1.6970275194E+003  2.2015393467E-001 -1.8865175298E-001 -1.1348247023E-001
   1  1758   0    0  1.6980275195E+003  2.2015393467E-001 -1.8865175298E-001 -1.1348247023E-001
   1  1759   0    0  1.6990275196E+003  2.2015393467E-001 -1.8865175298E-001 -1.1348247023E-001
   1  1760   4   89  1.7000275197E+003  2.2015393467E-001 -1.8865175298E-001 -1.1348247023E-001
   1  1761   0    0  1.7010275198E+003  2.2015393467E-001 -1.8865175298E-001 -1.1348247023E-001
   1  1762   0    0  1.7020275199E+003  2.2015393467E-001 -1.8865175298E-001 -1.1348247023E-001
   1  1763   0    0  1.7030275200E+003  2.2015393467E-001 -1.8865175298E-001 -1.1348247023E-001
   1  1764   0    0  1.7040275201E+003  2.2015393467E-001 -1.8865175298E-001 -1.1348247023E-001
   1  1765   0    0  1.7050275202E+003  2.2015393467E-001 -1.8865175298E-001 -1.1348247023E-001
   1  1766   0    0  1.7060275203E+003  2.2015393467E-001 -1.8865175298E-001 -1.1348247023E-001
   1  1767   0    0  1.7070275204E+003  2.2015393467E-001 -1.8865175298E-001 -1.1348247023E-001
   1  1768   0    0  1.7080275205E+003  2.2015393467E-001 -1.8865175298E-001 -1.1348247023E-001
   1  1769   0    0  1.7090275206E+003  2.2015393467E-001 -1.8865175298E-001 -1.1348247023E-001
   1  1770   0    0  1.7100275207E+003  2.2015393467E-001 -1.8865175298E-001 -1.1348247023E-001
   1  1771   0    0  1.7110275208E+003  2.2015393467E-001 -1.8865175298E-001 -1.1348247023E-001
   1  1772   0    0  1.7120275209E+003  2.2015393467E-001 -1.8865175298E-001 -1.1348247023E-001
   1  1773   0    0  1.7130275210E+003  2.2015393467E-001 -1.8865175298E-001 -1.1348247023E-001
   1  1774   0    0  1.7140275211E+003  2.2015393467E-001 -1.8865175298E-001 -1.1348247023E-001
   1  1775   0    0  1.7150275212E+003  2.2015393467E-001 -1.8865175298E-001 -1.1348247023E-001
   1  1776   0    0  1.7160275213E+003  2.2015393467E-001 -1.8865175298E-001 -1.1348247023E-001
   1  1777   0    0  1.7170275214E+003  2.2015393467E-001 -1.8865175298E-001 -1.1348247023E-001
   1  1778   0    0  1.7180275215E+003  2.2015393467E-001 -1.8865175298E-001 -1.1348247023E-001
   1  1779   0    0  1.7190275216E+003  2.2015393467E-001 -1.8865175298E-001 -1.1348247023E-001
   1  1780   4   90  1.7200275217E+003  2.2015393467E-001 -1.8865175298E-001 -1.1348247023E-001
   1  1781   0    0  1.7210275218E+003  2.2015393467E-001 -1.8865175298E-001 -1.1348247023E-001
   1  1782   0    0  1.7220275219E+003  2.2015393467E-001 -1.8865175298E-001 -1.1348247023E-001
   1  1783   0    0  1.7230275220E+003  2.2015393467E-001 -1.8865175298E-001 -1.1348247023E-001
   1  1784   0    0  1.7240275221E+003  2.2015393467E-001 -1.8865175298E-001 -1.1348247023E-001
   1  1785   0    0  1.7250275222E+003  2.2015393467E-001 -1.8865175298E-001 -1.1348247023E-001
   1  1786   0    0  1.7260275223E+003  2.2015393467E-001 -1.8865175298E-001 -1.1348247023E-001
   1  1787   0    0  1.7270275224E+003  2.2015393467E-001 -1.8865175298E-001 -1.1348247023E-001
   1  1788   0    0  1.7280275225E+003  2.2015393467E-001 -1.8865175298E-001 -1.1348247023E-001
   1  1789   0    0  1.7290275226E+003  2.2015393467E-001 -1.8865175298E-001 -1.1348247023E-001
   1  1790   0    0  1.7300275227E+003  2.2015393467E-001 -1.8865175298E-001 -1.1348247023E-001
   1  1791   0    0  1.7310275228E+003  2.2015393467E-001 -1.8865175298E-001 -1.1348247023E-001
   1  1792   0    0  1.7320275229E+003  2.2015393467E-001 -1.8865175298E-001 -1.1348247023E-001
   1  1793   0    0  1.7330275230E+003  2.2015393467E-001 -1.8865175298E-001 -1.1348247023E-001
   1  1794   0    0  1.7340275231E+003  2.2015393467E-001 -1.8865175298E-001 -1.1348247023E-001
   1  1795   0    0  1.7350275232E+003  2.2015393467E-001 -1.8865175298E-001 -1.1348247023E-001
   1  1796   0    0  1.7360275233E+003  2.2015393467E-001 -1.8865175298E-001 -1.1348247023E-001
   1  1797   0    0  1.7370275234E+003  2.2015393467E-001 -1.8865175298E-001 -1.1348247023E-001
   1  1798   0    0  1.7380275235E+003  2.2015393467E-001 -1.8865175298E-001 -1.1348247023E-001
   1  1799   0    0  1.7390275236E+003  2.2015393467E-001 -1.8865175298E-001 -1.1348247023E-001
   1  1800   4   91  1.7400275237E+003  2.2015393467E-001 -1.8865175298E-001 -1.1348247023E-001
   1  1801   0    0  1.7410275238E+003  2.2015393467E-001 -1.8865175298E-001 -1.1348247023E-001
   1  1802   0    0  1.7420275239E+003  2.2015393467E-001 -1.8865175298E-001 -1.1348247023E-001
   1  1803   0    0  1.7430275240E+003  2.2015393467E-001 -1.8865175298E-001 -1.1348247023E-001
   1  1804   0    0  1.7440275241E+003  2.2015393467E-001 -1.8865175298E-001 -1.1348247023E-001
   1  1805   0    0  1.7450275242E+003  2.2015393467E-001 -1.8865175298E-001 -1.1348247023E-001
   1  1806   0    0  1.7460275243E+003  2.2015393467E-001 -1.8865175298E-001 -1.1348247023E-001
   1  1807   0    0  1.7470275244E+003  2.2015393467E-001 -1.8865175298E-001 -1.1348247023E-001
   1  1808   0    0  1.7480275245E+003  2.2015393467E-001 -1.8865175298E-001 -1.1348247023E-001
   1  1809   0    0  1.7490275246E+003  2.2015393467E-001 -1.8865175298E-001 -1.1348247023E-001
   1  1810   0    0  1.7500275247E+003  2.2015393467E-001 -1.8865175298E-001 -1.1348247023E-001
   1  1811   0    0  1.7510275248E+003  2.2015393467E-001 -1.8865175298E-001 -1.1348247023E-001
   1  1812   0    0  1.7520275249E+003  2.2015393467E-001 -1.8865175298E-001 -1.1348247023E-001
   1  1813   0    0  1.7530275250E+003  2.2015393467E-001 -1.8865175298E-001 -1.1348247023E-001
   1  1814   0    0  1.7540275251E+003  2.2015393467E-001 -1.8865175298E-001 -1.1348247023E-001
   1  1815   0    0  1.7550275252E+003  2.2015393467E-001 -1.8865175298E-001 -1.1348247023E-001
   1  1816   0    0  1.7560275253E+003  2.2015393467E-001 -1.8865175298E-001 -1.1348247023E-001
   1  1817   0    0  1.7570275254E+003  2.2015393467E-001 -1.8865175298E-001 -1.1348247023E-001
   1  1818   0    0  1.7580275255E+003  2.2015393467E-001 -1.8865175298E-001 -1.1348247023E-001
   1  1819   0    0  1.7590275256E+003  2.2015393467E-001 -1.8865175298E-001 -1.1348247023E-001
   1  1820   4   92  1.7600275257E+003  2.2015393467E-001 -1.8865175298E-001 -1.1348247023E-001
   1  1821   0    0  1.7610275258E+003  2.2015393467E-001 -1.8865175298E-001 -1.1348247023E-001
   1  1822   0    0  1.7620275259E+003  2.2015393467E-001 -1.8865175298E-001 -1.1348247023E-001
   1  1823   0    0  1.7630275260E+003  2.2015393467E-001 -1.8865175298E-001 -1.1348247023E-001
   1  1824   0    0  1.7640275261E+003  2.2015393467E-001 -1.8865175298E-001 -1.1348247023E-001
   1  1825   0    0  1.7650275262E+003  2.2015393467E-001 -1.8865175298E-001 -1.1348247023E-001
   1  1826   0    0  1.7660275263E+003  2.2015393467E-001 -1.8865175298E-001 -1.1348247023E-001
   1  1827   0    0  1.7670275264E+003  2.2015393467E-001 -1.8865175298E-001 -1.1348247023E-001
   1  1828   0    0  1.7680275265E+003  2.2015393467E-001 -1.8865175298E-001 -1.1348247023E-001
   1  1829   0    0  1.7690275266E+003  2.2015393467E-001 -1.8865175298E-001 -1.1348247023E-001
   1  1830   0    0  1.7700275267E+003  2.2015393467E-001 -1.8865175298E-001 -1.1348247023E-001
   1  1831   0    0  1.7710275268E+003  2.2015393467E-001 -1.8865175298E-001 -1.1348247023E-001
   1  1832   0    0  1.7720275269E+003  2.2015393467E-001 -1.8865175298E-001 -1.1348247023E-001
   1  1833   0    0  1.7730275270E+003  2.2015393467E-001 -1.8865175298E-001 -1.1348247023E-001
   1  1834   0    0  1.7740275271E+003  2.2015393467E-001 -1.8865175298E-001 -1.1348247023E-001
   1  1835   0    0  1.7750275272E+003  2.2015393467E-001 -1.8865175298E-001 -1.1348247023E-001
   1  1836   0    0  1.7760275273E+003  2.2015393467E-001 -1.8865175298E-001 -1.1348247023E-001
   1  1837   0    0  1.7770275274E+003  2.2015393467E-001 -1.8865175298E-001 -1.1348247023E-001
   1  1838   0    0  1.7780275275E+003  2.2015393467E-001 -1.8865175298E-001 -1.1348247023E-001
   1  1839   0    0  1.7790275276E+003  2.2015393467E-001 -1.8865175298E-001 -1.1348247023E-001
   1  1840   4   93  1.7800275277E+003  2.2015393467E-001 -1.8865175298E-001 -1.1348247023E-001
   1  1841   0    0  1.7810275278E+003  2.2015393467E-001 -1.8865175298E-001 -1.1348247023E-001
   1  1842   0    0  1.7820275279E+003  2.2015393467E-001 -1.8865175298E-001 -1.1348247023E-001
   1  1843   0    0  1.7830275280E+003  2.2015393467E-001 -1.8865175298E-001 -1.1348247023E-001
   1  1844   0    0  1.7840275281E+003  2.2015393467E-001 -1.8865175298E-001 -1.1348247023E-001
   1  1845   0    0  1.7850275282E+003  2.2015393467E-001 -1.8865175298E-001 -1.1348247023E-001
   1  1846   0    0  1.7860275283E+003  2.2015393467E-001 -1.8865175298E-001 -1.1348247023E-001
   1  1847   0    0  1.7870275284E+003  2.2015393467E-001 -1.8865175298E-001 -1.1348247023E-001
   1  1848   0    0  1.7880275285E+003  2.2015393467E-001 -1.8865175298E-001 -1.1348247023E-001
   1  1849   0    0  1.7890275286E+003  2.2015393467E-001 -1.8865175298E-001 -1.1348247023E-001
   1  1850   0    0  1.7900275287E+003  2.2015393467E-001 -1.8865175298E-001 -1.1348247023E-001
   1  1851   0    0  1.7910275288E+003  2.2015393467E-001 -1.8865175298E-001 -1.1348247023E-001
   1  1852   0    0  1.7920275289E+003  2.2015393467E-001 -1.8865175298E-001 -1.1348247023E-001
   1  1853   0    0  1.7930275290E+003  2.2015393467E-001 -1.8865175298E-001 -1.1348247023E-001
   1  1854   0    0  1.7940275291E+003  2.2015393467E-001 -1.8865175298E-001 -1.1348247023E-001
   1  1855   0    0  1.7950275292E+003  2.2015393467E-001 -1.8865175298E-001 -1.1348247023E-001
   1  1856   0    0  1.7960275293E+003  2.2015393467E-001 -1.8865175298E-001 -1.1348247023E-001
   1  1857   0    0  1.7970275294E+003  2.2015393467E-001 -1.8865175298E-001 -1.1348247023E-001
   1  1858   0    0  1.7980275295E+003  2.2015393467E-001 -1.8865175298E-001 -1.1348247023E-001
   1  1859   0    0  1.7990275296E+003  2.2015393467E-001 -1.8865175298E-001 -1.1348247023E-001
   1  1860   4   94  1.8000275297E+003  2.2015393467E-001 -1.8865175298E-001 -1.1348247023E-001
   1  1861   0    0  1.8010275298E+003  2.2015393467E-001 -1.8865175298E-001 -1.1348247023E-001
   1  1862   0    0  1.8020275299E+003  2.2015393467E-001 -1.8865175298E-001 -1.1348247023E-001
   1  1863   0    0  1.8030275300E+003  2.2015393467E-001 -1.8865175298E-001 -1.1348247023E-001
   1  1864   0    0  1.8040275301E+003  2.2015393467E-001 -1.8865175298E-001 -1.1348247023E-001
   1  1865   0    0  1.8050275302E+003  2.2015393467E-001 -1.8865175298E-001 -1.1348247023E-001
   1  1866   0    0  1.8060275303E+003  2.2015393467E-001 -1.8865175298E-001 -1.1348247023E-001
   1  1867   0    0  1.8070275304E+003  2.2015393467E-001 -1.8865175298E-001 -1.1348247023E-001
   1  1868   0    0  1.8080275305E+003  2.2015393467E-001 -1.8865175298E-001 -1.1348247023E-001
   1  1869   0    0  1.8090275306E+003  2.2015393467E-001 -1.8865175298E-001 -1.1348247023E-001
   1  1870   0    0  1.8100275307E+003  2.2015393467E-001 -1.8865175298E-001 -1.1348247023E-001
   1  1871   0    0  1.8110275308E+003  2.2015393467E-001 -1.8865175298E-001 -1.1348247023E-001
   1  1872   0    0  1.8120275309E+003  2.2015393467E-001 -1.8865175298E-001 -1.1348247023E-001
   1  1873   0    0  1.8130275310E+003  2.2015393467E-001 -1.8865175298E-001 -1.1348247023E-001
   1  1874   0    0  1.8140275311E+003  2.2015393467E-001 -1.8865175298E-001 -1.1348247023E-001
   1  1875   0    0  1.8150275312E+003  2.2015393467E-001 -1.8865175298E-001 -1.1348247023E-001
   1  1876   0    0  1.8160275313E+003  2.2015393467E-001 -1.8865175298E-001 -1.1348247023E-001
   1  1877   0    0  1.8170275314E+003  2.2015393467E-001 -1.8865175298E-001 -1.1348247023E-001
   1  1878   0    0  1.8180275315E+003  2.2015393467E-001 -1.8865175298E-001 -1.1348247023E-001
   1  1879   0    0  1.8190275316E+003  2.2015393467E-001 -1.8865175298E-001 -1.1348247023E-001
   1  1880   4   95  1.8200275317E+003  2.2015393467E-001 -1.8865175298E-001 -1.1348247023E-001
   1  1881   0    0  1.8210275318E+003  2.2015393467E-001 -1.8865175298E-001 -1.1348247023E-001
   1  1882   0    0  1.8220275319E+003  2.2015393467E-001 -1.8865175298E-001 -1.1348247023E-001
   1  1883   0    0  1.8230275320E+003  2.2015393467E-001 -1.8865175298E-001 -1.1348247023E-001
   1  1884   0    0  1.8240275321E+003  2.2015393467E-001 -1.8865175298E-001 -1.1348247023E-001
   1  1885   0    0  1.8250275322E+003  2.2015393467E-001 -1.8865175298E-001 -1.1348247023E-001
   1  1886   0    0  1.8260275323E+003  2.2015393467E-001 -1.8865175298E-001 -1.1348247023E-001
   1  1887   0    0  1.8270275324E+003  2.2015393467E-001 -1.8865175298E-001 -1.1348247023E-001
   1  1888   0    0  1.8280275325E+003  2.2015393467E-001 -1.8865175298E-001 -1.1348247023E-001
   1  1889   0    0  1.8290275326E+003  2.2015393467E-001 -1.8865175298E-001 -1.1348247023E-001
   1  1890   0    0  1.8300275327E+003  2.2015393467E-001 -1.8865175298E-001 -1.1348247023E-001
   1  1891   0    0  1.8310275328E+003  2.2015393467E-001 -1.8865175298E-001 -1.1348247023E-001
   1  1892   0    0  1.8320275329E+003  2.2015393467E-001 -1.8865175298E-001 -1.1348247023E-001
   1  1893   0    0  1.8330275330E+003  2.2015393467E-001 -1.8865175298E-001 -1.1348247023E-001
   1  1894   0    0  1.8340275331E+003  2.2015393467E-001 -1.8865175298E-001 -1.1348247023E-001
   1  1895   0    0  1.8350275332E+003  2.2015393467E-001 -1.8865175298E-001 -1.1348247023E-001
   1  1896   0    0  1.8360275333E+003  2.2015393467E-001 -1.8865175298E-001 -1.1348247023E-001
   1  1897   0    0  1.8370275334E+003  2.2015393467E-001 -1.8865175298E-001 -1.1348247023E-001
   1  1898   0    0  1.8380275335E+003  2.2015393467E-001 -1.8865175298E-001 -1.1348247023E-001
   1  1899   0    0  1.8390275336E+003  2.2015393467E-001 -1.8865175298E-001 -1.1348247023E-001
   1  1900   4   96  1.8400275337E+003  2.2015393467E-001 -1.8865175298E-001 -1.1348247023E-001
   1  1901   0    0  1.8410275338E+003  2.2015393467E-001 -1.8865175298E-001 -1.1348247023E-001
   1  1902   0    0  1.8420275339E+003  2.2015393467E-001 -1.8865175298E-001 -1.1348247023E-001
   1  1903   0    0  1.8430275340E+003  2.2015393467E-001 -1.8865175298E-001 -1.1348247023E-001
   1  1904   0    0  1.8440275341E+003  2.2015393467E-001 -1.8865175298E-001 -1.1348247023E-001
   1  1905   0    0  1.8450275342E+003  2.2015393467E-001 -1.8865175298E-001 -1.1348247023E-001
   1  1906   0    0  1.8460275343E+003  2.2015393467E-001 -1.8865175298E-001 -1.1348247023E-001
   1  1907   0    0  1.8470275344E+003  2.2015393467E-001 -1.8865175298E-001 -1.1348247023E-001
   1  1908   0    0  1.8480275345E+003  2.2015393467E-001 -1.8865175298E-001 -1.1348247023E-001
   1  1909   0    0  1.8490275346E+003  2.2015393467E-001 -1.8865175298E-001 -1.1348247023E-001
   1  1910   0    0  1.8500275347E+003  2.2015393467E-001 -1.8865175298E-001 -1.1348247023E-001
   1  1911   0    0  1.8510275348E+003  2.2015393467E-001 -1.8865175298E-001 -1.1348247023E-001
   1  1912   0    0  1.8520275349E+003  2.2015393467E-001 -1.8865175298E-001 -1.1348247023E-001
   1  1913   0    0  1.8530275350E+003  2.2015393467E-001 -1.8865175298E-001 -1.1348247023E-001
   1  1914   0    0  1.8540275351E+003  2.2015393467E-001 -1.8865175298E-001 -1.1348247023E-001
   1  1915   0    0  1.8550275352E+003  2.2015393467E-001 -1.8865175298E-001 -1.1348247023E-001
   1  1916   0    0  1.8560275353E+003  2.2015393467E-001 -1.8865175298E-001 -1.1348247023E-001
   1  1917   0    0  1.8570275354E+003  2.2015393467E-001 -1.8865175298E-001 -1.1348247023E-001
   1  1918   0    0  1.8580275355E+003  2.2015393467E-001 -1.8865175298E-001 -1.1348247023E-001
   1  1919   0    0  1.8590275356E+003  2.2015393467E-001 -1.8865175298E-001 -1.1348247023E-001
   1  1920   4   97  1.8600275357E+003  2.2015393467E-001 -1.8865175298E-001 -1.1348247023E-001
   1  1921   0    0  1.8610275358E+003  2.2015393467E-001 -1.8865175298E-001 -1.1348247023E-001
   1  1922   0    0  1.8620275359E+003  2.2015393467E-001 -1.8865175298E-001 -1.1348247023E-001
   1  1923   0    0  1.8630275360E+003  2.2015393467E-001 -1.8865175298E-001 -1.1348247023E-001
   1  1924   0    0  1.8640275361E+003  2.2015393467E-001 -1.8865175298E-001 -1.1348247023E-001
   1  1925   0    0  1.8650275362E+003  2.2015393467E-001 -1.8865175298E-001 -1.1348247023E-001
   1  1926   0    0  1.8660275363E+003  2.2015393467E-001 -1.8865175298E-001 -1.1348247023E-001
   1  1927   0    0  1.8670275364E+003  2.2015393467E-001 -1.8865175298E-001 -1.1348247023E-001
   1  1928   0    0  1.8680275365E+003  2.2015393467E-001 -1.8865175298E-001 -1.1348247023E-001
   1  1929   0    0  1.8690275366E+003  2.2015393467E-001 -1.8865175298E-001 -1.1348247023E-001
   1  1930   0    0  1.8700275367E+003  2.2015393467E-001 -1.8865175298E-001 -1.1348247023E-001
   1  1931   0    0  1.8710275368E+003  2.2015393467E-001 -1.8865175298E-001 -1.1348247023E-001
   1  1932   0    0  1.8720275369E+003  2.2015393467E-001 -1.8865175298E-001 -1.1348247023E-001
   1  1933   0    0  1.8730275370E+003  2.2015393467E-001 -1.8865175298E-001 -1.1348247023E-001
   1  1934   0    0  1.8740275371E+003  2.2015393467E-001 -1.8865175298E-001 -1.1348247023E-001
   1  1935   0    0  1.8750275372E+003  2.2015393467E-001 -1.8865175298E-001 -1.1348247023E-001
   1  1936   0    0  1.8760275373E+003  2.2015393467E-001 -1.8865175298E-001 -1.1348247023E-001
   1  1937   0    0  1.8770275374E+003  2.2015393467E-001 -1.8865175298E-001 -1.1348247023E-001
   1  1938   0    0  1.8780275375E+003  2.2015393467E-001 -1.8865175298E-001 -1.1348247023E-001
   1  1939   0    0  1.8790275376E+003  2.2015393467E-001 -1.8865175298E-001 -1.1348247023E-001
   1  1940   4   98  1.8800275377E+003  2.2015393467E-001 -1.8865175298E-001 -1.1348247023E-001
   1  1941   0    0  1.8810275378E+003  2.2015393467E-001 -1.8865175298E-001 -1.1348247023E-001
   1  1942   0    0  1.8820275379E+003  2.2015393467E-001 -1.8865175298E-001 -1.1348247023E-001
   1  1943   0    0  1.8830275380E+003  2.2015393467E-001 -1.8865175298E-001 -1.1348247023E-001
   1  1944   0    0  1.8840275381E+003  2.2015393467E-001 -1.8865175298E-001 -1.1348247023E-001
   1  1945   0    0  1.8850275382E+003  2.2015393467E-001 -1.8865175298E-001 -1.1348247023E-001
   1  1946   0    0  1.8860275383E+003  2.2015393467E-001 -1.8865175298E-001 -1.1348247023E-001
   1  1947   0    0  1.8870275384E+003  2.2015393467E-001 -1.8865175298E-001 -1.1348247023E-001
   1  1948   0    0  1.8880275385E+003  2.2015393467E-001 -1.8865175298E-001 -1.1348247023E-001
   1  1949   0    0  1.8890275386E+003  2.2015393467E-001 -1.8865175298E-001 -1.1348247023E-001
   1  1950   0    0  1.8900275387E+003  2.2015393467E-001 -1.8865175298E-001 -1.1348247023E-001
   1  1951   0    0  1.8910275388E+003  2.2015393467E-001 -1.8865175298E-001 -1.1348247023E-001
   1  1952   0    0  1.8920275389E+003  2.2015393467E-001 -1.8865175298E-001 -1.1348247023E-001
   1  1953   0    0  1.8930275390E+003  2.2015393467E-001 -1.8865175298E-001 -1.1348247023E-001
   1  1954   0    0  1.8940275391E+003  2.2015393467E-001 -1.8865175298E-001 -1.1348247023E-001
   1  1955   0    0  1.8950275392E+003  2.2015393467E-001 -1.8865175298E-001 -1.1348247023E-001
   1  1956   0    0  1.8960275393E+003  2.2015393467E-001 -1.8865175298E-001 -1.1348247023E-001
   1  1957   0    0  1.8970275394E+003  2.2015393467E-001 -1.8865175298E-001 -1.1348247023E-001
   1  1958   0    0  1.8980275395E+003  2.2015393467E-001 -1.8865175298E-001 -1.1348247023E-001
   1  1959   0    0  1.8990275396E+003  2.2015393467E-001 -1.8865175298E-001 -1.1348247023E-001
   1  1960   4   99  1.9000275397E+003  2.2015393467E-001 -1.8865175298E-001 -1.1348247023E-001
   1  1961   0    0  1.9010275398E+003  2.2015393467E-001 -1.8865175298E-001 -1.1348247023E-001
   1  1962   0    0  1.9020275399E+003  2.2015393467E-001 -1.8865175298E-001 -1.1348247023E-001
   1  1963   0    0  1.9030275400E+003  2.2015393467E-001 -1.8865175298E-001 -1.1348247023E-001
   1  1964   0    0  1.9040275401E+003  2.2015393467E-001 -1.8865175298E-001 -1.1348247023E-001
   1  1965   0    0  1.9050275402E+003  2.2015393467E-001 -1.8865175298E-001 -1.1348247023E-001
   1  1966   0    0  1.9060275403E+003  2.2015393467E-001 -1.8865175298E-001 -1.1348247023E-001
   1  1967   0    0  1.9070275404E+003  2.2015393467E-001 -1.8865175298E-001 -1.1348247023E-001
   1  1968   0    0  1.9080275405E+003  2.2015393467E-001 -1.8865175298E-001 -1.1348247023E-001
   1  1969   0    0  1.9090275406E+003  2.2015393467E-001 -1.8865175298E-001 -1.1348247023E-001
   1  1970   0    0  1.9100275407E+003  2.2015393467E-001 -1.8865175298E-001 -1.1348247023E-001
   1  1971   0    0  1.9110275408E+003  2.2015393467E-001 -1.8865175298E-001 -1.1348247023E-001
   1  1972   0    0  1.9120275409E+003  2.2015393467E-001 -1.8865175298E-001 -1.1348247023E-001
   1  1973   0    0  1.9130275410E+003  2.2015393467E-001 -1.8865175298E-001 -1.1348247023E-001
   1  1974   0    0  1.9140275411E+003  2.2015393467E-001 -1.8865175298E-001 -1.1348247023E-001
   1  1975   0    0  1.9150275412E+003  2.2015393467E-001 -1.8865175298E-001 -1.1348247023E-001
   1  1976   0    0  1.9160275413E+003  2.2015393467E-001 -1.8865175298E-001 -1.1348247023E-001
   1  1977   0    0  1.9170275414E+003  2.2015393467E-001 -1.8865175298E-001 -1.1348247023E-001
   1  1978   0    0  1.9180275415E+003  2.2015393467E-001 -1.8865175298E-001 -1.1348247023E-001
   1  1979   0    0  1.9190275416E+003  2.2015393467E-001 -1.8865175298E-001 -1.1348247023E-001
   1  1980   4  100  1.9200275417E+003  2.2015393467E-001 -1.8865175298E-001 -1.1348247023E-001
   1  1981   0    0  1.9210275418E+003  2.2015393467E-001 -1.8865175298E-001 -1.1348247023E-001
   1  1982   0    0  1.9220275419E+003  2.2015393467E-001 -1.8865175298E-001 -1.1348247023E-001
   1  1983   0    0  1.9230275420E+003  2.2015393467E-001 -1.8865175298E-001 -1.1348247023E-001
   1  1984   0    0  1.9240275421E+003  2.2015393467E-001 -1.8865175298E-001 -1.1348247023E-001
   1  1985   0    0  1.9250275422E+003  2.2015393467E-001 -1.8865175298E-001 -1.1348247023E-001
   1  1986   0    0  1.9260275423E+003  2.2015393467E-001 -1.8865175298E-001 -1.1348247023E-001
   1  1987   0    0  1.9270275424E+003  2.2015393467E-001 -1.8865175298E-001 -1.1348247023E-001
   1  1988   0    0  1.9280275425E+003  2.2015393467E-001 -1.8865175298E-001 -1.1348247023E-001
   1  1989   0    0  1.9290275426E+003  2.2015393467E-001 -1.8865175298E-001 -1.1348247023E-001
   1  1990   0    0  1.9300275427E+003  2.2015393467E-001 -1.8865175298E-001 -1.1348247023E-001
   1  1991   0    0  1.9310275428E+003  2.2015393467E-001 -1.8865175298E-001 -1.1348247023E-001
   1  1992   0    0  1.9320275429E+003  2.2015393467E-001 -1.8865175298E-001 -1.1348247023E-001
   1  1993   0    0  1.9330275430E+003  2.2015393467E-001 -1.8865175298E-001 -1.1348247023E-001
   1  1994   0    0  1.9340275431E+003  2.2015393467E-001 -1.8865175298E-001 -1.1348247023E-001
   1  1995   0    0  1.9350275432E+003  2.2015393467E-001 -1.8865175298E-001 -1.1348247023E-001
   1  1996   0    0  1.9360275433E+003  2.2015393467E-001 -1.8865175298E-001 -1.1348247023E-001
   1  1997   0    0  1.9370275434E+003  2.2015393467E-001 -1.8865175298E-001 -1.1348247023E-001
   1  1998   0    0  1.9380275435E+003  2.2015393467E-001 -1.8865175298E-001 -1.1348247023E-001
   1  1999   0    0  1.9390275436E+003  2.2015393467E-001 -1.8865175298E-001 -1.1348247023E-001
   1  2000   4  101  1.9400275437E+003  2.2015393467E-001 -1.8865175298E-001 -1.1348247023E-001
   1  2001   0    0  1.9410275438E+003  2.2015393467E-001 -1.8865175298E-001 -1.1348247023E-001
   1  2002   0    0  1.9420275439E+003  2.2015393467E-001 -1.8865175298E-001 -1.1348247023E-001
   1  2003   0    0  1.9430275440E+003  2.2015393467E-001 -1.8865175298E-001 -1.1348247023E-001
   1  2004   0    0  1.9440275441E+003  2.2015393467E-001 -1.8865175298E-001 -1.1348247023E-001
   1  2005   0    0  1.9450275442E+003  2.2015393467E-001 -1.8865175298E-001 -1.1348247023E-001
   1  2006   0    0  1.9460275443E+003  2.2015393467E-001 -1.8865175298E-001 -1.1348247023E-001
   1  2007   0    0  1.9470275444E+003  2.2015393467E-001 -1.8865175298E-001 -1.1348247023E-001
   1  2008   0    0  1.9480275445E+003  2.2015393467E-001 -1.8865175298E-001 -1.1348247023E-001
   1  2009   0    0  1.9490275446E+003  2.2015393467E-001 -1.8865175298E-001 -1.1348247023E-001
   1  2010   0    0  1.9500275447E+003  2.2015393467E-001 -1.8865175298E-001 -1.1348247023E-001
   1  2011   0    0  1.9510275448E+003  2.2015393467E-001 -1.8865175298E-001 -1.1348247023E-001
   1  2012   0    0  1.9520275449E+003  2.2015393467E-001 -1.8865175298E-001 -1.1348247023E-001
   1  2013   0    0  1.9530275450E+003  2.2015393467E-001 -1.8865175298E-001 -1.1348247023E-001
   1  2014   0    0  1.9540275451E+003  2.2015393467E-001 -1.8865175298E-001 -1.1348247023E-001
   1  2015   0    0  1.9550275452E+003  2.2015393467E-001 -1.8865175298E-001 -1.1348247023E-001
   1  2016   0    0  1.9560275453E+003  2.2015393467E-001 -1.8865175298E-001 -1.1348247023E-001
   1  2017   0    0  1.9570275454E+003  2.2015393467E-001 -1.8865175298E-001 -1.1348247023E-001
   1  2018   0    0  1.9580275455E+003  2.2015393467E-001 -1.8865175298E-001 -1.1348247023E-001
   1  2019   0    0  1.9590275456E+003  2.2015393467E-001 -1.8865175298E-001 -1.1348247023E-001
   1  2020   4  102  1.9600275457E+003  2.2015393467E-001 -1.8865175298E-001 -1.1348247023E-001
   1  2021   0    0  1.9610275458E+003  2.2015393467E-001 -1.8865175298E-001 -1.1348247023E-001
   1  2022   0    0  1.9620275459E+003  2.2015393467E-001 -1.8865175298E-001 -1.1348247023E-001
   1  2023   0    0  1.9630275460E+003  2.2015393467E-001 -1.8865175298E-001 -1.1348247023E-001
   1  2024   0    0  1.9640275461E+003  2.2015393467E-001 -1.8865175298E-001 -1.1348247023E-001
   1  2025   0    0  1.9650275462E+003  2.2015393467E-001 -1.8865175298E-001 -1.1348247023E-001
   1  2026   0    0  1.9660275463E+003  2.2015393467E-001 -1.8865175298E-001 -1.1348247023E-001
   1  2027   0    0  1.9670275464E+003  2.2015393467E-001 -1.8865175298E-001 -1.1348247023E-001
   1  2028   0    0  1.9680275465E+003  2.2015393467E-001 -1.8865175298E-001 -1.1348247023E-001
   1  2029   0    0  1.9690275466E+003  2.2015393467E-001 -1.8865175298E-001 -1.1348247023E-001
   1  2030   0    0  1.9700275467E+003  2.2015393467E-001 -1.8865175298E-001 -1.1348247023E-001
   1  2031   0    0  1.9710275468E+003  2.2015393467E-001 -1.8865175298E-001 -1.1348247023E-001
   1  2032   0    0  1.9720275469E+003  2.2015393467E-001 -1.8865175298E-001 -1.1348247023E-001
   1  2033   0    0  1.9730275470E+003  2.2015393467E-001 -1.8865175298E-001 -1.1348247023E-001
   1  2034   0    0  1.9740275471E+003  2.2015393467E-001 -1.8865175298E-001 -1.1348247023E-001
   1  2035   0    0  1.9750275472E+003  2.2015393467E-001 -1.8865175298E-001 -1.1348247023E-001
   1  2036   0    0  1.9760275473E+003  2.2015393467E-001 -1.8865175298E-001 -1.1348247023E-001
   1  2037   0    0  1.9770275474E+003  2.2015393467E-001 -1.8865175298E-001 -1.1348247023E-001
   1  2038   0    0  1.9780275475E+003  2.2015393467E-001 -1.8865175298E-001 -1.1348247023E-001
   1  2039   0    0  1.9790275476E+003  2.2015393467E-001 -1.8865175298E-001 -1.1348247023E-001
   1  2040   4  103  1.9800275477E+003  2.2015393467E-001 -1.8865175298E-001 -1.1348247023E-001
   1  2041   0    0  1.9810275478E+003  2.2015393467E-001 -1.8865175298E-001 -1.1348247023E-001
   1  2042   0    0  1.9820275479E+003  2.2015393467E-001 -1.8865175298E-001 -1.1348247023E-001
   1  2043   0    0  1.9830275480E+003  2.2015393467E-001 -1.8865175298E-001 -1.1348247023E-001
   1  2044   0    0  1.9840275481E+003  2.2015393467E-001 -1.8865175298E-001 -1.1348247023E-001
   1  2045   0    0  1.9850275482E+003  2.2015393467E-001 -1.8865175298E-001 -1.1348247023E-001
   1  2046   0    0  1.9860275483E+003  2.2015393467E-001 -1.8865175298E-001 -1.1348247023E-001
   1  2047   0    0  1.9870275484E+003  2.2015393467E-001 -1.8865175298E-001 -1.1348247023E-001
   1  2048   0    0  1.9880275485E+003  2.2015393467E-001 -1.8865175298E-001 -1.1348247023E-001
   1  2049   0    0  1.9890275486E+003  2.2015393467E-001 -1.8865175298E-001 -1.1348247023E-001
   1  2050   0    0  1.9900275487E+003  2.2015393467E-001 -1.8865175298E-001 -1.1348247023E-001
   1  2051   0    0  1.9910275488E+003  2.2015393467E-001 -1.8865175298E-001 -1.1348247023E-001
   1  2052   0    0  1.9920275489E+003  2.2015393467E-001 -1.8865175298E-001 -1.1348247023E-001
   1  2053   0    0  1.9930275490E+003  2.2015393467E-001 -1.8865175298E-001 -1.1348247023E-001
   1  2054   0    0  1.9940275491E+003  2.2015393467E-001 -1.8865175298E-001 -1.1348247023E-001
   1  2055   0    0  1.9950275492E+003  2.2015393467E-001 -1.8865175298E-001 -1.1348247023E-001
   1  2056   0    0  1.9960275493E+003  2.2015393467E-001 -1.8865175298E-001 -1.1348247023E-001
   1  2057   0    0  1.9970275494E+003  2.2015393467E-001 -1.8865175298E-001 -1.1348247023E-001
   1  2058   0    0  1.9980275495E+003  2.2015393467E-001 -1.8865175298E-001 -1.1348247023E-001
   1  2059   0    0  1.9990275496E+003  2.2015393467E-001 -1.8865175298E-001 -1.1348247023E-001
   1  2060   4  104  2.0000275497E+003  2.2015393467E-001 -1.8865175298E-001 -1.1348247023E-001
   1  2061   0    0  2.0010275498E+003  2.2015393467E-001 -1.8865175298E-001 -1.1348247023E-001
   1  2062   0    0  2.0020275499E+003  2.2015393467E-001 -1.8865175298E-001 -1.1348247023E-001
   1  2063   0    0  2.0030275500E+003  2.2015393467E-001 -1.8865175298E-001 -1.1348247023E-001
   1  2064   0    0  2.0040275501E+003  2.2015393467E-001 -1.8865175298E-001 -1.1348247023E-001
   1  2065   0    0  2.0050275502E+003  2.2015393467E-001 -1.8865175298E-001 -1.1348247023E-001
   1  2066   0    0  2.0060275503E+003  2.2015393467E-001 -1.8865175298E-001 -1.1348247023E-001
   1  2067   0    0  2.0070275504E+003  2.2015393467E-001 -1.8865175298E-001 -1.1348247023E-001
   1  2068   0    0  2.0080275505E+003  2.2015393467E-001 -1.8865175298E-001 -1.1348247023E-001
   1  2069   0    0  2.0090275506E+003  2.2015393467E-001 -1.8865175298E-001 -1.1348247023E-001
   1  2070   0    0  2.0100275507E+003  2.2015393467E-001 -1.8865175298E-001 -1.1348247023E-001
   1  2071   0    0  2.0110275508E+003  2.2015393467E-001 -1.8865175298E-001 -1.1348247023E-001
   1  2072   0    0  2.0120275509E+003  2.2015393467E-001 -1.8865175298E-001 -1.1348247023E-001
   1  2073   0    0  2.0130275510E+003  2.2015393467E-001 -1.8865175298E-001 -1.1348247023E-001
   1  2074   0    0  2.0140275511E+003  2.2015393467E-001 -1.8865175298E-001 -1.1348247023E-001
   1  2075   0    0  2.0150275512E+003  2.2015393467E-001 -1.8865175298E-001 -1.1348247023E-001
   1  2076   0    0  2.0160275513E+003  2.2015393467E-001 -1.8865175298E-001 -1.1348247023E-001
   1  2077   0    0  2.0170275514E+003  2.2015393467E-001 -1.8865175298E-001 -1.1348247023E-001
   1  2078   0    0  2.0180275515E+003  2.2015393467E-001 -1.8865175298E-001 -1.1348247023E-001
   1  2079   0    0  2.0190275516E+003  2.2015393467E-001 -1.8865175298E-001 -1.1348247023E-001
   1  2080   4  105  2.0200275517E+003  2.2015393467E-001 -1.8865175298E-001 -1.1348247023E-001
   1  2081   0    0  2.0210275518E+003  2.2015393467E-001 -1.8865175298E-001 -1.1348247023E-001
   1  2082   0    0  2.0220275519E+003  2.2015393467E-001 -1.8865175298E-001 -1.1348247023E-001
   1  2083   0    0  2.0230275520E+003  2.2015393467E-001 -1.8865175298E-001 -1.1348247023E-001
   1  2084   0    0  2.0240275521E+003  2.2015393467E-001 -1.8865175298E-001 -1.1348247023E-001
   1  2085   0    0  2.0250275522E+003  2.2015393467E-001 -1.8865175298E-001 -1.1348247023E-001
   1  2086   0    0  2.0260275523E+003  2.2015393467E-001 -1.8865175298E-001 -1.1348247023E-001
   1  2087   0    0  2.0270275524E+003  2.2015393467E-001 -1.8865175298E-001 -1.1348247023E-001
   1  2088   0    0  2.0280275525E+003  2.2015393467E-001 -1.8865175298E-001 -1.1348247023E-001
   1  2089   0    0  2.0290275526E+003  2.2015393467E-001 -1.8865175298E-001 -1.1348247023E-001
   1  2090   0    0  2.0300275527E+003  2.2015393467E-001 -1.8865175298E-001 -1.1348247023E-001
   1  2091   0    0  2.0310275528E+003  2.2015393467E-001 -1.8865175298E-001 -1.1348247023E-001
   1  2092   0    0  2.0320275529E+003  2.2015393467E-001 -1.8865175298E-001 -1.1348247023E-001
   1  2093   0    0  2.0330275530E+003  2.2015393467E-001 -1.8865175298E-001 -1.1348247023E-001
   1  2094   0    0  2.0340275531E+003  2.2015393467E-001 -1.8865175298E-001 -1.1348247023E-001
   1  2095   0    0  2.0350275532E+003  2.2015393467E-001 -1.8865175298E-001 -1.1348247023E-001
   1  2096   0    0  2.0360275533E+003  2.2015393467E-001 -1.8865175298E-001 -1.1348247023E-001
   1  2097   0    0  2.0370275534E+003  2.2015393467E-001 -1.8865175298E-001 -1.1348247023E-001
   1  2098   0    0  2.0380275535E+003  2.2015393467E-001 -1.8865175298E-001 -1.1348247023E-001
   1  2099   0    0  2.0390275536E+003  2.2015393467E-001 -1.8865175298E-001 -1.1348247023E-001
   1  2100   4  106  2.0400275537E+003  2.2015393467E-001 -1.8865175298E-001 -1.1348247023E-001
   1  2101   0    0  2.0410275538E+003  2.2015393467E-001 -1.8865175298E-001 -1.1348247023E-001
   1  2102   0    0  2.0420275539E+003  2.2015393467E-001 -1.8865175298E-001 -1.1348247023E-001
   1  2103   0    0  2.0430275540E+003  2.2015393467E-001 -1.8865175298E-001 -1.1348247023E-001
   1  2104   0    0  2.0440275541E+003  2.2015393467E-001 -1.8865175298E-001 -1.1348247023E-001
   1  2105   0    0  2.0450275542E+003  2.2015393467E-001 -1.8865175298E-001 -1.1348247023E-001
   1  2106   0    0  2.0460275543E+003  2.2015393467E-001 -1.8865175298E-001 -1.1348247023E-001
   1  2107   0    0  2.0470275544E+003  2.2015393467E-001 -1.8865175298E-001 -1.1348247023E-001
   1  2108   0    0  2.0480275545E+003  2.2015393467E-001 -1.8865175298E-001 -1.1348247023E-001
   1  2109   0    0  2.0490275546E+003  2.2015393467E-001 -1.8865175298E-001 -1.1348247023E-001
   1  2110   0    0  2.0500275547E+003  2.2015393467E-001 -1.8865175298E-001 -1.1348247023E-001
   1  2111   0    0  2.0510275548E+003  2.2015393467E-001 -1.8865175298E-001 -1.1348247023E-001
   1  2112   0    0  2.0520275549E+003  2.2015393467E-001 -1.8865175298E-001 -1.1348247023E-001
   1  2113   0    0  2.0530275550E+003  2.2015393467E-001 -1.8865175298E-001 -1.1348247023E-001
   1  2114   0    0  2.0540275551E+003  2.2015393467E-001 -1.8865175298E-001 -1.1348247023E-001
   1  2115   0    0  2.0550275552E+003  2.2015393467E-001 -1.8865175298E-001 -1.1348247023E-001
   1  2116   0    0  2.0560275553E+003  2.2015393467E-001 -1.8865175298E-001 -1.1348247023E-001
   1  2117   0    0  2.0570275554E+003  2.2015393467E-001 -1.8865175298E-001 -1.1348247023E-001
   1  2118   0    0  2.0580275555E+003  2.2015393467E-001 -1.8865175298E-001 -1.1348247023E-001
   1  2119   0    0  2.0590275556E+003  2.2015393467E-001 -1.8865175298E-001 -1.1348247023E-001
   1  2120   4  107  2.0600275557E+003  2.2015393467E-001 -1.8865175298E-001 -1.1348247023E-001
   1  2121   0    0  2.0610275558E+003  2.2015393467E-001 -1.8865175298E-001 -1.1348247023E-001
   1  2122   0    0  2.0620275559E+003  2.2015393467E-001 -1.8865175298E-001 -1.1348247023E-001
   1  2123   0    0  2.0630275560E+003  2.2015393467E-001 -1.8865175298E-001 -1.1348247023E-001
   1  2124   0    0  2.0640275561E+003  2.2015393467E-001 -1.8865175298E-001 -1.1348247023E-001
   1  2125   0    0  2.0650275562E+003  2.2015393467E-001 -1.8865175298E-001 -1.1348247023E-001
   1  2126   0    0  2.0660275563E+003  2.2015393467E-001 -1.8865175298E-001 -1.1348247023E-001
   1  2127   0    0  2.0670275564E+003  2.2015393467E-001 -1.8865175298E-001 -1.1348247023E-001
   1  2128   0    0  2.0680275565E+003  2.2015393467E-001 -1.8865175298E-001 -1.1348247023E-001
   1  2129   0    0  2.0690275566E+003  2.2015393467E-001 -1.8865175298E-001 -1.1348247023E-001
   1  2130   0    0  2.0700275567E+003  2.2015393467E-001 -1.8865175298E-001 -1.1348247023E-001
   1  2131   0    0  2.0710275568E+003  2.2015393467E-001 -1.8865175298E-001 -1.1348247023E-001
   1  2132   0    0  2.0720275569E+003  2.2015393467E-001 -1.8865175298E-001 -1.1348247023E-001
   1  2133   0    0  2.0730275570E+003  2.2015393467E-001 -1.8865175298E-001 -1.1348247023E-001
   1  2134   0    0  2.0740275571E+003  2.2015393467E-001 -1.8865175298E-001 -1.1348247023E-001
   1  2135   0    0  2.0750275572E+003  2.2015393467E-001 -1.8865175298E-001 -1.1348247023E-001
   1  2136   0    0  2.0760275573E+003  2.2015393467E-001 -1.8865175298E-001 -1.1348247023E-001
   1  2137   0    0  2.0770275574E+003  2.2015393467E-001 -1.8865175298E-001 -1.1348247023E-001
   1  2138   0    0  2.0780275575E+003  2.2015393467E-001 -1.8865175298E-001 -1.1348247023E-001
   1  2139   0    0  2.0790275576E+003  2.2015393467E-001 -1.8865175298E-001 -1.1348247023E-001
   1  2140   4  108  2.0800275577E+003  2.2015393467E-001 -1.8865175298E-001 -1.1348247023E-001
   1  2141   0    0  2.0810275578E+003  2.2015393467E-001 -1.8865175298E-001 -1.1348247023E-001
   1  2142   0    0  2.0820275579E+003  2.2015393467E-001 -1.8865175298E-001 -1.1348247023E-001
   1  2143   0    0  2.0830275580E+003  2.2015393467E-001 -1.8865175298E-001 -1.1348247023E-001
   1  2144   0    0  2.0840275581E+003  2.2015393467E-001 -1.8865175298E-001 -1.1348247023E-001
   1  2145   0    0  2.0850275582E+003  2.2015393467E-001 -1.8865175298E-001 -1.1348247023E-001
   1  2146   0    0  2.0860275583E+003  2.2015393467E-001 -1.8865175298E-001 -1.1348247023E-001
   1  2147   0    0  2.0870275584E+003  2.2015393467E-001 -1.8865175298E-001 -1.1348247023E-001
   1  2148   0    0  2.0880275585E+003  2.2015393467E-001 -1.8865175298E-001 -1.1348247023E-001
   1  2149   0    0  2.0890275586E+003  2.2015393467E-001 -1.8865175298E-001 -1.1348247023E-001
   1  2150   0    0  2.0900275587E+003  2.2015393467E-001 -1.8865175298E-001 -1.1348247023E-001
   1  2151   0    0  2.0910275588E+003  2.2015393467E-001 -1.8865175298E-001 -1.1348247023E-001
   1  2152   0    0  2.0920275589E+003  2.2015393467E-001 -1.8865175298E-001 -1.1348247023E-001
   1  2153   0    0  2.0930275590E+003  2.2015393467E-001 -1.8865175298E-001 -1.1348247023E-001
   1  2154   0    0  2.0940275591E+003  2.2015393467E-001 -1.8865175298E-001 -1.1348247023E-001
   1  2155   0    0  2.0950275592E+003  2.2015393467E-001 -1.8865175298E-001 -1.1348247023E-001
   1  2156   0    0  2.0960275593E+003  2.2015393467E-001 -1.8865175298E-001 -1.1348247023E-001
   1  2157   0    0  2.0970275594E+003  2.2015393467E-001 -1.8865175298E-001 -1.1348247023E-001
   1  2158   0    0  2.0980275595E+003  2.2015393467E-001 -1.8865175298E-001 -1.1348247023E-001
   1  2159   0    0  2.0990275596E+003  2.2015393467E-001 -1.8865175298E-001 -1.1348247023E-001
   1  2160   4  109  2.1000275597E+003  2.2015393467E-001 -1.8865175298E-001 -1.1348247023E-001
   1  2161   0    0  2.1010275598E+003  2.2015393467E-001 -1.8865175298E-001 -1.1348247023E-001
   1  2162   0    0  2.1020275599E+003  2.2015393467E-001 -1.8865175298E-001 -1.1348247023E-001
   1  2163   0    0  2.1030275600E+003  2.2015393467E-001 -1.8865175298E-001 -1.1348247023E-001
   1  2164   0    0  2.1040275601E+003  2.2015393467E-001 -1.8865175298E-001 -1.1348247023E-001
   1  2165   0    0  2.1050275602E+003  2.2015393467E-001 -1.8865175298E-001 -1.1348247023E-001
   1  2166   0    0  2.1060275603E+003  2.2015393467E-001 -1.8865175298E-001 -1.1348247023E-001
   1  2167   0    0  2.1070275604E+003  2.2015393467E-001 -1.8865175298E-001 -1.1348247023E-001
   1  2168   0    0  2.1080275605E+003  2.2015393467E-001 -1.8865175298E-001 -1.1348247023E-001
   1  2169   0    0  2.1090275606E+003  2.2015393467E-001 -1.8865175298E-001 -1.1348247023E-001
   1  2170   0    0  2.1100275607E+003  2.2015393467E-001 -1.8865175298E-001 -1.1348247023E-001
   1  2171   0    0  2.1110275608E+003  2.2015393467E-001 -1.8865175298E-001 -1.1348247023E-001
   1  2172   0    0  2.1120275609E+003  2.2015393467E-001 -1.8865175298E-001 -1.1348247023E-001
   1  2173   0    0  2.1130275610E+003  2.2015393467E-001 -1.8865175298E-001 -1.1348247023E-001
   1  2174   0    0  2.1140275611E+003  2.2015393467E-001 -1.8865175298E-001 -1.1348247023E-001
   1  2175   0    0  2.1150275612E+003  2.2015393467E-001 -1.8865175298E-001 -1.1348247023E-001
   1  2176   0    0  2.1160275613E+003  2.2015393467E-001 -1.8865175298E-001 -1.1348247023E-001
   1  2177   0    0  2.1170275614E+003  2.2015393467E-001 -1.8865175298E-001 -1.1348247023E-001
   1  2178   0    0  2.1180275615E+003  2.2015393467E-001 -1.8865175298E-001 -1.1348247023E-001
   1  2179   0    0  2.1190275616E+003  2.2015393467E-001 -1.8865175298E-001 -1.1348247023E-001
   1  2180   4  110  2.1200275617E+003  2.2015393467E-001 -1.8865175298E-001 -1.1348247023E-001
   1  2181   0    0  2.1210275618E+003  2.2015393467E-001 -1.8865175298E-001 -1.1348247023E-001
   1  2182   0    0  2.1220275619E+003  2.2015393467E-001 -1.8865175298E-001 -1.1348247023E-001
   1  2183   0    0  2.1230275620E+003  2.2015393467E-001 -1.8865175298E-001 -1.1348247023E-001
   1  2184   0    0  2.1240275621E+003  2.2015393467E-001 -1.8865175298E-001 -1.1348247023E-001
   1  2185   0    0  2.1250275622E+003  2.2015393467E-001 -1.8865175298E-001 -1.1348247023E-001
   1  2186   0    0  2.1260275623E+003  2.2015393467E-001 -1.8865175298E-001 -1.1348247023E-001
   1  2187   0    0  2.1270275624E+003  2.2015393467E-001 -1.8865175298E-001 -1.1348247023E-001
   1  2188   0    0  2.1280275625E+003  2.2015393467E-001 -1.8865175298E-001 -1.1348247023E-001
   1  2189   0    0  2.1290275626E+003  2.2015393467E-001 -1.8865175298E-001 -1.1348247023E-001
   1  2190   0    0  2.1300275627E+003  2.2015393467E-001 -1.8865175298E-001 -1.1348247023E-001
   1  2191   0    0  2.1310275628E+003  2.2015393467E-001 -1.8865175298E-001 -1.1348247023E-001
   1  2192   0    0  2.1320275629E+003  2.2015393467E-001 -1.8865175298E-001 -1.1348247023E-001
   1  2193   0    0  2.1330275630E+003  2.2015393467E-001 -1.8865175298E-001 -1.1348247023E-001
   1  2194   0    0  2.1340275631E+003  2.2015393467E-001 -1.8865175298E-001 -1.1348247023E-001
   1  2195   0    0  2.1350275632E+003  2.2015393467E-001 -1.8865175298E-001 -1.1348247023E-001
   1  2196   0    0  2.1360275633E+003  2.2015393467E-001 -1.8865175298E-001 -1.1348247023E-001
   1  2197   0    0  2.1370275634E+003  2.2015393467E-001 -1.8865175298E-001 -1.1348247023E-001
   1  2198   0    0  2.1380275635E+003  2.2015393467E-001 -1.8865175298E-001 -1.1348247023E-001
   1  2199   0    0  2.1390275636E+003  2.2015393467E-001 -1.8865175298E-001 -1.1348247023E-001
   1  2200   4  111  2.1400275637E+003  2.2015393467E-001 -1.8865175298E-001 -1.1348247023E-001
   1  2201   0    0  2.1410275638E+003  2.2015393467E-001 -1.8865175298E-001 -1.1348247023E-001
   1  2202   0    0  2.1420275639E+003  2.2015393467E-001 -1.8865175298E-001 -1.1348247023E-001
   1  2203   0    0  2.1430275640E+003  2.2015393467E-001 -1.8865175298E-001 -1.1348247023E-001
   1  2204   0    0  2.1440275641E+003  2.2015393467E-001 -1.8865175298E-001 -1.1348247023E-001
   1  2205   0    0  2.1450275642E+003  2.2015393467E-001 -1.8865175298E-001 -1.1348247023E-001
   1  2206   0    0  2.1460275643E+003  2.2015393467E-001 -1.8865175298E-001 -1.1348247023E-001
   1  2207   0    0  2.1470275644E+003  2.2015393467E-001 -1.8865175298E-001 -1.1348247023E-001
   1  2208   0    0  2.1480275645E+003  2.2015393467E-001 -1.8865175298E-001 -1.1348247023E-001
   1  2209   0    0  2.1490275646E+003  2.2015393467E-001 -1.8865175298E-001 -1.1348247023E-001
   1  2210   0    0  2.1500275647E+003  2.2015393467E-001 -1.8865175298E-001 -1.1348247023E-001
   1  2211   0    0  2.1510275648E+003  2.2015393467E-001 -1.8865175298E-001 -1.1348247023E-001
   1  2212   0    0  2.1520275649E+003  2.2015393467E-001 -1.8865175298E-001 -1.1348247023E-001
   1  2213   0    0  2.1530275650E+003  2.2015393467E-001 -1.8865175298E-001 -1.1348247023E-001
   1  2214   0    0  2.1540275651E+003  2.2015393467E-001 -1.8865175298E-001 -1.1348247023E-001
   1  2215   0    0  2.1550275652E+003  2.2015393467E-001 -1.8865175298E-001 -1.1348247023E-001
   1  2216   0    0  2.1560275653E+003  2.2015393467E-001 -1.8865175298E-001 -1.1348247023E-001
   1  2217   0    0  2.1570275654E+003  2.2015393467E-001 -1.8865175298E-001 -1.1348247023E-001
   1  2218   0    0  2.1580275655E+003  2.2015393467E-001 -1.8865175298E-001 -1.1348247023E-001
   1  2219   0    0  2.1590275656E+003  2.2015393467E-001 -1.8865175298E-001 -1.1348247023E-001
   1  2220   4  112  2.1600275657E+003  2.2015393467E-001 -1.8865175298E-001 -1.1348247023E-001
   1  2221   0    0  2.1610275658E+003  2.2015393467E-001 -1.8865175298E-001 -1.1348247023E-001
   1  2222   0    0  2.1620275659E+003  2.2015393467E-001 -1.8865175298E-001 -1.1348247023E-001
   1  2223   0    0  2.1630275660E+003  2.2015393467E-001 -1.8865175298E-001 -1.1348247023E-001
   1  2224   0    0  2.1640275661E+003  2.2015393467E-001 -1.8865175298E-001 -1.1348247023E-001
   1  2225   0    0  2.1650275662E+003  2.2015393467E-001 -1.8865175298E-001 -1.1348247023E-001
   1  2226   0    0  2.1660275663E+003  2.2015393467E-001 -1.8865175298E-001 -1.1348247023E-001
   1  2227   0    0  2.1670275664E+003  2.2015393467E-001 -1.8865175298E-001 -1.1348247023E-001
   1  2228   0    0  2.1680275665E+003  2.2015393467E-001 -1.8865175298E-001 -1.1348247023E-001
   1  2229   0    0  2.1690275666E+003  2.2015393467E-001 -1.8865175298E-001 -1.1348247023E-001
   1  2230   0    0  2.1700275667E+003  2.2015393467E-001 -1.8865175298E-001 -1.1348247023E-001
   1  2231   0    0  2.1710275668E+003  2.2015393467E-001 -1.8865175298E-001 -1.1348247023E-001
   1  2232   0    0  2.1720275669E+003  2.2015393467E-001 -1.8865175298E-001 -1.1348247023E-001
   1  2233   0    0  2.1730275670E+003  2.2015393467E-001 -1.8865175298E-001 -1.1348247023E-001
   1  2234   0    0  2.1740275671E+003  2.2015393467E-001 -1.8865175298E-001 -1.1348247023E-001
   1  2235   0    0  2.1750275672E+003  2.2015393467E-001 -1.8865175298E-001 -1.1348247023E-001
   1  2236   0    0  2.1760275673E+003  2.2015393467E-001 -1.8865175298E-001 -1.1348247023E-001
   1  2237   0    0  2.1770275674E+003  2.2015393467E-001 -1.8865175298E-001 -1.1348247023E-001
   1  2238   0    0  2.1780275675E+003  2.2015393467E-001 -1.8865175298E-001 -1.1348247023E-001
   1  2239   0    0  2.1790275676E+003  2.2015393467E-001 -1.8865175298E-001 -1.1348247023E-001
   1  2240   4  113  2.1800275677E+003  2.2015393467E-001 -1.8865175298E-001 -1.1348247023E-001
   1  2241   0    0  2.1810275678E+003  2.2015393467E-001 -1.8865175298E-001 -1.1348247023E-001
   1  2242   0    0  2.1820275679E+003  2.2015393467E-001 -1.8865175298E-001 -1.1348247023E-001
   1  2243   0    0  2.1830275680E+003  2.2015393467E-001 -1.8865175298E-001 -1.1348247023E-001
   1  2244   0    0  2.1840275681E+003  2.2015393467E-001 -1.8865175298E-001 -1.1348247023E-001
   1  2245   0    0  2.1850275682E+003  2.2015393467E-001 -1.8865175298E-001 -1.1348247023E-001
   1  2246   0    0  2.1860275683E+003  2.2015393467E-001 -1.8865175298E-001 -1.1348247023E-001
   1  2247   0    0  2.1870275684E+003  2.2015393467E-001 -1.8865175298E-001 -1.1348247023E-001
   1  2248   0    0  2.1880275685E+003  2.2015393467E-001 -1.8865175298E-001 -1.1348247023E-001
   1  2249   0    0  2.1890275686E+003  2.2015393467E-001 -1.8865175298E-001 -1.1348247023E-001
   1  2250   0    0  2.1900275687E+003  2.2015393467E-001 -1.8865175298E-001 -1.1348247023E-001
   1  2251   0    0  2.1910275688E+003  2.2015393467E-001 -1.8865175298E-001 -1.1348247023E-001
   1  2252   0    0  2.1920275689E+003  2.2015393467E-001 -1.8865175298E-001 -1.1348247023E-001
   1  2253   0    0  2.1930275690E+003  2.2015393467E-001 -1.8865175298E-001 -1.1348247023E-001
   1  2254   0    0  2.1940275691E+003  2.2015393467E-001 -1.8865175298E-001 -1.1348247023E-001
   1  2255   0    0  2.1950275692E+003  2.2015393467E-001 -1.8865175298E-001 -1.1348247023E-001
   1  2256   0    0  2.1960275693E+003  2.2015393467E-001 -1.8865175298E-001 -1.1348247023E-001
   1  2257   0    0  2.1970275694E+003  2.2015393467E-001 -1.8865175298E-001 -1.1348247023E-001
   1  2258   0    0  2.1980275695E+003  2.2015393467E-001 -1.8865175298E-001 -1.1348247023E-001
   1  2259   0    0  2.1990275696E+003  2.2015393467E-001 -1.8865175298E-001 -1.1348247023E-001
   1  2260   4  114  2.2000275697E+003  2.2015393467E-001 -1.8865175298E-001 -1.1348247023E-001
   1  2261   0    0  2.2010275698E+003  2.2015393467E-001 -1.8865175298E-001 -1.1348247023E-001
   1  2262   0    0  2.2020275699E+003  2.2015393467E-001 -1.8865175298E-001 -1.1348247023E-001
   1  2263   0    0  2.2030275700E+003  2.2015393467E-001 -1.8865175298E-001 -1.1348247023E-001
   1  2264   0    0  2.2040275701E+003  2.2015393467E-001 -1.8865175298E-001 -1.1348247023E-001
   1  2265   0    0  2.2050275702E+003  2.2015393467E-001 -1.8865175298E-001 -1.1348247023E-001
   1  2266   0    0  2.2060275703E+003  2.2015393467E-001 -1.8865175298E-001 -1.1348247023E-001
   1  2267   0    0  2.2070275704E+003  2.2015393467E-001 -1.8865175298E-001 -1.1348247023E-001
   1  2268   0    0  2.2080275705E+003  2.2015393467E-001 -1.8865175298E-001 -1.1348247023E-001
   1  2269   0    0  2.2090275706E+003  2.2015393467E-001 -1.8865175298E-001 -1.1348247023E-001
   1  2270   0    0  2.2100275707E+003  2.2015393467E-001 -1.8865175298E-001 -1.1348247023E-001
   1  2271   0    0  2.2110275708E+003  2.2015393467E-001 -1.8865175298E-001 -1.1348247023E-001
   1  2272   0    0  2.2120275709E+003  2.2015393467E-001 -1.8865175298E-001 -1.1348247023E-001
   1  2273   0    0  2.2130275710E+003  2.2015393467E-001 -1.8865175298E-001 -1.1348247023E-001
   1  2274   0    0  2.2140275711E+003  2.2015393467E-001 -1.8865175298E-001 -1.1348247023E-001
   1  2275   0    0  2.2150275712E+003  2.2015393467E-001 -1.8865175298E-001 -1.1348247023E-001
   1  2276   0    0  2.2160275713E+003  2.2015393467E-001 -1.8865175298E-001 -1.1348247023E-001
   1  2277   0    0  2.2170275714E+003  2.2015393467E-001 -1.8865175298E-001 -1.1348247023E-001
   1  2278   0    0  2.2180275715E+003  2.2015393467E-001 -1.8865175298E-001 -1.1348247023E-001
   1  2279   0    0  2.2190275716E+003  2.2015393467E-001 -1.8865175298E-001 -1.1348247023E-001
   1  2280   4  115  2.2200275717E+003  2.2015393467E-001 -1.8865175298E-001 -1.1348247023E-001
   1  2281   0    0  2.2210275718E+003  2.2015393467E-001 -1.8865175298E-001 -1.1348247023E-001
   1  2282   0    0  2.2220275719E+003  2.2015393467E-001 -1.8865175298E-001 -1.1348247023E-001
   1  2283   0    0  2.2230275720E+003  2.2015393467E-001 -1.8865175298E-001 -1.1348247023E-001
   1  2284   0    0  2.2240275721E+003  2.2015393467E-001 -1.8865175298E-001 -1.1348247023E-001
   1  2285   0    0  2.2250275722E+003  2.2015393467E-001 -1.8865175298E-001 -1.1348247023E-001
   1  2286   0    0  2.2260275723E+003  2.2015393467E-001 -1.8865175298E-001 -1.1348247023E-001
   1  2287   0    0  2.2270275724E+003  2.2015393467E-001 -1.8865175298E-001 -1.1348247023E-001
   1  2288   0    0  2.2280275725E+003  2.2015393467E-001 -1.8865175298E-001 -1.1348247023E-001
   1  2289   0    0  2.2290275726E+003  2.2015393467E-001 -1.8865175298E-001 -1.1348247023E-001
   1  2290   0    0  2.2300275727E+003  2.2015393467E-001 -1.8865175298E-001 -1.1348247023E-001
   1  2291   0    0  2.2310275728E+003  2.2015393467E-001 -1.8865175298E-001 -1.1348247023E-001
   1  2292   0    0  2.2320275729E+003  2.2015393467E-001 -1.8865175298E-001 -1.1348247023E-001
   1  2293   0    0  2.2330275730E+003  2.2015393467E-001 -1.8865175298E-001 -1.1348247023E-001
   1  2294   0    0  2.2340275731E+003  2.2015393467E-001 -1.8865175298E-001 -1.1348247023E-001
   1  2295   0    0  2.2350275732E+003  2.2015393467E-001 -1.8865175298E-001 -1.1348247023E-001
   1  2296   0    0  2.2360275733E+003  2.2015393467E-001 -1.8865175298E-001 -1.1348247023E-001
   1  2297   0    0  2.2370275734E+003  2.2015393467E-001 -1.8865175298E-001 -1.1348247023E-001
   1  2298   0    0  2.2380275735E+003  2.2015393467E-001 -1.8865175298E-001 -1.1348247023E-001
   1  2299   0    0  2.2390275736E+003  2.2015393467E-001 -1.8865175298E-001 -1.1348247023E-001
   1  2300   4  116  2.2400275737E+003  2.2015393467E-001 -1.8865175298E-001 -1.1348247023E-001
   1  2301   0    0  2.2410275738E+003  2.2015393467E-001 -1.8865175298E-001 -1.1348247023E-001
   1  2302   0    0  2.2420275739E+003  2.2015393467E-001 -1.8865175298E-001 -1.1348247023E-001
   1  2303   0    0  2.2430275740E+003  2.2015393467E-001 -1.8865175298E-001 -1.1348247023E-001
   1  2304   0    0  2.2440275741E+003  2.2015393467E-001 -1.8865175298E-001 -1.1348247023E-001
   1  2305   0    0  2.2450275742E+003  2.2015393467E-001 -1.8865175298E-001 -1.1348247023E-001
   1  2306   0    0  2.2460275743E+003  2.2015393467E-001 -1.8865175298E-001 -1.1348247023E-001
   1  2307   0    0  2.2470275744E+003  2.2015393467E-001 -1.8865175298E-001 -1.1348247023E-001
   1  2308   0    0  2.2480275745E+003  2.2015393467E-001 -1.8865175298E-001 -1.1348247023E-001
   1  2309   0    0  2.2490275746E+003  2.2015393467E-001 -1.8865175298E-001 -1.1348247023E-001
   1  2310   0    0  2.2500275747E+003  2.2015393467E-001 -1.8865175298E-001 -1.1348247023E-001
   1  2311   0    0  2.2510275748E+003  2.2015393467E-001 -1.8865175298E-001 -1.1348247023E-001
   1  2312   0    0  2.2520275749E+003  2.2015393467E-001 -1.8865175298E-001 -1.1348247023E-001
   1  2313   0    0  2.2530275750E+003  2.2015393467E-001 -1.8865175298E-001 -1.1348247023E-001
   1  2314   0    0  2.2540275751E+003  2.2015393467E-001 -1.8865175298E-001 -1.1348247023E-001
   1  2315   0    0  2.2550275752E+003  2.2015393467E-001 -1.8865175298E-001 -1.1348247023E-001
   1  2316   0    0  2.2560275753E+003  2.2015393467E-001 -1.8865175298E-001 -1.1348247023E-001
   1  2317   0    0  2.2570275754E+003  2.2015393467E-001 -1.8865175298E-001 -1.1348247023E-001
   1  2318   0    0  2.2580275755E+003  2.2015393467E-001 -1.8865175298E-001 -1.1348247023E-001
   1  2319   0    0  2.2590275756E+003  2.2015393467E-001 -1.8865175298E-001 -1.1348247023E-001
   1  2320   4  117  2.2600275757E+003  2.2015393467E-001 -1.8865175298E-001 -1.1348247023E-001
   1  2321   0    0  2.2610275758E+003  2.2015393467E-001 -1.8865175298E-001 -1.1348247023E-001
   1  2322   0    0  2.2620275759E+003  2.2015393467E-001 -1.8865175298E-001 -1.1348247023E-001
   1  2323   0    0  2.2630275760E+003  2.2015393467E-001 -1.8865175298E-001 -1.1348247023E-001
   1  2324   0    0  2.2640275761E+003  2.2015393467E-001 -1.8865175298E-001 -1.1348247023E-001
   1  2325   0    0  2.2650275762E+003  2.2015393467E-001 -1.8865175298E-001 -1.1348247023E-001
   1  2326   0    0  2.2660275763E+003  2.2015393467E-001 -1.8865175298E-001 -1.1348247023E-001
   1  2327   0    0  2.2670275764E+003  2.2015393467E-001 -1.8865175298E-001 -1.1348247023E-001
   1  2328   0    0  2.2680275765E+003  2.2015393467E-001 -1.8865175298E-001 -1.1348247023E-001
   1  2329   0    0  2.2690275766E+003  2.2015393467E-001 -1.8865175298E-001 -1.1348247023E-001
   1  2330   0    0  2.2700275767E+003  2.2015393467E-001 -1.8865175298E-001 -1.1348247023E-001
   1  2331   0    0  2.2710275768E+003  2.2015393467E-001 -1.8865175298E-001 -1.1348247023E-001
   1  2332   0    0  2.2720275769E+003  2.2015393467E-001 -1.8865175298E-001 -1.1348247023E-001
   1  2333   0    0  2.2730275770E+003  2.2015393467E-001 -1.8865175298E-001 -1.1348247023E-001
   1  2334   0    0  2.2740275771E+003  2.2015393467E-001 -1.8865175298E-001 -1.1348247023E-001
   1  2335   0    0  2.2750275772E+003  2.2015393467E-001 -1.8865175298E-001 -1.1348247023E-001
   1  2336   0    0  2.2760275773E+003  2.2015393467E-001 -1.8865175298E-001 -1.1348247023E-001
   1  2337   0    0  2.2770275774E+003  2.2015393467E-001 -1.8865175298E-001 -1.1348247023E-001
   1  2338   0    0  2.2780275775E+003  2.2015393467E-001 -1.8865175298E-001 -1.1348247023E-001
   1  2339   0    0  2.2790275776E+003  2.2015393467E-001 -1.8865175298E-001 -1.1348247023E-001
   1  2340   4  118  2.2800275777E+003  2.2015393467E-001 -1.8865175298E-001 -1.1348247023E-001
   1  2341   0    0  2.2810275778E+003  2.2015393467E-001 -1.8865175298E-001 -1.1348247023E-001
   1  2342   0    0  2.2820275779E+003  2.2015393467E-001 -1.8865175298E-001 -1.1348247023E-001
   1  2343   0    0  2.2830275780E+003  2.2015393467E-001 -1.8865175298E-001 -1.1348247023E-001
   1  2344   0    0  2.2840275781E+003  2.2015393467E-001 -1.8865175298E-001 -1.1348247023E-001
   1  2345   0    0  2.2850275782E+003  2.2015393467E-001 -1.8865175298E-001 -1.1348247023E-001
   1  2346   0    0  2.2860275783E+003  2.2015393467E-001 -1.8865175298E-001 -1.1348247023E-001
   1  2347   0    0  2.2870275784E+003  2.2015393467E-001 -1.8865175298E-001 -1.1348247023E-001
   1  2348   0    0  2.2880275785E+003  2.2015393467E-001 -1.8865175298E-001 -1.1348247023E-001
   1  2349   0    0  2.2890275786E+003  2.2015393467E-001 -1.8865175298E-001 -1.1348247023E-001
   1  2350   0    0  2.2900275787E+003  2.2015393467E-001 -1.8865175298E-001 -1.1348247023E-001
   1  2351   0    0  2.2910275788E+003  2.2015393467E-001 -1.8865175298E-001 -1.1348247023E-001
   1  2352   0    0  2.2920275789E+003  2.2015393467E-001 -1.8865175298E-001 -1.1348247023E-001
   1  2353   0    0  2.2930275790E+003  2.2015393467E-001 -1.8865175298E-001 -1.1348247023E-001
   1  2354   0    0  2.2940275791E+003  2.2015393467E-001 -1.8865175298E-001 -1.1348247023E-001
   1  2355   0    0  2.2950275792E+003  2.2015393467E-001 -1.8865175298E-001 -1.1348247023E-001
   1  2356   0    0  2.2960275793E+003  2.2015393467E-001 -1.8865175298E-001 -1.1348247023E-001
   1  2357   0    0  2.2970275794E+003  2.2015393467E-001 -1.8865175298E-001 -1.1348247023E-001
   1  2358   0    0  2.2980275795E+003  2.2015393467E-001 -1.8865175298E-001 -1.1348247023E-001
   1  2359   0    0  2.2990275796E+003  2.2015393467E-001 -1.8865175298E-001 -1.1348247023E-001
   1  2360   4  119  2.3000275797E+003  2.2015393467E-001 -1.8865175298E-001 -1.1348247023E-001
   1  2361   0    0  2.3010275798E+003  2.2015393467E-001 -1.8865175298E-001 -1.1348247023E-001
   1  2362   0    0  2.3020275799E+003  2.2015393467E-001 -1.8865175298E-001 -1.1348247023E-001
   1  2363   0    0  2.3030275800E+003  2.2015393467E-001 -1.8865175298E-001 -1.1348247023E-001
   1  2364   0    0  2.3040275801E+003  2.2015393467E-001 -1.8865175298E-001 -1.1348247023E-001
   1  2365   0    0  2.3050275802E+003  2.2015393467E-001 -1.8865175298E-001 -1.1348247023E-001
   1  2366   0    0  2.3060275803E+003  2.2015393467E-001 -1.8865175298E-001 -1.1348247023E-001
   1  2367   0    0  2.3070275804E+003  2.2015393467E-001 -1.8865175298E-001 -1.1348247023E-001
   1  2368   0    0  2.3080275805E+003  2.2015393467E-001 -1.8865175298E-001 -1.1348247023E-001
   1  2369   0    0  2.3090275806E+003  2.2015393467E-001 -1.8865175298E-001 -1.1348247023E-001
   1  2370   0    0  2.3100275807E+003  2.2015393467E-001 -1.8865175298E-001 -1.1348247023E-001
   1  2371   0    0  2.3110275808E+003  2.2015393467E-001 -1.8865175298E-001 -1.1348247023E-001
   1  2372   0    0  2.3120275809E+003  2.2015393467E-001 -1.8865175298E-001 -1.1348247023E-001
   1  2373   0    0  2.3130275810E+003  2.2015393467E-001 -1.8865175298E-001 -1.1348247023E-001
   1  2374   0    0  2.3140275811E+003  2.2015393467E-001 -1.8865175298E-001 -1.1348247023E-001
   1  2375   0    0  2.3150275812E+003  2.2015393467E-001 -1.8865175298E-001 -1.1348247023E-001
   1  2376   0    0  2.3160275813E+003  2.2015393467E-001 -1.8865175298E-001 -1.1348247023E-001
   1  2377   0    0  2.3170275814E+003  2.2015393467E-001 -1.8865175298E-001 -1.1348247023E-001
   1  2378   0    0  2.3180275815E+003  2.2015393467E-001 -1.8865175298E-001 -1.1348247023E-001
   1  2379   0    0  2.3190275816E+003  2.2015393467E-001 -1.8865175298E-001 -1.1348247023E-001
   1  2380   4  120  2.3200275817E+003  2.2015393467E-001 -1.8865175298E-001 -1.1348247023E-001
   1  2381   0    0  2.3210275818E+003  2.2015393467E-001 -1.8865175298E-001 -1.1348247023E-001
   1  2382   0    0  2.3220275819E+003  2.2015393467E-001 -1.8865175298E-001 -1.1348247023E-001
   1  2383   0    0  2.3230275820E+003  2.2015393467E-001 -1.8865175298E-001 -1.1348247023E-001
   1  2384   0    0  2.3240275821E+003  2.2015393467E-001 -1.8865175298E-001 -1.1348247023E-001
   1  2385   0    0  2.3250275822E+003  2.2015393467E-001 -1.8865175298E-001 -1.1348247023E-001
   1  2386   0    0  2.3260275823E+003  2.2015393467E-001 -1.8865175298E-001 -1.1348247023E-001
   1  2387   0    0  2.3270275824E+003  2.2015393467E-001 -1.8865175298E-001 -1.1348247023E-001
   1  2388   0    0  2.3280275825E+003  2.2015393467E-001 -1.8865175298E-001 -1.1348247023E-001
   1  2389   0    0  2.3290275826E+003  2.2015393467E-001 -1.8865175298E-001 -1.1348247023E-001
   1  2390   0    0  2.3300275827E+003  2.2015393467E-001 -1.8865175298E-001 -1.1348247023E-001
   1  2391   0    0  2.3310275828E+003  2.2015393467E-001 -1.8865175298E-001 -1.1348247023E-001
   1  2392   0    0  2.3320275829E+003  2.2015393467E-001 -1.8865175298E-001 -1.1348247023E-001
   1  2393   0    0  2.3330275830E+003  2.2015393467E-001 -1.8865175298E-001 -1.1348247023E-001
   1  2394   0    0  2.3340275831E+003  2.2015393467E-001 -1.8865175298E-001 -1.1348247023E-001
   1  2395   0    0  2.3350275832E+003  2.2015393467E-001 -1.8865175298E-001 -1.1348247023E-001
   1  2396   0    0  2.3360275833E+003  2.2015393467E-001 -1.8865175298E-001 -1.1348247023E-001
   1  2397   0    0  2.3370275834E+003  2.2015393467E-001 -1.8865175298E-001 -1.1348247023E-001
   1  2398   0    0  2.3380275835E+003  2.2015393467E-001 -1.8865175298E-001 -1.1348247023E-001
   1  2399   0    0  2.3390275836E+003  2.2015393467E-001 -1.8865175298E-001 -1.1348247023E-001
   1  2400   4  121  2.3400275837E+003  2.2015393467E-001 -1.8865175298E-001 -1.1348247023E-001
   1  2401   0    0  2.3410275838E+003  2.2015393467E-001 -1.8865175298E-001 -1.1348247023E-001
   1  2402   0    0  2.3420275839E+003  2.2015393467E-001 -1.8865175298E-001 -1.1348247023E-001
   1  2403   0    0  2.3430275840E+003  2.2015393467E-001 -1.8865175298E-001 -1.1348247023E-001
   1  2404   0    0  2.3440275841E+003  2.2015393467E-001 -1.8865175298E-001 -1.1348247023E-001
   1  2405   0    0  2.3450275842E+003  2.2015393467E-001 -1.8865175298E-001 -1.1348247023E-001
   1  2406   0    0  2.3460275843E+003  2.2015393467E-001 -1.8865175298E-001 -1.1348247023E-001
   1  2407   0    0  2.3470275844E+003  2.2015393467E-001 -1.8865175298E-001 -1.1348247023E-001
   1  2408   0    0  2.3480275845E+003  2.2015393467E-001 -1.8865175298E-001 -1.1348247023E-001
   1  2409   0    0  2.3490275846E+003  2.2015393467E-001 -1.8865175298E-001 -1.1348247023E-001
   1  2410   0    0  2.3500275847E+003  2.2015393467E-001 -1.8865175298E-001 -1.1348247023E-001
   1  2411   0    0  2.3510275848E+003  2.2015393467E-001 -1.8865175298E-001 -1.1348247023E-001
   1  2412   0    0  2.3520275849E+003  2.2015393467E-001 -1.8865175298E-001 -1.1348247023E-001
   1  2413   0    0  2.3530275850E+003  2.2015393467E-001 -1.8865175298E-001 -1.1348247023E-001
   1  2414   0    0  2.3540275851E+003  2.2015393467E-001 -1.8865175298E-001 -1.1348247023E-001
   1  2415   0    0  2.3550275852E+003  2.2015393467E-001 -1.8865175298E-001 -1.1348247023E-001
   1  2416   0    0  2.3560275853E+003  2.2015393467E-001 -1.8865175298E-001 -1.1348247023E-001
   1  2417   0    0  2.3570275854E+003  2.2015393467E-001 -1.8865175298E-001 -1.1348247023E-001
   1  2418   0    0  2.3580275855E+003  2.2015393467E-001 -1.8865175298E-001 -1.1348247023E-001
   1  2419   0    0  2.3590275856E+003  2.2015393467E-001 -1.8865175298E-001 -1.1348247023E-001
   1  2420   4  122  2.3600275857E+003  2.2015393467E-001 -1.8865175298E-001 -1.1348247023E-001
   1  2421   0    0  2.3610275858E+003  2.2015393467E-001 -1.8865175298E-001 -1.1348247023E-001
   1  2422   0    0  2.3620275859E+003  2.2015393467E-001 -1.8865175298E-001 -1.1348247023E-001
   1  2423   0    0  2.3630275860E+003  2.2015393467E-001 -1.8865175298E-001 -1.1348247023E-001
   1  2424   0    0  2.3640275861E+003  2.2015393467E-001 -1.8865175298E-001 -1.1348247023E-001
   1  2425   0    0  2.3650275862E+003  2.2015393467E-001 -1.8865175298E-001 -1.1348247023E-001
   1  2426   0    0  2.3660275863E+003  2.2015393467E-001 -1.8865175298E-001 -1.1348247023E-001
   1  2427   0    0  2.3670275864E+003  2.2015393467E-001 -1.8865175298E-001 -1.1348247023E-001
   1  2428   0    0  2.3680275865E+003  2.2015393467E-001 -1.8865175298E-001 -1.1348247023E-001
   1  2429   0    0  2.3690275866E+003  2.2015393467E-001 -1.8865175298E-001 -1.1348247023E-001
   1  2430   0    0  2.3700275867E+003  2.2015393467E-001 -1.8865175298E-001 -1.1348247023E-001
   1  2431   0    0  2.3710275868E+003  2.2015393467E-001 -1.8865175298E-001 -1.1348247023E-001
   1  2432   0    0  2.3720275869E+003  2.2015393467E-001 -1.8865175298E-001 -1.1348247023E-001
   1  2433   0    0  2.3730275870E+003  2.2015393467E-001 -1.8865175298E-001 -1.1348247023E-001
   1  2434   0    0  2.3740275871E+003  2.2015393467E-001 -1.8865175298E-001 -1.1348247023E-001
   1  2435   0    0  2.3750275872E+003  2.2015393467E-001 -1.8865175298E-001 -1.1348247023E-001
   1  2436   0    0  2.3760275873E+003  2.2015393467E-001 -1.8865175298E-001 -1.1348247023E-001
   1  2437   0    0  2.3770275874E+003  2.2015393467E-001 -1.8865175298E-001 -1.1348247023E-001
   1  2438   0    0  2.3780275875E+003  2.2015393467E-001 -1.8865175298E-001 -1.1348247023E-001
   1  2439   0    0  2.3790275876E+003  2.2015393467E-001 -1.8865175298E-001 -1.1348247023E-001
   1  2440   4  123  2.3800275877E+003  2.2015393467E-001 -1.8865175298E-001 -1.1348247023E-001
   1  2441   0    0  2.3810275878E+003  2.2015393467E-001 -1.8865175298E-001 -1.1348247023E-001
   1  2442   0    0  2.3820275879E+003  2.2015393467E-001 -1.8865175298E-001 -1.1348247023E-001
   1  2443   0    0  2.3830275880E+003  2.2015393467E-001 -1.8865175298E-001 -1.1348247023E-001
   1  2444   0    0  2.3840275881E+003  2.2015393467E-001 -1.8865175298E-001 -1.1348247023E-001
   1  2445   0    0  2.3850275882E+003  2.2015393467E-001 -1.8865175298E-001 -1.1348247023E-001
   1  2446   0    0  2.3860275883E+003  2.2015393467E-001 -1.8865175298E-001 -1.1348247023E-001
   1  2447   0    0  2.3870275884E+003  2.2015393467E-001 -1.8865175298E-001 -1.1348247023E-001
   1  2448   0    0  2.3880275885E+003  2.2015393467E-001 -1.8865175298E-001 -1.1348247023E-001
   1  2449   0    0  2.3890275886E+003  2.2015393467E-001 -1.8865175298E-001 -1.1348247023E-001
   1  2450   0    0  2.3900275887E+003  2.2015393467E-001 -1.8865175298E-001 -1.1348247023E-001
   1  2451   0    0  2.3910275888E+003  2.2015393467E-001 -1.8865175298E-001 -1.1348247023E-001
   1  2452   0    0  2.3920275889E+003  2.2015393467E-001 -1.8865175298E-001 -1.1348247023E-001
   1  2453   0    0  2.3930275890E+003  2.2015393467E-001 -1.8865175298E-001 -1.1348247023E-001
   1  2454   0    0  2.3940275891E+003  2.2015393467E-001 -1.8865175298E-001 -1.1348247023E-001
   1  2455   0    0  2.3950275892E+003  2.2015393467E-001 -1.8865175298E-001 -1.1348247023E-001
   1  2456   0    0  2.3960275893E+003  2.2015393467E-001 -1.8865175298E-001 -1.1348247023E-001
   1  2457   0    0  2.3970275894E+003  2.2015393467E-001 -1.8865175298E-001 -1.1348247023E-001
   1  2458   0    0  2.3980275895E+003  2.2015393467E-001 -1.8865175298E-001 -1.1348247023E-001
   1  2459   0    0  2.3990275896E+003  2.2015393467E-001 -1.8865175298E-001 -1.1348247023E-001
   1  2460   4  124  2.4000275897E+003  2.2015393467E-001 -1.8865175298E-001 -1.1348247023E-001
   1  2461   0    0  2.4010275898E+003  2.2015393467E-001 -1.8865175298E-001 -1.1348247023E-001
   1  2462   0    0  2.4020275899E+003  2.2015393467E-001 -1.8865175298E-001 -1.1348247023E-001
   1  2463   0    0  2.4030275900E+003  2.2015393467E-001 -1.8865175298E-001 -1.1348247023E-001
   1  2464   0    0  2.4040275901E+003  2.2015393467E-001 -1.8865175298E-001 -1.1348247023E-001
   1  2465   0    0  2.4050275902E+003  2.2015393467E-001 -1.8865175298E-001 -1.1348247023E-001
   1  2466   0    0  2.4060275903E+003  2.2015393467E-001 -1.8865175298E-001 -1.1348247023E-001
   1  2467   0    0  2.4070275904E+003  2.2015393467E-001 -1.8865175298E-001 -1.1348247023E-001
   1  2468   0    0  2.4080275905E+003  2.2015393467E-001 -1.8865175298E-001 -1.1348247023E-001
   1  2469   0    0  2.4090275906E+003  2.2015393467E-001 -1.8865175298E-001 -1.1348247023E-001
   1  2470   0    0  2.4100275907E+003  2.2015393467E-001 -1.8865175298E-001 -1.1348247023E-001
   1  2471   0    0  2.4110275908E+003  2.2015393467E-001 -1.8865175298E-001 -1.1348247023E-001
   1  2472   0    0  2.4120275909E+003  2.2015393467E-001 -1.8865175298E-001 -1.1348247023E-001
   1  2473   0    0  2.4130275910E+003  2.2015393467E-001 -1.8865175298E-001 -1.1348247023E-001
   1  2474   0    0  2.4140275911E+003  2.2015393467E-001 -1.8865175298E-001 -1.1348247023E-001
   1  2475   0    0  2.4150275912E+003  2.2015393467E-001 -1.8865175298E-001 -1.1348247023E-001
   1  2476   0    0  2.4160275913E+003  2.2015393467E-001 -1.8865175298E-001 -1.1348247023E-001
   1  2477   0    0  2.4170275914E+003  2.2015393467E-001 -1.8865175298E-001 -1.1348247023E-001
   1  2478   0    0  2.4180275915E+003  2.2015393467E-001 -1.8865175298E-001 -1.1348247023E-001
   1  2479   0    0  2.4190275916E+003  2.2015393467E-001 -1.8865175298E-001 -1.1348247023E-001
   1  2480   4  125  2.4200275917E+003  2.2015393467E-001 -1.8865175298E-001 -1.1348247023E-001
   1  2481   0    0  2.4210275918E+003  2.2015393467E-001 -1.8865175298E-001 -1.1348247023E-001
   1  2482   0    0  2.4220275919E+003  2.2015393467E-001 -1.8865175298E-001 -1.1348247023E-001
   1  2483   0    0  2.4230275920E+003  2.2015393467E-001 -1.8865175298E-001 -1.1348247023E-001
   1  2484   0    0  2.4240275921E+003  2.2015393467E-001 -1.8865175298E-001 -1.1348247023E-001
   1  2485   0    0  2.4250275922E+003  2.2015393467E-001 -1.8865175298E-001 -1.1348247023E-001
   1  2486   0    0  2.4260275923E+003  2.2015393467E-001 -1.8865175298E-001 -1.1348247023E-001
   1  2487   0    0  2.4270275924E+003  2.2015393467E-001 -1.8865175298E-001 -1.1348247023E-001
   1  2488   0    0  2.4280275925E+003  2.2015393467E-001 -1.8865175298E-001 -1.1348247023E-001
   1  2489   0    0  2.4290275926E+003  2.2015393467E-001 -1.8865175298E-001 -1.1348247023E-001
   1  2490   0    0  2.4300275927E+003  2.2015393467E-001 -1.8865175298E-001 -1.1348247023E-001
   1  2491   0    0  2.4310275928E+003  2.2015393467E-001 -1.8865175298E-001 -1.1348247023E-001
   1  2492   0    0  2.4320275929E+003  2.2015393467E-001 -1.8865175298E-001 -1.1348247023E-001
   1  2493   0    0  2.4330275930E+003  2.2015393467E-001 -1.8865175298E-001 -1.1348247023E-001
   1  2494   0    0  2.4340275931E+003  2.2015393467E-001 -1.8865175298E-001 -1.1348247023E-001
   1  2495   0    0  2.4350275932E+003  2.2015393467E-001 -1.8865175298E-001 -1.1348247023E-001
   1  2496   0    0  2.4360275933E+003  2.2015393467E-001 -1.8865175298E-001 -1.1348247023E-001
   1  2497   0    0  2.4370275934E+003  2.2015393467E-001 -1.8865175298E-001 -1.1348247023E-001
   1  2498   0    0  2.4380275935E+003  2.2015393467E-001 -1.8865175298E-001 -1.1348247023E-001
   1  2499   0    0  2.4390275936E+003  2.2015393467E-001 -1.8865175298E-001 -1.1348247023E-001
   1  2500   4  126  2.4400275937E+003  2.2015393467E-001 -1.8865175298E-001 -1.1348247023E-001
   1  2501   0    0  2.4410275938E+003  2.2015393467E-001 -1.8865175298E-001 -1.1348247023E-001
   1  2502   0    0  2.4420275939E+003  2.2015393467E-001 -1.8865175298E-001 -1.1348247023E-001
   1  2503   0    0  2.4430275940E+003  2.2015393467E-001 -1.8865175298E-001 -1.1348247023E-001
   1  2504   0    0  2.4440275941E+003  2.2015393467E-001 -1.8865175298E-001 -1.1348247023E-001
   1  2505   0    0  2.4450275942E+003  2.2015393467E-001 -1.8865175298E-001 -1.1348247023E-001
   1  2506   0    0  2.4460275943E+003  2.2015393467E-001 -1.8865175298E-001 -1.1348247023E-001
   1  2507   0    0  2.4470275944E+003  2.2015393467E-001 -1.8865175298E-001 -1.1348247023E-001
   1  2508   0    0  2.4480275945E+003  2.2015393467E-001 -1.8865175298E-001 -1.1348247023E-001
   1  2509   0    0  2.4490275946E+003  2.2015393467E-001 -1.8865175298E-001 -1.1348247023E-001
   1  2510   0    0  2.4500275947E+003  2.2015393467E-001 -1.8865175298E-001 -1.1348247023E-001
   1  2511   0    0  2.4510275948E+003  2.2015393467E-001 -1.8865175298E-001 -1.1348247023E-001
   1  2512   0    0  2.4520275949E+003  2.2015393467E-001 -1.8865175298E-001 -1.1348247023E-001
   1  2513   0    0  2.4530275950E+003  2.2015393467E-001 -1.8865175298E-001 -1.1348247023E-001
   1  2514   0    0  2.4540275951E+003  2.2015393467E-001 -1.8865175298E-001 -1.1348247023E-001
   1  2515   0    0  2.4550275952E+003  2.2015393467E-001 -1.8865175298E-001 -1.1348247023E-001
   1  2516   0    0  2.4560275953E+003  2.2015393467E-001 -1.8865175298E-001 -1.1348247023E-001
   1  2517   0    0  2.4570275954E+003  2.2015393467E-001 -1.8865175298E-001 -1.1348247023E-001
   1  2518   0    0  2.4580275955E+003  2.2015393467E-001 -1.8865175298E-001 -1.1348247023E-001
   1  2519   0    0  2.4590275956E+003  2.2015393467E-001 -1.8865175298E-001 -1.1348247023E-001
   1  2520   4  127  2.4600275957E+003  2.2015393467E-001 -1.8865175298E-001 -1.1348247023E-001
   1  2521   0    0  2.4610275958E+003  2.2015393467E-001 -1.8865175298E-001 -1.1348247023E-001
   1  2522   0    0  2.4620275959E+003  2.2015393467E-001 -1.8865175298E-001 -1.1348247023E-001
   1  2523   0    0  2.4630275960E+003  2.2015393467E-001 -1.8865175298E-001 -1.1348247023E-001
   1  2524   0    0  2.4640275961E+003  2.2015393467E-001 -1.8865175298E-001 -1.1348247023E-001
   1  2525   0    0  2.4650275962E+003  2.2015393467E-001 -1.8865175298E-001 -1.1348247023E-001
   1  2526   0    0  2.4660275963E+003  2.2015393467E-001 -1.8865175298E-001 -1.1348247023E-001
   1  2527   0    0  2.4670275964E+003  2.2015393467E-001 -1.8865175298E-001 -1.1348247023E-001
   1  2528   0    0  2.4680275965E+003  2.2015393467E-001 -1.8865175298E-001 -1.1348247023E-001
   1  2529   0    0  2.4690275966E+003  2.2015393467E-001 -1.8865175298E-001 -1.1348247023E-001
   1  2530   0    0  2.4700275967E+003  2.2015393467E-001 -1.8865175298E-001 -1.1348247023E-001
   1  2531   0    0  2.4710275968E+003  2.2015393467E-001 -1.8865175298E-001 -1.1348247023E-001
   1  2532   0    0  2.4720275969E+003  2.2015393467E-001 -1.8865175298E-001 -1.1348247023E-001
   1  2533   0    0  2.4730275970E+003  2.2015393467E-001 -1.8865175298E-001 -1.1348247023E-001
   1  2534   0    0  2.4740275971E+003  2.2015393467E-001 -1.8865175298E-001 -1.1348247023E-001
   1  2535   0    0  2.4750275972E+003  2.2015393467E-001 -1.8865175298E-001 -1.1348247023E-001
   1  2536   0    0  2.4760275973E+003  2.2015393467E-001 -1.8865175298E-001 -1.1348247023E-001
   1  2537   0    0  2.4770275974E+003  2.2015393467E-001 -1.8865175298E-001 -1.1348247023E-001
   1  2538   0    0  2.4780275975E+003  2.2015393467E-001 -1.8865175298E-001 -1.1348247023E-001
   1  2539   0    0  2.4790275976E+003  2.2015393467E-001 -1.8865175298E-001 -1.1348247023E-001
   1  2540   4  128  2.4800275977E+003  2.2015393467E-001 -1.8865175298E-001 -1.1348247023E-001
   1  2541   0    0  2.4810275978E+003  2.2015393467E-001 -1.8865175298E-001 -1.1348247023E-001
   1  2542   0    0  2.4820275979E+003  2.2015393467E-001 -1.8865175298E-001 -1.1348247023E-001
   1  2543   0    0  2.4830275980E+003  2.2015393467E-001 -1.8865175298E-001 -1.1348247023E-001
   1  2544   0    0  2.4840275981E+003  2.2015393467E-001 -1.8865175298E-001 -1.1348247023E-001
   1  2545   0    0  2.4850275982E+003  2.2015393467E-001 -1.8865175298E-001 -1.1348247023E-001
   1  2546   0    0  2.4860275983E+003  2.2015393467E-001 -1.8865175298E-001 -1.1348247023E-001
   1  2547   0    0  2.4870275984E+003  2.2015393467E-001 -1.8865175298E-001 -1.1348247023E-001
   1  2548   0    0  2.4880275985E+003  2.2015393467E-001 -1.8865175298E-001 -1.1348247023E-001
   1  2549   0    0  2.4890275986E+003  2.2015393467E-001 -1.8865175298E-001 -1.1348247023E-001
   1  2550   0    0  2.4900275987E+003  2.2015393467E-001 -1.8865175298E-001 -1.1348247023E-001
   1  2551   0    0  2.4910275988E+003  2.2015393467E-001 -1.8865175298E-001 -1.1348247023E-001
   1  2552   0    0  2.4920275989E+003  2.2015393467E-001 -1.8865175298E-001 -1.1348247023E-001
   1  2553   0    0  2.4930275990E+003  2.2015393467E-001 -1.8865175298E-001 -1.1348247023E-001
   1  2554   0    0  2.4940275991E+003  2.2015393467E-001 -1.8865175298E-001 -1.1348247023E-001
   1  2555   0    0  2.4950275992E+003  2.2015393467E-001 -1.8865175298E-001 -1.1348247023E-001
   1  2556   0    0  2.4960275993E+003  2.2015393467E-001 -1.8865175298E-001 -1.1348247023E-001
   1  2557   0    0  2.4970275994E+003  2.2015393467E-001 -1.8865175298E-001 -1.1348247023E-001
   1  2558   0    0  2.4980275995E+003  2.2015393467E-001 -1.8865175298E-001 -1.1348247023E-001
   1  2559   0    0  2.4990275996E+003  2.2015393467E-001 -1.8865175298E-001 -1.1348247023E-001
   1  2560   4  129  2.5000275997E+003  2.2015393467E-001 -1.8865175298E-001 -1.1348247023E-001
   1  2561   0    0  2.5010275998E+003  2.2015393467E-001 -1.8865175298E-001 -1.1348247023E-001
   1  2562   0    0  2.5020275999E+003  2.2015393467E-001 -1.8865175298E-001 -1.1348247023E-001
   1  2563   0    0  2.5030276000E+003  2.2015393467E-001 -1.8865175298E-001 -1.1348247023E-001
   1  2564   0    0  2.5040276001E+003  2.2015393467E-001 -1.8865175298E-001 -1.1348247023E-001
   1  2565   0    0  2.5050276002E+003  2.2015393467E-001 -1.8865175298E-001 -1.1348247023E-001
   1  2566   0    0  2.5060276003E+003  2.2015393467E-001 -1.8865175298E-001 -1.1348247023E-001
   1  2567   0    0  2.5070276004E+003  2.2015393467E-001 -1.8865175298E-001 -1.1348247023E-001
   1  2568   0    0  2.5080276005E+003  2.2015393467E-001 -1.8865175298E-001 -1.1348247023E-001
   1  2569   0    0  2.5090276006E+003  2.2015393467E-001 -1.8865175298E-001 -1.1348247023E-001
   1  2570   0    0  2.5100276007E+003  2.2015393467E-001 -1.8865175298E-001 -1.1348247023E-001
   1  2571   0    0  2.5110276008E+003  2.2015393467E-001 -1.8865175298E-001 -1.1348247023E-001
   1  2572   0    0  2.5120276009E+003  2.2015393467E-001 -1.8865175298E-001 -1.1348247023E-001
   1  2573   0    0  2.5130276010E+003  2.2015393467E-001 -1.8865175298E-001 -1.1348247023E-001
   1  2574   0    0  2.5140276011E+003  2.2015393467E-001 -1.8865175298E-001 -1.1348247023E-001
   1  2575   0    0  2.5150276012E+003  2.2015393467E-001 -1.8865175298E-001 -1.1348247023E-001
   1  2576   0    0  2.5160276013E+003  2.2015393467E-001 -1.8865175298E-001 -1.1348247023E-001
   1  2577   0    0  2.5170276014E+003  2.2015393467E-001 -1.8865175298E-001 -1.1348247023E-001
   1  2578   0    0  2.5180276015E+003  2.2015393467E-001 -1.8865175298E-001 -1.1348247023E-001
   1  2579   0    0  2.5190276016E+003  2.2015393467E-001 -1.8865175298E-001 -1.1348247023E-001
   1  2580   4  130  2.5200276017E+003  2.2015393467E-001 -1.8865175298E-001 -1.1348247023E-001
   1  2581   0    0  2.5210276018E+003  2.2015393467E-001 -1.8865175298E-001 -1.1348247023E-001
   1  2582   0    0  2.5220276019E+003  2.2015393467E-001 -1.8865175298E-001 -1.1348247023E-001
   1  2583   0    0  2.5230276020E+003  2.2015393467E-001 -1.8865175298E-001 -1.1348247023E-001
   1  2584   0    0  2.5240276021E+003  2.2015393467E-001 -1.8865175298E-001 -1.1348247023E-001
   1  2585   0    0  2.5250276022E+003  2.2015393467E-001 -1.8865175298E-001 -1.1348247023E-001
   1  2586   0    0  2.5260276023E+003  2.2015393467E-001 -1.8865175298E-001 -1.1348247023E-001
   1  2587   0    0  2.5270276024E+003  2.2015393467E-001 -1.8865175298E-001 -1.1348247023E-001
   1  2588   0    0  2.5280276025E+003  2.2015393467E-001 -1.8865175298E-001 -1.1348247023E-001
   1  2589   0    0  2.5290276026E+003  2.2015393467E-001 -1.8865175298E-001 -1.1348247023E-001
   1  2590   0    0  2.5300276027E+003  2.2015393467E-001 -1.8865175298E-001 -1.1348247023E-001
   1  2591   0    0  2.5310276028E+003  2.2015393467E-001 -1.8865175298E-001 -1.1348247023E-001
   1  2592   0    0  2.5320276029E+003  2.2015393467E-001 -1.8865175298E-001 -1.1348247023E-001
   1  2593   0    0  2.5330276030E+003  2.2015393467E-001 -1.8865175298E-001 -1.1348247023E-001
   1  2594   0    0  2.5340276031E+003  2.2015393467E-001 -1.8865175298E-001 -1.1348247023E-001
   1  2595   0    0  2.5350276032E+003  2.2015393467E-001 -1.8865175298E-001 -1.1348247023E-001
   1  2596   0    0  2.5360276033E+003  2.2015393467E-001 -1.8865175298E-001 -1.1348247023E-001
   1  2597   0    0  2.5370276034E+003  2.2015393467E-001 -1.8865175298E-001 -1.1348247023E-001
   1  2598   0    0  2.5380276035E+003  2.2015393467E-001 -1.8865175298E-001 -1.1348247023E-001
   1  2599   0    0  2.5390276036E+003  2.2015393467E-001 -1.8865175298E-001 -1.1348247023E-001
   1  2600   4  131  2.5400276037E+003  2.2015393467E-001 -1.8865175298E-001 -1.1348247023E-001
   1  2601   0    0  2.5410276038E+003  2.2015393467E-001 -1.8865175298E-001 -1.1348247023E-001
   1  2602   0    0  2.5420276039E+003  2.2015393467E-001 -1.8865175298E-001 -1.1348247023E-001
   1  2603   0    0  2.5430276040E+003  2.2015393467E-001 -1.8865175298E-001 -1.1348247023E-001
   1  2604   0    0  2.5440276041E+003  2.2015393467E-001 -1.8865175298E-001 -1.1348247023E-001
   1  2605   0    0  2.5450276042E+003  2.2015393467E-001 -1.8865175298E-001 -1.1348247023E-001
   1  2606   0    0  2.5460276043E+003  2.2015393467E-001 -1.8865175298E-001 -1.1348247023E-001
   1  2607   0    0  2.5470276044E+003  2.2015393467E-001 -1.8865175298E-001 -1.1348247023E-001
   1  2608   0    0  2.5480276045E+003  2.2015393467E-001 -1.8865175298E-001 -1.1348247023E-001
   1  2609   0    0  2.5490276046E+003  2.2015393467E-001 -1.8865175298E-001 -1.1348247023E-001
   1  2610   0    0  2.5500276047E+003  2.2015393467E-001 -1.8865175298E-001 -1.1348247023E-001
   1  2611   0    0  2.5510276048E+003  2.2015393467E-001 -1.8865175298E-001 -1.1348247023E-001
   1  2612   0    0  2.5520276049E+003  2.2015393467E-001 -1.8865175298E-001 -1.1348247023E-001
   1  2613   0    0  2.5530276050E+003  2.2015393467E-001 -1.8865175298E-001 -1.1348247023E-001
   1  2614   0    0  2.5540276051E+003  2.2015393467E-001 -1.8865175298E-001 -1.1348247023E-001
   1  2615   0    0  2.5550276052E+003  2.2015393467E-001 -1.8865175298E-001 -1.1348247023E-001
   1  2616   0    0  2.5560276053E+003  2.2015393467E-001 -1.8865175298E-001 -1.1348247023E-001
   1  2617   0    0  2.5570276054E+003  2.2015393467E-001 -1.8865175298E-001 -1.1348247023E-001
   1  2618   0    0  2.5580276055E+003  2.2015393467E-001 -1.8865175298E-001 -1.1348247023E-001
   1  2619   0    0  2.5590276056E+003  2.2015393467E-001 -1.8865175298E-001 -1.1348247023E-001
   1  2620   4  132  2.5600276057E+003  2.2015393467E-001 -1.8865175298E-001 -1.1348247023E-001
   1  2621   0    0  2.5610276058E+003  2.2015393467E-001 -1.8865175298E-001 -1.1348247023E-001
   1  2622   0    0  2.5620276059E+003  2.2015393467E-001 -1.8865175298E-001 -1.1348247023E-001
   1  2623   0    0  2.5630276060E+003  2.2015393467E-001 -1.8865175298E-001 -1.1348247023E-001
   1  2624   0    0  2.5640276061E+003  2.2015393467E-001 -1.8865175298E-001 -1.1348247023E-001
   1  2625   0    0  2.5650276062E+003  2.2015393467E-001 -1.8865175298E-001 -1.1348247023E-001
   1  2626   0    0  2.5660276063E+003  2.2015393467E-001 -1.8865175298E-001 -1.1348247023E-001
   1  2627   0    0  2.5670276064E+003  2.2015393467E-001 -1.8865175298E-001 -1.1348247023E-001
   1  2628   0    0  2.5680276065E+003  2.2015393467E-001 -1.8865175298E-001 -1.1348247023E-001
   1  2629   0    0  2.5690276066E+003  2.2015393467E-001 -1.8865175298E-001 -1.1348247023E-001
   1  2630   0    0  2.5700276067E+003  2.2015393467E-001 -1.8865175298E-001 -1.1348247023E-001
   1  2631   0    0  2.5710276068E+003  2.2015393467E-001 -1.8865175298E-001 -1.1348247023E-001
   1  2632   0    0  2.5720276069E+003  2.2015393467E-001 -1.8865175298E-001 -1.1348247023E-001
   1  2633   0    0  2.5730276070E+003  2.2015393467E-001 -1.8865175298E-001 -1.1348247023E-001
   1  2634   0    0  2.5740276071E+003  2.2015393467E-001 -1.8865175298E-001 -1.1348247023E-001
   1  2635   0    0  2.5750276072E+003  2.2015393467E-001 -1.8865175298E-001 -1.1348247023E-001
   1  2636   0    0  2.5760276073E+003  2.2015393467E-001 -1.8865175298E-001 -1.1348247023E-001
   1  2637   0    0  2.5770276074E+003  2.2015393467E-001 -1.8865175298E-001 -1.1348247023E-001
   1  2638   0    0  2.5780276075E+003  2.2015393467E-001 -1.8865175298E-001 -1.1348247023E-001
   1  2639   0    0  2.5790276076E+003  2.2015393467E-001 -1.8865175298E-001 -1.1348247023E-001
   1  2640   4  133  2.5800276077E+003  2.2015393467E-001 -1.8865175298E-001 -1.1348247023E-001
   1  2641   0    0  2.5810276078E+003  2.2015393467E-001 -1.8865175298E-001 -1.1348247023E-001
   1  2642   0    0  2.5820276079E+003  2.2015393467E-001 -1.8865175298E-001 -1.1348247023E-001
   1  2643   0    0  2.5830276080E+003  2.2015393467E-001 -1.8865175298E-001 -1.1348247023E-001
   1  2644   0    0  2.5840276081E+003  2.2015393467E-001 -1.8865175298E-001 -1.1348247023E-001
   1  2645   0    0  2.5850276082E+003  2.2015393467E-001 -1.8865175298E-001 -1.1348247023E-001
   1  2646   0    0  2.5860276083E+003  2.2015393467E-001 -1.8865175298E-001 -1.1348247023E-001
   1  2647   0    0  2.5870276084E+003  2.2015393467E-001 -1.8865175298E-001 -1.1348247023E-001
   1  2648   0    0  2.5880276085E+003  2.2015393467E-001 -1.8865175298E-001 -1.1348247023E-001
   1  2649   0    0  2.5890276086E+003  2.2015393467E-001 -1.8865175298E-001 -1.1348247023E-001
   1  2650   0    0  2.5900276087E+003  2.2015393467E-001 -1.8865175298E-001 -1.1348247023E-001
   1  2651   0    0  2.5910276088E+003  2.2015393467E-001 -1.8865175298E-001 -1.1348247023E-001
   1  2652   0    0  2.5920276089E+003  2.2015393467E-001 -1.8865175298E-001 -1.1348247023E-001
   1  2653   0    0  2.5930276090E+003  2.2015393467E-001 -1.8865175298E-001 -1.1348247023E-001
   1  2654   0    0  2.5940276091E+003  2.2015393467E-001 -1.8865175298E-001 -1.1348247023E-001
   1  2655   0    0  2.5950276092E+003  2.2015393467E-001 -1.8865175298E-001 -1.1348247023E-001
   1  2656   0    0  2.5960276093E+003  2.2015393467E-001 -1.8865175298E-001 -1.1348247023E-001
   1  2657   0    0  2.5970276094E+003  2.2015393467E-001 -1.8865175298E-001 -1.1348247023E-001
   1  2658   0    0  2.5980276095E+003  2.2015393467E-001 -1.8865175298E-001 -1.1348247023E-001
   1  2659   0    0  2.5990276096E+003  2.2015393467E-001 -1.8865175298E-001 -1.1348247023E-001
   1  2660   4  134  2.6000276097E+003  2.2015393467E-001 -1.8865175298E-001 -1.1348247023E-001
   1  2661   0    0  2.6010276098E+003  2.2015393467E-001 -1.8865175298E-001 -1.1348247023E-001
   1  2662   0    0  2.6020276099E+003  2.2015393467E-001 -1.8865175298E-001 -1.1348247023E-001
   1  2663   0    0  2.6030276100E+003  2.2015393467E-001 -1.8865175298E-001 -1.1348247023E-001
   1  2664   0    0  2.6040276101E+003  2.2015393467E-001 -1.8865175298E-001 -1.1348247023E-001
   1  2665   0    0  2.6050276102E+003  2.2015393467E-001 -1.8865175298E-001 -1.1348247023E-001
   1  2666   0    0  2.6060276103E+003  2.2015393467E-001 -1.8865175298E-001 -1.1348247023E-001
   1  2667   0    0  2.6070276104E+003  2.2015393467E-001 -1.8865175298E-001 -1.1348247023E-001
   1  2668   0    0  2.6080276105E+003  2.2015393467E-001 -1.8865175298E-001 -1.1348247023E-001
   1  2669   0    0  2.6090276106E+003  2.2015393467E-001 -1.8865175298E-001 -1.1348247023E-001
   1  2670   0    0  2.6100276107E+003  2.2015393467E-001 -1.8865175298E-001 -1.1348247023E-001
   1  2671   0    0  2.6110276108E+003  2.2015393467E-001 -1.8865175298E-001 -1.1348247023E-001
   1  2672   0    0  2.6120276109E+003  2.2015393467E-001 -1.8865175298E-001 -1.1348247023E-001
   1  2673   0    0  2.6130276110E+003  2.2015393467E-001 -1.8865175298E-001 -1.1348247023E-001
   1  2674   0    0  2.6140276111E+003  2.2015393467E-001 -1.8865175298E-001 -1.1348247023E-001
   1  2675   0    0  2.6150276112E+003  2.2015393467E-001 -1.8865175298E-001 -1.1348247023E-001
   1  2676   0    0  2.6160276113E+003  2.2015393467E-001 -1.8865175298E-001 -1.1348247023E-001
   1  2677   0    0  2.6170276114E+003  2.2015393467E-001 -1.8865175298E-001 -1.1348247023E-001
   1  2678   0    0  2.6180276115E+003  2.2015393467E-001 -1.8865175298E-001 -1.1348247023E-001
   1  2679   0    0  2.6190276116E+003  2.2015393467E-001 -1.8865175298E-001 -1.1348247023E-001
   1  2680   4  135  2.6200276117E+003  2.2015393467E-001 -1.8865175298E-001 -1.1348247023E-001
   1  2681   0    0  2.6210276118E+003  2.2015393467E-001 -1.8865175298E-001 -1.1348247023E-001
   1  2682   0    0  2.6220276119E+003  2.2015393467E-001 -1.8865175298E-001 -1.1348247023E-001
   1  2683   0    0  2.6230276120E+003  2.2015393467E-001 -1.8865175298E-001 -1.1348247023E-001
   1  2684   0    0  2.6240276121E+003  2.2015393467E-001 -1.8865175298E-001 -1.1348247023E-001
   1  2685   0    0  2.6250276122E+003  2.2015393467E-001 -1.8865175298E-001 -1.1348247023E-001
   1  2686   0    0  2.6260276123E+003  2.2015393467E-001 -1.8865175298E-001 -1.1348247023E-001
   1  2687   0    0  2.6270276124E+003  2.2015393467E-001 -1.8865175298E-001 -1.1348247023E-001
   1  2688   0    0  2.6280276125E+003  2.2015393467E-001 -1.8865175298E-001 -1.1348247023E-001
   1  2689   0    0  2.6290276126E+003  2.2015393467E-001 -1.8865175298E-001 -1.1348247023E-001
   1  2690   0    0  2.6300276127E+003  2.2015393467E-001 -1.8865175298E-001 -1.1348247023E-001
   1  2691   0    0  2.6310276128E+003  2.2015393467E-001 -1.8865175298E-001 -1.1348247023E-001
   1  2692   0    0  2.6320276129E+003  2.2015393467E-001 -1.8865175298E-001 -1.1348247023E-001
   1  2693   0    0  2.6330276130E+003  2.2015393467E-001 -1.8865175298E-001 -1.1348247023E-001
   1  2694   0    0  2.6340276131E+003  2.2015393467E-001 -1.8865175298E-001 -1.1348247023E-001
   1  2695   0    0  2.6350276132E+003  2.2015393467E-001 -1.8865175298E-001 -1.1348247023E-001
   1  2696   0    0  2.6360276133E+003  2.2015393467E-001 -1.8865175298E-001 -1.1348247023E-001
   1  2697   0    0  2.6370276134E+003  2.2015393467E-001 -1.8865175298E-001 -1.1348247023E-001
   1  2698   0    0  2.6380276135E+003  2.2015393467E-001 -1.8865175298E-001 -1.1348247023E-001
   1  2699   0    0  2.6390276136E+003  2.2015393467E-001 -1.8865175298E-001 -1.1348247023E-001
   1  2700   4  136  2.6400276137E+003  2.2015393467E-001 -1.8865175298E-001 -1.1348247023E-001
   1  2701   0    0  2.6410276138E+003  2.2015393467E-001 -1.8865175298E-001 -1.1348247023E-001
   1  2702   0    0  2.6420276139E+003  2.2015393467E-001 -1.8865175298E-001 -1.1348247023E-001
   1  2703   0    0  2.6430276140E+003  2.2015393467E-001 -1.8865175298E-001 -1.1348247023E-001
   1  2704   0    0  2.6440276141E+003  2.2015393467E-001 -1.8865175298E-001 -1.1348247023E-001
   1  2705   0    0  2.6450276142E+003  2.2015393467E-001 -1.8865175298E-001 -1.1348247023E-001
   1  2706   0    0  2.6460276143E+003  2.2015393467E-001 -1.8865175298E-001 -1.1348247023E-001
   1  2707   0    0  2.6470276144E+003  2.2015393467E-001 -1.8865175298E-001 -1.1348247023E-001
   1  2708   0    0  2.6480276145E+003  2.2015393467E-001 -1.8865175298E-001 -1.1348247023E-001
   1  2709   0    0  2.6490276146E+003  2.2015393467E-001 -1.8865175298E-001 -1.1348247023E-001
   1  2710   0    0  2.6500276147E+003  2.2015393467E-001 -1.8865175298E-001 -1.1348247023E-001
   1  2711   0    0  2.6510276148E+003  2.2015393467E-001 -1.8865175298E-001 -1.1348247023E-001
   1  2712   0    0  2.6520276149E+003  2.2015393467E-001 -1.8865175298E-001 -1.1348247023E-001
   1  2713   0    0  2.6530276150E+003  2.2015393467E-001 -1.8865175298E-001 -1.1348247023E-001
   1  2714   0    0  2.6540276151E+003  2.2015393467E-001 -1.8865175298E-001 -1.1348247023E-001
   1  2715   0    0  2.6550276152E+003  2.2015393467E-001 -1.8865175298E-001 -1.1348247023E-001
   1  2716   0    0  2.6560276153E+003  2.2015393467E-001 -1.8865175298E-001 -1.1348247023E-001
   1  2717   0    0  2.6570276154E+003  2.2015393467E-001 -1.8865175298E-001 -1.1348247023E-001
   1  2718   0    0  2.6580276155E+003  2.2015393467E-001 -1.8865175298E-001 -1.1348247023E-001
   1  2719   0    0  2.6590276156E+003  2.2015393467E-001 -1.8865175298E-001 -1.1348247023E-001
   1  2720   4  137  2.6600276157E+003  2.2015393467E-001 -1.8865175298E-001 -1.1348247023E-001
   1  2721   0    0  2.6610276158E+003  2.2015393467E-001 -1.8865175298E-001 -1.1348247023E-001
   1  2722   0    0  2.6620276159E+003  2.2015393467E-001 -1.8865175298E-001 -1.1348247023E-001
   1  2723   0    0  2.6630276160E+003  2.2015393467E-001 -1.8865175298E-001 -1.1348247023E-001
   1  2724   0    0  2.6640276161E+003  2.2015393467E-001 -1.8865175298E-001 -1.1348247023E-001
   1  2725   0    0  2.6650276162E+003  2.2015393467E-001 -1.8865175298E-001 -1.1348247023E-001
   1  2726   0    0  2.6660276163E+003  2.2015393467E-001 -1.8865175298E-001 -1.1348247023E-001
   1  2727   0    0  2.6670276164E+003  2.2015393467E-001 -1.8865175298E-001 -1.1348247023E-001
   1  2728   0    0  2.6680276165E+003  2.2015393467E-001 -1.8865175298E-001 -1.1348247023E-001
   1  2729   0    0  2.6690276166E+003  2.2015393467E-001 -1.8865175298E-001 -1.1348247023E-001
   1  2730   0    0  2.6700276167E+003  2.2015393467E-001 -1.8865175298E-001 -1.1348247023E-001
   1  2731   0    0  2.6710276168E+003  2.2015393467E-001 -1.8865175298E-001 -1.1348247023E-001
   1  2732   0    0  2.6720276169E+003  2.2015393467E-001 -1.8865175298E-001 -1.1348247023E-001
   1  2733   0    0  2.6730276170E+003  2.2015393467E-001 -1.8865175298E-001 -1.1348247023E-001
   1  2734   0    0  2.6740276171E+003  2.2015393467E-001 -1.8865175298E-001 -1.1348247023E-001
   1  2735   0    0  2.6750276172E+003  2.2015393467E-001 -1.8865175298E-001 -1.1348247023E-001
   1  2736   0    0  2.6760276173E+003  2.2015393467E-001 -1.8865175298E-001 -1.1348247023E-001
   1  2737   0    0  2.6770276174E+003  2.2015393467E-001 -1.8865175298E-001 -1.1348247023E-001
   1  2738   0    0  2.6780276175E+003  2.2015393467E-001 -1.8865175298E-001 -1.1348247023E-001
   1  2739   0    0  2.6790276176E+003  2.2015393467E-001 -1.8865175298E-001 -1.1348247023E-001
   1  2740   4  138  2.6800276177E+003  2.2015393467E-001 -1.8865175298E-001 -1.1348247023E-001
   1  2741   0    0  2.6810276178E+003  2.2015393467E-001 -1.8865175298E-001 -1.1348247023E-001
   1  2742   0    0  2.6820276179E+003  2.2015393467E-001 -1.8865175298E-001 -1.1348247023E-001
   1  2743   0    0  2.6830276180E+003  2.2015393467E-001 -1.8865175298E-001 -1.1348247023E-001
   1  2744   0    0  2.6840276181E+003  2.2015393467E-001 -1.8865175298E-001 -1.1348247023E-001
   1  2745   0    0  2.6850276182E+003  2.2015393467E-001 -1.8865175298E-001 -1.1348247023E-001
   1  2746   0    0  2.6860276183E+003  2.2015393467E-001 -1.8865175298E-001 -1.1348247023E-001
   1  2747   0    0  2.6870276184E+003  2.2015393467E-001 -1.8865175298E-001 -1.1348247023E-001
   1  2748   0    0  2.6880276185E+003  2.2015393467E-001 -1.8865175298E-001 -1.1348247023E-001
   1  2749   0    0  2.6890276186E+003  2.2015393467E-001 -1.8865175298E-001 -1.1348247023E-001
   1  2750   0    0  2.6900276187E+003  2.2015393467E-001 -1.8865175298E-001 -1.1348247023E-001
   1  2751   0    0  2.6910276188E+003  2.2015393467E-001 -1.8865175298E-001 -1.1348247023E-001
   1  2752   0    0  2.6920276189E+003  2.2015393467E-001 -1.8865175298E-001 -1.1348247023E-001
   1  2753   0    0  2.6930276190E+003  2.2015393467E-001 -1.8865175298E-001 -1.1348247023E-001
   1  2754   0    0  2.6940276191E+003  2.2015393467E-001 -1.8865175298E-001 -1.1348247023E-001
   1  2755   0    0  2.6950276192E+003  2.2015393467E-001 -1.8865175298E-001 -1.1348247023E-001
   1  2756   0    0  2.6960276193E+003  2.2015393467E-001 -1.8865175298E-001 -1.1348247023E-001
   1  2757   0    0  2.6970276194E+003  2.2015393467E-001 -1.8865175298E-001 -1.1348247023E-001
   1  2758   0    0  2.6980276195E+003  2.2015393467E-001 -1.8865175298E-001 -1.1348247023E-001
   1  2759   0    0  2.6990276196E+003  2.2015393467E-001 -1.8865175298E-001 -1.1348247023E-001
   1  2760   4  139  2.7000276197E+003  2.2015393467E-001 -1.8865175298E-001 -1.1348247023E-001
   1  2761   0    0  2.7010276198E+003  2.2015393467E-001 -1.8865175298E-001 -1.1348247023E-001
   1  2762   0    0  2.7020276199E+003  2.2015393467E-001 -1.8865175298E-001 -1.1348247023E-001
   1  2763   0    0  2.7030276200E+003  2.2015393467E-001 -1.8865175298E-001 -1.1348247023E-001
   1  2764   0    0  2.7040276201E+003  2.2015393467E-001 -1.8865175298E-001 -1.1348247023E-001
   1  2765   0    0  2.7050276202E+003  2.2015393467E-001 -1.8865175298E-001 -1.1348247023E-001
   1  2766   0    0  2.7060276203E+003  2.2015393467E-001 -1.8865175298E-001 -1.1348247023E-001
   1  2767   0    0  2.7070276204E+003  2.2015393467E-001 -1.8865175298E-001 -1.1348247023E-001
   1  2768   0    0  2.7080276205E+003  2.2015393467E-001 -1.8865175298E-001 -1.1348247023E-001
   1  2769   0    0  2.7090276206E+003  2.2015393467E-001 -1.8865175298E-001 -1.1348247023E-001
   1  2770   0    0  2.7100276207E+003  2.2015393467E-001 -1.8865175298E-001 -1.1348247023E-001
   1  2771   0    0  2.7110276208E+003  2.2015393467E-001 -1.8865175298E-001 -1.1348247023E-001
   1  2772   0    0  2.7120276209E+003  2.2015393467E-001 -1.8865175298E-001 -1.1348247023E-001
   1  2773   0    0  2.7130276210E+003  2.2015393467E-001 -1.8865175298E-001 -1.1348247023E-001
   1  2774   0    0  2.7140276211E+003  2.2015393467E-001 -1.8865175298E-001 -1.1348247023E-001
   1  2775   0    0  2.7150276212E+003  2.2015393467E-001 -1.8865175298E-001 -1.1348247023E-001
   1  2776   0    0  2.7160276213E+003  2.2015393467E-001 -1.8865175298E-001 -1.1348247023E-001
   1  2777   0    0  2.7170276214E+003  2.2015393467E-001 -1.8865175298E-001 -1.1348247023E-001
   1  2778   0    0  2.7180276215E+003  2.2015393467E-001 -1.8865175298E-001 -1.1348247023E-001
   1  2779   0    0  2.7190276216E+003  2.2015393467E-001 -1.8865175298E-001 -1.1348247023E-001
   1  2780   4  140  2.7200276217E+003  2.2015393467E-001 -1.8865175298E-001 -1.1348247023E-001
   1  2781   0    0  2.7210276218E+003  2.2015393467E-001 -1.8865175298E-001 -1.1348247023E-001
   1  2782   0    0  2.7220276219E+003  2.2015393467E-001 -1.8865175298E-001 -1.1348247023E-001
   1  2783   0    0  2.7230276220E+003  2.2015393467E-001 -1.8865175298E-001 -1.1348247023E-001
   1  2784   0    0  2.7240276221E+003  2.2015393467E-001 -1.8865175298E-001 -1.1348247023E-001
   1  2785   0    0  2.7250276222E+003  2.2015393467E-001 -1.8865175298E-001 -1.1348247023E-001
   1  2786   0    0  2.7260276223E+003  2.2015393467E-001 -1.8865175298E-001 -1.1348247023E-001
   1  2787   0    0  2.7270276224E+003  2.2015393467E-001 -1.8865175298E-001 -1.1348247023E-001
   1  2788   0    0  2.7280276225E+003  2.2015393467E-001 -1.8865175298E-001 -1.1348247023E-001
   1  2789   0    0  2.7290276226E+003  2.2015393467E-001 -1.8865175298E-001 -1.1348247023E-001
   1  2790   0    0  2.7300276227E+003  2.2015393467E-001 -1.8865175298E-001 -1.1348247023E-001
   1  2791   0    0  2.7310276228E+003  2.2015393467E-001 -1.8865175298E-001 -1.1348247023E-001
   1  2792   0    0  2.7320276229E+003  2.2015393467E-001 -1.8865175298E-001 -1.1348247023E-001
   1  2793   0    0  2.7330276230E+003  2.2015393467E-001 -1.8865175298E-001 -1.1348247023E-001
   1  2794   0    0  2.7340276231E+003  2.2015393467E-001 -1.8865175298E-001 -1.1348247023E-001
   1  2795   0    0  2.7350276232E+003  2.2015393467E-001 -1.8865175298E-001 -1.1348247023E-001
   1  2796   0    0  2.7360276233E+003  2.2015393467E-001 -1.8865175298E-001 -1.1348247023E-001
   1  2797   0    0  2.7370276234E+003  2.2015393467E-001 -1.8865175298E-001 -1.1348247023E-001
   1  2798   0    0  2.7380276235E+003  2.2015393467E-001 -1.8865175298E-001 -1.1348247023E-001
   1  2799   0    0  2.7390276236E+003  2.2015393467E-001 -1.8865175298E-001 -1.1348247023E-001
   1  2800   4  141  2.7400276237E+003  2.2015393467E-001 -1.8865175298E-001 -1.1348247023E-001
   1  2801   0    0  2.7410276238E+003  2.2015393467E-001 -1.8865175298E-001 -1.1348247023E-001
   1  2802   0    0  2.7420276239E+003  2.2015393467E-001 -1.8865175298E-001 -1.1348247023E-001
   1  2803   0    0  2.7430276240E+003  2.2015393467E-001 -1.8865175298E-001 -1.1348247023E-001
   1  2804   0    0  2.7440276241E+003  2.2015393467E-001 -1.8865175298E-001 -1.1348247023E-001
   1  2805   0    0  2.7450276242E+003  2.2015393467E-001 -1.8865175298E-001 -1.1348247023E-001
   1  2806   0    0  2.7460276243E+003  2.2015393467E-001 -1.8865175298E-001 -1.1348247023E-001
   1  2807   0    0  2.7470276244E+003  2.2015393467E-001 -1.8865175298E-001 -1.1348247023E-001
   1  2808   0    0  2.7480276245E+003  2.2015393467E-001 -1.8865175298E-001 -1.1348247023E-001
   1  2809   0    0  2.7490276246E+003  2.2015393467E-001 -1.8865175298E-001 -1.1348247023E-001
   1  2810   0    0  2.7500276247E+003  2.2015393467E-001 -1.8865175298E-001 -1.1348247023E-001
   1  2811   0    0  2.7510276248E+003  2.2015393467E-001 -1.8865175298E-001 -1.1348247023E-001
   1  2812   0    0  2.7520276249E+003  2.2015393467E-001 -1.8865175298E-001 -1.1348247023E-001
   1  2813   0    0  2.7530276250E+003  2.2015393467E-001 -1.8865175298E-001 -1.1348247023E-001
   1  2814   0    0  2.7540276251E+003  2.2015393467E-001 -1.8865175298E-001 -1.1348247023E-001
   1  2815   0    0  2.7550276252E+003  2.2015393467E-001 -1.8865175298E-001 -1.1348247023E-001
   1  2816   0    0  2.7560276253E+003  2.2015393467E-001 -1.8865175298E-001 -1.1348247023E-001
   1  2817   0    0  2.7570276254E+003  2.2015393467E-001 -1.8865175298E-001 -1.1348247023E-001
   1  2818   0    0  2.7580276255E+003  2.2015393467E-001 -1.8865175298E-001 -1.1348247023E-001
   1  2819   0    0  2.7590276256E+003  2.2015393467E-001 -1.8865175298E-001 -1.1348247023E-001
   1  2820   4  142  2.7600276257E+003  2.2015393467E-001 -1.8865175298E-001 -1.1348247023E-001
   1  2821   0    0  2.7610276258E+003  2.2015393467E-001 -1.8865175298E-001 -1.1348247023E-001
   1  2822   0    0  2.7620276259E+003  2.2015393467E-001 -1.8865175298E-001 -1.1348247023E-001
   1  2823   0    0  2.7630276260E+003  2.2015393467E-001 -1.8865175298E-001 -1.1348247023E-001
   1  2824   0    0  2.7640276261E+003  2.2015393467E-001 -1.8865175298E-001 -1.1348247023E-001
   1  2825   0    0  2.7650276262E+003  2.2015393467E-001 -1.8865175298E-001 -1.1348247023E-001
   1  2826   0    0  2.7660276263E+003  2.2015393467E-001 -1.8865175298E-001 -1.1348247023E-001
   1  2827   0    0  2.7670276264E+003  2.2015393467E-001 -1.8865175298E-001 -1.1348247023E-001
   1  2828   0    0  2.7680276265E+003  2.2015393467E-001 -1.8865175298E-001 -1.1348247023E-001
   1  2829   0    0  2.7690276266E+003  2.2015393467E-001 -1.8865175298E-001 -1.1348247023E-001
   1  2830   0    0  2.7700276267E+003  2.2015393467E-001 -1.8865175298E-001 -1.1348247023E-001
   1  2831   0    0  2.7710276268E+003  2.2015393467E-001 -1.8865175298E-001 -1.1348247023E-001
   1  2832   0    0  2.7720276269E+003  2.2015393467E-001 -1.8865175298E-001 -1.1348247023E-001
   1  2833   0    0  2.7730276270E+003  2.2015393467E-001 -1.8865175298E-001 -1.1348247023E-001
   1  2834   0    0  2.7740276271E+003  2.2015393467E-001 -1.8865175298E-001 -1.1348247023E-001
   1  2835   0    0  2.7750276272E+003  2.2015393467E-001 -1.8865175298E-001 -1.1348247023E-001
   1  2836   0    0  2.7760276273E+003  2.2015393467E-001 -1.8865175298E-001 -1.1348247023E-001
   1  2837   0    0  2.7770276274E+003  2.2015393467E-001 -1.8865175298E-001 -1.1348247023E-001
   1  2838   0    0  2.7780276275E+003  2.2015393467E-001 -1.8865175298E-001 -1.1348247023E-001
   1  2839   0    0  2.7790276276E+003  2.2015393467E-001 -1.8865175298E-001 -1.1348247023E-001
   1  2840   4  143  2.7800276277E+003  2.2015393467E-001 -1.8865175298E-001 -1.1348247023E-001
   1  2841   0    0  2.7810276278E+003  2.2015393467E-001 -1.8865175298E-001 -1.1348247023E-001
   1  2842   0    0  2.7820276279E+003  2.2015393467E-001 -1.8865175298E-001 -1.1348247023E-001
   1  2843   0    0  2.7830276280E+003  2.2015393467E-001 -1.8865175298E-001 -1.1348247023E-001
   1  2844   0    0  2.7840276281E+003  2.2015393467E-001 -1.8865175298E-001 -1.1348247023E-001
   1  2845   0    0  2.7850276282E+003  2.2015393467E-001 -1.8865175298E-001 -1.1348247023E-001
   1  2846   0    0  2.7860276283E+003  2.2015393467E-001 -1.8865175298E-001 -1.1348247023E-001
   1  2847   0    0  2.7870276284E+003  2.2015393467E-001 -1.8865175298E-001 -1.1348247023E-001
   1  2848   0    0  2.7880276285E+003  2.2015393467E-001 -1.8865175298E-001 -1.1348247023E-001
   1  2849   0    0  2.7890276286E+003  2.2015393467E-001 -1.8865175298E-001 -1.1348247023E-001
   1  2850   0    0  2.7900276287E+003  2.2015393467E-001 -1.8865175298E-001 -1.1348247023E-001
   1  2851   0    0  2.7910276288E+003  2.2015393467E-001 -1.8865175298E-001 -1.1348247023E-001
   1  2852   0    0  2.7920276289E+003  2.2015393467E-001 -1.8865175298E-001 -1.1348247023E-001
   1  2853   0    0  2.7930276290E+003  2.2015393467E-001 -1.8865175298E-001 -1.1348247023E-001
   1  2854   0    0  2.7940276291E+003  2.2015393467E-001 -1.8865175298E-001 -1.1348247023E-001
   1  2855   0    0  2.7950276292E+003  2.2015393467E-001 -1.8865175298E-001 -1.1348247023E-001
   1  2856   0    0  2.7960276293E+003  2.2015393467E-001 -1.8865175298E-001 -1.1348247023E-001
   1  2857   0    0  2.7970276294E+003  2.2015393467E-001 -1.8865175298E-001 -1.1348247023E-001
   1  2858   0    0  2.7980276295E+003  2.2015393467E-001 -1.8865175298E-001 -1.1348247023E-001
   1  2859   0    0  2.7990276296E+003  2.2015393467E-001 -1.8865175298E-001 -1.1348247023E-001
   1  2860   4  144  2.8000276297E+003  2.2015393467E-001 -1.8865175298E-001 -1.1348247023E-001
   1  2861   0    0  2.8010276298E+003  2.2015393467E-001 -1.8865175298E-001 -1.1348247023E-001
   1  2862   0    0  2.8020276299E+003  2.2015393467E-001 -1.8865175298E-001 -1.1348247023E-001
   1  2863   0    0  2.8030276300E+003  2.2015393467E-001 -1.8865175298E-001 -1.1348247023E-001
   1  2864   0    0  2.8040276301E+003  2.2015393467E-001 -1.8865175298E-001 -1.1348247023E-001
   1  2865   0    0  2.8050276302E+003  2.2015393467E-001 -1.8865175298E-001 -1.1348247023E-001
   1  2866   0    0  2.8060276303E+003  2.2015393467E-001 -1.8865175298E-001 -1.1348247023E-001
   1  2867   0    0  2.8070276304E+003  2.2015393467E-001 -1.8865175298E-001 -1.1348247023E-001
   1  2868   0    0  2.8080276305E+003  2.2015393467E-001 -1.8865175298E-001 -1.1348247023E-001
   1  2869   0    0  2.8090276306E+003  2.2015393467E-001 -1.8865175298E-001 -1.1348247023E-001
   1  2870   0    0  2.8100276307E+003  2.2015393467E-001 -1.8865175298E-001 -1.1348247023E-001
   1  2871   0    0  2.8110276308E+003  2.2015393467E-001 -1.8865175298E-001 -1.1348247023E-001
   1  2872   0    0  2.8120276309E+003  2.2015393467E-001 -1.8865175298E-001 -1.1348247023E-001
   1  2873   0    0  2.8130276310E+003  2.2015393467E-001 -1.8865175298E-001 -1.1348247023E-001
   1  2874   0    0  2.8140276311E+003  2.2015393467E-001 -1.8865175298E-001 -1.1348247023E-001
   1  2875   0    0  2.8150276312E+003  2.2015393467E-001 -1.8865175298E-001 -1.1348247023E-001
   1  2876   0    0  2.8160276313E+003  2.2015393467E-001 -1.8865175298E-001 -1.1348247023E-001
   1  2877   0    0  2.8170276314E+003  2.2015393467E-001 -1.8865175298E-001 -1.1348247023E-001
   1  2878   0    0  2.8180276315E+003  2.2015393467E-001 -1.8865175298E-001 -1.1348247023E-001
   1  2879   0    0  2.8190276316E+003  2.2015393467E-001 -1.8865175298E-001 -1.1348247023E-001
   1  2880   4  145  2.8200276317E+003  2.2015393467E-001 -1.8865175298E-001 -1.1348247023E-001
   1  2881   0    0  2.8210276318E+003  2.2015393467E-001 -1.8865175298E-001 -1.1348247023E-001
   1  2882   0    0  2.8220276319E+003  2.2015393467E-001 -1.8865175298E-001 -1.1348247023E-001
   1  2883   0    0  2.8230276320E+003  2.2015393467E-001 -1.8865175298E-001 -1.1348247023E-001
   1  2884   0    0  2.8240276321E+003  2.2015393467E-001 -1.8865175298E-001 -1.1348247023E-001
   1  2885   0    0  2.8250276322E+003  2.2015393467E-001 -1.8865175298E-001 -1.1348247023E-001
   1  2886   0    0  2.8260276323E+003  2.2015393467E-001 -1.8865175298E-001 -1.1348247023E-001
   1  2887   0    0  2.8270276324E+003  2.2015393467E-001 -1.8865175298E-001 -1.1348247023E-001
   1  2888   0    0  2.8280276325E+003  2.2015393467E-001 -1.8865175298E-001 -1.1348247023E-001
   1  2889   0    0  2.8290276326E+003  2.2015393467E-001 -1.8865175298E-001 -1.1348247023E-001
   1  2890   0    0  2.8300276327E+003  2.2015393467E-001 -1.8865175298E-001 -1.1348247023E-001
   1  2891   0    0  2.8310276328E+003  2.2015393467E-001 -1.8865175298E-001 -1.1348247023E-001
   1  2892   0    0  2.8320276329E+003  2.2015393467E-001 -1.8865175298E-001 -1.1348247023E-001
   1  2893   0    0  2.8330276330E+003  2.2015393467E-001 -1.8865175298E-001 -1.1348247023E-001
   1  2894   0    0  2.8340276331E+003  2.2015393467E-001 -1.8865175298E-001 -1.1348247023E-001
   1  2895   0    0  2.8350276332E+003  2.2015393467E-001 -1.8865175298E-001 -1.1348247023E-001
   1  2896   0    0  2.8360276333E+003  2.2015393467E-001 -1.8865175298E-001 -1.1348247023E-001
   1  2897   0    0  2.8370276334E+003  2.2015393467E-001 -1.8865175298E-001 -1.1348247023E-001
   1  2898   0    0  2.8380276335E+003  2.2015393467E-001 -1.8865175298E-001 -1.1348247023E-001
   1  2899   0    0  2.8390276336E+003  2.2015393467E-001 -1.8865175298E-001 -1.1348247023E-001
   1  2900   4  146  2.8400276337E+003  2.2015393467E-001 -1.8865175298E-001 -1.1348247023E-001
   1  2901   0    0  2.8410276338E+003  2.2015393467E-001 -1.8865175298E-001 -1.1348247023E-001
   1  2902   0    0  2.8420276339E+003  2.2015393467E-001 -1.8865175298E-001 -1.1348247023E-001
   1  2903   0    0  2.8430276340E+003  2.2015393467E-001 -1.8865175298E-001 -1.1348247023E-001
   1  2904   0    0  2.8440276341E+003  2.2015393467E-001 -1.8865175298E-001 -1.1348247023E-001
   1  2905   0    0  2.8450276342E+003  2.2015393467E-001 -1.8865175298E-001 -1.1348247023E-001
   1  2906   0    0  2.8460276343E+003  2.2015393467E-001 -1.8865175298E-001 -1.1348247023E-001
   1  2907   0    0  2.8470276344E+003  2.2015393467E-001 -1.8865175298E-001 -1.1348247023E-001
   1  2908   0    0  2.8480276345E+003  2.2015393467E-001 -1.8865175298E-001 -1.1348247023E-001
   1  2909   0    0  2.8490276346E+003  2.2015393467E-001 -1.8865175298E-001 -1.1348247023E-001
   1  2910   0    0  2.8500276347E+003  2.2015393467E-001 -1.8865175298E-001 -1.1348247023E-001
   1  2911   0    0  2.8510276348E+003  2.2015393467E-001 -1.8865175298E-001 -1.1348247023E-001
   1  2912   0    0  2.8520276349E+003  2.2015393467E-001 -1.8865175298E-001 -1.1348247023E-001
   1  2913   0    0  2.8530276350E+003  2.2015393467E-001 -1.8865175298E-001 -1.1348247023E-001
   1  2914   0    0  2.8540276351E+003  2.2015393467E-001 -1.8865175298E-001 -1.1348247023E-001
   1  2915   0    0  2.8550276352E+003  2.2015393467E-001 -1.8865175298E-001 -1.1348247023E-001
   1  2916   0    0  2.8560276353E+003  2.2015393467E-001 -1.8865175298E-001 -1.1348247023E-001
   1  2917   0    0  2.8570276354E+003  2.2015393467E-001 -1.8865175298E-001 -1.1348247023E-001
   1  2918   0    0  2.8580276355E+003  2.2015393467E-001 -1.8865175298E-001 -1.1348247023E-001
   1  2919   0    0  2.8590276356E+003  2.2015393467E-001 -1.8865175298E-001 -1.1348247023E-001
   1  2920   4  147  2.8600276357E+003  2.2015393467E-001 -1.8865175298E-001 -1.1348247023E-001
   1  2921   0    0  2.8610276358E+003  2.2015393467E-001 -1.8865175298E-001 -1.1348247023E-001
   1  2922   0    0  2.8620276359E+003  2.2015393467E-001 -1.8865175298E-001 -1.1348247023E-001
   1  2923   0    0  2.8630276360E+003  2.2015393467E-001 -1.8865175298E-001 -1.1348247023E-001
   1  2924   0    0  2.8640276361E+003  2.2015393467E-001 -1.8865175298E-001 -1.1348247023E-001
   1  2925   0    0  2.8650276362E+003  2.2015393467E-001 -1.8865175298E-001 -1.1348247023E-001
   1  2926   0    0  2.8660276363E+003  2.2015393467E-001 -1.8865175298E-001 -1.1348247023E-001
   1  2927   0    0  2.8670276364E+003  2.2015393467E-001 -1.8865175298E-001 -1.1348247023E-001
   1  2928   0    0  2.8680276365E+003  2.2015393467E-001 -1.8865175298E-001 -1.1348247023E-001
   1  2929   0    0  2.8690276366E+003  2.2015393467E-001 -1.8865175298E-001 -1.1348247023E-001
   1  2930   0    0  2.8700276367E+003  2.2015393467E-001 -1.8865175298E-001 -1.1348247023E-001
   1  2931   0    0  2.8710276368E+003  2.2015393467E-001 -1.8865175298E-001 -1.1348247023E-001
   1  2932   0    0  2.8720276369E+003  2.2015393467E-001 -1.8865175298E-001 -1.1348247023E-001
   1  2933   0    0  2.8730276370E+003  2.2015393467E-001 -1.8865175298E-001 -1.1348247023E-001
   1  2934   0    0  2.8740276371E+003  2.2015393467E-001 -1.8865175298E-001 -1.1348247023E-001
   1  2935   0    0  2.8750276372E+003  2.2015393467E-001 -1.8865175298E-001 -1.1348247023E-001
   1  2936   0    0  2.8760276373E+003  2.2015393467E-001 -1.8865175298E-001 -1.1348247023E-001
   1  2937   0    0  2.8770276374E+003  2.2015393467E-001 -1.8865175298E-001 -1.1348247023E-001
   1  2938   0    0  2.8780276375E+003  2.2015393467E-001 -1.8865175298E-001 -1.1348247023E-001
   1  2939   0    0  2.8790276376E+003  2.2015393467E-001 -1.8865175298E-001 -1.1348247023E-001
   1  2940   4  148  2.8800276377E+003  2.2015393467E-001 -1.8865175298E-001 -1.1348247023E-001
   1  2941   0    0  2.8810276378E+003  2.2015393467E-001 -1.8865175298E-001 -1.1348247023E-001
   1  2942   0    0  2.8820276379E+003  2.2015393467E-001 -1.8865175298E-001 -1.1348247023E-001
   1  2943   0    0  2.8830276380E+003  2.2015393467E-001 -1.8865175298E-001 -1.1348247023E-001
   1  2944   0    0  2.8840276381E+003  2.2015393467E-001 -1.8865175298E-001 -1.1348247023E-001
   1  2945   0    0  2.8850276382E+003  2.2015393467E-001 -1.8865175298E-001 -1.1348247023E-001
   1  2946   0    0  2.8860276383E+003  2.2015393467E-001 -1.8865175298E-001 -1.1348247023E-001
   1  2947   0    0  2.8870276384E+003  2.2015393467E-001 -1.8865175298E-001 -1.1348247023E-001
   1  2948   0    0  2.8880276385E+003  2.2015393467E-001 -1.8865175298E-001 -1.1348247023E-001
   1  2949   0    0  2.8890276386E+003  2.2015393467E-001 -1.8865175298E-001 -1.1348247023E-001
   1  2950   0    0  2.8900276387E+003  2.2015393467E-001 -1.8865175298E-001 -1.1348247023E-001
   1  2951   0    0  2.8910276388E+003  2.2015393467E-001 -1.8865175298E-001 -1.1348247023E-001
   1  2952   0    0  2.8920276389E+003  2.2015393467E-001 -1.8865175298E-001 -1.1348247023E-001
   1  2953   0    0  2.8930276390E+003  2.2015393467E-001 -1.8865175298E-001 -1.1348247023E-001
   1  2954   0    0  2.8940276391E+003  2.2015393467E-001 -1.8865175298E-001 -1.1348247023E-001
   1  2955   0    0  2.8950276392E+003  2.2015393467E-001 -1.8865175298E-001 -1.1348247023E-001
   1  2956   0    0  2.8960276393E+003  2.2015393467E-001 -1.8865175298E-001 -1.1348247023E-001
   1  2957   0    0  2.8970276394E+003  2.2015393467E-001 -1.8865175298E-001 -1.1348247023E-001
   1  2958   0    0  2.8980276395E+003  2.2015393467E-001 -1.8865175298E-001 -1.1348247023E-001
   1  2959   0    0  2.8990276396E+003  2.2015393467E-001 -1.8865175298E-001 -1.1348247023E-001
   1  2960   4  149  2.9000276397E+003  2.2015393467E-001 -1.8865175298E-001 -1.1348247023E-001
   1  2961   0    0  2.9010276398E+003  2.2015393467E-001 -1.8865175298E-001 -1.1348247023E-001
   1  2962   0    0  2.9020276399E+003  2.2015393467E-001 -1.8865175298E-001 -1.1348247023E-001
   1  2963   0    0  2.9030276400E+003  2.2015393467E-001 -1.8865175298E-001 -1.1348247023E-001
   1  2964   0    0  2.9040276401E+003  2.2015393467E-001 -1.8865175298E-001 -1.1348247023E-001
   1  2965   0    0  2.9050276402E+003  2.2015393467E-001 -1.8865175298E-001 -1.1348247023E-001
   1  2966   0    0  2.9060276403E+003  2.2015393467E-001 -1.8865175298E-001 -1.1348247023E-001
   1  2967   0    0  2.9070276404E+003  2.2015393467E-001 -1.8865175298E-001 -1.1348247023E-001
   1  2968   0    0  2.9080276405E+003  2.2015393467E-001 -1.8865175298E-001 -1.1348247023E-001
   1  2969   0    0  2.9090276406E+003  2.2015393467E-001 -1.8865175298E-001 -1.1348247023E-001
   1  2970   0    0  2.9100276407E+003  2.2015393467E-001 -1.8865175298E-001 -1.1348247023E-001
   1  2971   0    0  2.9110276408E+003  2.2015393467E-001 -1.8865175298E-001 -1.1348247023E-001
   1  2972   0    0  2.9120276409E+003  2.2015393467E-001 -1.8865175298E-001 -1.1348247023E-001
   1  2973   0    0  2.9130276410E+003  2.2015393467E-001 -1.8865175298E-001 -1.1348247023E-001
   1  2974   0    0  2.9140276411E+003  2.2015393467E-001 -1.8865175298E-001 -1.1348247023E-001
   1  2975   0    0  2.9150276412E+003  2.2015393467E-001 -1.8865175298E-001 -1.1348247023E-001
   1  2976   0    0  2.9160276413E+003  2.2015393467E-001 -1.8865175298E-001 -1.1348247023E-001
   1  2977   0    0  2.9170276414E+003  2.2015393467E-001 -1.8865175298E-001 -1.1348247023E-001
   1  2978   0    0  2.9180276415E+003  2.2015393467E-001 -1.8865175298E-001 -1.1348247023E-001
   1  2979   0    0  2.9190276416E+003  2.2015393467E-001 -1.8865175298E-001 -1.1348247023E-001
   1  2980   4  150  2.9200276417E+003  2.2015393467E-001 -1.8865175298E-001 -1.1348247023E-001
   1  2981   0    0  2.9210276418E+003  2.2015393467E-001 -1.8865175298E-001 -1.1348247023E-001
   1  2982   0    0  2.9220276419E+003  2.2015393467E-001 -1.8865175298E-001 -1.1348247023E-001
   1  2983   0    0  2.9230276420E+003  2.2015393467E-001 -1.8865175298E-001 -1.1348247023E-001
   1  2984   0    0  2.9240276421E+003  2.2015393467E-001 -1.8865175298E-001 -1.1348247023E-001
   1  2985   0    0  2.9250276422E+003  2.2015393467E-001 -1.8865175298E-001 -1.1348247023E-001
   1  2986   0    0  2.9260276423E+003  2.2015393467E-001 -1.8865175298E-001 -1.1348247023E-001
   1  2987   0    0  2.9270276424E+003  2.2015393467E-001 -1.8865175298E-001 -1.1348247023E-001
   1  2988   0    0  2.9280276425E+003  2.2015393467E-001 -1.8865175298E-001 -1.1348247023E-001
   1  2989   0    0  2.9290276426E+003  2.2015393467E-001 -1.8865175298E-001 -1.1348247023E-001
   1  2990   0    0  2.9300276427E+003  2.2015393467E-001 -1.8865175298E-001 -1.1348247023E-001
   1  2991   0    0  2.9310276428E+003  2.2015393467E-001 -1.8865175298E-001 -1.1348247023E-001
   1  2992   0    0  2.9320276429E+003  2.2015393467E-001 -1.8865175298E-001 -1.1348247023E-001
   1  2993   0    0  2.9330276430E+003  2.2015393467E-001 -1.8865175298E-001 -1.1348247023E-001
   1  2994   0    0  2.9340276431E+003  2.2015393467E-001 -1.8865175298E-001 -1.1348247023E-001
   1  2995   0    0  2.9350276432E+003  2.2015393467E-001 -1.8865175298E-001 -1.1348247023E-001
   1  2996   0    0  2.9360276433E+003  2.2015393467E-001 -1.8865175298E-001 -1.1348247023E-001
   1  2997   0    0  2.9370276434E+003  2.2015393467E-001 -1.8865175298E-001 -1.1348247023E-001
   1  2998   0    0  2.9380276435E+003  2.2015393467E-001 -1.8865175298E-001 -1.1348247023E-001
   1  2999   0    0  2.9390276436E+003  2.2015393467E-001 -1.8865175298E-001 -1.1348247023E-001
   1  3000   4  151  2.9400276437E+003  2.2015393467E-001 -1.8865175298E-001 -1.1348247023E-001
   1  3001   0    0  2.9410276438E+003  2.2015393467E-001 -1.8865175298E-001 -1.1348247023E-001
   1  3002   0    0  2.9420276439E+003  2.2015393467E-001 -1.8865175298E-001 -1.1348247023E-001
   1  3003   0    0  2.9430276440E+003  2.2015393467E-001 -1.8865175298E-001 -1.1348247023E-001
   1  3004   0    0  2.9440276441E+003  2.2015393467E-001 -1.8865175298E-001 -1.1348247023E-001
   1  3005   0    0  2.9450276442E+003  2.2015393467E-001 -1.8865175298E-001 -1.1348247023E-001
   1  3006   0    0  2.9460276443E+003  2.2015393467E-001 -1.8865175298E-001 -1.1348247023E-001
   1  3007   0    0  2.9470276444E+003  2.2015393467E-001 -1.8865175298E-001 -1.1348247023E-001
   1  3008   0    0  2.9480276445E+003  2.2015393467E-001 -1.8865175298E-001 -1.1348247023E-001
   1  3009   0    0  2.9490276446E+003  2.2015393467E-001 -1.8865175298E-001 -1.1348247023E-001
   1  3010   0    0  2.9500276447E+003  2.2015393467E-001 -1.8865175298E-001 -1.1348247023E-001
   1  3011   0    0  2.9510276448E+003  2.2015393467E-001 -1.8865175298E-001 -1.1348247023E-001
   1  3012   0    0  2.9520276449E+003  2.2015393467E-001 -1.8865175298E-001 -1.1348247023E-001
   1  3013   0    0  2.9530276450E+003  2.2015393467E-001 -1.8865175298E-001 -1.1348247023E-001
   1  3014   0    0  2.9540276451E+003  2.2015393467E-001 -1.8865175298E-001 -1.1348247023E-001
   1  3015   0    0  2.9550276452E+003  2.2015393467E-001 -1.8865175298E-001 -1.1348247023E-001
   1  3016   0    0  2.9560276453E+003  2.2015393467E-001 -1.8865175298E-001 -1.1348247023E-001
   1  3017   0    0  2.9570276454E+003  2.2015393467E-001 -1.8865175298E-001 -1.1348247023E-001
   1  3018   0    0  2.9580276455E+003  2.2015393467E-001 -1.8865175298E-001 -1.1348247023E-001
   1  3019   0    0  2.9590276456E+003  2.2015393467E-001 -1.8865175298E-001 -1.1348247023E-001
   1  3020   4  152  2.9600276457E+003  2.2015393467E-001 -1.8865175298E-001 -1.1348247023E-001
   1  3021   0    0  2.9610276458E+003  2.2015393467E-001 -1.8865175298E-001 -1.1348247023E-001
   1  3022   0    0  2.9620276459E+003  2.2015393467E-001 -1.8865175298E-001 -1.1348247023E-001
   1  3023   0    0  2.9630276460E+003  2.2015393467E-001 -1.8865175298E-001 -1.1348247023E-001
   1  3024   0    0  2.9640276461E+003  2.2015393467E-001 -1.8865175298E-001 -1.1348247023E-001
   1  3025   0    0  2.9650276462E+003  2.2015393467E-001 -1.8865175298E-001 -1.1348247023E-001
   1  3026   0    0  2.9660276463E+003  2.2015393467E-001 -1.8865175298E-001 -1.1348247023E-001
   1  3027   0    0  2.9670276464E+003  2.2015393467E-001 -1.8865175298E-001 -1.1348247023E-001
   1  3028   0    0  2.9680276465E+003  2.2015393467E-001 -1.8865175298E-001 -1.1348247023E-001
   1  3029   0    0  2.9690276466E+003  2.2015393467E-001 -1.8865175298E-001 -1.1348247023E-001
   1  3030   0    0  2.9700276467E+003  2.2015393467E-001 -1.8865175298E-001 -1.1348247023E-001
   1  3031   0    0  2.9710276468E+003  2.2015393467E-001 -1.8865175298E-001 -1.1348247023E-001
   1  3032   0    0  2.9720276469E+003  2.2015393467E-001 -1.8865175298E-001 -1.1348247023E-001
   1  3033   0    0  2.9730276470E+003  2.2015393467E-001 -1.8865175298E-001 -1.1348247023E-001
   1  3034   0    0  2.9740276471E+003  2.2015393467E-001 -1.8865175298E-001 -1.1348247023E-001
   1  3035   0    0  2.9750276472E+003  2.2015393467E-001 -1.8865175298E-001 -1.1348247023E-001
   1  3036   0    0  2.9760276473E+003  2.2015393467E-001 -1.8865175298E-001 -1.1348247023E-001
   1  3037   0    0  2.9770276474E+003  2.2015393467E-001 -1.8865175298E-001 -1.1348247023E-001
   1  3038   0    0  2.9780276475E+003  2.2015393467E-001 -1.8865175298E-001 -1.1348247023E-001
   1  3039   0    0  2.9790276476E+003  2.2015393467E-001 -1.8865175298E-001 -1.1348247023E-001
   1  3040   4  153  2.9800276477E+003  2.2015393467E-001 -1.8865175298E-001 -1.1348247023E-001
   1  3041   0    0  2.9810276478E+003  2.2015393467E-001 -1.8865175298E-001 -1.1348247023E-001
   1  3042   0    0  2.9820276479E+003  2.2015393467E-001 -1.8865175298E-001 -1.1348247023E-001
   1  3043   0    0  2.9830276480E+003  2.2015393467E-001 -1.8865175298E-001 -1.1348247023E-001
   1  3044   0    0  2.9840276481E+003  2.2015393467E-001 -1.8865175298E-001 -1.1348247023E-001
   1  3045   0    0  2.9850276482E+003  2.2015393467E-001 -1.8865175298E-001 -1.1348247023E-001
   1  3046   0    0  2.9860276483E+003  2.2015393467E-001 -1.8865175298E-001 -1.1348247023E-001
   1  3047   0    0  2.9870276484E+003  2.2015393467E-001 -1.8865175298E-001 -1.1348247023E-001
   1  3048   0    0  2.9880276485E+003  2.2015393467E-001 -1.8865175298E-001 -1.1348247023E-001
   1  3049   0    0  2.9890276486E+003  2.2015393467E-001 -1.8865175298E-001 -1.1348247023E-001
   1  3050   0    0  2.9900276487E+003  2.2015393467E-001 -1.8865175298E-001 -1.1348247023E-001
   1  3051   0    0  2.9910276488E+003  2.2015393467E-001 -1.8865175298E-001 -1.1348247023E-001
   1  3052   0    0  2.9920276489E+003  2.2015393467E-001 -1.8865175298E-001 -1.1348247023E-001
   1  3053   0    0  2.9930276490E+003  2.2015393467E-001 -1.8865175298E-001 -1.1348247023E-001
   1  3054   0    0  2.9940276491E+003  2.2015393467E-001 -1.8865175298E-001 -1.1348247023E-001
   1  3055   0    0  2.9950276492E+003  2.2015393467E-001 -1.8865175298E-001 -1.1348247023E-001
   1  3056   0    0  2.9960276493E+003  2.2015393467E-001 -1.8865175298E-001 -1.1348247023E-001
   1  3057   0    0  2.9970276494E+003  2.2015393467E-001 -1.8865175298E-001 -1.1348247023E-001
   1  3058   0    0  2.9980276495E+003  2.2015393467E-001 -1.8865175298E-001 -1.1348247023E-001
   1  3059   0    0  2.9990276496E+003  2.2015393467E-001 -1.8865175298E-001 -1.1348247023E-001
   1  3060   4  154  3.0000276497E+003  2.2015393467E-001 -1.8865175298E-001 -1.1348247023E-001
   1  3061   0    0  3.0010276498E+003  2.2015393467E-001 -1.8865175298E-001 -1.1348247023E-001
   1  3062   0    0  3.0020276499E+003  2.2015393467E-001 -1.8865175298E-001 -1.1348247023E-001
   1  3063   0    0  3.0030276500E+003  2.2015393467E-001 -1.8865175298E-001 -1.1348247023E-001
   1  3064   0    0  3.0040276501E+003  2.2015393467E-001 -1.8865175298E-001 -1.1348247023E-001
   1  3065   0    0  3.0050276502E+003  2.2015393467E-001 -1.8865175298E-001 -1.1348247023E-001
   1  3066   0    0  3.0060276503E+003  2.2015393467E-001 -1.8865175298E-001 -1.1348247023E-001
   1  3067   0    0  3.0070276504E+003  2.2015393467E-001 -1.8865175298E-001 -1.1348247023E-001
   1  3068   0    0  3.0080276505E+003  2.2015393467E-001 -1.8865175298E-001 -1.1348247023E-001
   1  3069   0    0  3.0090276506E+003  2.2015393467E-001 -1.8865175298E-001 -1.1348247023E-001
   1  3070   0    0  3.0100276507E+003  2.2015393467E-001 -1.8865175298E-001 -1.1348247023E-001
   1  3071   0    0  3.0110276508E+003  2.2015393467E-001 -1.8865175298E-001 -1.1348247023E-001
   1  3072   0    0  3.0120276509E+003  2.2015393467E-001 -1.8865175298E-001 -1.1348247023E-001
   1  3073   0    0  3.0130276510E+003  2.2015393467E-001 -1.8865175298E-001 -1.1348247023E-001
   1  3074   0    0  3.0140276511E+003  2.2015393467E-001 -1.8865175298E-001 -1.1348247023E-001
   1  3075   0    0  3.0150276512E+003  2.2015393467E-001 -1.8865175298E-001 -1.1348247023E-001
   1  3076   0    0  3.0160276513E+003  2.2015393467E-001 -1.8865175298E-001 -1.1348247023E-001
   1  3077   0    0  3.0170276514E+003  2.2015393467E-001 -1.8865175298E-001 -1.1348247023E-001
   1  3078   0    0  3.0180276515E+003  2.2015393467E-001 -1.8865175298E-001 -1.1348247023E-001
   1  3079   0    0  3.0190276516E+003  2.2015393467E-001 -1.8865175298E-001 -1.1348247023E-001
   1  3080   4  155  3.0200276517E+003  2.2015393467E-001 -1.8865175298E-001 -1.1348247023E-001
   1  3081   0    0  3.0210276518E+003  2.2015393467E-001 -1.8865175298E-001 -1.1348247023E-001
   1  3082   0    0  3.0220276519E+003  2.2015393467E-001 -1.8865175298E-001 -1.1348247023E-001
   1  3083   0    0  3.0230276520E+003  2.2015393467E-001 -1.8865175298E-001 -1.1348247023E-001
   1  3084   0    0  3.0240276521E+003  2.2015393467E-001 -1.8865175298E-001 -1.1348247023E-001
   1  3085   0    0  3.0250276522E+003  2.2015393467E-001 -1.8865175298E-001 -1.1348247023E-001
   1  3086   0    0  3.0260276523E+003  2.2015393467E-001 -1.8865175298E-001 -1.1348247023E-001
   1  3087   0    0  3.0270276524E+003  2.2015393467E-001 -1.8865175298E-001 -1.1348247023E-001
   1  3088   0    0  3.0280276525E+003  2.2015393467E-001 -1.8865175298E-001 -1.1348247023E-001
   1  3089   0    0  3.0290276526E+003  2.2015393467E-001 -1.8865175298E-001 -1.1348247023E-001
   1  3090   0    0  3.0300276527E+003  2.2015393467E-001 -1.8865175298E-001 -1.1348247023E-001
   1  3091   0    0  3.0310276528E+003  2.2015393467E-001 -1.8865175298E-001 -1.1348247023E-001
   1  3092   0    0  3.0320276529E+003  2.2015393467E-001 -1.8865175298E-001 -1.1348247023E-001
   1  3093   0    0  3.0330276530E+003  2.2015393467E-001 -1.8865175298E-001 -1.1348247023E-001
   1  3094   0    0  3.0340276531E+003  2.2015393467E-001 -1.8865175298E-001 -1.1348247023E-001
   1  3095   0    0  3.0350276532E+003  2.2015393467E-001 -1.8865175298E-001 -1.1348247023E-001
   1  3096   0    0  3.0360276533E+003  2.2015393467E-001 -1.8865175298E-001 -1.1348247023E-001
   1  3097   0    0  3.0370276534E+003  2.2015393467E-001 -1.8865175298E-001 -1.1348247023E-001
   1  3098   0    0  3.0380276535E+003  2.2015393467E-001 -1.8865175298E-001 -1.1348247023E-001
   1  3099   0    0  3.0390276536E+003  2.2015393467E-001 -1.8865175298E-001 -1.1348247023E-001
   1  3100   4  156  3.0400276537E+003  2.2015393467E-001 -1.8865175298E-001 -1.1348247023E-001
   1  3101   0    0  3.0410276538E+003  2.2015393467E-001 -1.8865175298E-001 -1.1348247023E-001
   1  3102   0    0  3.0420276539E+003  2.2015393467E-001 -1.8865175298E-001 -1.1348247023E-001
   1  3103   0    0  3.0430276540E+003  2.2015393467E-001 -1.8865175298E-001 -1.1348247023E-001
   1  3104   0    0  3.0440276541E+003  2.2015393467E-001 -1.8865175298E-001 -1.1348247023E-001
   1  3105   0    0  3.0450276542E+003  2.2015393467E-001 -1.8865175298E-001 -1.1348247023E-001
   1  3106   0    0  3.0460276543E+003  2.2015393467E-001 -1.8865175298E-001 -1.1348247023E-001
   1  3107   0    0  3.0470276544E+003  2.2015393467E-001 -1.8865175298E-001 -1.1348247023E-001
   1  3108   0    0  3.0480276545E+003  2.2015393467E-001 -1.8865175298E-001 -1.1348247023E-001
   1  3109   0    0  3.0490276546E+003  2.2015393467E-001 -1.8865175298E-001 -1.1348247023E-001
   1  3110   0    0  3.0500276547E+003  2.2015393467E-001 -1.8865175298E-001 -1.1348247023E-001
   1  3111   0    0  3.0510276548E+003  2.2015393467E-001 -1.8865175298E-001 -1.1348247023E-001
   1  3112   0    0  3.0520276549E+003  2.2015393467E-001 -1.8865175298E-001 -1.1348247023E-001
   1  3113   0    0  3.0530276550E+003  2.2015393467E-001 -1.8865175298E-001 -1.1348247023E-001
   1  3114   0    0  3.0540276551E+003  2.2015393467E-001 -1.8865175298E-001 -1.1348247023E-001
   1  3115   0    0  3.0550276552E+003  2.2015393467E-001 -1.8865175298E-001 -1.1348247023E-001
   1  3116   0    0  3.0560276553E+003  2.2015393467E-001 -1.8865175298E-001 -1.1348247023E-001
   1  3117   0    0  3.0570276554E+003  2.2015393467E-001 -1.8865175298E-001 -1.1348247023E-001
   1  3118   0    0  3.0580276555E+003  2.2015393467E-001 -1.8865175298E-001 -1.1348247023E-001
   1  3119   0    0  3.0590276556E+003  2.2015393467E-001 -1.8865175298E-001 -1.1348247023E-001
   1  3120   4  157  3.0600276557E+003  2.2015393467E-001 -1.8865175298E-001 -1.1348247023E-001
   1  3121   0    0  3.0610276558E+003  2.2015393467E-001 -1.8865175298E-001 -1.1348247023E-001
   1  3122   0    0  3.0620276559E+003  2.2015393467E-001 -1.8865175298E-001 -1.1348247023E-001
   1  3123   0    0  3.0630276560E+003  2.2015393467E-001 -1.8865175298E-001 -1.1348247023E-001
   1  3124   0    0  3.0640276561E+003  2.2015393467E-001 -1.8865175298E-001 -1.1348247023E-001
   1  3125   0    0  3.0650276562E+003  2.2015393467E-001 -1.8865175298E-001 -1.1348247023E-001
   1  3126   0    0  3.0660276563E+003  2.2015393467E-001 -1.8865175298E-001 -1.1348247023E-001
   1  3127   0    0  3.0670276564E+003  2.2015393467E-001 -1.8865175298E-001 -1.1348247023E-001
   1  3128   0    0  3.0680276565E+003  2.2015393467E-001 -1.8865175298E-001 -1.1348247023E-001
   1  3129   0    0  3.0690276566E+003  2.2015393467E-001 -1.8865175298E-001 -1.1348247023E-001
   1  3130   0    0  3.0700276567E+003  2.2015393467E-001 -1.8865175298E-001 -1.1348247023E-001
   1  3131   0    0  3.0710276568E+003  2.2015393467E-001 -1.8865175298E-001 -1.1348247023E-001
   1  3132   0    0  3.0720276569E+003  2.2015393467E-001 -1.8865175298E-001 -1.1348247023E-001
   1  3133   0    0  3.0730276570E+003  2.2015393467E-001 -1.8865175298E-001 -1.1348247023E-001
   1  3134   0    0  3.0740276571E+003  2.2015393467E-001 -1.8865175298E-001 -1.1348247023E-001
   1  3135   0    0  3.0750276572E+003  2.2015393467E-001 -1.8865175298E-001 -1.1348247023E-001
   1  3136   0    0  3.0760276573E+003  2.2015393467E-001 -1.8865175298E-001 -1.1348247023E-001
   1  3137   0    0  3.0770276574E+003  2.2015393467E-001 -1.8865175298E-001 -1.1348247023E-001
   1  3138   0    0  3.0780276575E+003  2.2015393467E-001 -1.8865175298E-001 -1.1348247023E-001
   1  3139   0    0  3.0790276576E+003  2.2015393467E-001 -1.8865175298E-001 -1.1348247023E-001
   1  3140   4  158  3.0800276577E+003  2.2015393467E-001 -1.8865175298E-001 -1.1348247023E-001
   1  3141   0    0  3.0810276578E+003  2.2015393467E-001 -1.8865175298E-001 -1.1348247023E-001
   1  3142   0    0  3.0820276579E+003  2.2015393467E-001 -1.8865175298E-001 -1.1348247023E-001
   1  3143   0    0  3.0830276580E+003  2.2015393467E-001 -1.8865175298E-001 -1.1348247023E-001
   1  3144   0    0  3.0840276581E+003  2.2015393467E-001 -1.8865175298E-001 -1.1348247023E-001
   1  3145   0    0  3.0850276582E+003  2.2015393467E-001 -1.8865175298E-001 -1.1348247023E-001
   1  3146   0    0  3.0860276583E+003  2.2015393467E-001 -1.8865175298E-001 -1.1348247023E-001
   1  3147   0    0  3.0870276584E+003  2.2015393467E-001 -1.8865175298E-001 -1.1348247023E-001
   1  3148   0    0  3.0880276585E+003  2.2015393467E-001 -1.8865175298E-001 -1.1348247023E-001
   1  3149   0    0  3.0890276586E+003  2.2015393467E-001 -1.8865175298E-001 -1.1348247023E-001
   1  3150   0    0  3.0900276587E+003  2.2015393467E-001 -1.8865175298E-001 -1.1348247023E-001
   1  3151   0    0  3.0910276588E+003  2.2015393467E-001 -1.8865175298E-001 -1.1348247023E-001
   1  3152   0    0  3.0920276589E+003  2.2015393467E-001 -1.8865175298E-001 -1.1348247023E-001
   1  3153   0    0  3.0930276590E+003  2.2015393467E-001 -1.8865175298E-001 -1.1348247023E-001
   1  3154   0    0  3.0940276591E+003  2.2015393467E-001 -1.8865175298E-001 -1.1348247023E-001
   1  3155   0    0  3.0950276592E+003  2.2015393467E-001 -1.8865175298E-001 -1.1348247023E-001
   1  3156   0    0  3.0960276593E+003  2.2015393467E-001 -1.8865175298E-001 -1.1348247023E-001
   1  3157   0    0  3.0970276594E+003  2.2015393467E-001 -1.8865175298E-001 -1.1348247023E-001
   1  3158   0    0  3.0980276595E+003  2.2015393467E-001 -1.8865175298E-001 -1.1348247023E-001
   1  3159   0    0  3.0990276596E+003  2.2015393467E-001 -1.8865175298E-001 -1.1348247023E-001
   1  3160   4  159  3.1000276597E+003  2.2015393467E-001 -1.8865175298E-001 -1.1348247023E-001
   1  3161   0    0  3.1010276598E+003  2.2015393467E-001 -1.8865175298E-001 -1.1348247023E-001
   1  3162   0    0  3.1020276599E+003  2.2015393467E-001 -1.8865175298E-001 -1.1348247023E-001
   1  3163   0    0  3.1030276600E+003  2.2015393467E-001 -1.8865175298E-001 -1.1348247023E-001
   1  3164   0    0  3.1040276601E+003  2.2015393467E-001 -1.8865175298E-001 -1.1348247023E-001
   1  3165   0    0  3.1050276602E+003  2.2015393467E-001 -1.8865175298E-001 -1.1348247023E-001
   1  3166   0    0  3.1060276603E+003  2.2015393467E-001 -1.8865175298E-001 -1.1348247023E-001
   1  3167   0    0  3.1070276604E+003  2.2015393467E-001 -1.8865175298E-001 -1.1348247023E-001
   1  3168   0    0  3.1080276605E+003  2.2015393467E-001 -1.8865175298E-001 -1.1348247023E-001
   1  3169   0    0  3.1090276606E+003  2.2015393467E-001 -1.8865175298E-001 -1.1348247023E-001
   1  3170   0    0  3.1100276607E+003  2.2015393467E-001 -1.8865175298E-001 -1.1348247023E-001
   1  3171   0    0  3.1110276608E+003  2.2015393467E-001 -1.8865175298E-001 -1.1348247023E-001
   1  3172   0    0  3.1120276609E+003  2.2015393467E-001 -1.8865175298E-001 -1.1348247023E-001
   1  3173   0    0  3.1130276610E+003  2.2015393467E-001 -1.8865175298E-001 -1.1348247023E-001
   1  3174   0    0  3.1140276611E+003  2.2015393467E-001 -1.8865175298E-001 -1.1348247023E-001
   1  3175   0    0  3.1150276612E+003  2.2015393467E-001 -1.8865175298E-001 -1.1348247023E-001
   1  3176   0    0  3.1160276613E+003  2.2015393467E-001 -1.8865175298E-001 -1.1348247023E-001
   1  3177   0    0  3.1170276614E+003  2.2015393467E-001 -1.8865175298E-001 -1.1348247023E-001
   1  3178   0    0  3.1180276615E+003  2.2015393467E-001 -1.8865175298E-001 -1.1348247023E-001
   1  3179   0    0  3.1190276616E+003  2.2015393467E-001 -1.8865175298E-001 -1.1348247023E-001
   1  3180   4  160  3.1200276617E+003  2.2015393467E-001 -1.8865175298E-001 -1.1348247023E-001
   1  3181   0    0  3.1210276618E+003  2.2015393467E-001 -1.8865175298E-001 -1.1348247023E-001
   1  3182   0    0  3.1220276619E+003  2.2015393467E-001 -1.8865175298E-001 -1.1348247023E-001
   1  3183   0    0  3.1230276620E+003  2.2015393467E-001 -1.8865175298E-001 -1.1348247023E-001
   1  3184   0    0  3.1240276621E+003  2.2015393467E-001 -1.8865175298E-001 -1.1348247023E-001
   1  3185   0    0  3.1250276622E+003  2.2015393467E-001 -1.8865175298E-001 -1.1348247023E-001
   1  3186   0    0  3.1260276623E+003  2.2015393467E-001 -1.8865175298E-001 -1.1348247023E-001
   1  3187   0    0  3.1270276624E+003  2.2015393467E-001 -1.8865175298E-001 -1.1348247023E-001
   1  3188   0    0  3.1280276625E+003  2.2015393467E-001 -1.8865175298E-001 -1.1348247023E-001
   1  3189   0    0  3.1290276626E+003  2.2015393467E-001 -1.8865175298E-001 -1.1348247023E-001
   1  3190   0    0  3.1300276627E+003  2.2015393467E-001 -1.8865175298E-001 -1.1348247023E-001
   1  3191   0    0  3.1310276628E+003  2.2015393467E-001 -1.8865175298E-001 -1.1348247023E-001
   1  3192   0    0  3.1320276629E+003  2.2015393467E-001 -1.8865175298E-001 -1.1348247023E-001
   1  3193   0    0  3.1330276630E+003  2.2015393467E-001 -1.8865175298E-001 -1.1348247023E-001
   1  3194   0    0  3.1340276631E+003  2.2015393467E-001 -1.8865175298E-001 -1.1348247023E-001
   1  3195   0    0  3.1350276632E+003  2.2015393467E-001 -1.8865175298E-001 -1.1348247023E-001
   1  3196   0    0  3.1360276633E+003  2.2015393467E-001 -1.8865175298E-001 -1.1348247023E-001
   1  3197   0    0  3.1370276634E+003  2.2015393467E-001 -1.8865175298E-001 -1.1348247023E-001
   1  3198   0    0  3.1380276635E+003  2.2015393467E-001 -1.8865175298E-001 -1.1348247023E-001
   1  3199   0    0  3.1390276636E+003  2.2015393467E-001 -1.8865175298E-001 -1.1348247023E-001
   1  3200   4  161  3.1400276637E+003  2.2015393467E-001 -1.8865175298E-001 -1.1348247023E-001
   1  3201   0    0  3.1410276638E+003  2.2015393467E-001 -1.8865175298E-001 -1.1348247023E-001
   1  3202   0    0  3.1420276639E+003  2.2015393467E-001 -1.8865175298E-001 -1.1348247023E-001
   1  3203   0    0  3.1430276640E+003  2.2015393467E-001 -1.8865175298E-001 -1.1348247023E-001
   1  3204   0    0  3.1440276641E+003  2.2015393467E-001 -1.8865175298E-001 -1.1348247023E-001
   1  3205   0    0  3.1450276642E+003  2.2015393467E-001 -1.8865175298E-001 -1.1348247023E-001
   1  3206   0    0  3.1460276643E+003  2.2015393467E-001 -1.8865175298E-001 -1.1348247023E-001
   1  3207   0    0  3.1470276644E+003  2.2015393467E-001 -1.8865175298E-001 -1.1348247023E-001
   1  3208   0    0  3.1480276645E+003  2.2015393467E-001 -1.8865175298E-001 -1.1348247023E-001
   1  3209   0    0  3.1490276646E+003  2.2015393467E-001 -1.8865175298E-001 -1.1348247023E-001
   1  3210   0    0  3.1500276647E+003  2.2015393467E-001 -1.8865175298E-001 -1.1348247023E-001
   1  3211   0    0  3.1510276648E+003  2.2015393467E-001 -1.8865175298E-001 -1.1348247023E-001
   1  3212   0    0  3.1520276649E+003  2.2015393467E-001 -1.8865175298E-001 -1.1348247023E-001
   1  3213   0    0  3.1530276650E+003  2.2015393467E-001 -1.8865175298E-001 -1.1348247023E-001
   1  3214   0    0  3.1540276651E+003  2.2015393467E-001 -1.8865175298E-001 -1.1348247023E-001
   1  3215   0    0  3.1550276652E+003  2.2015393467E-001 -1.8865175298E-001 -1.1348247023E-001
   1  3216   0    0  3.1560276653E+003  2.2015393467E-001 -1.8865175298E-001 -1.1348247023E-001
   1  3217   0    0  3.1570276654E+003  2.2015393467E-001 -1.8865175298E-001 -1.1348247023E-001
   1  3218   0    0  3.1580276655E+003  2.2015393467E-001 -1.8865175298E-001 -1.1348247023E-001
   1  3219   0    0  3.1590276656E+003  2.2015393467E-001 -1.8865175298E-001 -1.1348247023E-001
   1  3220   4  162  3.1600276657E+003  2.2015393467E-001 -1.8865175298E-001 -1.1348247023E-001
   1  3221   0    0  3.1610276658E+003  2.2015393467E-001 -1.8865175298E-001 -1.1348247023E-001
   1  3222   0    0  3.1620276659E+003  2.2015393467E-001 -1.8865175298E-001 -1.1348247023E-001
   1  3223   0    0  3.1630276660E+003  2.2015393467E-001 -1.8865175298E-001 -1.1348247023E-001
   1  3224   0    0  3.1640276661E+003  2.2015393467E-001 -1.8865175298E-001 -1.1348247023E-001
   1  3225   0    0  3.1650276662E+003  2.2015393467E-001 -1.8865175298E-001 -1.1348247023E-001
   1  3226   0    0  3.1660276663E+003  2.2015393467E-001 -1.8865175298E-001 -1.1348247023E-001
   1  3227   0    0  3.1670276664E+003  2.2015393467E-001 -1.8865175298E-001 -1.1348247023E-001
   1  3228   0    0  3.1680276665E+003  2.2015393467E-001 -1.8865175298E-001 -1.1348247023E-001
   1  3229   0    0  3.1690276666E+003  2.2015393467E-001 -1.8865175298E-001 -1.1348247023E-001
   1  3230   0    0  3.1700276667E+003  2.2015393467E-001 -1.8865175298E-001 -1.1348247023E-001
   1  3231   0    0  3.1710276668E+003  2.2015393467E-001 -1.8865175298E-001 -1.1348247023E-001
   1  3232   0    0  3.1720276669E+003  2.2015393467E-001 -1.8865175298E-001 -1.1348247023E-001
   1  3233   0    0  3.1730276670E+003  2.2015393467E-001 -1.8865175298E-001 -1.1348247023E-001
   1  3234   0    0  3.1740276671E+003  2.2015393467E-001 -1.8865175298E-001 -1.1348247023E-001
   1  3235   0    0  3.1750276672E+003  2.2015393467E-001 -1.8865175298E-001 -1.1348247023E-001
   1  3236   0    0  3.1760276673E+003  2.2015393467E-001 -1.8865175298E-001 -1.1348247023E-001
   1  3237   0    0  3.1770276674E+003  2.2015393467E-001 -1.8865175298E-001 -1.1348247023E-001
   1  3238   0    0  3.1780276675E+003  2.2015393467E-001 -1.8865175298E-001 -1.1348247023E-001
   1  3239   0    0  3.1790276676E+003  2.2015393467E-001 -1.8865175298E-001 -1.1348247023E-001
   1  3240   4  163  3.1800276677E+003  2.2015393467E-001 -1.8865175298E-001 -1.1348247023E-001
   1  3241   0    0  3.1810276678E+003  2.2015393467E-001 -1.8865175298E-001 -1.1348247023E-001
   1  3242   0    0  3.1820276679E+003  2.2015393467E-001 -1.8865175298E-001 -1.1348247023E-001
   1  3243   0    0  3.1830276680E+003  2.2015393467E-001 -1.8865175298E-001 -1.1348247023E-001
   1  3244   0    0  3.1840276681E+003  2.2015393467E-001 -1.8865175298E-001 -1.1348247023E-001
   1  3245   0    0  3.1850276682E+003  2.2015393467E-001 -1.8865175298E-001 -1.1348247023E-001
   1  3246   0    0  3.1860276683E+003  2.2015393467E-001 -1.8865175298E-001 -1.1348247023E-001
   1  3247   0    0  3.1870276684E+003  2.2015393467E-001 -1.8865175298E-001 -1.1348247023E-001
   1  3248   0    0  3.1880276685E+003  2.2015393467E-001 -1.8865175298E-001 -1.1348247023E-001
   1  3249   0    0  3.1890276686E+003  2.2015393467E-001 -1.8865175298E-001 -1.1348247023E-001
   1  3250   0    0  3.1900276687E+003  2.2015393467E-001 -1.8865175298E-001 -1.1348247023E-001
   1  3251   0    0  3.1910276688E+003  2.2015393467E-001 -1.8865175298E-001 -1.1348247023E-001
   1  3252   0    0  3.1920276689E+003  2.2015393467E-001 -1.8865175298E-001 -1.1348247023E-001
   1  3253   0    0  3.1930276690E+003  2.2015393467E-001 -1.8865175298E-001 -1.1348247023E-001
   1  3254   0    0  3.1940276691E+003  2.2015393467E-001 -1.8865175298E-001 -1.1348247023E-001
   1  3255   0    0  3.1950276692E+003  2.2015393467E-001 -1.8865175298E-001 -1.1348247023E-001
   1  3256   0    0  3.1960276693E+003  2.2015393467E-001 -1.8865175298E-001 -1.1348247023E-001
   1  3257   0    0  3.1970276694E+003  2.2015393467E-001 -1.8865175298E-001 -1.1348247023E-001
   1  3258   0    0  3.1980276695E+003  2.2015393467E-001 -1.8865175298E-001 -1.1348247023E-001
   1  3259   0    0  3.1990276696E+003  2.2015393467E-001 -1.8865175298E-001 -1.1348247023E-001
   1  3260   4  164  3.2000276697E+003  2.2015393467E-001 -1.8865175298E-001 -1.1348247023E-001
   1  3261   0    0  3.2010276698E+003  2.2015393467E-001 -1.8865175298E-001 -1.1348247023E-001
   1  3262   0    0  3.2020276699E+003  2.2015393467E-001 -1.8865175298E-001 -1.1348247023E-001
   1  3263   0    0  3.2030276700E+003  2.2015393467E-001 -1.8865175298E-001 -1.1348247023E-001
   1  3264   0    0  3.2040276701E+003  2.2015393467E-001 -1.8865175298E-001 -1.1348247023E-001
   1  3265   0    0  3.2050276702E+003  2.2015393467E-001 -1.8865175298E-001 -1.1348247023E-001
   1  3266   0    0  3.2060276703E+003  2.2015393467E-001 -1.8865175298E-001 -1.1348247023E-001
   1  3267   0    0  3.2070276704E+003  2.2015393467E-001 -1.8865175298E-001 -1.1348247023E-001
   1  3268   0    0  3.2080276705E+003  2.2015393467E-001 -1.8865175298E-001 -1.1348247023E-001
   1  3269   0    0  3.2090276706E+003  2.2015393467E-001 -1.8865175298E-001 -1.1348247023E-001
   1  3270   0    0  3.2100276707E+003  2.2015393467E-001 -1.8865175298E-001 -1.1348247023E-001
   1  3271   0    0  3.2110276708E+003  2.2015393467E-001 -1.8865175298E-001 -1.1348247023E-001
   1  3272   0    0  3.2120276709E+003  2.2015393467E-001 -1.8865175298E-001 -1.1348247023E-001
   1  3273   0    0  3.2130276710E+003  2.2015393467E-001 -1.8865175298E-001 -1.1348247023E-001
   1  3274   0    0  3.2140276711E+003  2.2015393467E-001 -1.8865175298E-001 -1.1348247023E-001
   1  3275   0    0  3.2150276712E+003  2.2015393467E-001 -1.8865175298E-001 -1.1348247023E-001
   1  3276   0    0  3.2160276713E+003  2.2015393467E-001 -1.8865175298E-001 -1.1348247023E-001
   1  3277   0    0  3.2170276714E+003  2.2015393467E-001 -1.8865175298E-001 -1.1348247023E-001
   1  3278   0    0  3.2180276715E+003  2.2015393467E-001 -1.8865175298E-001 -1.1348247023E-001
   1  3279   0    0  3.2190276716E+003  2.2015393467E-001 -1.8865175298E-001 -1.1348247023E-001
   1  3280   4  165  3.2200276717E+003  2.2015393467E-001 -1.8865175298E-001 -1.1348247023E-001
   1  3281   0    0  3.2210276718E+003  2.2015393467E-001 -1.8865175298E-001 -1.1348247023E-001
   1  3282   0    0  3.2220276719E+003  2.2015393467E-001 -1.8865175298E-001 -1.1348247023E-001
   1  3283   0    0  3.2230276720E+003  2.2015393467E-001 -1.8865175298E-001 -1.1348247023E-001
   1  3284   0    0  3.2240276721E+003  2.2015393467E-001 -1.8865175298E-001 -1.1348247023E-001
   1  3285   0    0  3.2250276722E+003  2.2015393467E-001 -1.8865175298E-001 -1.1348247023E-001
   1  3286   0    0  3.2260276723E+003  2.2015393467E-001 -1.8865175298E-001 -1.1348247023E-001
   1  3287   0    0  3.2270276724E+003  2.2015393467E-001 -1.8865175298E-001 -1.1348247023E-001
   1  3288   0    0  3.2280276725E+003  2.2015393467E-001 -1.8865175298E-001 -1.1348247023E-001
   1  3289   0    0  3.2290276726E+003  2.2015393467E-001 -1.8865175298E-001 -1.1348247023E-001
   1  3290   0    0  3.2300276727E+003  2.2015393467E-001 -1.8865175298E-001 -1.1348247023E-001
   1  3291   0    0  3.2310276728E+003  2.2015393467E-001 -1.8865175298E-001 -1.1348247023E-001
   1  3292   0    0  3.2320276729E+003  2.2015393467E-001 -1.8865175298E-001 -1.1348247023E-001
   1  3293   0    0  3.2330276730E+003  2.2015393467E-001 -1.8865175298E-001 -1.1348247023E-001
   1  3294   0    0  3.2340276731E+003  2.2015393467E-001 -1.8865175298E-001 -1.1348247023E-001
   1  3295   0    0  3.2350276732E+003  2.2015393467E-001 -1.8865175298E-001 -1.1348247023E-001
   1  3296   0    0  3.2360276733E+003  2.2015393467E-001 -1.8865175298E-001 -1.1348247023E-001
   1  3297   0    0  3.2370276734E+003  2.2015393467E-001 -1.8865175298E-001 -1.1348247023E-001
   1  3298   0    0  3.2380276735E+003  2.2015393467E-001 -1.8865175298E-001 -1.1348247023E-001
   1  3299   0    0  3.2390276736E+003  2.2015393467E-001 -1.8865175298E-001 -1.1348247023E-001
   1  3300   4  166  3.2400276737E+003  2.2015393467E-001 -1.8865175298E-001 -1.1348247023E-001
   1  3301   0    0  3.2410276738E+003  2.2015393467E-001 -1.8865175298E-001 -1.1348247023E-001
   1  3302   0    0  3.2420276739E+003  2.2015393467E-001 -1.8865175298E-001 -1.1348247023E-001
   1  3303   0    0  3.2430276740E+003  2.2015393467E-001 -1.8865175298E-001 -1.1348247023E-001
   1  3304   0    0  3.2440276741E+003  2.2015393467E-001 -1.8865175298E-001 -1.1348247023E-001
   1  3305   0    0  3.2450276742E+003  2.2015393467E-001 -1.8865175298E-001 -1.1348247023E-001
   1  3306   0    0  3.2460276743E+003  2.2015393467E-001 -1.8865175298E-001 -1.1348247023E-001
   1  3307   0    0  3.2470276744E+003  2.2015393467E-001 -1.8865175298E-001 -1.1348247023E-001
   1  3308   0    0  3.2480276745E+003  2.2015393467E-001 -1.8865175298E-001 -1.1348247023E-001
   1  3309   0    0  3.2490276746E+003  2.2015393467E-001 -1.8865175298E-001 -1.1348247023E-001
   1  3310   0    0  3.2500276747E+003  2.2015393467E-001 -1.8865175298E-001 -1.1348247023E-001
   1  3311   0    0  3.2510276748E+003  2.2015393467E-001 -1.8865175298E-001 -1.1348247023E-001
   1  3312   0    0  3.2520276749E+003  2.2015393467E-001 -1.8865175298E-001 -1.1348247023E-001
   1  3313   0    0  3.2530276750E+003  2.2015393467E-001 -1.8865175298E-001 -1.1348247023E-001
   1  3314   0    0  3.2540276751E+003  2.2015393467E-001 -1.8865175298E-001 -1.1348247023E-001
   1  3315   0    0  3.2550276752E+003  2.2015393467E-001 -1.8865175298E-001 -1.1348247023E-001
   1  3316   0    0  3.2560276753E+003  2.2015393467E-001 -1.8865175298E-001 -1.1348247023E-001
   1  3317   0    0  3.2570276754E+003  2.2015393467E-001 -1.8865175298E-001 -1.1348247023E-001
   1  3318   0    0  3.2580276755E+003  2.2015393467E-001 -1.8865175298E-001 -1.1348247023E-001
   1  3319   0    0  3.2590276756E+003  2.2015393467E-001 -1.8865175298E-001 -1.1348247023E-001
   1  3320   4  167  3.2600276757E+003  2.2015393467E-001 -1.8865175298E-001 -1.1348247023E-001
   1  3321   0    0  3.2610276758E+003  2.2015393467E-001 -1.8865175298E-001 -1.1348247023E-001
   1  3322   0    0  3.2620276759E+003  2.2015393467E-001 -1.8865175298E-001 -1.1348247023E-001
   1  3323   0    0  3.2630276760E+003  2.2015393467E-001 -1.8865175298E-001 -1.1348247023E-001
   1  3324   0    0  3.2640276761E+003  2.2015393467E-001 -1.8865175298E-001 -1.1348247023E-001
   1  3325   0    0  3.2650276762E+003  2.2015393467E-001 -1.8865175298E-001 -1.1348247023E-001
   1  3326   0    0  3.2660276763E+003  2.2015393467E-001 -1.8865175298E-001 -1.1348247023E-001
   1  3327   0    0  3.2670276764E+003  2.2015393467E-001 -1.8865175298E-001 -1.1348247023E-001
   1  3328   0    0  3.2680276765E+003  2.2015393467E-001 -1.8865175298E-001 -1.1348247023E-001
   1  3329   0    0  3.2690276766E+003  2.2015393467E-001 -1.8865175298E-001 -1.1348247023E-001
   1  3330   0    0  3.2700276767E+003  2.2015393467E-001 -1.8865175298E-001 -1.1348247023E-001
   1  3331   0    0  3.2710276768E+003  2.2015393467E-001 -1.8865175298E-001 -1.1348247023E-001
   1  3332   0    0  3.2720276769E+003  2.2015393467E-001 -1.8865175298E-001 -1.1348247023E-001
   1  3333   0    0  3.2730276770E+003  2.2015393467E-001 -1.8865175298E-001 -1.1348247023E-001
   1  3334   0    0  3.2740276771E+003  2.2015393467E-001 -1.8865175298E-001 -1.1348247023E-001
   1  3335   0    0  3.2750276772E+003  2.2015393467E-001 -1.8865175298E-001 -1.1348247023E-001
   1  3336   0    0  3.2760276773E+003  2.2015393467E-001 -1.8865175298E-001 -1.1348247023E-001
   1  3337   0    0  3.2770276774E+003  2.2015393467E-001 -1.8865175298E-001 -1.1348247023E-001
   1  3338   0    0  3.2780276775E+003  2.2015393467E-001 -1.8865175298E-001 -1.1348247023E-001
   1  3339   0    0  3.2790276776E+003  2.2015393467E-001 -1.8865175298E-001 -1.1348247023E-001
   1  3340   4  168  3.2800276777E+003  2.2015393467E-001 -1.8865175298E-001 -1.1348247023E-001
   1  3341   0    0  3.2810276778E+003  2.2015393467E-001 -1.8865175298E-001 -1.1348247023E-001
   1  3342   0    0  3.2820276779E+003  2.2015393467E-001 -1.8865175298E-001 -1.1348247023E-001
   1  3343   0    0  3.2830276780E+003  2.2015393467E-001 -1.8865175298E-001 -1.1348247023E-001
   1  3344   0    0  3.2840276781E+003  2.2015393467E-001 -1.8865175298E-001 -1.1348247023E-001
   1  3345   0    0  3.2850276782E+003  2.2015393467E-001 -1.8865175298E-001 -1.1348247023E-001
   1  3346   0    0  3.2860276783E+003  2.2015393467E-001 -1.8865175298E-001 -1.1348247023E-001
   1  3347   0    0  3.2870276784E+003  2.2015393467E-001 -1.8865175298E-001 -1.1348247023E-001
   1  3348   0    0  3.2880276785E+003  2.2015393467E-001 -1.8865175298E-001 -1.1348247023E-001
   1  3349   0    0  3.2890276786E+003  2.2015393467E-001 -1.8865175298E-001 -1.1348247023E-001
   1  3350   0    0  3.2900276787E+003  2.2015393467E-001 -1.8865175298E-001 -1.1348247023E-001
   1  3351   0    0  3.2910276788E+003  2.2015393467E-001 -1.8865175298E-001 -1.1348247023E-001
   1  3352   0    0  3.2920276789E+003  2.2015393467E-001 -1.8865175298E-001 -1.1348247023E-001
   1  3353   0    0  3.2930276790E+003  2.2015393467E-001 -1.8865175298E-001 -1.1348247023E-001
   1  3354   0    0  3.2940276791E+003  2.2015393467E-001 -1.8865175298E-001 -1.1348247023E-001
   1  3355   0    0  3.2950276792E+003  2.2015393467E-001 -1.8865175298E-001 -1.1348247023E-001
   1  3356   0    0  3.2960276793E+003  2.2015393467E-001 -1.8865175298E-001 -1.1348247023E-001
   1  3357   0    0  3.2970276794E+003  2.2015393467E-001 -1.8865175298E-001 -1.1348247023E-001
   1  3358   0    0  3.2980276795E+003  2.2015393467E-001 -1.8865175298E-001 -1.1348247023E-001
   1  3359   0    0  3.2990276796E+003  2.2015393467E-001 -1.8865175298E-001 -1.1348247023E-001
   1  3360   4  169  3.3000276797E+003  2.2015393467E-001 -1.8865175298E-001 -1.1348247023E-001
   1  3361   0    0  3.3010276798E+003  2.2015393467E-001 -1.8865175298E-001 -1.1348247023E-001
   1  3362   0    0  3.3020276799E+003  2.2015393467E-001 -1.8865175298E-001 -1.1348247023E-001
   1  3363   0    0  3.3030276800E+003  2.2015393467E-001 -1.8865175298E-001 -1.1348247023E-001
   1  3364   0    0  3.3040276801E+003  2.2015393467E-001 -1.8865175298E-001 -1.1348247023E-001
   1  3365   0    0  3.3050276802E+003  2.2015393467E-001 -1.8865175298E-001 -1.1348247023E-001
   1  3366   0    0  3.3060276803E+003  2.2015393467E-001 -1.8865175298E-001 -1.1348247023E-001
   1  3367   0    0  3.3070276804E+003  2.2015393467E-001 -1.8865175298E-001 -1.1348247023E-001
   1  3368   0    0  3.3080276805E+003  2.2015393467E-001 -1.8865175298E-001 -1.1348247023E-001
   1  3369   0    0  3.3090276806E+003  2.2015393467E-001 -1.8865175298E-001 -1.1348247023E-001
   1  3370   0    0  3.3100276807E+003  2.2015393467E-001 -1.8865175298E-001 -1.1348247023E-001
   1  3371   0    0  3.3110276808E+003  2.2015393467E-001 -1.8865175298E-001 -1.1348247023E-001
   1  3372   0    0  3.3120276809E+003  2.2015393467E-001 -1.8865175298E-001 -1.1348247023E-001
   1  3373   0    0  3.3130276810E+003  2.2015393467E-001 -1.8865175298E-001 -1.1348247023E-001
   1  3374   0    0  3.3140276811E+003  2.2015393467E-001 -1.8865175298E-001 -1.1348247023E-001
   1  3375   0    0  3.3150276812E+003  2.2015393467E-001 -1.8865175298E-001 -1.1348247023E-001
   1  3376   0    0  3.3160276813E+003  2.2015393467E-001 -1.8865175298E-001 -1.1348247023E-001
   1  3377   0    0  3.3170276814E+003  2.2015393467E-001 -1.8865175298E-001 -1.1348247023E-001
   1  3378   0    0  3.3180276815E+003  2.2015393467E-001 -1.8865175298E-001 -1.1348247023E-001
   1  3379   0    0  3.3190276816E+003  2.2015393467E-001 -1.8865175298E-001 -1.1348247023E-001
   1  3380   4  170  3.3200276817E+003  2.2015393467E-001 -1.8865175298E-001 -1.1348247023E-001
   1  3381   0    0  3.3210276818E+003  2.2015393467E-001 -1.8865175298E-001 -1.1348247023E-001
   1  3382   0    0  3.3220276819E+003  2.2015393467E-001 -1.8865175298E-001 -1.1348247023E-001
   1  3383   0    0  3.3230276820E+003  2.2015393467E-001 -1.8865175298E-001 -1.1348247023E-001
   1  3384   0    0  3.3240276821E+003  2.2015393467E-001 -1.8865175298E-001 -1.1348247023E-001
   1  3385   0    0  3.3250276822E+003  2.2015393467E-001 -1.8865175298E-001 -1.1348247023E-001
   1  3386   0    0  3.3260276823E+003  2.2015393467E-001 -1.8865175298E-001 -1.1348247023E-001
   1  3387   0    0  3.3270276824E+003  2.2015393467E-001 -1.8865175298E-001 -1.1348247023E-001
   1  3388   0    0  3.3280276825E+003  2.2015393467E-001 -1.8865175298E-001 -1.1348247023E-001
   1  3389   0    0  3.3290276826E+003  2.2015393467E-001 -1.8865175298E-001 -1.1348247023E-001
   1  3390   0    0  3.3300276827E+003  2.2015393467E-001 -1.8865175298E-001 -1.1348247023E-001
   1  3391   0    0  3.3310276828E+003  2.2015393467E-001 -1.8865175298E-001 -1.1348247023E-001
   1  3392   0    0  3.3320276829E+003  2.2015393467E-001 -1.8865175298E-001 -1.1348247023E-001
   1  3393   0    0  3.3330276830E+003  2.2015393467E-001 -1.8865175298E-001 -1.1348247023E-001
   1  3394   0    0  3.3340276831E+003  2.2015393467E-001 -1.8865175298E-001 -1.1348247023E-001
   1  3395   0    0  3.3350276832E+003  2.2015393467E-001 -1.8865175298E-001 -1.1348247023E-001
   1  3396   0    0  3.3360276833E+003  2.2015393467E-001 -1.8865175298E-001 -1.1348247023E-001
   1  3397   0    0  3.3370276834E+003  2.2015393467E-001 -1.8865175298E-001 -1.1348247023E-001
   1  3398   0    0  3.3380276835E+003  2.2015393467E-001 -1.8865175298E-001 -1.1348247023E-001
   1  3399   0    0  3.3390276836E+003  2.2015393467E-001 -1.8865175298E-001 -1.1348247023E-001
   1  3400   4  171  3.3400276837E+003  2.2015393467E-001 -1.8865175298E-001 -1.1348247023E-001
   1  3401   0    0  3.3410276838E+003  2.2015393467E-001 -1.8865175298E-001 -1.1348247023E-001
   1  3402   0    0  3.3420276839E+003  2.2015393467E-001 -1.8865175298E-001 -1.1348247023E-001
   1  3403   0    0  3.3430276840E+003  2.2015393467E-001 -1.8865175298E-001 -1.1348247023E-001
   1  3404   0    0  3.3440276841E+003  2.2015393467E-001 -1.8865175298E-001 -1.1348247023E-001
   1  3405   0    0  3.3450276842E+003  2.2015393467E-001 -1.8865175298E-001 -1.1348247023E-001
   1  3406   0    0  3.3460276843E+003  2.2015393467E-001 -1.8865175298E-001 -1.1348247023E-001
   1  3407   0    0  3.3470276844E+003  2.2015393467E-001 -1.8865175298E-001 -1.1348247023E-001
   1  3408   0    0  3.3480276845E+003  2.2015393467E-001 -1.8865175298E-001 -1.1348247023E-001
   1  3409   0    0  3.3490276846E+003  2.2015393467E-001 -1.8865175298E-001 -1.1348247023E-001
   1  3410   0    0  3.3500276847E+003  2.2015393467E-001 -1.8865175298E-001 -1.1348247023E-001
   1  3411   0    0  3.3510276848E+003  2.2015393467E-001 -1.8865175298E-001 -1.1348247023E-001
   1  3412   0    0  3.3520276849E+003  2.2015393467E-001 -1.8865175298E-001 -1.1348247023E-001
   1  3413   0    0  3.3530276850E+003  2.2015393467E-001 -1.8865175298E-001 -1.1348247023E-001
   1  3414   0    0  3.3540276851E+003  2.2015393467E-001 -1.8865175298E-001 -1.1348247023E-001
   1  3415   0    0  3.3550276852E+003  2.2015393467E-001 -1.8865175298E-001 -1.1348247023E-001
   1  3416   0    0  3.3560276853E+003  2.2015393467E-001 -1.8865175298E-001 -1.1348247023E-001
   1  3417   0    0  3.3570276854E+003  2.2015393467E-001 -1.8865175298E-001 -1.1348247023E-001
   1  3418   0    0  3.3580276855E+003  2.2015393467E-001 -1.8865175298E-001 -1.1348247023E-001
   1  3419   0    0  3.3590276856E+003  2.2015393467E-001 -1.8865175298E-001 -1.1348247023E-001
   1  3420   4  172  3.3600276857E+003  2.2015393467E-001 -1.8865175298E-001 -1.1348247023E-001
   1  3421   0    0  3.3610276858E+003  2.2015393467E-001 -1.8865175298E-001 -1.1348247023E-001
   1  3422   0    0  3.3620276859E+003  2.2015393467E-001 -1.8865175298E-001 -1.1348247023E-001
   1  3423   0    0  3.3630276860E+003  2.2015393467E-001 -1.8865175298E-001 -1.1348247023E-001
   1  3424   0    0  3.3640276861E+003  2.2015393467E-001 -1.8865175298E-001 -1.1348247023E-001
   1  3425   0    0  3.3650276862E+003  2.2015393467E-001 -1.8865175298E-001 -1.1348247023E-001
   1  3426   0    0  3.3660276863E+003  2.2015393467E-001 -1.8865175298E-001 -1.1348247023E-001
   1  3427   0    0  3.3670276864E+003  2.2015393467E-001 -1.8865175298E-001 -1.1348247023E-001
   1  3428   0    0  3.3680276865E+003  2.2015393467E-001 -1.8865175298E-001 -1.1348247023E-001
   1  3429   0    0  3.3690276866E+003  2.2015393467E-001 -1.8865175298E-001 -1.1348247023E-001
   1  3430   0    0  3.3700276867E+003  2.2015393467E-001 -1.8865175298E-001 -1.1348247023E-001
   1  3431   0    0  3.3710276868E+003  2.2015393467E-001 -1.8865175298E-001 -1.1348247023E-001
   1  3432   0    0  3.3720276869E+003  2.2015393467E-001 -1.8865175298E-001 -1.1348247023E-001
   1  3433   0    0  3.3730276870E+003  2.2015393467E-001 -1.8865175298E-001 -1.1348247023E-001
   1  3434   0    0  3.3740276871E+003  2.2015393467E-001 -1.8865175298E-001 -1.1348247023E-001
   1  3435   0    0  3.3750276872E+003  2.2015393467E-001 -1.8865175298E-001 -1.1348247023E-001
   1  3436   0    0  3.3760276873E+003  2.2015393467E-001 -1.8865175298E-001 -1.1348247023E-001
   1  3437   0    0  3.3770276874E+003  2.2015393467E-001 -1.8865175298E-001 -1.1348247023E-001
   1  3438   0    0  3.3780276875E+003  2.2015393467E-001 -1.8865175298E-001 -1.1348247023E-001
   1  3439   0    0  3.3790276876E+003  2.2015393467E-001 -1.8865175298E-001 -1.1348247023E-001
   1  3440   4  173  3.3800276877E+003  2.2015393467E-001 -1.8865175298E-001 -1.1348247023E-001
   1  3441   0    0  3.3810276878E+003  2.2015393467E-001 -1.8865175298E-001 -1.1348247023E-001
   1  3442   0    0  3.3820276879E+003  2.2015393467E-001 -1.8865175298E-001 -1.1348247023E-001
   1  3443   0    0  3.3830276880E+003  2.2015393467E-001 -1.8865175298E-001 -1.1348247023E-001
   1  3444   0    0  3.3840276881E+003  2.2015393467E-001 -1.8865175298E-001 -1.1348247023E-001
   1  3445   0    0  3.3850276882E+003  2.2015393467E-001 -1.8865175298E-001 -1.1348247023E-001
   1  3446   0    0  3.3860276883E+003  2.2015393467E-001 -1.8865175298E-001 -1.1348247023E-001
   1  3447   0    0  3.3870276884E+003  2.2015393467E-001 -1.8865175298E-001 -1.1348247023E-001
   1  3448   0    0  3.3880276885E+003  2.2015393467E-001 -1.8865175298E-001 -1.1348247023E-001
   1  3449   0    0  3.3890276886E+003  2.2015393467E-001 -1.8865175298E-001 -1.1348247023E-001
   1  3450   0    0  3.3900276887E+003  2.2015393467E-001 -1.8865175298E-001 -1.1348247023E-001
   1  3451   0    0  3.3910276888E+003  2.2015393467E-001 -1.8865175298E-001 -1.1348247023E-001
   1  3452   0    0  3.3920276889E+003  2.2015393467E-001 -1.8865175298E-001 -1.1348247023E-001
   1  3453   0    0  3.3930276890E+003  2.2015393467E-001 -1.8865175298E-001 -1.1348247023E-001
   1  3454   0    0  3.3940276891E+003  2.2015393467E-001 -1.8865175298E-001 -1.1348247023E-001
   1  3455   0    0  3.3950276892E+003  2.2015393467E-001 -1.8865175298E-001 -1.1348247023E-001
   1  3456   0    0  3.3960276893E+003  2.2015393467E-001 -1.8865175298E-001 -1.1348247023E-001
   1  3457   0    0  3.3970276894E+003  2.2015393467E-001 -1.8865175298E-001 -1.1348247023E-001
   1  3458   0    0  3.3980276895E+003  2.2015393467E-001 -1.8865175298E-001 -1.1348247023E-001
   1  3459   0    0  3.3990276896E+003  2.2015393467E-001 -1.8865175298E-001 -1.1348247023E-001
   1  3460   4  174  3.4000276897E+003  2.2015393467E-001 -1.8865175298E-001 -1.1348247023E-001
   1  3461   0    0  3.4010276898E+003  2.2015393467E-001 -1.8865175298E-001 -1.1348247023E-001
   1  3462   0    0  3.4020276899E+003  2.2015393467E-001 -1.8865175298E-001 -1.1348247023E-001
   1  3463   0    0  3.4030276900E+003  2.2015393467E-001 -1.8865175298E-001 -1.1348247023E-001
   1  3464   0    0  3.4040276901E+003  2.2015393467E-001 -1.8865175298E-001 -1.1348247023E-001
   1  3465   0    0  3.4050276902E+003  2.2015393467E-001 -1.8865175298E-001 -1.1348247023E-001
   1  3466   0    0  3.4060276903E+003  2.2015393467E-001 -1.8865175298E-001 -1.1348247023E-001
   1  3467   0    0  3.4070276904E+003  2.2015393467E-001 -1.8865175298E-001 -1.1348247023E-001
   1  3468   0    0  3.4080276905E+003  2.2015393467E-001 -1.8865175298E-001 -1.1348247023E-001
   1  3469   0    0  3.4090276906E+003  2.2015393467E-001 -1.8865175298E-001 -1.1348247023E-001
   1  3470   0    0  3.4100276907E+003  2.2015393467E-001 -1.8865175298E-001 -1.1348247023E-001
   1  3471   0    0  3.4110276908E+003  2.2015393467E-001 -1.8865175298E-001 -1.1348247023E-001
   1  3472   0    0  3.4120276909E+003  2.2015393467E-001 -1.8865175298E-001 -1.1348247023E-001
   1  3473   0    0  3.4130276910E+003  2.2015393467E-001 -1.8865175298E-001 -1.1348247023E-001
   1  3474   0    0  3.4140276911E+003  2.2015393467E-001 -1.8865175298E-001 -1.1348247023E-001
   1  3475   0    0  3.4150276912E+003  2.2015393467E-001 -1.8865175298E-001 -1.1348247023E-001
   1  3476   0    0  3.4160276913E+003  2.2015393467E-001 -1.8865175298E-001 -1.1348247023E-001
   1  3477   0    0  3.4170276914E+003  2.2015393467E-001 -1.8865175298E-001 -1.1348247023E-001
   1  3478   0    0  3.4180276915E+003  2.2015393467E-001 -1.8865175298E-001 -1.1348247023E-001
   1  3479   0    0  3.4190276916E+003  2.2015393467E-001 -1.8865175298E-001 -1.1348247023E-001
   1  3480   4  175  3.4200276917E+003  2.2015393467E-001 -1.8865175298E-001 -1.1348247023E-001
   1  3481   0    0  3.4210276918E+003  2.2015393467E-001 -1.8865175298E-001 -1.1348247023E-001
   1  3482   0    0  3.4220276919E+003  2.2015393467E-001 -1.8865175298E-001 -1.1348247023E-001
   1  3483   0    0  3.4230276920E+003  2.2015393467E-001 -1.8865175298E-001 -1.1348247023E-001
   1  3484   0    0  3.4240276921E+003  2.2015393467E-001 -1.8865175298E-001 -1.1348247023E-001
   1  3485   0    0  3.4250276922E+003  2.2015393467E-001 -1.8865175298E-001 -1.1348247023E-001
   1  3486   0    0  3.4260276923E+003  2.2015393467E-001 -1.8865175298E-001 -1.1348247023E-001
   1  3487   0    0  3.4270276924E+003  2.2015393467E-001 -1.8865175298E-001 -1.1348247023E-001
   1  3488   0    0  3.4280276925E+003  2.2015393467E-001 -1.8865175298E-001 -1.1348247023E-001
   1  3489   0    0  3.4290276926E+003  2.2015393467E-001 -1.8865175298E-001 -1.1348247023E-001
   1  3490   0    0  3.4300276927E+003  2.2015393467E-001 -1.8865175298E-001 -1.1348247023E-001
   1  3491   0    0  3.4310276928E+003  2.2015393467E-001 -1.8865175298E-001 -1.1348247023E-001
   1  3492   0    0  3.4320276929E+003  2.2015393467E-001 -1.8865175298E-001 -1.1348247023E-001
   1  3493   0    0  3.4330276930E+003  2.2015393467E-001 -1.8865175298E-001 -1.1348247023E-001
   1  3494   0    0  3.4340276931E+003  2.2015393467E-001 -1.8865175298E-001 -1.1348247023E-001
   1  3495   0    0  3.4350276932E+003  2.2015393467E-001 -1.8865175298E-001 -1.1348247023E-001
   1  3496   0    0  3.4360276933E+003  2.2015393467E-001 -1.8865175298E-001 -1.1348247023E-001
   1  3497   0    0  3.4370276934E+003  2.2015393467E-001 -1.8865175298E-001 -1.1348247023E-001
   1  3498   0    0  3.4380276935E+003  2.2015393467E-001 -1.8865175298E-001 -1.1348247023E-001
   1  3499   0    0  3.4390276936E+003  2.2015393467E-001 -1.8865175298E-001 -1.1348247023E-001
   1  3500   4  176  3.4400276937E+003  2.2015393467E-001 -1.8865175298E-001 -1.1348247023E-001
   1  3501   0    0  3.4410276938E+003  2.2015393467E-001 -1.8865175298E-001 -1.1348247023E-001
   1  3502   0    0  3.4420276939E+003  2.2015393467E-001 -1.8865175298E-001 -1.1348247023E-001
   1  3503   0    0  3.4430276940E+003  2.2015393467E-001 -1.8865175298E-001 -1.1348247023E-001
   1  3504   0    0  3.4440276941E+003  2.2015393467E-001 -1.8865175298E-001 -1.1348247023E-001
   1  3505   0    0  3.4450276942E+003  2.2015393467E-001 -1.8865175298E-001 -1.1348247023E-001
   1  3506   0    0  3.4460276943E+003  2.2015393467E-001 -1.8865175298E-001 -1.1348247023E-001
   1  3507   0    0  3.4470276944E+003  2.2015393467E-001 -1.8865175298E-001 -1.1348247023E-001
   1  3508   0    0  3.4480276945E+003  2.2015393467E-001 -1.8865175298E-001 -1.1348247023E-001
   1  3509   0    0  3.4490276946E+003  2.2015393467E-001 -1.8865175298E-001 -1.1348247023E-001
   1  3510   0    0  3.4500276947E+003  2.2015393467E-001 -1.8865175298E-001 -1.1348247023E-001
   1  3511   0    0  3.4510276948E+003  2.2015393467E-001 -1.8865175298E-001 -1.1348247023E-001
   1  3512   0    0  3.4520276949E+003  2.2015393467E-001 -1.8865175298E-001 -1.1348247023E-001
   1  3513   0    0  3.4530276950E+003  2.2015393467E-001 -1.8865175298E-001 -1.1348247023E-001
   1  3514   0    0  3.4540276951E+003  2.2015393467E-001 -1.8865175298E-001 -1.1348247023E-001
   1  3515   0    0  3.4550276952E+003  2.2015393467E-001 -1.8865175298E-001 -1.1348247023E-001
   1  3516   0    0  3.4560276953E+003  2.2015393467E-001 -1.8865175298E-001 -1.1348247023E-001
   1  3517   0    0  3.4570276954E+003  2.2015393467E-001 -1.8865175298E-001 -1.1348247023E-001
   1  3518   0    0  3.4580276955E+003  2.2015393467E-001 -1.8865175298E-001 -1.1348247023E-001
   1  3519   0    0  3.4590276956E+003  2.2015393467E-001 -1.8865175298E-001 -1.1348247023E-001
   1  3520   4  177  3.4600276957E+003  2.2015393467E-001 -1.8865175298E-001 -1.1348247023E-001
   1  3521   0    0  3.4610276958E+003  2.2015393467E-001 -1.8865175298E-001 -1.1348247023E-001
   1  3522   0    0  3.4620276959E+003  2.2015393467E-001 -1.8865175298E-001 -1.1348247023E-001
   1  3523   0    0  3.4630276960E+003  2.2015393467E-001 -1.8865175298E-001 -1.1348247023E-001
   1  3524   0    0  3.4640276961E+003  2.2015393467E-001 -1.8865175298E-001 -1.1348247023E-001
   1  3525   0    0  3.4650276962E+003  2.2015393467E-001 -1.8865175298E-001 -1.1348247023E-001
   1  3526   0    0  3.4660276963E+003  2.2015393467E-001 -1.8865175298E-001 -1.1348247023E-001
   1  3527   0    0  3.4670276964E+003  2.2015393467E-001 -1.8865175298E-001 -1.1348247023E-001
   1  3528   0    0  3.4680276965E+003  2.2015393467E-001 -1.8865175298E-001 -1.1348247023E-001
   1  3529   0    0  3.4690276966E+003  2.2015393467E-001 -1.8865175298E-001 -1.1348247023E-001
   1  3530   0    0  3.4700276967E+003  2.2015393467E-001 -1.8865175298E-001 -1.1348247023E-001
   1  3531   0    0  3.4710276968E+003  2.2015393467E-001 -1.8865175298E-001 -1.1348247023E-001
   1  3532   0    0  3.4720276969E+003  2.2015393467E-001 -1.8865175298E-001 -1.1348247023E-001
   1  3533   0    0  3.4730276970E+003  2.2015393467E-001 -1.8865175298E-001 -1.1348247023E-001
   1  3534   0    0  3.4740276971E+003  2.2015393467E-001 -1.8865175298E-001 -1.1348247023E-001
   1  3535   0    0  3.4750276972E+003  2.2015393467E-001 -1.8865175298E-001 -1.1348247023E-001
   1  3536   0    0  3.4760276973E+003  2.2015393467E-001 -1.8865175298E-001 -1.1348247023E-001
   1  3537   0    0  3.4770276974E+003  2.2015393467E-001 -1.8865175298E-001 -1.1348247023E-001
   1  3538   0    0  3.4780276975E+003  2.2015393467E-001 -1.8865175298E-001 -1.1348247023E-001
   1  3539   0    0  3.4790276976E+003  2.2015393467E-001 -1.8865175298E-001 -1.1348247023E-001
   1  3540   4  178  3.4800276977E+003  2.2015393467E-001 -1.8865175298E-001 -1.1348247023E-001
   1  3541   0    0  3.4810276978E+003  2.2015393467E-001 -1.8865175298E-001 -1.1348247023E-001
   1  3542   0    0  3.4820276979E+003  2.2015393467E-001 -1.8865175298E-001 -1.1348247023E-001
   1  3543   0    0  3.4830276980E+003  2.2015393467E-001 -1.8865175298E-001 -1.1348247023E-001
   1  3544   0    0  3.4840276981E+003  2.2015393467E-001 -1.8865175298E-001 -1.1348247023E-001
   1  3545   0    0  3.4850276982E+003  2.2015393467E-001 -1.8865175298E-001 -1.1348247023E-001
   1  3546   0    0  3.4860276983E+003  2.2015393467E-001 -1.8865175298E-001 -1.1348247023E-001
   1  3547   0    0  3.4870276984E+003  2.2015393467E-001 -1.8865175298E-001 -1.1348247023E-001
   1  3548   0    0  3.4880276985E+003  2.2015393467E-001 -1.8865175298E-001 -1.1348247023E-001
   1  3549   0    0  3.4890276986E+003  2.2015393467E-001 -1.8865175298E-001 -1.1348247023E-001
   1  3550   0    0  3.4900276987E+003  2.2015393467E-001 -1.8865175298E-001 -1.1348247023E-001
   1  3551   0    0  3.4910276988E+003  2.2015393467E-001 -1.8865175298E-001 -1.1348247023E-001
   1  3552   0    0  3.4920276989E+003  2.2015393467E-001 -1.8865175298E-001 -1.1348247023E-001
   1  3553   0    0  3.4930276990E+003  2.2015393467E-001 -1.8865175298E-001 -1.1348247023E-001
   1  3554   0    0  3.4940276991E+003  2.2015393467E-001 -1.8865175298E-001 -1.1348247023E-001
   1  3555   0    0  3.4950276992E+003  2.2015393467E-001 -1.8865175298E-001 -1.1348247023E-001
   1  3556   0    0  3.4960276993E+003  2.2015393467E-001 -1.8865175298E-001 -1.1348247023E-001
   1  3557   0    0  3.4970276994E+003  2.2015393467E-001 -1.8865175298E-001 -1.1348247023E-001
   1  3558   0    0  3.4980276995E+003  2.2015393467E-001 -1.8865175298E-001 -1.1348247023E-001
   1  3559   0    0  3.4990276996E+003  2.2015393467E-001 -1.8865175298E-001 -1.1348247023E-001
   1  3560   4  179  3.5000276997E+003  2.2015393467E-001 -1.8865175298E-001 -1.1348247023E-001
   1  3561   0    0  3.5010276998E+003  2.2015393467E-001 -1.8865175298E-001 -1.1348247023E-001
   1  3562   0    0  3.5020276999E+003  2.2015393467E-001 -1.8865175298E-001 -1.1348247023E-001
   1  3563   0    0  3.5030277000E+003  2.2015393467E-001 -1.8865175298E-001 -1.1348247023E-001
   1  3564   0    0  3.5040277001E+003  2.2015393467E-001 -1.8865175298E-001 -1.1348247023E-001
   1  3565   0    0  3.5050277002E+003  2.2015393467E-001 -1.8865175298E-001 -1.1348247023E-001
   1  3566   0    0  3.5060277003E+003  2.2015393467E-001 -1.8865175298E-001 -1.1348247023E-001
   1  3567   0    0  3.5070277004E+003  2.2015393467E-001 -1.8865175298E-001 -1.1348247023E-001
   1  3568   0    0  3.5080277005E+003  2.2015393467E-001 -1.8865175298E-001 -1.1348247023E-001
   1  3569   0    0  3.5090277006E+003  2.2015393467E-001 -1.8865175298E-001 -1.1348247023E-001
   1  3570   0    0  3.5100277007E+003  2.2015393467E-001 -1.8865175298E-001 -1.1348247023E-001
   1  3571   0    0  3.5110277008E+003  2.2015393467E-001 -1.8865175298E-001 -1.1348247023E-001
   1  3572   0    0  3.5120277009E+003  2.2015393467E-001 -1.8865175298E-001 -1.1348247023E-001
   1  3573   0    0  3.5130277010E+003  2.2015393467E-001 -1.8865175298E-001 -1.1348247023E-001
   1  3574   0    0  3.5140277011E+003  2.2015393467E-001 -1.8865175298E-001 -1.1348247023E-001
   1  3575   0    0  3.5150277012E+003  2.2015393467E-001 -1.8865175298E-001 -1.1348247023E-001
   1  3576   0    0  3.5160277013E+003  2.2015393467E-001 -1.8865175298E-001 -1.1348247023E-001
   1  3577   0    0  3.5170277014E+003  2.2015393467E-001 -1.8865175298E-001 -1.1348247023E-001
   1  3578   0    0  3.5180277015E+003  2.2015393467E-001 -1.8865175298E-001 -1.1348247023E-001
   1  3579   0    0  3.5190277016E+003  2.2015393467E-001 -1.8865175298E-001 -1.1348247023E-001
   1  3580   4  180  3.5200277017E+003  2.2015393467E-001 -1.8865175298E-001 -1.1348247023E-001
   1  3581   0    0  3.5210277018E+003  2.2015393467E-001 -1.8865175298E-001 -1.1348247023E-001
   1  3582   0    0  3.5220277019E+003  2.2015393467E-001 -1.8865175298E-001 -1.1348247023E-001
   1  3583   0    0  3.5230277020E+003  2.2015393467E-001 -1.8865175298E-001 -1.1348247023E-001
   1  3584   0    0  3.5240277021E+003  2.2015393467E-001 -1.8865175298E-001 -1.1348247023E-001
   1  3585   0    0  3.5250277022E+003  2.2015393467E-001 -1.8865175298E-001 -1.1348247023E-001
   1  3586   0    0  3.5260277023E+003  2.2015393467E-001 -1.8865175298E-001 -1.1348247023E-001
   1  3587   0    0  3.5270277024E+003  2.2015393467E-001 -1.8865175298E-001 -1.1348247023E-001
   1  3588   0    0  3.5280277025E+003  2.2015393467E-001 -1.8865175298E-001 -1.1348247023E-001
   1  3589   0    0  3.5290277026E+003  2.2015393467E-001 -1.8865175298E-001 -1.1348247023E-001
   1  3590   0    0  3.5300277027E+003  2.2015393467E-001 -1.8865175298E-001 -1.1348247023E-001
   1  3591   0    0  3.5310277028E+003  2.2015393467E-001 -1.8865175298E-001 -1.1348247023E-001
   1  3592   0    0  3.5320277029E+003  2.2015393467E-001 -1.8865175298E-001 -1.1348247023E-001
   1  3593   0    0  3.5330277030E+003  2.2015393467E-001 -1.8865175298E-001 -1.1348247023E-001
   1  3594   0    0  3.5340277031E+003  2.2015393467E-001 -1.8865175298E-001 -1.1348247023E-001
   1  3595   0    0  3.5350277032E+003  2.2015393467E-001 -1.8865175298E-001 -1.1348247023E-001
   1  3596   0    0  3.5360277033E+003  2.2015393467E-001 -1.8865175298E-001 -1.1348247023E-001
   1  3597   0    0  3.5370277034E+003  2.2015393467E-001 -1.8865175298E-001 -1.1348247023E-001
   1  3598   0    0  3.5380277035E+003  2.2015393467E-001 -1.8865175298E-001 -1.1348247023E-001
   1  3599   0    0  3.5390277036E+003  2.2015393467E-001 -1.8865175298E-001 -1.1348247023E-001
   1  3600   4  181  3.5400277037E+003  2.2015393467E-001 -1.8865175298E-001 -1.1348247023E-001
   1  3601   0    0  3.5410277038E+003  2.2015393467E-001 -1.8865175298E-001 -1.1348247023E-001
   1  3602   0    0  3.5420277039E+003  2.2015393467E-001 -1.8865175298E-001 -1.1348247023E-001
   1  3603   0    0  3.5430277040E+003  2.2015393467E-001 -1.8865175298E-001 -1.1348247023E-001
   1  3604   0    0  3.5440277041E+003  2.2015393467E-001 -1.8865175298E-001 -1.1348247023E-001
   1  3605   0    0  3.5450277042E+003  2.2015393467E-001 -1.8865175298E-001 -1.1348247023E-001
   1  3606   0    0  3.5460277043E+003  2.2015393467E-001 -1.8865175298E-001 -1.1348247023E-001
   1  3607   0    0  3.5470277044E+003  2.2015393467E-001 -1.8865175298E-001 -1.1348247023E-001
   1  3608   0    0  3.5480277045E+003  2.2015393467E-001 -1.8865175298E-001 -1.1348247023E-001
   1  3609   0    0  3.5490277046E+003  2.2015393467E-001 -1.8865175298E-001 -1.1348247023E-001
   1  3610   0    0  3.5500277047E+003  2.2015393467E-001 -1.8865175298E-001 -1.1348247023E-001
   1  3611   0    0  3.5510277048E+003  2.2015393467E-001 -1.8865175298E-001 -1.1348247023E-001
   1  3612   0    0  3.5520277049E+003  2.2015393467E-001 -1.8865175298E-001 -1.1348247023E-001
   1  3613   0    0  3.5530277050E+003  2.2015393467E-001 -1.8865175298E-001 -1.1348247023E-001
   1  3614   0    0  3.5540277051E+003  2.2015393467E-001 -1.8865175298E-001 -1.1348247023E-001
   1  3615   0    0  3.5550277052E+003  2.2015393467E-001 -1.8865175298E-001 -1.1348247023E-001
   1  3616   0    0  3.5560277053E+003  2.2015393467E-001 -1.8865175298E-001 -1.1348247023E-001
   1  3617   0    0  3.5570277054E+003  2.2015393467E-001 -1.8865175298E-001 -1.1348247023E-001
   1  3618   0    0  3.5580277055E+003  2.2015393467E-001 -1.8865175298E-001 -1.1348247023E-001
   1  3619   0    0  3.5590277056E+003  2.2015393467E-001 -1.8865175298E-001 -1.1348247023E-001
   1  3620   4  182  3.5600277057E+003  2.2015393467E-001 -1.8865175298E-001 -1.1348247023E-001
   1  3621   0    0  3.5610277058E+003  2.2015393467E-001 -1.8865175298E-001 -1.1348247023E-001
   1  3622   0    0  3.5620277059E+003  2.2015393467E-001 -1.8865175298E-001 -1.1348247023E-001
   1  3623   0    0  3.5630277060E+003  2.2015393467E-001 -1.8865175298E-001 -1.1348247023E-001
   1  3624   0    0  3.5640277061E+003  2.2015393467E-001 -1.8865175298E-001 -1.1348247023E-001
   1  3625   0    0  3.5650277062E+003  2.2015393467E-001 -1.8865175298E-001 -1.1348247023E-001
   1  3626   0    0  3.5660277063E+003  2.2015393467E-001 -1.8865175298E-001 -1.1348247023E-001
   1  3627   0    0  3.5670277064E+003  2.2015393467E-001 -1.8865175298E-001 -1.1348247023E-001
   1  3628   0    0  3.5680277065E+003  2.2015393467E-001 -1.8865175298E-001 -1.1348247023E-001
   1  3629   0    0  3.5690277066E+003  2.2015393467E-001 -1.8865175298E-001 -1.1348247023E-001
   1  3630   0    0  3.5700277067E+003  2.2015393467E-001 -1.8865175298E-001 -1.1348247023E-001
   1  3631   0    0  3.5710277068E+003  2.2015393467E-001 -1.8865175298E-001 -1.1348247023E-001
   1  3632   0    0  3.5720277069E+003  2.2015393467E-001 -1.8865175298E-001 -1.1348247023E-001
   1  3633   0    0  3.5730277070E+003  2.2015393467E-001 -1.8865175298E-001 -1.1348247023E-001
   1  3634   0    0  3.5740277071E+003  2.2015393467E-001 -1.8865175298E-001 -1.1348247023E-001
   1  3635   0    0  3.5750277072E+003  2.2015393467E-001 -1.8865175298E-001 -1.1348247023E-001
   1  3636   0    0  3.5760277073E+003  2.2015393467E-001 -1.8865175298E-001 -1.1348247023E-001
   1  3637   0    0  3.5770277074E+003  2.2015393467E-001 -1.8865175298E-001 -1.1348247023E-001
   1  3638   0    0  3.5780277075E+003  2.2015393467E-001 -1.8865175298E-001 -1.1348247023E-001
   1  3639   0    0  3.5790277076E+003  2.2015393467E-001 -1.8865175298E-001 -1.1348247023E-001
   1  3640   4  183  3.5800277077E+003  2.2015393467E-001 -1.8865175298E-001 -1.1348247023E-001
   1  3641   0    0  3.5810277078E+003  2.2015393467E-001 -1.8865175298E-001 -1.1348247023E-001
   1  3642   0    0  3.5820277079E+003  2.2015393467E-001 -1.8865175298E-001 -1.1348247023E-001
   1  3643   0    0  3.5830277080E+003  2.2015393467E-001 -1.8865175298E-001 -1.1348247023E-001
   1  3644   0    0  3.5840277081E+003  2.2015393467E-001 -1.8865175298E-001 -1.1348247023E-001
   1  3645   0    0  3.5850277082E+003  2.2015393467E-001 -1.8865175298E-001 -1.1348247023E-001
   1  3646   0    0  3.5860277083E+003  2.2015393467E-001 -1.8865175298E-001 -1.1348247023E-001
   1  3647   0    0  3.5870277084E+003  2.2015393467E-001 -1.8865175298E-001 -1.1348247023E-001
   1  3648   0    0  3.5880277085E+003  2.2015393467E-001 -1.8865175298E-001 -1.1348247023E-001
   1  3649   0    0  3.5890277086E+003  2.2015393467E-001 -1.8865175298E-001 -1.1348247023E-001
   1  3650   0    0  3.5900277087E+003  2.2015393467E-001 -1.8865175298E-001 -1.1348247023E-001
   1  3651   0    0  3.5910277088E+003  2.2015393467E-001 -1.8865175298E-001 -1.1348247023E-001
   1  3652   0    0  3.5920277089E+003  2.2015393467E-001 -1.8865175298E-001 -1.1348247023E-001
   1  3653   0    0  3.5930277090E+003  2.2015393467E-001 -1.8865175298E-001 -1.1348247023E-001
   1  3654   0    0  3.5940277091E+003  2.2015393467E-001 -1.8865175298E-001 -1.1348247023E-001
   1  3655   0    0  3.5950277092E+003  2.2015393467E-001 -1.8865175298E-001 -1.1348247023E-001
   1  3656   0    0  3.5960277093E+003  2.2015393467E-001 -1.8865175298E-001 -1.1348247023E-001
   1  3657   0    0  3.5970277094E+003  2.2015393467E-001 -1.8865175298E-001 -1.1348247023E-001
   1  3658   0    0  3.5980277095E+003  2.2015393467E-001 -1.8865175298E-001 -1.1348247023E-001
   1  3659   0    0  3.5990277096E+003  2.2015393467E-001 -1.8865175298E-001 -1.1348247023E-001
   1  3660   4  184  3.6000277097E+003  2.2015393467E-001 -1.8865175298E-001 -1.1348247023E-001
   1  3661   0    0  3.6010277098E+003  2.2015393467E-001 -1.8865175298E-001 -1.1348247023E-001
   1  3662   0    0  3.6020277099E+003  2.2015393467E-001 -1.8865175298E-001 -1.1348247023E-001
   1  3663   0    0  3.6030277100E+003  2.2015393467E-001 -1.8865175298E-001 -1.1348247023E-001
   1  3664   0    0  3.6040277101E+003  2.2015393467E-001 -1.8865175298E-001 -1.1348247023E-001
   1  3665   0    0  3.6050277102E+003  2.2015393467E-001 -1.8865175298E-001 -1.1348247023E-001
   1  3666   0    0  3.6060277103E+003  2.2015393467E-001 -1.8865175298E-001 -1.1348247023E-001
   1  3667   0    0  3.6070277104E+003  2.2015393467E-001 -1.8865175298E-001 -1.1348247023E-001
   1  3668   0    0  3.6080277105E+003  2.2015393467E-001 -1.8865175298E-001 -1.1348247023E-001
   1  3669   0    0  3.6090277106E+003  2.2015393467E-001 -1.8865175298E-001 -1.1348247023E-001
   1  3670   0    0  3.6100277107E+003  2.2015393467E-001 -1.8865175298E-001 -1.1348247023E-001
   1  3671   0    0  3.6110277108E+003  2.2015393467E-001 -1.8865175298E-001 -1.1348247023E-001
   1  3672   0    0  3.6120277109E+003  2.2015393467E-001 -1.8865175298E-001 -1.1348247023E-001
   1  3673   0    0  3.6130277110E+003  2.2015393467E-001 -1.8865175298E-001 -1.1348247023E-001
   1  3674   0    0  3.6140277111E+003  2.2015393467E-001 -1.8865175298E-001 -1.1348247023E-001
   1  3675   0    0  3.6150277112E+003  2.2015393467E-001 -1.8865175298E-001 -1.1348247023E-001
   1  3676   0    0  3.6160277113E+003  2.2015393467E-001 -1.8865175298E-001 -1.1348247023E-001
   1  3677   0    0  3.6170277114E+003  2.2015393467E-001 -1.8865175298E-001 -1.1348247023E-001
   1  3678   0    0  3.6180277115E+003  2.2015393467E-001 -1.8865175298E-001 -1.1348247023E-001
   1  3679   0    0  3.6190277116E+003  2.2015393467E-001 -1.8865175298E-001 -1.1348247023E-001
   1  3680   4  185  3.6200277117E+003  2.2015393467E-001 -1.8865175298E-001 -1.1348247023E-001
   1  3681   0    0  3.6210277118E+003  2.2015393467E-001 -1.8865175298E-001 -1.1348247023E-001
   1  3682   0    0  3.6220277119E+003  2.2015393467E-001 -1.8865175298E-001 -1.1348247023E-001
   1  3683   0    0  3.6230277120E+003  2.2015393467E-001 -1.8865175298E-001 -1.1348247023E-001
   1  3684   0    0  3.6240277121E+003  2.2015393467E-001 -1.8865175298E-001 -1.1348247023E-001
   1  3685   0    0  3.6250277122E+003  2.2015393467E-001 -1.8865175298E-001 -1.1348247023E-001
   1  3686   0    0  3.6260277123E+003  2.2015393467E-001 -1.8865175298E-001 -1.1348247023E-001
   1  3687   0    0  3.6270277124E+003  2.2015393467E-001 -1.8865175298E-001 -1.1348247023E-001
   1  3688   0    0  3.6280277125E+003  2.2015393467E-001 -1.8865175298E-001 -1.1348247023E-001
   1  3689   0    0  3.6290277126E+003  2.2015393467E-001 -1.8865175298E-001 -1.1348247023E-001
   1  3690   0    0  3.6300277127E+003  2.2015393467E-001 -1.8865175298E-001 -1.1348247023E-001
   1  3691   0    0  3.6310277128E+003  2.2015393467E-001 -1.8865175298E-001 -1.1348247023E-001
   1  3692   0    0  3.6320277129E+003  2.2015393467E-001 -1.8865175298E-001 -1.1348247023E-001
   1  3693   0    0  3.6330277130E+003  2.2015393467E-001 -1.8865175298E-001 -1.1348247023E-001
   1  3694   0    0  3.6340277131E+003  2.2015393467E-001 -1.8865175298E-001 -1.1348247023E-001
   1  3695   0    0  3.6350277132E+003  2.2015393467E-001 -1.8865175298E-001 -1.1348247023E-001
   1  3696   0    0  3.6360277133E+003  2.2015393467E-001 -1.8865175298E-001 -1.1348247023E-001
   1  3697   0    0  3.6370277134E+003  2.2015393467E-001 -1.8865175298E-001 -1.1348247023E-001
   1  3698   0    0  3.6380277135E+003  2.2015393467E-001 -1.8865175298E-001 -1.1348247023E-001
   1  3699   0    0  3.6390277136E+003  2.2015393467E-001 -1.8865175298E-001 -1.1348247023E-001
   1  3700   4  186  3.6400277137E+003  2.2015393467E-001 -1.8865175298E-001 -1.1348247023E-001
   1  3701   0    0  3.6410277138E+003  2.2015393467E-001 -1.8865175298E-001 -1.1348247023E-001
   1  3702   0    0  3.6420277139E+003  2.2015393467E-001 -1.8865175298E-001 -1.1348247023E-001
   1  3703   0    0  3.6430277140E+003  2.2015393467E-001 -1.8865175298E-001 -1.1348247023E-001
   1  3704   0    0  3.6440277141E+003  2.2015393467E-001 -1.8865175298E-001 -1.1348247023E-001
   1  3705   0    0  3.6450277142E+003  2.2015393467E-001 -1.8865175298E-001 -1.1348247023E-001
   1  3706   0    0  3.6460277143E+003  2.2015393467E-001 -1.8865175298E-001 -1.1348247023E-001
   1  3707   0    0  3.6470277144E+003  2.2015393467E-001 -1.8865175298E-001 -1.1348247023E-001
   1  3708   0    0  3.6480277145E+003  2.2015393467E-001 -1.8865175298E-001 -1.1348247023E-001
   1  3709   0    0  3.6490277146E+003  2.2015393467E-001 -1.8865175298E-001 -1.1348247023E-001
   1  3710   0    0  3.6500277147E+003  2.2015393467E-001 -1.8865175298E-001 -1.1348247023E-001
   1  3711   0    0  3.6510277148E+003  2.2015393467E-001 -1.8865175298E-001 -1.1348247023E-001
   1  3712   0    0  3.6520277149E+003  2.2015393467E-001 -1.8865175298E-001 -1.1348247023E-001
   1  3713   0    0  3.6530277150E+003  2.2015393467E-001 -1.8865175298E-001 -1.1348247023E-001
   1  3714   0    0  3.6540277151E+003  2.2015393467E-001 -1.8865175298E-001 -1.1348247023E-001
   1  3715   0    0  3.6550277152E+003  2.2015393467E-001 -1.8865175298E-001 -1.1348247023E-001
   1  3716   0    0  3.6560277153E+003  2.2015393467E-001 -1.8865175298E-001 -1.1348247023E-001
   1  3717   0    0  3.6570277154E+003  2.2015393467E-001 -1.8865175298E-001 -1.1348247023E-001
   1  3718   0    0  3.6580277155E+003  2.2015393467E-001 -1.8865175298E-001 -1.1348247023E-001
   1  3719   0    0  3.6590277156E+003  2.2015393467E-001 -1.8865175298E-001 -1.1348247023E-001
   1  3720   4  187  3.6600277157E+003  2.2015393467E-001 -1.8865175298E-001 -1.1348247023E-001
   1  3721   0    0  3.6610277158E+003  2.2015393467E-001 -1.8865175298E-001 -1.1348247023E-001
   1  3722   0    0  3.6620277159E+003  2.2015393467E-001 -1.8865175298E-001 -1.1348247023E-001
   1  3723   0    0  3.6630277160E+003  2.2015393467E-001 -1.8865175298E-001 -1.1348247023E-001
   1  3724   0    0  3.6640277161E+003  2.2015393467E-001 -1.8865175298E-001 -1.1348247023E-001
   1  3725   0    0  3.6650277162E+003  2.2015393467E-001 -1.8865175298E-001 -1.1348247023E-001
   1  3726   0    0  3.6660277163E+003  2.2015393467E-001 -1.8865175298E-001 -1.1348247023E-001
   1  3727   0    0  3.6670277164E+003  2.2015393467E-001 -1.8865175298E-001 -1.1348247023E-001
   1  3728   0    0  3.6680277165E+003  2.2015393467E-001 -1.8865175298E-001 -1.1348247023E-001
   1  3729   0    0  3.6690277166E+003  2.2015393467E-001 -1.8865175298E-001 -1.1348247023E-001
   1  3730   0    0  3.6700277167E+003  2.2015393467E-001 -1.8865175298E-001 -1.1348247023E-001
   1  3731   0    0  3.6710277168E+003  2.2015393467E-001 -1.8865175298E-001 -1.1348247023E-001
   1  3732   0    0  3.6720277169E+003  2.2015393467E-001 -1.8865175298E-001 -1.1348247023E-001
   1  3733   0    0  3.6730277170E+003  2.2015393467E-001 -1.8865175298E-001 -1.1348247023E-001
   1  3734   0    0  3.6740277171E+003  2.2015393467E-001 -1.8865175298E-001 -1.1348247023E-001
   1  3735   0    0  3.6750277172E+003  2.2015393467E-001 -1.8865175298E-001 -1.1348247023E-001
   1  3736   0    0  3.6760277173E+003  2.2015393467E-001 -1.8865175298E-001 -1.1348247023E-001
   1  3737   0    0  3.6770277174E+003  2.2015393467E-001 -1.8865175298E-001 -1.1348247023E-001
   1  3738   0    0  3.6780277175E+003  2.2015393467E-001 -1.8865175298E-001 -1.1348247023E-001
   1  3739   0    0  3.6790277176E+003  2.2015393467E-001 -1.8865175298E-001 -1.1348247023E-001
   1  3740   4  188  3.6800277177E+003  2.2015393467E-001 -1.8865175298E-001 -1.1348247023E-001
   1  3741   0    0  3.6810277178E+003  2.2015393467E-001 -1.8865175298E-001 -1.1348247023E-001
   1  3742   0    0  3.6820277179E+003  2.2015393467E-001 -1.8865175298E-001 -1.1348247023E-001
   1  3743   0    0  3.6830277180E+003  2.2015393467E-001 -1.8865175298E-001 -1.1348247023E-001
   1  3744   0    0  3.6840277181E+003  2.2015393467E-001 -1.8865175298E-001 -1.1348247023E-001
   1  3745   0    0  3.6850277182E+003  2.2015393467E-001 -1.8865175298E-001 -1.1348247023E-001
   1  3746   0    0  3.6860277183E+003  2.2015393467E-001 -1.8865175298E-001 -1.1348247023E-001
   1  3747   0    0  3.6870277184E+003  2.2015393467E-001 -1.8865175298E-001 -1.1348247023E-001
   1  3748   0    0  3.6880277185E+003  2.2015393467E-001 -1.8865175298E-001 -1.1348247023E-001
   1  3749   0    0  3.6890277186E+003  2.2015393467E-001 -1.8865175298E-001 -1.1348247023E-001
   1  3750   0    0  3.6900277187E+003  2.2015393467E-001 -1.8865175298E-001 -1.1348247023E-001
   1  3751   0    0  3.6910277188E+003  2.2015393467E-001 -1.8865175298E-001 -1.1348247023E-001
   1  3752   0    0  3.6920277189E+003  2.2015393467E-001 -1.8865175298E-001 -1.1348247023E-001
   1  3753   0    0  3.6930277190E+003  2.2015393467E-001 -1.8865175298E-001 -1.1348247023E-001
   1  3754   0    0  3.6940277191E+003  2.2015393467E-001 -1.8865175298E-001 -1.1348247023E-001
   1  3755   0    0  3.6950277192E+003  2.2015393467E-001 -1.8865175298E-001 -1.1348247023E-001
   1  3756   0    0  3.6960277193E+003  2.2015393467E-001 -1.8865175298E-001 -1.1348247023E-001
   1  3757   0    0  3.6970277194E+003  2.2015393467E-001 -1.8865175298E-001 -1.1348247023E-001
   1  3758   0    0  3.6980277195E+003  2.2015393467E-001 -1.8865175298E-001 -1.1348247023E-001
   1  3759   0    0  3.6990277196E+003  2.2015393467E-001 -1.8865175298E-001 -1.1348247023E-001
   1  3760   4  189  3.7000277197E+003  2.2015393467E-001 -1.8865175298E-001 -1.1348247023E-001
   1  3761   0    0  3.7010277198E+003  2.2015393467E-001 -1.8865175298E-001 -1.1348247023E-001
   1  3762   0    0  3.7020277199E+003  2.2015393467E-001 -1.8865175298E-001 -1.1348247023E-001
   1  3763   0    0  3.7030277200E+003  2.2015393467E-001 -1.8865175298E-001 -1.1348247023E-001
   1  3764   0    0  3.7040277201E+003  2.2015393467E-001 -1.8865175298E-001 -1.1348247023E-001
   1  3765   0    0  3.7050277202E+003  2.2015393467E-001 -1.8865175298E-001 -1.1348247023E-001
   1  3766   0    0  3.7060277203E+003  2.2015393467E-001 -1.8865175298E-001 -1.1348247023E-001
   1  3767   0    0  3.7070277204E+003  2.2015393467E-001 -1.8865175298E-001 -1.1348247023E-001
   1  3768   0    0  3.7080277205E+003  2.2015393467E-001 -1.8865175298E-001 -1.1348247023E-001
   1  3769   0    0  3.7090277206E+003  2.2015393467E-001 -1.8865175298E-001 -1.1348247023E-001
   1  3770   0    0  3.7100277207E+003  2.2015393467E-001 -1.8865175298E-001 -1.1348247023E-001
   1  3771   0    0  3.7110277208E+003  2.2015393467E-001 -1.8865175298E-001 -1.1348247023E-001
   1  3772   0    0  3.7120277209E+003  2.2015393467E-001 -1.8865175298E-001 -1.1348247023E-001
   1  3773   0    0  3.7130277210E+003  2.2015393467E-001 -1.8865175298E-001 -1.1348247023E-001
   1  3774   0    0  3.7140277211E+003  2.2015393467E-001 -1.8865175298E-001 -1.1348247023E-001
   1  3775   0    0  3.7150277212E+003  2.2015393467E-001 -1.8865175298E-001 -1.1348247023E-001
   1  3776   0    0  3.7160277213E+003  2.2015393467E-001 -1.8865175298E-001 -1.1348247023E-001
   1  3777   0    0  3.7170277214E+003  2.2015393467E-001 -1.8865175298E-001 -1.1348247023E-001
   1  3778   0    0  3.7180277215E+003  2.2015393467E-001 -1.8865175298E-001 -1.1348247023E-001
   1  3779   0    0  3.7190277216E+003  2.2015393467E-001 -1.8865175298E-001 -1.1348247023E-001
   1  3780   4  190  3.7200277217E+003  2.2015393467E-001 -1.8865175298E-001 -1.1348247023E-001
   1  3781   0    0  3.7210277218E+003  2.2015393467E-001 -1.8865175298E-001 -1.1348247023E-001
   1  3782   0    0  3.7220277219E+003  2.2015393467E-001 -1.8865175298E-001 -1.1348247023E-001
   1  3783   0    0  3.7230277220E+003  2.2015393467E-001 -1.8865175298E-001 -1.1348247023E-001
   1  3784   0    0  3.7240277221E+003  2.2015393467E-001 -1.8865175298E-001 -1.1348247023E-001
   1  3785   0    0  3.7250277222E+003  2.2015393467E-001 -1.8865175298E-001 -1.1348247023E-001
   1  3786   0    0  3.7260277223E+003  2.2015393467E-001 -1.8865175298E-001 -1.1348247023E-001
   1  3787   0    0  3.7270277224E+003  2.2015393467E-001 -1.8865175298E-001 -1.1348247023E-001
   1  3788   0    0  3.7280277225E+003  2.2015393467E-001 -1.8865175298E-001 -1.1348247023E-001
   1  3789   0    0  3.7290277226E+003  2.2015393467E-001 -1.8865175298E-001 -1.1348247023E-001
   1  3790   0    0  3.7300277227E+003  2.2015393467E-001 -1.8865175298E-001 -1.1348247023E-001
   1  3791   0    0  3.7310277228E+003  2.2015393467E-001 -1.8865175298E-001 -1.1348247023E-001
   1  3792   0    0  3.7320277229E+003  2.2015393467E-001 -1.8865175298E-001 -1.1348247023E-001
   1  3793   0    0  3.7330277230E+003  2.2015393467E-001 -1.8865175298E-001 -1.1348247023E-001
   1  3794   0    0  3.7340277231E+003  2.2015393467E-001 -1.8865175298E-001 -1.1348247023E-001
   1  3795   0    0  3.7350277232E+003  2.2015393467E-001 -1.8865175298E-001 -1.1348247023E-001
   1  3796   0    0  3.7360277233E+003  2.2015393467E-001 -1.8865175298E-001 -1.1348247023E-001
   1  3797   0    0  3.7370277234E+003  2.2015393467E-001 -1.8865175298E-001 -1.1348247023E-001
   1  3798   0    0  3.7380277235E+003  2.2015393467E-001 -1.8865175298E-001 -1.1348247023E-001
   1  3799   0    0  3.7390277236E+003  2.2015393467E-001 -1.8865175298E-001 -1.1348247023E-001
   1  3800   4  191  3.7400277237E+003  2.2015393467E-001 -1.8865175298E-001 -1.1348247023E-001
   1  3801   0    0  3.7410277238E+003  2.2015393467E-001 -1.8865175298E-001 -1.1348247023E-001
   1  3802   0    0  3.7420277239E+003  2.2015393467E-001 -1.8865175298E-001 -1.1348247023E-001
   1  3803   0    0  3.7430277240E+003  2.2015393467E-001 -1.8865175298E-001 -1.1348247023E-001
   1  3804   0    0  3.7440277241E+003  2.2015393467E-001 -1.8865175298E-001 -1.1348247023E-001
   1  3805   0    0  3.7450277242E+003  2.2015393467E-001 -1.8865175298E-001 -1.1348247023E-001
   1  3806   0    0  3.7460277243E+003  2.2015393467E-001 -1.8865175298E-001 -1.1348247023E-001
   1  3807   0    0  3.7470277244E+003  2.2015393467E-001 -1.8865175298E-001 -1.1348247023E-001
   1  3808   0    0  3.7480277245E+003  2.2015393467E-001 -1.8865175298E-001 -1.1348247023E-001
   1  3809   0    0  3.7490277246E+003  2.2015393467E-001 -1.8865175298E-001 -1.1348247023E-001
   1  3810   0    0  3.7500277247E+003  2.2015393467E-001 -1.8865175298E-001 -1.1348247023E-001
   1  3811   0    0  3.7510277248E+003  2.2015393467E-001 -1.8865175298E-001 -1.1348247023E-001
   1  3812   0    0  3.7520277249E+003  2.2015393467E-001 -1.8865175298E-001 -1.1348247023E-001
   1  3813   0    0  3.7530277250E+003  2.2015393467E-001 -1.8865175298E-001 -1.1348247023E-001
   1  3814   0    0  3.7540277251E+003  2.2015393467E-001 -1.8865175298E-001 -1.1348247023E-001
   1  3815   0    0  3.7550277252E+003  2.2015393467E-001 -1.8865175298E-001 -1.1348247023E-001
   1  3816   0    0  3.7560277253E+003  2.2015393467E-001 -1.8865175298E-001 -1.1348247023E-001
   1  3817   0    0  3.7570277254E+003  2.2015393467E-001 -1.8865175298E-001 -1.1348247023E-001
   1  3818   0    0  3.7580277255E+003  2.2015393467E-001 -1.8865175298E-001 -1.1348247023E-001
   1  3819   0    0  3.7590277256E+003  2.2015393467E-001 -1.8865175298E-001 -1.1348247023E-001
   1  3820   4  192  3.7600277257E+003  2.2015393467E-001 -1.8865175298E-001 -1.1348247023E-001
   1  3821   0    0  3.7610277258E+003  2.2015393467E-001 -1.8865175298E-001 -1.1348247023E-001
   1  3822   0    0  3.7620277259E+003  2.2015393467E-001 -1.8865175298E-001 -1.1348247023E-001
   1  3823   0    0  3.7630277260E+003  2.2015393467E-001 -1.8865175298E-001 -1.1348247023E-001
   1  3824   0    0  3.7640277261E+003  2.2015393467E-001 -1.8865175298E-001 -1.1348247023E-001
   1  3825   0    0  3.7650277262E+003  2.2015393467E-001 -1.8865175298E-001 -1.1348247023E-001
   1  3826   0    0  3.7660277263E+003  2.2015393467E-001 -1.8865175298E-001 -1.1348247023E-001
   1  3827   0    0  3.7670277264E+003  2.2015393467E-001 -1.8865175298E-001 -1.1348247023E-001
   1  3828   0    0  3.7680277265E+003  2.2015393467E-001 -1.8865175298E-001 -1.1348247023E-001
   1  3829   0    0  3.7690277266E+003  2.2015393467E-001 -1.8865175298E-001 -1.1348247023E-001
   1  3830   0    0  3.7700277267E+003  2.2015393467E-001 -1.8865175298E-001 -1.1348247023E-001
   1  3831   0    0  3.7710277268E+003  2.2015393467E-001 -1.8865175298E-001 -1.1348247023E-001
   1  3832   0    0  3.7720277269E+003  2.2015393467E-001 -1.8865175298E-001 -1.1348247023E-001
   1  3833   0    0  3.7730277270E+003  2.2015393467E-001 -1.8865175298E-001 -1.1348247023E-001
   1  3834   0    0  3.7740277271E+003  2.2015393467E-001 -1.8865175298E-001 -1.1348247023E-001
   1  3835   0    0  3.7750277272E+003  2.2015393467E-001 -1.8865175298E-001 -1.1348247023E-001
   1  3836   0    0  3.7760277273E+003  2.2015393467E-001 -1.8865175298E-001 -1.1348247023E-001
   1  3837   0    0  3.7770277274E+003  2.2015393467E-001 -1.8865175298E-001 -1.1348247023E-001
   1  3838   0    0  3.7780277275E+003  2.2015393467E-001 -1.8865175298E-001 -1.1348247023E-001
   1  3839   0    0  3.7790277276E+003  2.2015393467E-001 -1.8865175298E-001 -1.1348247023E-001
   1  3840   4  193  3.7800277277E+003  2.2015393467E-001 -1.8865175298E-001 -1.1348247023E-001
   1  3841   0    0  3.7810277278E+003  2.2015393467E-001 -1.8865175298E-001 -1.1348247023E-001
   1  3842   0    0  3.7820277279E+003  2.2015393467E-001 -1.8865175298E-001 -1.1348247023E-001
   1  3843   0    0  3.7830277280E+003  2.2015393467E-001 -1.8865175298E-001 -1.1348247023E-001
   1  3844   0    0  3.7840277281E+003  2.2015393467E-001 -1.8865175298E-001 -1.1348247023E-001
   1  3845   0    0  3.7850277282E+003  2.2015393467E-001 -1.8865175298E-001 -1.1348247023E-001
   1  3846   0    0  3.7860277283E+003  2.2015393467E-001 -1.8865175298E-001 -1.1348247023E-001
   1  3847   0    0  3.7870277284E+003  2.2015393467E-001 -1.8865175298E-001 -1.1348247023E-001
   1  3848   0    0  3.7880277285E+003  2.2015393467E-001 -1.8865175298E-001 -1.1348247023E-001
   1  3849   0    0  3.7890277286E+003  2.2015393467E-001 -1.8865175298E-001 -1.1348247023E-001
   1  3850   0    0  3.7900277287E+003  2.2015393467E-001 -1.8865175298E-001 -1.1348247023E-001
   1  3851   0    0  3.7910277288E+003  2.2015393467E-001 -1.8865175298E-001 -1.1348247023E-001
   1  3852   0    0  3.7920277289E+003  2.2015393467E-001 -1.8865175298E-001 -1.1348247023E-001
   1  3853   0    0  3.7930277290E+003  2.2015393467E-001 -1.8865175298E-001 -1.1348247023E-001
   1  3854   0    0  3.7940277291E+003  2.2015393467E-001 -1.8865175298E-001 -1.1348247023E-001
   1  3855   0    0  3.7950277292E+003  2.2015393467E-001 -1.8865175298E-001 -1.1348247023E-001
   1  3856   0    0  3.7960277293E+003  2.2015393467E-001 -1.8865175298E-001 -1.1348247023E-001
   1  3857   0    0  3.7970277294E+003  2.2015393467E-001 -1.8865175298E-001 -1.1348247023E-001
   1  3858   0    0  3.7980277295E+003  2.2015393467E-001 -1.8865175298E-001 -1.1348247023E-001
   1  3859   0    0  3.7990277296E+003  2.2015393467E-001 -1.8865175298E-001 -1.1348247023E-001
   1  3860   4  194  3.8000277297E+003  2.2015393467E-001 -1.8865175298E-001 -1.1348247023E-001
   1  3861   0    0  3.8010277298E+003  2.2015393467E-001 -1.8865175298E-001 -1.1348247023E-001
   1  3862   0    0  3.8020277299E+003  2.2015393467E-001 -1.8865175298E-001 -1.1348247023E-001
   1  3863   0    0  3.8030277300E+003  2.2015393467E-001 -1.8865175298E-001 -1.1348247023E-001
   1  3864   0    0  3.8040277301E+003  2.2015393467E-001 -1.8865175298E-001 -1.1348247023E-001
   1  3865   0    0  3.8050277302E+003  2.2015393467E-001 -1.8865175298E-001 -1.1348247023E-001
   1  3866   0    0  3.8060277303E+003  2.2015393467E-001 -1.8865175298E-001 -1.1348247023E-001
   1  3867   0    0  3.8070277304E+003  2.2015393467E-001 -1.8865175298E-001 -1.1348247023E-001
   1  3868   0    0  3.8080277305E+003  2.2015393467E-001 -1.8865175298E-001 -1.1348247023E-001
   1  3869   0    0  3.8090277306E+003  2.2015393467E-001 -1.8865175298E-001 -1.1348247023E-001
   1  3870   0    0  3.8100277307E+003  2.2015393467E-001 -1.8865175298E-001 -1.1348247023E-001
   1  3871   0    0  3.8110277308E+003  2.2015393467E-001 -1.8865175298E-001 -1.1348247023E-001
   1  3872   0    0  3.8120277309E+003  2.2015393467E-001 -1.8865175298E-001 -1.1348247023E-001
   1  3873   0    0  3.8130277310E+003  2.2015393467E-001 -1.8865175298E-001 -1.1348247023E-001
   1  3874   0    0  3.8140277311E+003  2.2015393467E-001 -1.8865175298E-001 -1.1348247023E-001
   1  3875   0    0  3.8150277312E+003  2.2015393467E-001 -1.8865175298E-001 -1.1348247023E-001
   1  3876   0    0  3.8160277313E+003  2.2015393467E-001 -1.8865175298E-001 -1.1348247023E-001
   1  3877   0    0  3.8170277314E+003  2.2015393467E-001 -1.8865175298E-001 -1.1348247023E-001
   1  3878   0    0  3.8180277315E+003  2.2015393467E-001 -1.8865175298E-001 -1.1348247023E-001
   1  3879   0    0  3.8190277316E+003  2.2015393467E-001 -1.8865175298E-001 -1.1348247023E-001
   1  3880   4  195  3.8200277317E+003  2.2015393467E-001 -1.8865175298E-001 -1.1348247023E-001
   1  3881   0    0  3.8210277318E+003  2.2015393467E-001 -1.8865175298E-001 -1.1348247023E-001
   1  3882   0    0  3.8220277319E+003  2.2015393467E-001 -1.8865175298E-001 -1.1348247023E-001
   1  3883   0    0  3.8230277320E+003  2.2015393467E-001 -1.8865175298E-001 -1.1348247023E-001
   1  3884   0    0  3.8240277321E+003  2.2015393467E-001 -1.8865175298E-001 -1.1348247023E-001
   1  3885   0    0  3.8250277322E+003  2.2015393467E-001 -1.8865175298E-001 -1.1348247023E-001
   1  3886   0    0  3.8260277323E+003  2.2015393467E-001 -1.8865175298E-001 -1.1348247023E-001
   1  3887   0    0  3.8270277324E+003  2.2015393467E-001 -1.8865175298E-001 -1.1348247023E-001
   1  3888   0    0  3.8280277325E+003  2.2015393467E-001 -1.8865175298E-001 -1.1348247023E-001
   1  3889   0    0  3.8290277326E+003  2.2015393467E-001 -1.8865175298E-001 -1.1348247023E-001
   1  3890   0    0  3.8300277327E+003  2.2015393467E-001 -1.8865175298E-001 -1.1348247023E-001
   1  3891   0    0  3.8310277328E+003  2.2015393467E-001 -1.8865175298E-001 -1.1348247023E-001
   1  3892   0    0  3.8320277329E+003  2.2015393467E-001 -1.8865175298E-001 -1.1348247023E-001
   1  3893   0    0  3.8330277330E+003  2.2015393467E-001 -1.8865175298E-001 -1.1348247023E-001
   1  3894   0    0  3.8340277331E+003  2.2015393467E-001 -1.8865175298E-001 -1.1348247023E-001
   1  3895   0    0  3.8350277332E+003  2.2015393467E-001 -1.8865175298E-001 -1.1348247023E-001
   1  3896   0    0  3.8360277333E+003  2.2015393467E-001 -1.8865175298E-001 -1.1348247023E-001
   1  3897   0    0  3.8370277334E+003  2.2015393467E-001 -1.8865175298E-001 -1.1348247023E-001
   1  3898   0    0  3.8380277335E+003  2.2015393467E-001 -1.8865175298E-001 -1.1348247023E-001
   1  3899   0    0  3.8390277336E+003  2.2015393467E-001 -1.8865175298E-001 -1.1348247023E-001
   1  3900   4  196  3.8400277337E+003  2.2015393467E-001 -1.8865175298E-001 -1.1348247023E-001
   1  3901   0    0  3.8410277338E+003  2.2015393467E-001 -1.8865175298E-001 -1.1348247023E-001
   1  3902   0    0  3.8420277339E+003  2.2015393467E-001 -1.8865175298E-001 -1.1348247023E-001
   1  3903   0    0  3.8430277340E+003  2.2015393467E-001 -1.8865175298E-001 -1.1348247023E-001
   1  3904   0    0  3.8440277341E+003  2.2015393467E-001 -1.8865175298E-001 -1.1348247023E-001
   1  3905   0    0  3.8450277342E+003  2.2015393467E-001 -1.8865175298E-001 -1.1348247023E-001
   1  3906   0    0  3.8460277343E+003  2.2015393467E-001 -1.8865175298E-001 -1.1348247023E-001
   1  3907   0    0  3.8470277344E+003  2.2015393467E-001 -1.8865175298E-001 -1.1348247023E-001
   1  3908   0    0  3.8480277345E+003  2.2015393467E-001 -1.8865175298E-001 -1.1348247023E-001
   1  3909   0    0  3.8490277346E+003  2.2015393467E-001 -1.8865175298E-001 -1.1348247023E-001
   1  3910   0    0  3.8500277347E+003  2.2015393467E-001 -1.8865175298E-001 -1.1348247023E-001
   1  3911   0    0  3.8510277348E+003  2.2015393467E-001 -1.8865175298E-001 -1.1348247023E-001
   1  3912   0    0  3.8520277349E+003  2.2015393467E-001 -1.8865175298E-001 -1.1348247023E-001
   1  3913   0    0  3.8530277350E+003  2.2015393467E-001 -1.8865175298E-001 -1.1348247023E-001
   1  3914   0    0  3.8540277351E+003  2.2015393467E-001 -1.8865175298E-001 -1.1348247023E-001
   1  3915   0    0  3.8550277352E+003  2.2015393467E-001 -1.8865175298E-001 -1.1348247023E-001
   1  3916   0    0  3.8560277353E+003  2.2015393467E-001 -1.8865175298E-001 -1.1348247023E-001
   1  3917   0    0  3.8570277354E+003  2.2015393467E-001 -1.8865175298E-001 -1.1348247023E-001
   1  3918   0    0  3.8580277355E+003  2.2015393467E-001 -1.8865175298E-001 -1.1348247023E-001
   1  3919   0    0  3.8590277356E+003  2.2015393467E-001 -1.8865175298E-001 -1.1348247023E-001
   1  3920   4  197  3.8600277357E+003  2.2015393467E-001 -1.8865175298E-001 -1.1348247023E-001
   1  3921   0    0  3.8610277358E+003  2.2015393467E-001 -1.8865175298E-001 -1.1348247023E-001
   1  3922   0    0  3.8620277359E+003  2.2015393467E-001 -1.8865175298E-001 -1.1348247023E-001
   1  3923   0    0  3.8630277360E+003  2.2015393467E-001 -1.8865175298E-001 -1.1348247023E-001
   1  3924   0    0  3.8640277361E+003  2.2015393467E-001 -1.8865175298E-001 -1.1348247023E-001
   1  3925   0    0  3.8650277362E+003  2.2015393467E-001 -1.8865175298E-001 -1.1348247023E-001
   1  3926   0    0  3.8660277363E+003  2.2015393467E-001 -1.8865175298E-001 -1.1348247023E-001
   1  3927   0    0  3.8670277364E+003  2.2015393467E-001 -1.8865175298E-001 -1.1348247023E-001
   1  3928   0    0  3.8680277365E+003  2.2015393467E-001 -1.8865175298E-001 -1.1348247023E-001
   1  3929   0    0  3.8690277366E+003  2.2015393467E-001 -1.8865175298E-001 -1.1348247023E-001
   1  3930   0    0  3.8700277367E+003  2.2015393467E-001 -1.8865175298E-001 -1.1348247023E-001
   1  3931   0    0  3.8710277368E+003  2.2015393467E-001 -1.8865175298E-001 -1.1348247023E-001
   1  3932   0    0  3.8720277369E+003  2.2015393467E-001 -1.8865175298E-001 -1.1348247023E-001
   1  3933   0    0  3.8730277370E+003  2.2015393467E-001 -1.8865175298E-001 -1.1348247023E-001
   1  3934   0    0  3.8740277371E+003  2.2015393467E-001 -1.8865175298E-001 -1.1348247023E-001
   1  3935   0    0  3.8750277372E+003  2.2015393467E-001 -1.8865175298E-001 -1.1348247023E-001
   1  3936   0    0  3.8760277373E+003  2.2015393467E-001 -1.8865175298E-001 -1.1348247023E-001
   1  3937   0    0  3.8770277374E+003  2.2015393467E-001 -1.8865175298E-001 -1.1348247023E-001
   1  3938   0    0  3.8780277375E+003  2.2015393467E-001 -1.8865175298E-001 -1.1348247023E-001
   1  3939   0    0  3.8790277376E+003  2.2015393467E-001 -1.8865175298E-001 -1.1348247023E-001
   1  3940   4  198  3.8800277377E+003  2.2015393467E-001 -1.8865175298E-001 -1.1348247023E-001
   1  3941   0    0  3.8810277378E+003  2.2015393467E-001 -1.8865175298E-001 -1.1348247023E-001
   1  3942   0    0  3.8820277379E+003  2.2015393467E-001 -1.8865175298E-001 -1.1348247023E-001
   1  3943   0    0  3.8830277380E+003  2.2015393467E-001 -1.8865175298E-001 -1.1348247023E-001
   1  3944   0    0  3.8840277381E+003  2.2015393467E-001 -1.8865175298E-001 -1.1348247023E-001
   1  3945   0    0  3.8850277382E+003  2.2015393467E-001 -1.8865175298E-001 -1.1348247023E-001
   1  3946   0    0  3.8860277383E+003  2.2015393467E-001 -1.8865175298E-001 -1.1348247023E-001
   1  3947   0    0  3.8870277384E+003  2.2015393467E-001 -1.8865175298E-001 -1.1348247023E-001
   1  3948   0    0  3.8880277385E+003  2.2015393467E-001 -1.8865175298E-001 -1.1348247023E-001
   1  3949   0    0  3.8890277386E+003  2.2015393467E-001 -1.8865175298E-001 -1.1348247023E-001
   1  3950   0    0  3.8900277387E+003  2.2015393467E-001 -1.8865175298E-001 -1.1348247023E-001
   1  3951   0    0  3.8910277388E+003  2.2015393467E-001 -1.8865175298E-001 -1.1348247023E-001
   1  3952   0    0  3.8920277389E+003  2.2015393467E-001 -1.8865175298E-001 -1.1348247023E-001
   1  3953   0    0  3.8930277390E+003  2.2015393467E-001 -1.8865175298E-001 -1.1348247023E-001
   1  3954   0    0  3.8940277391E+003  2.2015393467E-001 -1.8865175298E-001 -1.1348247023E-001
   1  3955   0    0  3.8950277392E+003  2.2015393467E-001 -1.8865175298E-001 -1.1348247023E-001
   1  3956   0    0  3.8960277393E+003  2.2015393467E-001 -1.8865175298E-001 -1.1348247023E-001
   1  3957   0    0  3.8970277394E+003  2.2015393467E-001 -1.8865175298E-001 -1.1348247023E-001
   1  3958   0    0  3.8980277395E+003  2.2015393467E-001 -1.8865175298E-001 -1.1348247023E-001
   1  3959   0    0  3.8990277396E+003  2.2015393467E-001 -1.8865175298E-001 -1.1348247023E-001
   1  3960   4  199  3.9000277397E+003  2.2015393467E-001 -1.8865175298E-001 -1.1348247023E-001
   1  3961   0    0  3.9010277398E+003  2.2015393467E-001 -1.8865175298E-001 -1.1348247023E-001
   1  3962   0    0  3.9020277399E+003  2.2015393467E-001 -1.8865175298E-001 -1.1348247023E-001
   1  3963   0    0  3.9030277400E+003  2.2015393467E-001 -1.8865175298E-001 -1.1348247023E-001
   1  3964   0    0  3.9040277401E+003  2.2015393467E-001 -1.8865175298E-001 -1.1348247023E-001
   1  3965   0    0  3.9050277402E+003  2.2015393467E-001 -1.8865175298E-001 -1.1348247023E-001
   1  3966   0    0  3.9060277403E+003  2.2015393467E-001 -1.8865175298E-001 -1.1348247023E-001
   1  3967   0    0  3.9070277404E+003  2.2015393467E-001 -1.8865175298E-001 -1.1348247023E-001
   1  3968   0    0  3.9080277405E+003  2.2015393467E-001 -1.8865175298E-001 -1.1348247023E-001
   1  3969   0    0  3.9090277406E+003  2.2015393467E-001 -1.8865175298E-001 -1.1348247023E-001
   1  3970   0    0  3.9100277407E+003  2.2015393467E-001 -1.8865175298E-001 -1.1348247023E-001
   1  3971   0    0  3.9110277408E+003  2.2015393467E-001 -1.8865175298E-001 -1.1348247023E-001
   1  3972   0    0  3.9120277409E+003  2.2015393467E-001 -1.8865175298E-001 -1.1348247023E-001
   1  3973   0    0  3.9130277410E+003  2.2015393467E-001 -1.8865175298E-001 -1.1348247023E-001
   1  3974   0    0  3.9140277411E+003  2.2015393467E-001 -1.8865175298E-001 -1.1348247023E-001
   1  3975   0    0  3.9150277412E+003  2.2015393467E-001 -1.8865175298E-001 -1.1348247023E-001
   1  3976   0    0  3.9160277413E+003  2.2015393467E-001 -1.8865175298E-001 -1.1348247023E-001
   1  3977   0    0  3.9170277414E+003  2.2015393467E-001 -1.8865175298E-001 -1.1348247023E-001
   1  3978   0    0  3.9180277415E+003  2.2015393467E-001 -1.8865175298E-001 -1.1348247023E-001
   1  3979   0    0  3.9190277416E+003  2.2015393467E-001 -1.8865175298E-001 -1.1348247023E-001
   1  3980   4  200  3.9200277417E+003  2.2015393467E-001 -1.8865175298E-001 -1.1348247023E-001
   1  3981   0    0  3.9210277418E+003  2.2015393467E-001 -1.8865175298E-001 -1.1348247023E-001
   1  3982   0    0  3.9220277419E+003  2.2015393467E-001 -1.8865175298E-001 -1.1348247023E-001
   1  3983   0    0  3.9230277420E+003  2.2015393467E-001 -1.8865175298E-001 -1.1348247023E-001
   1  3984   0    0  3.9240277421E+003  2.2015393467E-001 -1.8865175298E-001 -1.1348247023E-001
   1  3985   0    0  3.9250277422E+003  2.2015393467E-001 -1.8865175298E-001 -1.1348247023E-001
   1  3986   0    0  3.9260277423E+003  2.2015393467E-001 -1.8865175298E-001 -1.1348247023E-001
   1  3987   0    0  3.9270277424E+003  2.2015393467E-001 -1.8865175298E-001 -1.1348247023E-001
   1  3988   0    0  3.9280277425E+003  2.2015393467E-001 -1.8865175298E-001 -1.1348247023E-001
   1  3989   0    0  3.9290277426E+003  2.2015393467E-001 -1.8865175298E-001 -1.1348247023E-001
   1  3990   0    0  3.9300277427E+003  2.2015393467E-001 -1.8865175298E-001 -1.1348247023E-001
   1  3991   0    0  3.9310277428E+003  2.2015393467E-001 -1.8865175298E-001 -1.1348247023E-001
   1  3992   0    0  3.9320277429E+003  2.2015393467E-001 -1.8865175298E-001 -1.1348247023E-001
   1  3993   0    0  3.9330277430E+003  2.2015393467E-001 -1.8865175298E-001 -1.1348247023E-001
   1  3994   0    0  3.9340277431E+003  2.2015393467E-001 -1.8865175298E-001 -1.1348247023E-001
   1  3995   0    0  3.9350277432E+003  2.2015393467E-001 -1.8865175298E-001 -1.1348247023E-001
   1  3996   0    0  3.9360277433E+003  2.2015393467E-001 -1.8865175298E-001 -1.1348247023E-001
   1  3997   0    0  3.9370277434E+003  2.2015393467E-001 -1.8865175298E-001 -1.1348247023E-001
   1  3998   0    0  3.9380277435E+003  2.2015393467E-001 -1.8865175298E-001 -1.1348247023E-001
   1  3999   0    0  3.9390277436E+003  2.2015393467E-001 -1.8865175298E-001 -1.1348247023E-001
   1  4000   4  201  3.9400277437E+003  2.2015393467E-001 -1.8865175298E-001 -1.1348247023E-001
   1  4001   0    0  3.9410277438E+003  2.2015393467E-001 -1.8865175298E-001 -1.1348247023E-001
   1  4002   0    0  3.9420277439E+003  2.2015393467E-001 -1.8865175298E-001 -1.1348247023E-001
   1  4003   0    0  3.9430277440E+003  2.2015393467E-001 -1.8865175298E-001 -1.1348247023E-001
   1  4004   0    0  3.9440277441E+003  2.2015393467E-001 -1.8865175298E-001 -1.1348247023E-001
   1  4005   0    0  3.9450277442E+003  2.2015393467E-001 -1.8865175298E-001 -1.1348247023E-001
   1  4006   0    0  3.9460277443E+003  2.2015393467E-001 -1.8865175298E-001 -1.1348247023E-001
   1  4007   0    0  3.9470277444E+003  2.2015393467E-001 -1.8865175298E-001 -1.1348247023E-001
   1  4008   0    0  3.9480277445E+003  2.2015393467E-001 -1.8865175298E-001 -1.1348247023E-001
   1  4009   0    0  3.9490277446E+003  2.2015393467E-001 -1.8865175298E-001 -1.1348247023E-001
   1  4010   0    0  3.9500277447E+003  2.2015393467E-001 -1.8865175298E-001 -1.1348247023E-001
   1  4011   0    0  3.9510277448E+003  2.2015393467E-001 -1.8865175298E-001 -1.1348247023E-001
   1  4012   0    0  3.9520277449E+003  2.2015393467E-001 -1.8865175298E-001 -1.1348247023E-001
   1  4013   0    0  3.9530277450E+003  2.2015393467E-001 -1.8865175298E-001 -1.1348247023E-001
   1  4014   0    0  3.9540277451E+003  2.2015393467E-001 -1.8865175298E-001 -1.1348247023E-001
   1  4015   0    0  3.9550277452E+003  2.2015393467E-001 -1.8865175298E-001 -1.1348247023E-001
   1  4016   0    0  3.9560277453E+003  2.2015393467E-001 -1.8865175298E-001 -1.1348247023E-001
   1  4017   0    0  3.9570277454E+003  2.2015393467E-001 -1.8865175298E-001 -1.1348247023E-001
   1  4018   0    0  3.9580277455E+003  2.2015393467E-001 -1.8865175298E-001 -1.1348247023E-001
   1  4019   0    0  3.9590277456E+003  2.2015393467E-001 -1.8865175298E-001 -1.1348247023E-001
   1  4020   4  202  3.9600277457E+003  2.2015393467E-001 -1.8865175298E-001 -1.1348247023E-001
   1  4021   0    0  3.9610277458E+003  2.2015393467E-001 -1.8865175298E-001 -1.1348247023E-001
   1  4022   0    0  3.9620277459E+003  2.2015393467E-001 -1.8865175298E-001 -1.1348247023E-001
   1  4023   0    0  3.9630277460E+003  2.2015393467E-001 -1.8865175298E-001 -1.1348247023E-001
   1  4024   0    0  3.9640277461E+003  2.2015393467E-001 -1.8865175298E-001 -1.1348247023E-001
   1  4025   0    0  3.9650277462E+003  2.2015393467E-001 -1.8865175298E-001 -1.1348247023E-001
   1  4026   0    0  3.9660277463E+003  2.2015393467E-001 -1.8865175298E-001 -1.1348247023E-001
   1  4027   0    0  3.9670277464E+003  2.2015393467E-001 -1.8865175298E-001 -1.1348247023E-001
   1  4028   0    0  3.9680277465E+003  2.2015393467E-001 -1.8865175298E-001 -1.1348247023E-001
   1  4029   0    0  3.9690277466E+003  2.2015393467E-001 -1.8865175298E-001 -1.1348247023E-001
   1  4030   0    0  3.9700277467E+003  2.2015393467E-001 -1.8865175298E-001 -1.1348247023E-001
   1  4031   0    0  3.9710277468E+003  2.2015393467E-001 -1.8865175298E-001 -1.1348247023E-001
   1  4032   0    0  3.9720277469E+003  2.2015393467E-001 -1.8865175298E-001 -1.1348247023E-001
   1  4033   0    0  3.9730277470E+003  2.2015393467E-001 -1.8865175298E-001 -1.1348247023E-001
   1  4034   0    0  3.9740277471E+003  2.2015393467E-001 -1.8865175298E-001 -1.1348247023E-001
   1  4035   0    0  3.9750277472E+003  2.2015393467E-001 -1.8865175298E-001 -1.1348247023E-001
   1  4036   0    0  3.9760277473E+003  2.2015393467E-001 -1.8865175298E-001 -1.1348247023E-001
   1  4037   0    0  3.9770277474E+003  2.2015393467E-001 -1.8865175298E-001 -1.1348247023E-001
   1  4038   0    0  3.9780277475E+003  2.2015393467E-001 -1.8865175298E-001 -1.1348247023E-001
   1  4039   0    0  3.9790277476E+003  2.2015393467E-001 -1.8865175298E-001 -1.1348247023E-001
   1  4040   4  203  3.9800277477E+003  2.2015393467E-001 -1.8865175298E-001 -1.1348247023E-001
   1  4041   0    0  3.9810277478E+003  2.2015393467E-001 -1.8865175298E-001 -1.1348247023E-001
   1  4042   0    0  3.9820277479E+003  2.2015393467E-001 -1.8865175298E-001 -1.1348247023E-001
   1  4043   0    0  3.9830277480E+003  2.2015393467E-001 -1.8865175298E-001 -1.1348247023E-001
   1  4044   0    0  3.9840277481E+003  2.2015393467E-001 -1.8865175298E-001 -1.1348247023E-001
   1  4045   0    0  3.9850277482E+003  2.2015393467E-001 -1.8865175298E-001 -1.1348247023E-001
   1  4046   0    0  3.9860277483E+003  2.2015393467E-001 -1.8865175298E-001 -1.1348247023E-001
   1  4047   0    0  3.9870277484E+003  2.2015393467E-001 -1.8865175298E-001 -1.1348247023E-001
   1  4048   0    0  3.9880277485E+003  2.2015393467E-001 -1.8865175298E-001 -1.1348247023E-001
   1  4049   0    0  3.9890277486E+003  2.2015393467E-001 -1.8865175298E-001 -1.1348247023E-001
   1  4050   0    0  3.9900277487E+003  2.2015393467E-001 -1.8865175298E-001 -1.1348247023E-001
   1  4051   0    0  3.9910277488E+003  2.2015393467E-001 -1.8865175298E-001 -1.1348247023E-001
   1  4052   0    0  3.9920277489E+003  2.2015393467E-001 -1.8865175298E-001 -1.1348247023E-001
   1  4053   0    0  3.9930277490E+003  2.2015393467E-001 -1.8865175298E-001 -1.1348247023E-001
   1  4054   0    0  3.9940277491E+003  2.2015393467E-001 -1.8865175298E-001 -1.1348247023E-001
   1  4055   0    0  3.9950277492E+003  2.2015393467E-001 -1.8865175298E-001 -1.1348247023E-001
   1  4056   0    0  3.9960277493E+003  2.2015393467E-001 -1.8865175298E-001 -1.1348247023E-001
   1  4057   0    0  3.9970277494E+003  2.2015393467E-001 -1.8865175298E-001 -1.1348247023E-001
   1  4058   0    0  3.9980277495E+003  2.2015393467E-001 -1.8865175298E-001 -1.1348247023E-001
   1  4059   0    0  3.9990277496E+003  2.2015393467E-001 -1.8865175298E-001 -1.1348247023E-001
   1  4060   4  204  4.0000277497E+003  2.2015393467E-001 -1.8865175298E-001 -1.1348247023E-001
   1  4061   0    0  4.0010277498E+003  2.2015393467E-001 -1.8865175298E-001 -1.1348247023E-001
   1  4062   0    0  4.0020277499E+003  2.2015393467E-001 -1.8865175298E-001 -1.1348247023E-001
   1  4063   0    0  4.0030277500E+003  2.2015393467E-001 -1.8865175298E-001 -1.1348247023E-001
   1  4064   0    0  4.0040277501E+003  2.2015393467E-001 -1.8865175298E-001 -1.1348247023E-001
   1  4065   0    0  4.0050277502E+003  2.2015393467E-001 -1.8865175298E-001 -1.1348247023E-001
   1  4066   0    0  4.0060277503E+003  2.2015393467E-001 -1.8865175298E-001 -1.1348247023E-001
   1  4067   0    0  4.0070277504E+003  2.2015393467E-001 -1.8865175298E-001 -1.1348247023E-001
   1  4068   0    0  4.0080277505E+003  2.2015393467E-001 -1.8865175298E-001 -1.1348247023E-001
   1  4069   0    0  4.0090277506E+003  2.2015393467E-001 -1.8865175298E-001 -1.1348247023E-001
   1  4070   0    0  4.0100277507E+003  2.2015393467E-001 -1.8865175298E-001 -1.1348247023E-001
   1  4071   0    0  4.0110277508E+003  2.2015393467E-001 -1.8865175298E-001 -1.1348247023E-001
   1  4072   0    0  4.0120277509E+003  2.2015393467E-001 -1.8865175298E-001 -1.1348247023E-001
   1  4073   0    0  4.0130277510E+003  2.2015393467E-001 -1.8865175298E-001 -1.1348247023E-001
   1  4074   0    0  4.0140277511E+003  2.2015393467E-001 -1.8865175298E-001 -1.1348247023E-001
   1  4075   0    0  4.0150277512E+003  2.2015393467E-001 -1.8865175298E-001 -1.1348247023E-001
   1  4076   0    0  4.0160277513E+003  2.2015393467E-001 -1.8865175298E-001 -1.1348247023E-001
   1  4077   0    0  4.0170277514E+003  2.2015393467E-001 -1.8865175298E-001 -1.1348247023E-001
   1  4078   0    0  4.0180277515E+003  2.2015393467E-001 -1.8865175298E-001 -1.1348247023E-001
   1  4079   0    0  4.0190277516E+003  2.2015393467E-001 -1.8865175298E-001 -1.1348247023E-001
   1  4080   4  205  4.0200277517E+003  2.2015393467E-001 -1.8865175298E-001 -1.1348247023E-001
   1  4081   0    0  4.0210277518E+003  2.2015393467E-001 -1.8865175298E-001 -1.1348247023E-001
   1  4082   0    0  4.0220277519E+003  2.2015393467E-001 -1.8865175298E-001 -1.1348247023E-001
   1  4083   0    0  4.0230277520E+003  2.2015393467E-001 -1.8865175298E-001 -1.1348247023E-001
   1  4084   0    0  4.0240277521E+003  2.2015393467E-001 -1.8865175298E-001 -1.1348247023E-001
   1  4085   0    0  4.0250277522E+003  2.2015393467E-001 -1.8865175298E-001 -1.1348247023E-001
   1  4086   0    0  4.0260277523E+003  2.2015393467E-001 -1.8865175298E-001 -1.1348247023E-001
   1  4087   0    0  4.0270277524E+003  2.2015393467E-001 -1.8865175298E-001 -1.1348247023E-001
   1  4088   0    0  4.0280277525E+003  2.2015393467E-001 -1.8865175298E-001 -1.1348247023E-001
   1  4089   0    0  4.0290277526E+003  2.2015393467E-001 -1.8865175298E-001 -1.1348247023E-001
   1  4090   0    0  4.0300277527E+003  2.2015393467E-001 -1.8865175298E-001 -1.1348247023E-001
   1  4091   0    0  4.0310277528E+003  2.2015393467E-001 -1.8865175298E-001 -1.1348247023E-001
   1  4092   0    0  4.0320277529E+003  2.2015393467E-001 -1.8865175298E-001 -1.1348247023E-001
   1  4093   0    0  4.0330277530E+003  2.2015393467E-001 -1.8865175298E-001 -1.1348247023E-001
   1  4094   0    0  4.0340277531E+003  2.2015393467E-001 -1.8865175298E-001 -1.1348247023E-001
   1  4095   0    0  4.0350277532E+003  2.2015393467E-001 -1.8865175298E-001 -1.1348247023E-001
   1  4096   0    0  4.0360277533E+003  2.2015393467E-001 -1.8865175298E-001 -1.1348247023E-001
   1  4097   0    0  4.0370277534E+003  2.2015393467E-001 -1.8865175298E-001 -1.1348247023E-001
   1  4098   0    0  4.0380277535E+003  2.2015393467E-001 -1.8865175298E-001 -1.1348247023E-001
   1  4099   0    0  4.0390277536E+003  2.2015393467E-001 -1.8865175298E-001 -1.1348247023E-001
   1  4100   4  206  4.0400277537E+003  2.2015393467E-001 -1.8865175298E-001 -1.1348247023E-001
   1  4101   0    0  4.0410277538E+003  2.2015393467E-001 -1.8865175298E-001 -1.1348247023E-001
   1  4102   0    0  4.0420277539E+003  2.2015393467E-001 -1.8865175298E-001 -1.1348247023E-001
   1  4103   0    0  4.0430277540E+003  2.2015393467E-001 -1.8865175298E-001 -1.1348247023E-001
   1  4104   0    0  4.0440277541E+003  2.2015393467E-001 -1.8865175298E-001 -1.1348247023E-001
   1  4105   0    0  4.0450277542E+003  2.2015393467E-001 -1.8865175298E-001 -1.1348247023E-001
   1  4106   0    0  4.0460277543E+003  2.2015393467E-001 -1.8865175298E-001 -1.1348247023E-001
   1  4107   0    0  4.0470277544E+003  2.2015393467E-001 -1.8865175298E-001 -1.1348247023E-001
   1  4108   0    0  4.0480277545E+003  2.2015393467E-001 -1.8865175298E-001 -1.1348247023E-001
   1  4109   0    0  4.0490277546E+003  2.2015393467E-001 -1.8865175298E-001 -1.1348247023E-001
   1  4110   0    0  4.0500277547E+003  2.2015393467E-001 -1.8865175298E-001 -1.1348247023E-001
   1  4111   0    0  4.0510277548E+003  2.2015393467E-001 -1.8865175298E-001 -1.1348247023E-001
   1  4112   0    0  4.0520277549E+003  2.2015393467E-001 -1.8865175298E-001 -1.1348247023E-001
   1  4113   0    0  4.0530277550E+003  2.2015393467E-001 -1.8865175298E-001 -1.1348247023E-001
   1  4114   0    0  4.0540277551E+003  2.2015393467E-001 -1.8865175298E-001 -1.1348247023E-001
   1  4115   0    0  4.0550277552E+003  2.2015393467E-001 -1.8865175298E-001 -1.1348247023E-001
   1  4116   0    0  4.0560277553E+003  2.2015393467E-001 -1.8865175298E-001 -1.1348247023E-001
   1  4117   0    0  4.0570277554E+003  2.2015393467E-001 -1.8865175298E-001 -1.1348247023E-001
   1  4118   0    0  4.0580277555E+003  2.2015393467E-001 -1.8865175298E-001 -1.1348247023E-001
   1  4119   0    0  4.0590277556E+003  2.2015393467E-001 -1.8865175298E-001 -1.1348247023E-001
   1  4120   4  207  4.0600277557E+003  2.2015393467E-001 -1.8865175298E-001 -1.1348247023E-001
   1  4121   0    0  4.0610277558E+003  2.2015393467E-001 -1.8865175298E-001 -1.1348247023E-001
   1  4122   0    0  4.0620277559E+003  2.2015393467E-001 -1.8865175298E-001 -1.1348247023E-001
   1  4123   0    0  4.0630277560E+003  2.2015393467E-001 -1.8865175298E-001 -1.1348247023E-001
   1  4124   0    0  4.0640277561E+003  2.2015393467E-001 -1.8865175298E-001 -1.1348247023E-001
   1  4125   0    0  4.0650277562E+003  2.2015393467E-001 -1.8865175298E-001 -1.1348247023E-001
   1  4126   0    0  4.0660277563E+003  2.2015393467E-001 -1.8865175298E-001 -1.1348247023E-001
   1  4127   0    0  4.0670277564E+003  2.2015393467E-001 -1.8865175298E-001 -1.1348247023E-001
   1  4128   0    0  4.0680277565E+003  2.2015393467E-001 -1.8865175298E-001 -1.1348247023E-001
   1  4129   0    0  4.0690277566E+003  2.2015393467E-001 -1.8865175298E-001 -1.1348247023E-001
   1  4130   0    0  4.0700277567E+003  2.2015393467E-001 -1.8865175298E-001 -1.1348247023E-001
   1  4131   0    0  4.0710277568E+003  2.2015393467E-001 -1.8865175298E-001 -1.1348247023E-001
   1  4132   0    0  4.0720277569E+003  2.2015393467E-001 -1.8865175298E-001 -1.1348247023E-001
   1  4133   0    0  4.0730277570E+003  2.2015393467E-001 -1.8865175298E-001 -1.1348247023E-001
   1  4134   0    0  4.0740277571E+003  2.2015393467E-001 -1.8865175298E-001 -1.1348247023E-001
   1  4135   0    0  4.0750277572E+003  2.2015393467E-001 -1.8865175298E-001 -1.1348247023E-001
   1  4136   0    0  4.0760277573E+003  2.2015393467E-001 -1.8865175298E-001 -1.1348247023E-001
   1  4137   0    0  4.0770277574E+003  2.2015393467E-001 -1.8865175298E-001 -1.1348247023E-001
   1  4138   0    0  4.0780277575E+003  2.2015393467E-001 -1.8865175298E-001 -1.1348247023E-001
   1  4139   0    0  4.0790277576E+003  2.2015393467E-001 -1.8865175298E-001 -1.1348247023E-001
   1  4140   4  208  4.0800277577E+003  2.2015393467E-001 -1.8865175298E-001 -1.1348247023E-001
   1  4141   0    0  4.0810277578E+003  2.2015393467E-001 -1.8865175298E-001 -1.1348247023E-001
   1  4142   0    0  4.0820277579E+003  2.2015393467E-001 -1.8865175298E-001 -1.1348247023E-001
   1  4143   0    0  4.0830277580E+003  2.2015393467E-001 -1.8865175298E-001 -1.1348247023E-001
   1  4144   0    0  4.0840277581E+003  2.2015393467E-001 -1.8865175298E-001 -1.1348247023E-001
   1  4145   0    0  4.0850277582E+003  2.2015393467E-001 -1.8865175298E-001 -1.1348247023E-001
   1  4146   0    0  4.0860277583E+003  2.2015393467E-001 -1.8865175298E-001 -1.1348247023E-001
   1  4147   0    0  4.0870277584E+003  2.2015393467E-001 -1.8865175298E-001 -1.1348247023E-001
   1  4148   0    0  4.0880277585E+003  2.2015393467E-001 -1.8865175298E-001 -1.1348247023E-001
   1  4149   0    0  4.0890277586E+003  2.2015393467E-001 -1.8865175298E-001 -1.1348247023E-001
   1  4150   0    0  4.0900277587E+003  2.2015393467E-001 -1.8865175298E-001 -1.1348247023E-001
   1  4151   0    0  4.0910277588E+003  2.2015393467E-001 -1.8865175298E-001 -1.1348247023E-001
   1  4152   0    0  4.0920277589E+003  2.2015393467E-001 -1.8865175298E-001 -1.1348247023E-001
   1  4153   0    0  4.0930277590E+003  2.2015393467E-001 -1.8865175298E-001 -1.1348247023E-001
   1  4154   0    0  4.0940277591E+003  2.2015393467E-001 -1.8865175298E-001 -1.1348247023E-001
   1  4155   0    0  4.0950277592E+003  2.2015393467E-001 -1.8865175298E-001 -1.1348247023E-001
   1  4156   0    0  4.0960277593E+003  2.2015393467E-001 -1.8865175298E-001 -1.1348247023E-001
   1  4157   0    0  4.0970277594E+003  2.2015393467E-001 -1.8865175298E-001 -1.1348247023E-001
   1  4158   0    0  4.0980277595E+003  2.2015393467E-001 -1.8865175298E-001 -1.1348247023E-001
   1  4159   0    0  4.0990277596E+003  2.2015393467E-001 -1.8865175298E-001 -1.1348247023E-001
   1  4160   4  209  4.1000277597E+003  2.2015393467E-001 -1.8865175298E-001 -1.1348247023E-001
   1  4161   0    0  4.1010277598E+003  2.2015393467E-001 -1.8865175298E-001 -1.1348247023E-001
   1  4162   0    0  4.1020277599E+003  2.2015393467E-001 -1.8865175298E-001 -1.1348247023E-001
   1  4163   0    0  4.1030277600E+003  2.2015393467E-001 -1.8865175298E-001 -1.1348247023E-001
   1  4164   0    0  4.1040277601E+003  2.2015393467E-001 -1.8865175298E-001 -1.1348247023E-001
   1  4165   0    0  4.1050277602E+003  2.2015393467E-001 -1.8865175298E-001 -1.1348247023E-001
   1  4166   0    0  4.1060277603E+003  2.2015393467E-001 -1.8865175298E-001 -1.1348247023E-001
   1  4167   0    0  4.1070277604E+003  2.2015393467E-001 -1.8865175298E-001 -1.1348247023E-001
   1  4168   0    0  4.1080277605E+003  2.2015393467E-001 -1.8865175298E-001 -1.1348247023E-001
   1  4169   0    0  4.1090277606E+003  2.2015393467E-001 -1.8865175298E-001 -1.1348247023E-001
   1  4170   0    0  4.1100277607E+003  2.2015393467E-001 -1.8865175298E-001 -1.1348247023E-001
   1  4171   0    0  4.1110277608E+003  2.2015393467E-001 -1.8865175298E-001 -1.1348247023E-001
   1  4172   0    0  4.1120277609E+003  2.2015393467E-001 -1.8865175298E-001 -1.1348247023E-001
   1  4173   0    0  4.1130277610E+003  2.2015393467E-001 -1.8865175298E-001 -1.1348247023E-001
   1  4174   0    0  4.1140277611E+003  2.2015393467E-001 -1.8865175298E-001 -1.1348247023E-001
   1  4175   0    0  4.1150277612E+003  2.2015393467E-001 -1.8865175298E-001 -1.1348247023E-001
   1  4176   0    0  4.1160277613E+003  2.2015393467E-001 -1.8865175298E-001 -1.1348247023E-001
   1  4177   0    0  4.1170277614E+003  2.2015393467E-001 -1.8865175298E-001 -1.1348247023E-001
   1  4178   0    0  4.1180277615E+003  2.2015393467E-001 -1.8865175298E-001 -1.1348247023E-001
   1  4179   0    0  4.1190277616E+003  2.2015393467E-001 -1.8865175298E-001 -1.1348247023E-001
   1  4180   4  210  4.1200277617E+003  2.2015393467E-001 -1.8865175298E-001 -1.1348247023E-001
   1  4181   0    0  4.1210277618E+003  2.2015393467E-001 -1.8865175298E-001 -1.1348247023E-001
   1  4182   0    0  4.1220277619E+003  2.2015393467E-001 -1.8865175298E-001 -1.1348247023E-001
   1  4183   0    0  4.1230277620E+003  2.2015393467E-001 -1.8865175298E-001 -1.1348247023E-001
   1  4184   0    0  4.1240277621E+003  2.2015393467E-001 -1.8865175298E-001 -1.1348247023E-001
   1  4185   0    0  4.1250277622E+003  2.2015393467E-001 -1.8865175298E-001 -1.1348247023E-001
   1  4186   0    0  4.1260277623E+003  2.2015393467E-001 -1.8865175298E-001 -1.1348247023E-001
   1  4187   0    0  4.1270277624E+003  2.2015393467E-001 -1.8865175298E-001 -1.1348247023E-001
   1  4188   0    0  4.1280277625E+003  2.2015393467E-001 -1.8865175298E-001 -1.1348247023E-001
   1  4189   0    0  4.1290277626E+003  2.2015393467E-001 -1.8865175298E-001 -1.1348247023E-001
   1  4190   0    0  4.1300277627E+003  2.2015393467E-001 -1.8865175298E-001 -1.1348247023E-001
   1  4191   0    0  4.1310277628E+003  2.2015393467E-001 -1.8865175298E-001 -1.1348247023E-001
   1  4192   0    0  4.1320277629E+003  2.2015393467E-001 -1.8865175298E-001 -1.1348247023E-001
   1  4193   0    0  4.1330277630E+003  2.2015393467E-001 -1.8865175298E-001 -1.1348247023E-001
   1  4194   0    0  4.1340277631E+003  2.2015393467E-001 -1.8865175298E-001 -1.1348247023E-001
   1  4195   0    0  4.1350277632E+003  2.2015393467E-001 -1.8865175298E-001 -1.1348247023E-001
   1  4196   0    0  4.1360277633E+003  2.2015393467E-001 -1.8865175298E-001 -1.1348247023E-001
   1  4197   0    0  4.1370277634E+003  2.2015393467E-001 -1.8865175298E-001 -1.1348247023E-001
   1  4198   0    0  4.1380277635E+003  2.2015393467E-001 -1.8865175298E-001 -1.1348247023E-001
   1  4199   0    0  4.1390277636E+003  2.2015393467E-001 -1.8865175298E-001 -1.1348247023E-001
   1  4200   4  211  4.1400277637E+003  2.2015393467E-001 -1.8865175298E-001 -1.1348247023E-001
   1  4201   0    0  4.1410277638E+003  2.2015393467E-001 -1.8865175298E-001 -1.1348247023E-001
   1  4202   0    0  4.1420277639E+003  2.2015393467E-001 -1.8865175298E-001 -1.1348247023E-001
   1  4203   0    0  4.1430277640E+003  2.2015393467E-001 -1.8865175298E-001 -1.1348247023E-001
   1  4204   0    0  4.1440277641E+003  2.2015393467E-001 -1.8865175298E-001 -1.1348247023E-001
   1  4205   0    0  4.1450277642E+003  2.2015393467E-001 -1.8865175298E-001 -1.1348247023E-001
   1  4206   0    0  4.1460277643E+003  2.2015393467E-001 -1.8865175298E-001 -1.1348247023E-001
   1  4207   0    0  4.1470277644E+003  2.2015393467E-001 -1.8865175298E-001 -1.1348247023E-001
   1  4208   0    0  4.1480277645E+003  2.2015393467E-001 -1.8865175298E-001 -1.1348247023E-001
   1  4209   0    0  4.1490277646E+003  2.2015393467E-001 -1.8865175298E-001 -1.1348247023E-001
   1  4210   0    0  4.1500277647E+003  2.2015393467E-001 -1.8865175298E-001 -1.1348247023E-001
   1  4211   0    0  4.1510277648E+003  2.2015393467E-001 -1.8865175298E-001 -1.1348247023E-001
   1  4212   0    0  4.1520277649E+003  2.2015393467E-001 -1.8865175298E-001 -1.1348247023E-001
   1  4213   0    0  4.1530277650E+003  2.2015393467E-001 -1.8865175298E-001 -1.1348247023E-001
   1  4214   0    0  4.1540277651E+003  2.2015393467E-001 -1.8865175298E-001 -1.1348247023E-001
   1  4215   0    0  4.1550277652E+003  2.2015393467E-001 -1.8865175298E-001 -1.1348247023E-001
   1  4216   0    0  4.1560277653E+003  2.2015393467E-001 -1.8865175298E-001 -1.1348247023E-001
   1  4217   0    0  4.1570277654E+003  2.2015393467E-001 -1.8865175298E-001 -1.1348247023E-001
   1  4218   0    0  4.1580277655E+003  2.2015393467E-001 -1.8865175298E-001 -1.1348247023E-001
   1  4219   0    0  4.1590277656E+003  2.2015393467E-001 -1.8865175298E-001 -1.1348247023E-001
   1  4220   4  212  4.1600277657E+003  2.2015393467E-001 -1.8865175298E-001 -1.1348247023E-001
   1  4221   0    0  4.1610277658E+003  2.2015393467E-001 -1.8865175298E-001 -1.1348247023E-001
   1  4222   0    0  4.1620277659E+003  2.2015393467E-001 -1.8865175298E-001 -1.1348247023E-001
   1  4223   0    0  4.1630277660E+003  2.2015393467E-001 -1.8865175298E-001 -1.1348247023E-001
   1  4224   0    0  4.1640277661E+003  2.2015393467E-001 -1.8865175298E-001 -1.1348247023E-001
   1  4225   0    0  4.1650277662E+003  2.2015393467E-001 -1.8865175298E-001 -1.1348247023E-001
   1  4226   0    0  4.1660277663E+003  2.2015393467E-001 -1.8865175298E-001 -1.1348247023E-001
   1  4227   0    0  4.1670277664E+003  2.2015393467E-001 -1.8865175298E-001 -1.1348247023E-001
   1  4228   0    0  4.1680277665E+003  2.2015393467E-001 -1.8865175298E-001 -1.1348247023E-001
   1  4229   0    0  4.1690277666E+003  2.2015393467E-001 -1.8865175298E-001 -1.1348247023E-001
   1  4230   0    0  4.1700277667E+003  2.2015393467E-001 -1.8865175298E-001 -1.1348247023E-001
   1  4231   0    0  4.1710277668E+003  2.2015393467E-001 -1.8865175298E-001 -1.1348247023E-001
   1  4232   0    0  4.1720277669E+003  2.2015393467E-001 -1.8865175298E-001 -1.1348247023E-001
   1  4233   0    0  4.1730277670E+003  2.2015393467E-001 -1.8865175298E-001 -1.1348247023E-001
   1  4234   0    0  4.1740277671E+003  2.2015393467E-001 -1.8865175298E-001 -1.1348247023E-001
   1  4235   0    0  4.1750277672E+003  2.2015393467E-001 -1.8865175298E-001 -1.1348247023E-001
   1  4236   0    0  4.1760277673E+003  2.2015393467E-001 -1.8865175298E-001 -1.1348247023E-001
   1  4237   0    0  4.1770277674E+003  2.2015393467E-001 -1.8865175298E-001 -1.1348247023E-001
   1  4238   0    0  4.1780277675E+003  2.2015393467E-001 -1.8865175298E-001 -1.1348247023E-001
   1  4239   0    0  4.1790277676E+003  2.2015393467E-001 -1.8865175298E-001 -1.1348247023E-001
   1  4240   4  213  4.1800277677E+003  2.2015393467E-001 -1.8865175298E-001 -1.1348247023E-001
   1  4241   0    0  4.1810277678E+003  2.2015393467E-001 -1.8865175298E-001 -1.1348247023E-001
   1  4242   0    0  4.1820277679E+003  2.2015393467E-001 -1.8865175298E-001 -1.1348247023E-001
   1  4243   0    0  4.1830277680E+003  2.2015393467E-001 -1.8865175298E-001 -1.1348247023E-001
   1  4244   0    0  4.1840277681E+003  2.2015393467E-001 -1.8865175298E-001 -1.1348247023E-001
   1  4245   0    0  4.1850277682E+003  2.2015393467E-001 -1.8865175298E-001 -1.1348247023E-001
   1  4246   0    0  4.1860277683E+003  2.2015393467E-001 -1.8865175298E-001 -1.1348247023E-001
   1  4247   0    0  4.1870277684E+003  2.2015393467E-001 -1.8865175298E-001 -1.1348247023E-001
   1  4248   0    0  4.1880277685E+003  2.2015393467E-001 -1.8865175298E-001 -1.1348247023E-001
   1  4249   0    0  4.1890277686E+003  2.2015393467E-001 -1.8865175298E-001 -1.1348247023E-001
   1  4250   0    0  4.1900277687E+003  2.2015393467E-001 -1.8865175298E-001 -1.1348247023E-001
   1  4251   0    0  4.1910277688E+003  2.2015393467E-001 -1.8865175298E-001 -1.1348247023E-001
   1  4252   0    0  4.1920277689E+003  2.2015393467E-001 -1.8865175298E-001 -1.1348247023E-001
   1  4253   0    0  4.1930277690E+003  2.2015393467E-001 -1.8865175298E-001 -1.1348247023E-001
   1  4254   0    0  4.1940277691E+003  2.2015393467E-001 -1.8865175298E-001 -1.1348247023E-001
   1  4255   0    0  4.1950277692E+003  2.2015393467E-001 -1.8865175298E-001 -1.1348247023E-001
   1  4256   0    0  4.1960277693E+003  2.2015393467E-001 -1.8865175298E-001 -1.1348247023E-001
   1  4257   0    0  4.1970277694E+003  2.2015393467E-001 -1.8865175298E-001 -1.1348247023E-001
   1  4258   0    0  4.1980277695E+003  2.2015393467E-001 -1.8865175298E-001 -1.1348247023E-001
   1  4259   0    0  4.1990277696E+003  2.2015393467E-001 -1.8865175298E-001 -1.1348247023E-001
   1  4260   4  214  4.2000277697E+003  2.2015393467E-001 -1.8865175298E-001 -1.1348247023E-001
   1  4261   0    0  4.2010277698E+003  2.2015393467E-001 -1.8865175298E-001 -1.1348247023E-001
   1  4262   0    0  4.2020277699E+003  2.2015393467E-001 -1.8865175298E-001 -1.1348247023E-001
   1  4263   0    0  4.2030277700E+003  2.2015393467E-001 -1.8865175298E-001 -1.1348247023E-001
   1  4264   0    0  4.2040277701E+003  2.2015393467E-001 -1.8865175298E-001 -1.1348247023E-001
   1  4265   0    0  4.2050277702E+003  2.2015393467E-001 -1.8865175298E-001 -1.1348247023E-001
   1  4266   0    0  4.2060277703E+003  2.2015393467E-001 -1.8865175298E-001 -1.1348247023E-001
   1  4267   0    0  4.2070277704E+003  2.2015393467E-001 -1.8865175298E-001 -1.1348247023E-001
   1  4268   0    0  4.2080277705E+003  2.2015393467E-001 -1.8865175298E-001 -1.1348247023E-001
   1  4269   0    0  4.2090277706E+003  2.2015393467E-001 -1.8865175298E-001 -1.1348247023E-001
   1  4270   0    0  4.2100277707E+003  2.2015393467E-001 -1.8865175298E-001 -1.1348247023E-001
   1  4271   0    0  4.2110277708E+003  2.2015393467E-001 -1.8865175298E-001 -1.1348247023E-001
   1  4272   0    0  4.2120277709E+003  2.2015393467E-001 -1.8865175298E-001 -1.1348247023E-001
   1  4273   0    0  4.2130277710E+003  2.2015393467E-001 -1.8865175298E-001 -1.1348247023E-001
   1  4274   0    0  4.2140277711E+003  2.2015393467E-001 -1.8865175298E-001 -1.1348247023E-001
   1  4275   0    0  4.2150277712E+003  2.2015393467E-001 -1.8865175298E-001 -1.1348247023E-001
   1  4276   0    0  4.2160277713E+003  2.2015393467E-001 -1.8865175298E-001 -1.1348247023E-001
   1  4277   0    0  4.2170277714E+003  2.2015393467E-001 -1.8865175298E-001 -1.1348247023E-001
   1  4278   0    0  4.2180277715E+003  2.2015393467E-001 -1.8865175298E-001 -1.1348247023E-001
   1  4279   0    0  4.2190277716E+003  2.2015393467E-001 -1.8865175298E-001 -1.1348247023E-001
   1  4280   4  215  4.2200277717E+003  2.2015393467E-001 -1.8865175298E-001 -1.1348247023E-001
   1  4281   0    0  4.2210277718E+003  2.2015393467E-001 -1.8865175298E-001 -1.1348247023E-001
   1  4282   0    0  4.2220277719E+003  2.2015393467E-001 -1.8865175298E-001 -1.1348247023E-001
   1  4283   0    0  4.2230277720E+003  2.2015393467E-001 -1.8865175298E-001 -1.1348247023E-001
   1  4284   0    0  4.2240277721E+003  2.2015393467E-001 -1.8865175298E-001 -1.1348247023E-001
   1  4285   0    0  4.2250277722E+003  2.2015393467E-001 -1.8865175298E-001 -1.1348247023E-001
   1  4286   0    0  4.2260277723E+003  2.2015393467E-001 -1.8865175298E-001 -1.1348247023E-001
   1  4287   0    0  4.2270277724E+003  2.2015393467E-001 -1.8865175298E-001 -1.1348247023E-001
   1  4288   0    0  4.2280277725E+003  2.2015393467E-001 -1.8865175298E-001 -1.1348247023E-001
   1  4289   0    0  4.2290277726E+003  2.2015393467E-001 -1.8865175298E-001 -1.1348247023E-001
   1  4290   0    0  4.2300277727E+003  2.2015393467E-001 -1.8865175298E-001 -1.1348247023E-001
   1  4291   0    0  4.2310277728E+003  2.2015393467E-001 -1.8865175298E-001 -1.1348247023E-001
   1  4292   0    0  4.2320277729E+003  2.2015393467E-001 -1.8865175298E-001 -1.1348247023E-001
   1  4293   0    0  4.2330277730E+003  2.2015393467E-001 -1.8865175298E-001 -1.1348247023E-001
   1  4294   0    0  4.2340277731E+003  2.2015393467E-001 -1.8865175298E-001 -1.1348247023E-001
   1  4295   0    0  4.2350277732E+003  2.2015393467E-001 -1.8865175298E-001 -1.1348247023E-001
   1  4296   0    0  4.2360277733E+003  2.2015393467E-001 -1.8865175298E-001 -1.1348247023E-001
   1  4297   0    0  4.2370277734E+003  2.2015393467E-001 -1.8865175298E-001 -1.1348247023E-001
   1  4298   0    0  4.2380277735E+003  2.2015393467E-001 -1.8865175298E-001 -1.1348247023E-001
   1  4299   0    0  4.2390277736E+003  2.2015393467E-001 -1.8865175298E-001 -1.1348247023E-001
   1  4300   4  216  4.2400277737E+003  2.2015393467E-001 -1.8865175298E-001 -1.1348247023E-001
   1  4301   0    0  4.2410277738E+003  2.2015393467E-001 -1.8865175298E-001 -1.1348247023E-001
   1  4302   0    0  4.2420277739E+003  2.2015393467E-001 -1.8865175298E-001 -1.1348247023E-001
   1  4303   0    0  4.2430277740E+003  2.2015393467E-001 -1.8865175298E-001 -1.1348247023E-001
   1  4304   0    0  4.2440277741E+003  2.2015393467E-001 -1.8865175298E-001 -1.1348247023E-001
   1  4305   0    0  4.2450277742E+003  2.2015393467E-001 -1.8865175298E-001 -1.1348247023E-001
   1  4306   0    0  4.2460277743E+003  2.2015393467E-001 -1.8865175298E-001 -1.1348247023E-001
   1  4307   0    0  4.2470277744E+003  2.2015393467E-001 -1.8865175298E-001 -1.1348247023E-001
   1  4308   0    0  4.2480277745E+003  2.2015393467E-001 -1.8865175298E-001 -1.1348247023E-001
   1  4309   0    0  4.2490277746E+003  2.2015393467E-001 -1.8865175298E-001 -1.1348247023E-001
   1  4310   0    0  4.2500277747E+003  2.2015393467E-001 -1.8865175298E-001 -1.1348247023E-001
   1  4311   0    0  4.2510277748E+003  2.2015393467E-001 -1.8865175298E-001 -1.1348247023E-001
   1  4312   0    0  4.2520277749E+003  2.2015393467E-001 -1.8865175298E-001 -1.1348247023E-001
   1  4313   0    0  4.2530277750E+003  2.2015393467E-001 -1.8865175298E-001 -1.1348247023E-001
   1  4314   0    0  4.2540277751E+003  2.2015393467E-001 -1.8865175298E-001 -1.1348247023E-001
   1  4315   0    0  4.2550277752E+003  2.2015393467E-001 -1.8865175298E-001 -1.1348247023E-001
   1  4316   0    0  4.2560277753E+003  2.2015393467E-001 -1.8865175298E-001 -1.1348247023E-001
   1  4317   0    0  4.2570277754E+003  2.2015393467E-001 -1.8865175298E-001 -1.1348247023E-001
   1  4318   0    0  4.2580277755E+003  2.2015393467E-001 -1.8865175298E-001 -1.1348247023E-001
   1  4319   0    0  4.2590277756E+003  2.2015393467E-001 -1.8865175298E-001 -1.1348247023E-001
   1  4320   4  217  4.2600277757E+003  2.2015393467E-001 -1.8865175298E-001 -1.1348247023E-001
   1  4321   0    0  4.2610277758E+003  2.2015393467E-001 -1.8865175298E-001 -1.1348247023E-001
   1  4322   0    0  4.2620277759E+003  2.2015393467E-001 -1.8865175298E-001 -1.1348247023E-001
   1  4323   0    0  4.2630277760E+003  2.2015393467E-001 -1.8865175298E-001 -1.1348247023E-001
   1  4324   0    0  4.2640277761E+003  2.2015393467E-001 -1.8865175298E-001 -1.1348247023E-001
   1  4325   0    0  4.2650277762E+003  2.2015393467E-001 -1.8865175298E-001 -1.1348247023E-001
   1  4326   0    0  4.2660277763E+003  2.2015393467E-001 -1.8865175298E-001 -1.1348247023E-001
   1  4327   0    0  4.2670277764E+003  2.2015393467E-001 -1.8865175298E-001 -1.1348247023E-001
   1  4328   0    0  4.2680277765E+003  2.2015393467E-001 -1.8865175298E-001 -1.1348247023E-001
   1  4329   0    0  4.2690277766E+003  2.2015393467E-001 -1.8865175298E-001 -1.1348247023E-001
   1  4330   0    0  4.2700277767E+003  2.2015393467E-001 -1.8865175298E-001 -1.1348247023E-001
   1  4331   0    0  4.2710277768E+003  2.2015393467E-001 -1.8865175298E-001 -1.1348247023E-001
   1  4332   0    0  4.2720277769E+003  2.2015393467E-001 -1.8865175298E-001 -1.1348247023E-001
   1  4333   0    0  4.2730277770E+003  2.2015393467E-001 -1.8865175298E-001 -1.1348247023E-001
   1  4334   0    0  4.2740277771E+003  2.2015393467E-001 -1.8865175298E-001 -1.1348247023E-001
   1  4335   0    0  4.2750277772E+003  2.2015393467E-001 -1.8865175298E-001 -1.1348247023E-001
   1  4336   0    0  4.2760277773E+003  2.2015393467E-001 -1.8865175298E-001 -1.1348247023E-001
   1  4337   0    0  4.2770277774E+003  2.2015393467E-001 -1.8865175298E-001 -1.1348247023E-001
   1  4338   0    0  4.2780277775E+003  2.2015393467E-001 -1.8865175298E-001 -1.1348247023E-001
   1  4339   0    0  4.2790277776E+003  2.2015393467E-001 -1.8865175298E-001 -1.1348247023E-001
   1  4340   4  218  4.2800277777E+003  2.2015393467E-001 -1.8865175298E-001 -1.1348247023E-001
   1  4341   0    0  4.2810277778E+003  2.2015393467E-001 -1.8865175298E-001 -1.1348247023E-001
   1  4342   0    0  4.2820277779E+003  2.2015393467E-001 -1.8865175298E-001 -1.1348247023E-001
   1  4343   0    0  4.2830277780E+003  2.2015393467E-001 -1.8865175298E-001 -1.1348247023E-001
   1  4344   0    0  4.2840277781E+003  2.2015393467E-001 -1.8865175298E-001 -1.1348247023E-001
   1  4345   0    0  4.2850277782E+003  2.2015393467E-001 -1.8865175298E-001 -1.1348247023E-001
   1  4346   0    0  4.2860277783E+003  2.2015393467E-001 -1.8865175298E-001 -1.1348247023E-001
   1  4347   0    0  4.2870277784E+003  2.2015393467E-001 -1.8865175298E-001 -1.1348247023E-001
   1  4348   0    0  4.2880277785E+003  2.2015393467E-001 -1.8865175298E-001 -1.1348247023E-001
   1  4349   0    0  4.2890277786E+003  2.2015393467E-001 -1.8865175298E-001 -1.1348247023E-001
   1  4350   0    0  4.2900277787E+003  2.2015393467E-001 -1.8865175298E-001 -1.1348247023E-001
   1  4351   0    0  4.2910277788E+003  2.2015393467E-001 -1.8865175298E-001 -1.1348247023E-001
   1  4352   0    0  4.2920277789E+003  2.2015393467E-001 -1.8865175298E-001 -1.1348247023E-001
   1  4353   0    0  4.2930277790E+003  2.2015393467E-001 -1.8865175298E-001 -1.1348247023E-001
   1  4354   0    0  4.2940277791E+003  2.2015393467E-001 -1.8865175298E-001 -1.1348247023E-001
   1  4355   0    0  4.2950277792E+003  2.2015393467E-001 -1.8865175298E-001 -1.1348247023E-001
   1  4356   0    0  4.2960277793E+003  2.2015393467E-001 -1.8865175298E-001 -1.1348247023E-001
   1  4357   0    0  4.2970277794E+003  2.2015393467E-001 -1.8865175298E-001 -1.1348247023E-001
   1  4358   0    0  4.2980277795E+003  2.2015393467E-001 -1.8865175298E-001 -1.1348247023E-001
   1  4359   0    0  4.2990277796E+003  2.2015393467E-001 -1.8865175298E-001 -1.1348247023E-001
   1  4360   4  219  4.3000277797E+003  2.2015393467E-001 -1.8865175298E-001 -1.1348247023E-001
   1  4361   0    0  4.3010277798E+003  2.2015393467E-001 -1.8865175298E-001 -1.1348247023E-001
   1  4362   0    0  4.3020277799E+003  2.2015393467E-001 -1.8865175298E-001 -1.1348247023E-001
   1  4363   0    0  4.3030277800E+003  2.2015393467E-001 -1.8865175298E-001 -1.1348247023E-001
   1  4364   0    0  4.3040277801E+003  2.2015393467E-001 -1.8865175298E-001 -1.1348247023E-001
   1  4365   0    0  4.3050277802E+003  2.2015393467E-001 -1.8865175298E-001 -1.1348247023E-001
   1  4366   0    0  4.3060277803E+003  2.2015393467E-001 -1.8865175298E-001 -1.1348247023E-001
   1  4367   0    0  4.3070277804E+003  2.2015393467E-001 -1.8865175298E-001 -1.1348247023E-001
   1  4368   0    0  4.3080277805E+003  2.2015393467E-001 -1.8865175298E-001 -1.1348247023E-001
   1  4369   0    0  4.3090277806E+003  2.2015393467E-001 -1.8865175298E-001 -1.1348247023E-001
   1  4370   0    0  4.3100277807E+003  2.2015393467E-001 -1.8865175298E-001 -1.1348247023E-001
   1  4371   0    0  4.3110277808E+003  2.2015393467E-001 -1.8865175298E-001 -1.1348247023E-001
   1  4372   0    0  4.3120277809E+003  2.2015393467E-001 -1.8865175298E-001 -1.1348247023E-001
   1  4373   0    0  4.3130277810E+003  2.2015393467E-001 -1.8865175298E-001 -1.1348247023E-001
   1  4374   0    0  4.3140277811E+003  2.2015393467E-001 -1.8865175298E-001 -1.1348247023E-001
   1  4375   0    0  4.3150277812E+003  2.2015393467E-001 -1.8865175298E-001 -1.1348247023E-001
   1  4376   0    0  4.3160277813E+003  2.2015393467E-001 -1.8865175298E-001 -1.1348247023E-001
   1  4377   0    0  4.3170277814E+003  2.2015393467E-001 -1.8865175298E-001 -1.1348247023E-001
   1  4378   0    0  4.3180277815E+003  2.2015393467E-001 -1.8865175298E-001 -1.1348247023E-001
   1  4379   0    0  4.3190277816E+003  2.2015393467E-001 -1.8865175298E-001 -1.1348247023E-001
   1  4380   4  220  4.3200277817E+003  2.2015393467E-001 -1.8865175298E-001 -1.1348247023E-001
   1  4381   0    0  4.3210277818E+003  2.2015393467E-001 -1.8865175298E-001 -1.1348247023E-001
   1  4382   0    0  4.3220277819E+003  2.2015393467E-001 -1.8865175298E-001 -1.1348247023E-001
   1  4383   0    0  4.3230277820E+003  2.2015393467E-001 -1.8865175298E-001 -1.1348247023E-001
   1  4384   0    0  4.3240277821E+003  2.2015393467E-001 -1.8865175298E-001 -1.1348247023E-001
   1  4385   0    0  4.3250277822E+003  2.2015393467E-001 -1.8865175298E-001 -1.1348247023E-001
   1  4386   0    0  4.3260277823E+003  2.2015393467E-001 -1.8865175298E-001 -1.1348247023E-001
   1  4387   0    0  4.3270277824E+003  2.2015393467E-001 -1.8865175298E-001 -1.1348247023E-001
   1  4388   0    0  4.3280277825E+003  2.2015393467E-001 -1.8865175298E-001 -1.1348247023E-001
   1  4389   0    0  4.3290277826E+003  2.2015393467E-001 -1.8865175298E-001 -1.1348247023E-001
   1  4390   0    0  4.3300277827E+003  2.2015393467E-001 -1.8865175298E-001 -1.1348247023E-001
   1  4391   0    0  4.3310277828E+003  2.2015393467E-001 -1.8865175298E-001 -1.1348247023E-001
   1  4392   0    0  4.3320277829E+003  2.2015393467E-001 -1.8865175298E-001 -1.1348247023E-001
   1  4393   0    0  4.3330277830E+003  2.2015393467E-001 -1.8865175298E-001 -1.1348247023E-001
   1  4394   0    0  4.3340277831E+003  2.2015393467E-001 -1.8865175298E-001 -1.1348247023E-001
   1  4395   0    0  4.3350277832E+003  2.2015393467E-001 -1.8865175298E-001 -1.1348247023E-001
   1  4396   0    0  4.3360277833E+003  2.2015393467E-001 -1.8865175298E-001 -1.1348247023E-001
   1  4397   0    0  4.3370277834E+003  2.2015393467E-001 -1.8865175298E-001 -1.1348247023E-001
   1  4398   0    0  4.3380277835E+003  2.2015393467E-001 -1.8865175298E-001 -1.1348247023E-001
   1  4399   0    0  4.3390277836E+003  2.2015393467E-001 -1.8865175298E-001 -1.1348247023E-001
   1  4400   4  221  4.3400277837E+003  2.2015393467E-001 -1.8865175298E-001 -1.1348247023E-001
   1  4401   0    0  4.3410277838E+003  2.2015393467E-001 -1.8865175298E-001 -1.1348247023E-001
   1  4402   0    0  4.3420277839E+003  2.2015393467E-001 -1.8865175298E-001 -1.1348247023E-001
   1  4403   0    0  4.3430277840E+003  2.2015393467E-001 -1.8865175298E-001 -1.1348247023E-001
   1  4404   0    0  4.3440277841E+003  2.2015393467E-001 -1.8865175298E-001 -1.1348247023E-001
   1  4405   0    0  4.3450277842E+003  2.2015393467E-001 -1.8865175298E-001 -1.1348247023E-001
   1  4406   0    0  4.3460277843E+003  2.2015393467E-001 -1.8865175298E-001 -1.1348247023E-001
   1  4407   0    0  4.3470277844E+003  2.2015393467E-001 -1.8865175298E-001 -1.1348247023E-001
   1  4408   0    0  4.3480277845E+003  2.2015393467E-001 -1.8865175298E-001 -1.1348247023E-001
   1  4409   0    0  4.3490277846E+003  2.2015393467E-001 -1.8865175298E-001 -1.1348247023E-001
   1  4410   0    0  4.3500277847E+003  2.2015393467E-001 -1.8865175298E-001 -1.1348247023E-001
   1  4411   0    0  4.3510277848E+003  2.2015393467E-001 -1.8865175298E-001 -1.1348247023E-001
   1  4412   0    0  4.3520277849E+003  2.2015393467E-001 -1.8865175298E-001 -1.1348247023E-001
   1  4413   0    0  4.3530277850E+003  2.2015393467E-001 -1.8865175298E-001 -1.1348247023E-001
   1  4414   0    0  4.3540277851E+003  2.2015393467E-001 -1.8865175298E-001 -1.1348247023E-001
   1  4415   0    0  4.3550277852E+003  2.2015393467E-001 -1.8865175298E-001 -1.1348247023E-001
   1  4416   0    0  4.3560277853E+003  2.2015393467E-001 -1.8865175298E-001 -1.1348247023E-001
   1  4417   0    0  4.3570277854E+003  2.2015393467E-001 -1.8865175298E-001 -1.1348247023E-001
   1  4418   0    0  4.3580277855E+003  2.2015393467E-001 -1.8865175298E-001 -1.1348247023E-001
   1  4419   0    0  4.3590277856E+003  2.2015393467E-001 -1.8865175298E-001 -1.1348247023E-001
   1  4420   4  222  4.3600277857E+003  2.2015393467E-001 -1.8865175298E-001 -1.1348247023E-001
   1  4421   0    0  4.3610277858E+003  2.2015393467E-001 -1.8865175298E-001 -1.1348247023E-001
   1  4422   0    0  4.3620277859E+003  2.2015393467E-001 -1.8865175298E-001 -1.1348247023E-001
   1  4423   0    0  4.3630277860E+003  2.2015393467E-001 -1.8865175298E-001 -1.1348247023E-001
   1  4424   0    0  4.3640277861E+003  2.2015393467E-001 -1.8865175298E-001 -1.1348247023E-001
   1  4425   0    0  4.3650277862E+003  2.2015393467E-001 -1.8865175298E-001 -1.1348247023E-001
   1  4426   0    0  4.3660277863E+003  2.2015393467E-001 -1.8865175298E-001 -1.1348247023E-001
   1  4427   0    0  4.3670277864E+003  2.2015393467E-001 -1.8865175298E-001 -1.1348247023E-001
   1  4428   0    0  4.3680277865E+003  2.2015393467E-001 -1.8865175298E-001 -1.1348247023E-001
   1  4429   0    0  4.3690277866E+003  2.2015393467E-001 -1.8865175298E-001 -1.1348247023E-001
   1  4430   0    0  4.3700277867E+003  2.2015393467E-001 -1.8865175298E-001 -1.1348247023E-001
   1  4431   0    0  4.3710277868E+003  2.2015393467E-001 -1.8865175298E-001 -1.1348247023E-001
   1  4432   0    0  4.3720277869E+003  2.2015393467E-001 -1.8865175298E-001 -1.1348247023E-001
   1  4433   0    0  4.3730277870E+003  2.2015393467E-001 -1.8865175298E-001 -1.1348247023E-001
   1  4434   0    0  4.3740277871E+003  2.2015393467E-001 -1.8865175298E-001 -1.1348247023E-001
   1  4435   0    0  4.3750277872E+003  2.2015393467E-001 -1.8865175298E-001 -1.1348247023E-001
   1  4436   0    0  4.3760277873E+003  2.2015393467E-001 -1.8865175298E-001 -1.1348247023E-001
   1  4437   0    0  4.3770277874E+003  2.2015393467E-001 -1.8865175298E-001 -1.1348247023E-001
   1  4438   0    0  4.3780277875E+003  2.2015393467E-001 -1.8865175298E-001 -1.1348247023E-001
   1  4439   0    0  4.3790277876E+003  2.2015393467E-001 -1.8865175298E-001 -1.1348247023E-001
   1  4440   4  223  4.3800277877E+003  2.2015393467E-001 -1.8865175298E-001 -1.1348247023E-001
   1  4441   0    0  4.3810277878E+003  2.2015393467E-001 -1.8865175298E-001 -1.1348247023E-001
   1  4442   0    0  4.3820277879E+003  2.2015393467E-001 -1.8865175298E-001 -1.1348247023E-001
   1  4443   0    0  4.3830277880E+003  2.2015393467E-001 -1.8865175298E-001 -1.1348247023E-001
   1  4444   0    0  4.3840277881E+003  2.2015393467E-001 -1.8865175298E-001 -1.1348247023E-001
   1  4445   0    0  4.3850277882E+003  2.2015393467E-001 -1.8865175298E-001 -1.1348247023E-001
   1  4446   0    0  4.3860277883E+003  2.2015393467E-001 -1.8865175298E-001 -1.1348247023E-001
   1  4447   0    0  4.3870277884E+003  2.2015393467E-001 -1.8865175298E-001 -1.1348247023E-001
   1  4448   0    0  4.3880277885E+003  2.2015393467E-001 -1.8865175298E-001 -1.1348247023E-001
   1  4449   0    0  4.3890277886E+003  2.2015393467E-001 -1.8865175298E-001 -1.1348247023E-001
   1  4450   0    0  4.3900277887E+003  2.2015393467E-001 -1.8865175298E-001 -1.1348247023E-001
   1  4451   0    0  4.3910277888E+003  2.2015393467E-001 -1.8865175298E-001 -1.1348247023E-001
   1  4452   0    0  4.3920277889E+003  2.2015393467E-001 -1.8865175298E-001 -1.1348247023E-001
   1  4453   0    0  4.3930277890E+003  2.2015393467E-001 -1.8865175298E-001 -1.1348247023E-001
   1  4454   0    0  4.3940277891E+003  2.2015393467E-001 -1.8865175298E-001 -1.1348247023E-001
   1  4455   0    0  4.3950277892E+003  2.2015393467E-001 -1.8865175298E-001 -1.1348247023E-001
   1  4456   0    0  4.3960277893E+003  2.2015393467E-001 -1.8865175298E-001 -1.1348247023E-001
   1  4457   0    0  4.3970277894E+003  2.2015393467E-001 -1.8865175298E-001 -1.1348247023E-001
   1  4458   0    0  4.3980277895E+003  2.2015393467E-001 -1.8865175298E-001 -1.1348247023E-001
   1  4459   0    0  4.3990277896E+003  2.2015393467E-001 -1.8865175298E-001 -1.1348247023E-001
   1  4460   4  224  4.4000277897E+003  2.2015393467E-001 -1.8865175298E-001 -1.1348247023E-001
   1  4461   0    0  4.4010277898E+003  2.2015393467E-001 -1.8865175298E-001 -1.1348247023E-001
   1  4462   0    0  4.4020277899E+003  2.2015393467E-001 -1.8865175298E-001 -1.1348247023E-001
   1  4463   0    0  4.4030277900E+003  2.2015393467E-001 -1.8865175298E-001 -1.1348247023E-001
   1  4464   0    0  4.4040277901E+003  2.2015393467E-001 -1.8865175298E-001 -1.1348247023E-001
   1  4465   0    0  4.4050277902E+003  2.2015393467E-001 -1.8865175298E-001 -1.1348247023E-001
   1  4466   0    0  4.4060277903E+003  2.2015393467E-001 -1.8865175298E-001 -1.1348247023E-001
   1  4467   0    0  4.4070277904E+003  2.2015393467E-001 -1.8865175298E-001 -1.1348247023E-001
   1  4468   0    0  4.4080277905E+003  2.2015393467E-001 -1.8865175298E-001 -1.1348247023E-001
   1  4469   0    0  4.4090277906E+003  2.2015393467E-001 -1.8865175298E-001 -1.1348247023E-001
   1  4470   0    0  4.4100277907E+003  2.2015393467E-001 -1.8865175298E-001 -1.1348247023E-001
   1  4471   0    0  4.4110277908E+003  2.2015393467E-001 -1.8865175298E-001 -1.1348247023E-001
   1  4472   0    0  4.4120277909E+003  2.2015393467E-001 -1.8865175298E-001 -1.1348247023E-001
   1  4473   0    0  4.4130277910E+003  2.2015393467E-001 -1.8865175298E-001 -1.1348247023E-001
   1  4474   0    0  4.4140277911E+003  2.2015393467E-001 -1.8865175298E-001 -1.1348247023E-001
   1  4475   0    0  4.4150277912E+003  2.2015393467E-001 -1.8865175298E-001 -1.1348247023E-001
   1  4476   0    0  4.4160277913E+003  2.2015393467E-001 -1.8865175298E-001 -1.1348247023E-001
   1  4477   0    0  4.4170277914E+003  2.2015393467E-001 -1.8865175298E-001 -1.1348247023E-001
   1  4478   0    0  4.4180277915E+003  2.2015393467E-001 -1.8865175298E-001 -1.1348247023E-001
   1  4479   0    0  4.4190277916E+003  2.2015393467E-001 -1.8865175298E-001 -1.1348247023E-001
   1  4480   4  225  4.4200277917E+003  2.2015393467E-001 -1.8865175298E-001 -1.1348247023E-001
   1  4481   0    0  4.4210277918E+003  2.2015393467E-001 -1.8865175298E-001 -1.1348247023E-001
   1  4482   0    0  4.4220277919E+003  2.2015393467E-001 -1.8865175298E-001 -1.1348247023E-001
   1  4483   0    0  4.4230277920E+003  2.2015393467E-001 -1.8865175298E-001 -1.1348247023E-001
   1  4484   0    0  4.4240277921E+003  2.2015393467E-001 -1.8865175298E-001 -1.1348247023E-001
   1  4485   0    0  4.4250277922E+003  2.2015393467E-001 -1.8865175298E-001 -1.1348247023E-001
   1  4486   0    0  4.4260277923E+003  2.2015393467E-001 -1.8865175298E-001 -1.1348247023E-001
   1  4487   0    0  4.4270277924E+003  2.2015393467E-001 -1.8865175298E-001 -1.1348247023E-001
   1  4488   0    0  4.4280277925E+003  2.2015393467E-001 -1.8865175298E-001 -1.1348247023E-001
   1  4489   0    0  4.4290277926E+003  2.2015393467E-001 -1.8865175298E-001 -1.1348247023E-001
   1  4490   0    0  4.4300277927E+003  2.2015393467E-001 -1.8865175298E-001 -1.1348247023E-001
   1  4491   0    0  4.4310277928E+003  2.2015393467E-001 -1.8865175298E-001 -1.1348247023E-001
   1  4492   0    0  4.4320277929E+003  2.2015393467E-001 -1.8865175298E-001 -1.1348247023E-001
   1  4493   0    0  4.4330277930E+003  2.2015393467E-001 -1.8865175298E-001 -1.1348247023E-001
   1  4494   0    0  4.4340277931E+003  2.2015393467E-001 -1.8865175298E-001 -1.1348247023E-001
   1  4495   0    0  4.4350277932E+003  2.2015393467E-001 -1.8865175298E-001 -1.1348247023E-001
   1  4496   0    0  4.4360277933E+003  2.2015393467E-001 -1.8865175298E-001 -1.1348247023E-001
   1  4497   0    0  4.4370277934E+003  2.2015393467E-001 -1.8865175298E-001 -1.1348247023E-001
   1  4498   0    0  4.4380277935E+003  2.2015393467E-001 -1.8865175298E-001 -1.1348247023E-001
   1  4499   0    0  4.4390277936E+003  2.2015393467E-001 -1.8865175298E-001 -1.1348247023E-001
   1  4500   4  226  4.4400277937E+003  2.2015393467E-001 -1.8865175298E-001 -1.1348247023E-001
   1  4501   0    0  4.4410277938E+003  2.2015393467E-001 -1.8865175298E-001 -1.1348247023E-001
   1  4502   0    0  4.4420277939E+003  2.2015393467E-001 -1.8865175298E-001 -1.1348247023E-001
   1  4503   0    0  4.4430277940E+003  2.2015393467E-001 -1.8865175298E-001 -1.1348247023E-001
   1  4504   0    0  4.4440277941E+003  2.2015393467E-001 -1.8865175298E-001 -1.1348247023E-001
   1  4505   0    0  4.4450277942E+003  2.2015393467E-001 -1.8865175298E-001 -1.1348247023E-001
   1  4506   0    0  4.4460277943E+003  2.2015393467E-001 -1.8865175298E-001 -1.1348247023E-001
   1  4507   0    0  4.4470277944E+003  2.2015393467E-001 -1.8865175298E-001 -1.1348247023E-001
   1  4508   0    0  4.4480277945E+003  2.2015393467E-001 -1.8865175298E-001 -1.1348247023E-001
   1  4509   0    0  4.4490277946E+003  2.2015393467E-001 -1.8865175298E-001 -1.1348247023E-001
   1  4510   0    0  4.4500277947E+003  2.2015393467E-001 -1.8865175298E-001 -1.1348247023E-001
   1  4511   0    0  4.4510277948E+003  2.2015393467E-001 -1.8865175298E-001 -1.1348247023E-001
   1  4512   0    0  4.4520277949E+003  2.2015393467E-001 -1.8865175298E-001 -1.1348247023E-001
   1  4513   0    0  4.4530277950E+003  2.2015393467E-001 -1.8865175298E-001 -1.1348247023E-001
   1  4514   0    0  4.4540277951E+003  2.2015393467E-001 -1.8865175298E-001 -1.1348247023E-001
   1  4515   0    0  4.4550277952E+003  2.2015393467E-001 -1.8865175298E-001 -1.1348247023E-001
   1  4516   0    0  4.4560277953E+003  2.2015393467E-001 -1.8865175298E-001 -1.1348247023E-001
   1  4517   0    0  4.4570277954E+003  2.2015393467E-001 -1.8865175298E-001 -1.1348247023E-001
   1  4518   0    0  4.4580277955E+003  2.2015393467E-001 -1.8865175298E-001 -1.1348247023E-001
   1  4519   0    0  4.4590277956E+003  2.2015393467E-001 -1.8865175298E-001 -1.1348247023E-001
   1  4520   4  227  4.4600277957E+003  2.2015393467E-001 -1.8865175298E-001 -1.1348247023E-001
   1  4521   0    0  4.4610277958E+003  2.2015393467E-001 -1.8865175298E-001 -1.1348247023E-001
   1  4522   0    0  4.4620277959E+003  2.2015393467E-001 -1.8865175298E-001 -1.1348247023E-001
   1  4523   0    0  4.4630277960E+003  2.2015393467E-001 -1.8865175298E-001 -1.1348247023E-001
   1  4524   0    0  4.4640277961E+003  2.2015393467E-001 -1.8865175298E-001 -1.1348247023E-001
   1  4525   0    0  4.4650277962E+003  2.2015393467E-001 -1.8865175298E-001 -1.1348247023E-001
   1  4526   0    0  4.4660277963E+003  2.2015393467E-001 -1.8865175298E-001 -1.1348247023E-001
   1  4527   0    0  4.4670277964E+003  2.2015393467E-001 -1.8865175298E-001 -1.1348247023E-001
   1  4528   0    0  4.4680277965E+003  2.2015393467E-001 -1.8865175298E-001 -1.1348247023E-001
   1  4529   0    0  4.4690277966E+003  2.2015393467E-001 -1.8865175298E-001 -1.1348247023E-001
   1  4530   0    0  4.4700277967E+003  2.2015393467E-001 -1.8865175298E-001 -1.1348247023E-001
   1  4531   0    0  4.4710277968E+003  2.2015393467E-001 -1.8865175298E-001 -1.1348247023E-001
   1  4532   0    0  4.4720277969E+003  2.2015393467E-001 -1.8865175298E-001 -1.1348247023E-001
   1  4533   0    0  4.4730277970E+003  2.2015393467E-001 -1.8865175298E-001 -1.1348247023E-001
   1  4534   0    0  4.4740277971E+003  2.2015393467E-001 -1.8865175298E-001 -1.1348247023E-001
   1  4535   0    0  4.4750277972E+003  2.2015393467E-001 -1.8865175298E-001 -1.1348247023E-001
   1  4536   0    0  4.4760277973E+003  2.2015393467E-001 -1.8865175298E-001 -1.1348247023E-001
   1  4537   0    0  4.4770277974E+003  2.2015393467E-001 -1.8865175298E-001 -1.1348247023E-001
   1  4538   0    0  4.4780277975E+003  2.2015393467E-001 -1.8865175298E-001 -1.1348247023E-001
   1  4539   0    0  4.4790277976E+003  2.2015393467E-001 -1.8865175298E-001 -1.1348247023E-001
   1  4540   4  228  4.4800277977E+003  2.2015393467E-001 -1.8865175298E-001 -1.1348247023E-001
   1  4541   0    0  4.4810277978E+003  2.2015393467E-001 -1.8865175298E-001 -1.1348247023E-001
   1  4542   0    0  4.4820277979E+003  2.2015393467E-001 -1.8865175298E-001 -1.1348247023E-001
   1  4543   0    0  4.4830277980E+003  2.2015393467E-001 -1.8865175298E-001 -1.1348247023E-001
   1  4544   0    0  4.4840277981E+003  2.2015393467E-001 -1.8865175298E-001 -1.1348247023E-001
   1  4545   0    0  4.4850277982E+003  2.2015393467E-001 -1.8865175298E-001 -1.1348247023E-001
   1  4546   0    0  4.4860277983E+003  2.2015393467E-001 -1.8865175298E-001 -1.1348247023E-001
   1  4547   0    0  4.4870277984E+003  2.2015393467E-001 -1.8865175298E-001 -1.1348247023E-001
   1  4548   0    0  4.4880277985E+003  2.2015393467E-001 -1.8865175298E-001 -1.1348247023E-001
   1  4549   0    0  4.4890277986E+003  2.2015393467E-001 -1.8865175298E-001 -1.1348247023E-001
   1  4550   0    0  4.4900277987E+003  2.2015393467E-001 -1.8865175298E-001 -1.1348247023E-001
   1  4551   0    0  4.4910277988E+003  2.2015393467E-001 -1.8865175298E-001 -1.1348247023E-001
   1  4552   0    0  4.4920277989E+003  2.2015393467E-001 -1.8865175298E-001 -1.1348247023E-001
   1  4553   0    0  4.4930277990E+003  2.2015393467E-001 -1.8865175298E-001 -1.1348247023E-001
   1  4554   0    0  4.4940277991E+003  2.2015393467E-001 -1.8865175298E-001 -1.1348247023E-001
   1  4555   0    0  4.4950277992E+003  2.2015393467E-001 -1.8865175298E-001 -1.1348247023E-001
   1  4556   0    0  4.4960277993E+003  2.2015393467E-001 -1.8865175298E-001 -1.1348247023E-001
   1  4557   0    0  4.4970277994E+003  2.2015393467E-001 -1.8865175298E-001 -1.1348247023E-001
   1  4558   0    0  4.4980277995E+003  2.2015393467E-001 -1.8865175298E-001 -1.1348247023E-001
   1  4559   0    0  4.4990277996E+003  2.2015393467E-001 -1.8865175298E-001 -1.1348247023E-001
   1  4560   4  229  4.5000277997E+003  2.2015393467E-001 -1.8865175298E-001 -1.1348247023E-001
   1  4561   0    0  4.5010277998E+003  2.2015393467E-001 -1.8865175298E-001 -1.1348247023E-001
   1  4562   0    0  4.5020277999E+003  2.2015393467E-001 -1.8865175298E-001 -1.1348247023E-001
   1  4563   0    0  4.5030278000E+003  2.2015393467E-001 -1.8865175298E-001 -1.1348247023E-001
   1  4564   0    0  4.5040278001E+003  2.2015393467E-001 -1.8865175298E-001 -1.1348247023E-001
   1  4565   0    0  4.5050278002E+003  2.2015393467E-001 -1.8865175298E-001 -1.1348247023E-001
   1  4566   0    0  4.5060278003E+003  2.2015393467E-001 -1.8865175298E-001 -1.1348247023E-001
   1  4567   0    0  4.5070278004E+003  2.2015393467E-001 -1.8865175298E-001 -1.1348247023E-001
   1  4568   0    0  4.5080278005E+003  2.2015393467E-001 -1.8865175298E-001 -1.1348247023E-001
   1  4569   0    0  4.5090278006E+003  2.2015393467E-001 -1.8865175298E-001 -1.1348247023E-001
   1  4570   0    0  4.5100278007E+003  2.2015393467E-001 -1.8865175298E-001 -1.1348247023E-001
   1  4571   0    0  4.5110278008E+003  2.2015393467E-001 -1.8865175298E-001 -1.1348247023E-001
   1  4572   0    0  4.5120278009E+003  2.2015393467E-001 -1.8865175298E-001 -1.1348247023E-001
   1  4573   0    0  4.5130278010E+003  2.2015393467E-001 -1.8865175298E-001 -1.1348247023E-001
   1  4574   0    0  4.5140278011E+003  2.2015393467E-001 -1.8865175298E-001 -1.1348247023E-001
   1  4575   0    0  4.5150278012E+003  2.2015393467E-001 -1.8865175298E-001 -1.1348247023E-001
   1  4576   0    0  4.5160278013E+003  2.2015393467E-001 -1.8865175298E-001 -1.1348247023E-001
   1  4577   0    0  4.5170278014E+003  2.2015393467E-001 -1.8865175298E-001 -1.1348247023E-001
   1  4578   0    0  4.5180278015E+003  2.2015393467E-001 -1.8865175298E-001 -1.1348247023E-001
   1  4579   0    0  4.5190278016E+003  2.2015393467E-001 -1.8865175298E-001 -1.1348247023E-001
   1  4580   4  230  4.5200278017E+003  2.2015393467E-001 -1.8865175298E-001 -1.1348247023E-001
   1  4581   0    0  4.5210278018E+003  2.2015393467E-001 -1.8865175298E-001 -1.1348247023E-001
   1  4582   0    0  4.5220278019E+003  2.2015393467E-001 -1.8865175298E-001 -1.1348247023E-001
   1  4583   0    0  4.5230278020E+003  2.2015393467E-001 -1.8865175298E-001 -1.1348247023E-001
   1  4584   0    0  4.5240278021E+003  2.2015393467E-001 -1.8865175298E-001 -1.1348247023E-001
   1  4585   0    0  4.5250278022E+003  2.2015393467E-001 -1.8865175298E-001 -1.1348247023E-001
   1  4586   0    0  4.5260278023E+003  2.2015393467E-001 -1.8865175298E-001 -1.1348247023E-001
   1  4587   0    0  4.5270278024E+003  2.2015393467E-001 -1.8865175298E-001 -1.1348247023E-001
   1  4588   0    0  4.5280278025E+003  2.2015393467E-001 -1.8865175298E-001 -1.1348247023E-001
   1  4589   0    0  4.5290278026E+003  2.2015393467E-001 -1.8865175298E-001 -1.1348247023E-001
   1  4590   0    0  4.5300278027E+003  2.2015393467E-001 -1.8865175298E-001 -1.1348247023E-001
   1  4591   0    0  4.5310278028E+003  2.2015393467E-001 -1.8865175298E-001 -1.1348247023E-001
   1  4592   0    0  4.5320278029E+003  2.2015393467E-001 -1.8865175298E-001 -1.1348247023E-001
   1  4593   0    0  4.5330278030E+003  2.2015393467E-001 -1.8865175298E-001 -1.1348247023E-001
   1  4594   0    0  4.5340278031E+003  2.2015393467E-001 -1.8865175298E-001 -1.1348247023E-001
   1  4595   0    0  4.5350278032E+003  2.2015393467E-001 -1.8865175298E-001 -1.1348247023E-001
   1  4596   0    0  4.5360278033E+003  2.2015393467E-001 -1.8865175298E-001 -1.1348247023E-001
   1  4597   0    0  4.5370278034E+003  2.2015393467E-001 -1.8865175298E-001 -1.1348247023E-001
   1  4598   0    0  4.5380278035E+003  2.2015393467E-001 -1.8865175298E-001 -1.1348247023E-001
   1  4599   0    0  4.5390278036E+003  2.2015393467E-001 -1.8865175298E-001 -1.1348247023E-001
   1  4600   4  231  4.5400278037E+003  2.2015393467E-001 -1.8865175298E-001 -1.1348247023E-001
   1  4601   0    0  4.5410278038E+003  2.2015393467E-001 -1.8865175298E-001 -1.1348247023E-001
   1  4602   0    0  4.5420278039E+003  2.2015393467E-001 -1.8865175298E-001 -1.1348247023E-001
   1  4603   0    0  4.5430278040E+003  2.2015393467E-001 -1.8865175298E-001 -1.1348247023E-001
   1  4604   0    0  4.5440278041E+003  2.2015393467E-001 -1.8865175298E-001 -1.1348247023E-001
   1  4605   0    0  4.5450278042E+003  2.2015393467E-001 -1.8865175298E-001 -1.1348247023E-001
   1  4606   0    0  4.5460278043E+003  2.2015393467E-001 -1.8865175298E-001 -1.1348247023E-001
   1  4607   0    0  4.5470278044E+003  2.2015393467E-001 -1.8865175298E-001 -1.1348247023E-001
   1  4608   0    0  4.5480278045E+003  2.2015393467E-001 -1.8865175298E-001 -1.1348247023E-001
   1  4609   0    0  4.5490278046E+003  2.2015393467E-001 -1.8865175298E-001 -1.1348247023E-001
   1  4610   0    0  4.5500278047E+003  2.2015393467E-001 -1.8865175298E-001 -1.1348247023E-001
   1  4611   0    0  4.5510278048E+003  2.2015393467E-001 -1.8865175298E-001 -1.1348247023E-001
   1  4612   0    0  4.5520278049E+003  2.2015393467E-001 -1.8865175298E-001 -1.1348247023E-001
   1  4613   0    0  4.5530278050E+003  2.2015393467E-001 -1.8865175298E-001 -1.1348247023E-001
   1  4614   0    0  4.5540278051E+003  2.2015393467E-001 -1.8865175298E-001 -1.1348247023E-001
   1  4615   0    0  4.5550278052E+003  2.2015393467E-001 -1.8865175298E-001 -1.1348247023E-001
   1  4616   0    0  4.5560278053E+003  2.2015393467E-001 -1.8865175298E-001 -1.1348247023E-001
   1  4617   0    0  4.5570278054E+003  2.2015393467E-001 -1.8865175298E-001 -1.1348247023E-001
   1  4618   0    0  4.5580278055E+003  2.2015393467E-001 -1.8865175298E-001 -1.1348247023E-001
   1  4619   0    0  4.5590278056E+003  2.2015393467E-001 -1.8865175298E-001 -1.1348247023E-001
   1  4620   4  232  4.5600278057E+003  2.2015393467E-001 -1.8865175298E-001 -1.1348247023E-001
   1  4621   0    0  4.5610278058E+003  2.2015393467E-001 -1.8865175298E-001 -1.1348247023E-001
   1  4622   0    0  4.5620278059E+003  2.2015393467E-001 -1.8865175298E-001 -1.1348247023E-001
   1  4623   0    0  4.5630278060E+003  2.2015393467E-001 -1.8865175298E-001 -1.1348247023E-001
   1  4624   0    0  4.5640278061E+003  2.2015393467E-001 -1.8865175298E-001 -1.1348247023E-001
   1  4625   0    0  4.5650278062E+003  2.2015393467E-001 -1.8865175298E-001 -1.1348247023E-001
   1  4626   0    0  4.5660278063E+003  2.2015393467E-001 -1.8865175298E-001 -1.1348247023E-001
   1  4627   0    0  4.5670278064E+003  2.2015393467E-001 -1.8865175298E-001 -1.1348247023E-001
   1  4628   0    0  4.5680278065E+003  2.2015393467E-001 -1.8865175298E-001 -1.1348247023E-001
   1  4629   0    0  4.5690278066E+003  2.2015393467E-001 -1.8865175298E-001 -1.1348247023E-001
   1  4630   0    0  4.5700278067E+003  2.2015393467E-001 -1.8865175298E-001 -1.1348247023E-001
   1  4631   0    0  4.5710278068E+003  2.2015393467E-001 -1.8865175298E-001 -1.1348247023E-001
   1  4632   0    0  4.5720278069E+003  2.2015393467E-001 -1.8865175298E-001 -1.1348247023E-001
   1  4633   0    0  4.5730278070E+003  2.2015393467E-001 -1.8865175298E-001 -1.1348247023E-001
   1  4634   0    0  4.5740278071E+003  2.2015393467E-001 -1.8865175298E-001 -1.1348247023E-001
   1  4635   0    0  4.5750278072E+003  2.2015393467E-001 -1.8865175298E-001 -1.1348247023E-001
   1  4636   0    0  4.5760278073E+003  2.2015393467E-001 -1.8865175298E-001 -1.1348247023E-001
   1  4637   0    0  4.5770278074E+003  2.2015393467E-001 -1.8865175298E-001 -1.1348247023E-001
   1  4638   0    0  4.5780278075E+003  2.2015393467E-001 -1.8865175298E-001 -1.1348247023E-001
   1  4639   0    0  4.5790278076E+003  2.2015393467E-001 -1.8865175298E-001 -1.1348247023E-001
   1  4640   4  233  4.5800278077E+003  2.2015393467E-001 -1.8865175298E-001 -1.1348247023E-001
   1  4641   0    0  4.5810278078E+003  2.2015393467E-001 -1.8865175298E-001 -1.1348247023E-001
   1  4642   0    0  4.5820278079E+003  2.2015393467E-001 -1.8865175298E-001 -1.1348247023E-001
   1  4643   0    0  4.5830278080E+003  2.2015393467E-001 -1.8865175298E-001 -1.1348247023E-001
   1  4644   0    0  4.5840278081E+003  2.2015393467E-001 -1.8865175298E-001 -1.1348247023E-001
   1  4645   0    0  4.5850278082E+003  2.2015393467E-001 -1.8865175298E-001 -1.1348247023E-001
   1  4646   0    0  4.5860278083E+003  2.2015393467E-001 -1.8865175298E-001 -1.1348247023E-001
   1  4647   0    0  4.5870278084E+003  2.2015393467E-001 -1.8865175298E-001 -1.1348247023E-001
   1  4648   0    0  4.5880278085E+003  2.2015393467E-001 -1.8865175298E-001 -1.1348247023E-001
   1  4649   0    0  4.5890278086E+003  2.2015393467E-001 -1.8865175298E-001 -1.1348247023E-001
   1  4650   0    0  4.5900278087E+003  2.2015393467E-001 -1.8865175298E-001 -1.1348247023E-001
   1  4651   0    0  4.5910278088E+003  2.2015393467E-001 -1.8865175298E-001 -1.1348247023E-001
   1  4652   0    0  4.5920278089E+003  2.2015393467E-001 -1.8865175298E-001 -1.1348247023E-001
   1  4653   0    0  4.5930278090E+003  2.2015393467E-001 -1.8865175298E-001 -1.1348247023E-001
   1  4654   0    0  4.5940278091E+003  2.2015393467E-001 -1.8865175298E-001 -1.1348247023E-001
   1  4655   0    0  4.5950278092E+003  2.2015393467E-001 -1.8865175298E-001 -1.1348247023E-001
   1  4656   0    0  4.5960278093E+003  2.2015393467E-001 -1.8865175298E-001 -1.1348247023E-001
   1  4657   0    0  4.5970278094E+003  2.2015393467E-001 -1.8865175298E-001 -1.1348247023E-001
   1  4658   0    0  4.5980278095E+003  2.2015393467E-001 -1.8865175298E-001 -1.1348247023E-001
   1  4659   0    0  4.5990278096E+003  2.2015393467E-001 -1.8865175298E-001 -1.1348247023E-001
   1  4660   4  234  4.6000278097E+003  2.2015393467E-001 -1.8865175298E-001 -1.1348247023E-001
   1  4661   0    0  4.6010278098E+003  2.2015393467E-001 -1.8865175298E-001 -1.1348247023E-001
   1  4662   0    0  4.6020278099E+003  2.2015393467E-001 -1.8865175298E-001 -1.1348247023E-001
   1  4663   0    0  4.6030278100E+003  2.2015393467E-001 -1.8865175298E-001 -1.1348247023E-001
   1  4664   0    0  4.6040278101E+003  2.2015393467E-001 -1.8865175298E-001 -1.1348247023E-001
   1  4665   0    0  4.6050278102E+003  2.2015393467E-001 -1.8865175298E-001 -1.1348247023E-001
   1  4666   0    0  4.6060278103E+003  2.2015393467E-001 -1.8865175298E-001 -1.1348247023E-001
   1  4667   0    0  4.6070278104E+003  2.2015393467E-001 -1.8865175298E-001 -1.1348247023E-001
   1  4668   0    0  4.6080278105E+003  2.2015393467E-001 -1.8865175298E-001 -1.1348247023E-001
   1  4669   0    0  4.6090278106E+003  2.2015393467E-001 -1.8865175298E-001 -1.1348247023E-001
   1  4670   0    0  4.6100278107E+003  2.2015393467E-001 -1.8865175298E-001 -1.1348247023E-001
   1  4671   0    0  4.6110278108E+003  2.2015393467E-001 -1.8865175298E-001 -1.1348247023E-001
   1  4672   0    0  4.6120278109E+003  2.2015393467E-001 -1.8865175298E-001 -1.1348247023E-001
   1  4673   0    0  4.6130278110E+003  2.2015393467E-001 -1.8865175298E-001 -1.1348247023E-001
   1  4674   0    0  4.6140278111E+003  2.2015393467E-001 -1.8865175298E-001 -1.1348247023E-001
   1  4675   0    0  4.6150278112E+003  2.2015393467E-001 -1.8865175298E-001 -1.1348247023E-001
   1  4676   0    0  4.6160278113E+003  2.2015393467E-001 -1.8865175298E-001 -1.1348247023E-001
   1  4677   0    0  4.6170278114E+003  2.2015393467E-001 -1.8865175298E-001 -1.1348247023E-001
   1  4678   0    0  4.6180278115E+003  2.2015393467E-001 -1.8865175298E-001 -1.1348247023E-001
   1  4679   0    0  4.6190278116E+003  2.2015393467E-001 -1.8865175298E-001 -1.1348247023E-001
   1  4680   4  235  4.6200278117E+003  2.2015393467E-001 -1.8865175298E-001 -1.1348247023E-001
   1  4681   0    0  4.6210278118E+003  2.2015393467E-001 -1.8865175298E-001 -1.1348247023E-001
   1  4682   0    0  4.6220278119E+003  2.2015393467E-001 -1.8865175298E-001 -1.1348247023E-001
   1  4683   0    0  4.6230278120E+003  2.2015393467E-001 -1.8865175298E-001 -1.1348247023E-001
   1  4684   0    0  4.6240278121E+003  2.2015393467E-001 -1.8865175298E-001 -1.1348247023E-001
   1  4685   0    0  4.6250278122E+003  2.2015393467E-001 -1.8865175298E-001 -1.1348247023E-001
   1  4686   0    0  4.6260278123E+003  2.2015393467E-001 -1.8865175298E-001 -1.1348247023E-001
   1  4687   0    0  4.6270278124E+003  2.2015393467E-001 -1.8865175298E-001 -1.1348247023E-001
   1  4688   0    0  4.6280278125E+003  2.2015393467E-001 -1.8865175298E-001 -1.1348247023E-001
   1  4689   0    0  4.6290278126E+003  2.2015393467E-001 -1.8865175298E-001 -1.1348247023E-001
   1  4690   0    0  4.6300278127E+003  2.2015393467E-001 -1.8865175298E-001 -1.1348247023E-001
   1  4691   0    0  4.6310278128E+003  2.2015393467E-001 -1.8865175298E-001 -1.1348247023E-001
   1  4692   0    0  4.6320278129E+003  2.2015393467E-001 -1.8865175298E-001 -1.1348247023E-001
   1  4693   0    0  4.6330278130E+003  2.2015393467E-001 -1.8865175298E-001 -1.1348247023E-001
   1  4694   0    0  4.6340278131E+003  2.2015393467E-001 -1.8865175298E-001 -1.1348247023E-001
   1  4695   0    0  4.6350278132E+003  2.2015393467E-001 -1.8865175298E-001 -1.1348247023E-001
   1  4696   0    0  4.6360278133E+003  2.2015393467E-001 -1.8865175298E-001 -1.1348247023E-001
   1  4697   0    0  4.6370278134E+003  2.2015393467E-001 -1.8865175298E-001 -1.1348247023E-001
   1  4698   0    0  4.6380278135E+003  2.2015393467E-001 -1.8865175298E-001 -1.1348247023E-001
   1  4699   0    0  4.6390278136E+003  2.2015393467E-001 -1.8865175298E-001 -1.1348247023E-001
   1  4700   4  236  4.6400278137E+003  2.2015393467E-001 -1.8865175298E-001 -1.1348247023E-001
   1  4701   0    0  4.6410278138E+003  2.2015393467E-001 -1.8865175298E-001 -1.1348247023E-001
   1  4702   0    0  4.6420278139E+003  2.2015393467E-001 -1.8865175298E-001 -1.1348247023E-001
   1  4703   0    0  4.6430278140E+003  2.2015393467E-001 -1.8865175298E-001 -1.1348247023E-001
   1  4704   0    0  4.6440278141E+003  2.2015393467E-001 -1.8865175298E-001 -1.1348247023E-001
   1  4705   0    0  4.6450278142E+003  2.2015393467E-001 -1.8865175298E-001 -1.1348247023E-001
   1  4706   0    0  4.6460278143E+003  2.2015393467E-001 -1.8865175298E-001 -1.1348247023E-001
   1  4707   0    0  4.6470278144E+003  2.2015393467E-001 -1.8865175298E-001 -1.1348247023E-001
   1  4708   0    0  4.6480278145E+003  2.2015393467E-001 -1.8865175298E-001 -1.1348247023E-001
   1  4709   0    0  4.6490278146E+003  2.2015393467E-001 -1.8865175298E-001 -1.1348247023E-001
   1  4710   0    0  4.6500278147E+003  2.2015393467E-001 -1.8865175298E-001 -1.1348247023E-001
   1  4711   0    0  4.6510278148E+003  2.2015393467E-001 -1.8865175298E-001 -1.1348247023E-001
   1  4712   0    0  4.6520278149E+003  2.2015393467E-001 -1.8865175298E-001 -1.1348247023E-001
   1  4713   0    0  4.6530278150E+003  2.2015393467E-001 -1.8865175298E-001 -1.1348247023E-001
   1  4714   0    0  4.6540278151E+003  2.2015393467E-001 -1.8865175298E-001 -1.1348247023E-001
   1  4715   0    0  4.6550278152E+003  2.2015393467E-001 -1.8865175298E-001 -1.1348247023E-001
   1  4716   0    0  4.6560278153E+003  2.2015393467E-001 -1.8865175298E-001 -1.1348247023E-001
   1  4717   0    0  4.6570278154E+003  2.2015393467E-001 -1.8865175298E-001 -1.1348247023E-001
   1  4718   0    0  4.6580278155E+003  2.2015393467E-001 -1.8865175298E-001 -1.1348247023E-001
   1  4719   0    0  4.6590278156E+003  2.2015393467E-001 -1.8865175298E-001 -1.1348247023E-001
   1  4720   4  237  4.6600278157E+003  2.2015393467E-001 -1.8865175298E-001 -1.1348247023E-001
   1  4721   0    0  4.6610278158E+003  2.2015393467E-001 -1.8865175298E-001 -1.1348247023E-001
   1  4722   0    0  4.6620278159E+003  2.2015393467E-001 -1.8865175298E-001 -1.1348247023E-001
   1  4723   0    0  4.6630278160E+003  2.2015393467E-001 -1.8865175298E-001 -1.1348247023E-001
   1  4724   0    0  4.6640278161E+003  2.2015393467E-001 -1.8865175298E-001 -1.1348247023E-001
   1  4725   0    0  4.6650278162E+003  2.2015393467E-001 -1.8865175298E-001 -1.1348247023E-001
   1  4726   0    0  4.6660278163E+003  2.2015393467E-001 -1.8865175298E-001 -1.1348247023E-001
   1  4727   0    0  4.6670278164E+003  2.2015393467E-001 -1.8865175298E-001 -1.1348247023E-001
   1  4728   0    0  4.6680278165E+003  2.2015393467E-001 -1.8865175298E-001 -1.1348247023E-001
   1  4729   0    0  4.6690278166E+003  2.2015393467E-001 -1.8865175298E-001 -1.1348247023E-001
   1  4730   0    0  4.6700278167E+003  2.2015393467E-001 -1.8865175298E-001 -1.1348247023E-001
   1  4731   0    0  4.6710278168E+003  2.2015393467E-001 -1.8865175298E-001 -1.1348247023E-001
   1  4732   0    0  4.6720278169E+003  2.2015393467E-001 -1.8865175298E-001 -1.1348247023E-001
   1  4733   0    0  4.6730278170E+003  2.2015393467E-001 -1.8865175298E-001 -1.1348247023E-001
   1  4734   0    0  4.6740278171E+003  2.2015393467E-001 -1.8865175298E-001 -1.1348247023E-001
   1  4735   0    0  4.6750278172E+003  2.2015393467E-001 -1.8865175298E-001 -1.1348247023E-001
   1  4736   0    0  4.6760278173E+003  2.2015393467E-001 -1.8865175298E-001 -1.1348247023E-001
   1  4737   0    0  4.6770278174E+003  2.2015393467E-001 -1.8865175298E-001 -1.1348247023E-001
   1  4738   0    0  4.6780278175E+003  2.2015393467E-001 -1.8865175298E-001 -1.1348247023E-001
   1  4739   0    0  4.6790278176E+003  2.2015393467E-001 -1.8865175298E-001 -1.1348247023E-001
   1  4740   4  238  4.6800278177E+003  2.2015393467E-001 -1.8865175298E-001 -1.1348247023E-001
   1  4741   0    0  4.6810278178E+003  2.2015393467E-001 -1.8865175298E-001 -1.1348247023E-001
   1  4742   0    0  4.6820278179E+003  2.2015393467E-001 -1.8865175298E-001 -1.1348247023E-001
   1  4743   0    0  4.6830278180E+003  2.2015393467E-001 -1.8865175298E-001 -1.1348247023E-001
   1  4744   0    0  4.6840278181E+003  2.2015393467E-001 -1.8865175298E-001 -1.1348247023E-001
   1  4745   0    0  4.6850278182E+003  2.2015393467E-001 -1.8865175298E-001 -1.1348247023E-001
   1  4746   0    0  4.6860278183E+003  2.2015393467E-001 -1.8865175298E-001 -1.1348247023E-001
   1  4747   0    0  4.6870278184E+003  2.2015393467E-001 -1.8865175298E-001 -1.1348247023E-001
   1  4748   0    0  4.6880278185E+003  2.2015393467E-001 -1.8865175298E-001 -1.1348247023E-001
   1  4749   0    0  4.6890278186E+003  2.2015393467E-001 -1.8865175298E-001 -1.1348247023E-001
   1  4750   0    0  4.6900278187E+003  2.2015393467E-001 -1.8865175298E-001 -1.1348247023E-001
   1  4751   0    0  4.6910278188E+003  2.2015393467E-001 -1.8865175298E-001 -1.1348247023E-001
   1  4752   0    0  4.6920278189E+003  2.2015393467E-001 -1.8865175298E-001 -1.1348247023E-001
   1  4753   0    0  4.6930278190E+003  2.2015393467E-001 -1.8865175298E-001 -1.1348247023E-001
   1  4754   0    0  4.6940278191E+003  2.2015393467E-001 -1.8865175298E-001 -1.1348247023E-001
   1  4755   0    0  4.6950278192E+003  2.2015393467E-001 -1.8865175298E-001 -1.1348247023E-001
   1  4756   0    0  4.6960278193E+003  2.2015393467E-001 -1.8865175298E-001 -1.1348247023E-001
   1  4757   0    0  4.6970278194E+003  2.2015393467E-001 -1.8865175298E-001 -1.1348247023E-001
   1  4758   0    0  4.6980278195E+003  2.2015393467E-001 -1.8865175298E-001 -1.1348247023E-001
   1  4759   0    0  4.6990278196E+003  2.2015393467E-001 -1.8865175298E-001 -1.1348247023E-001
   1  4760   4  239  4.7000278197E+003  2.2015393467E-001 -1.8865175298E-001 -1.1348247023E-001
   1  4761   0    0  4.7010278198E+003  2.2015393467E-001 -1.8865175298E-001 -1.1348247023E-001
   1  4762   0    0  4.7020278199E+003  2.2015393467E-001 -1.8865175298E-001 -1.1348247023E-001
   1  4763   0    0  4.7030278200E+003  2.2015393467E-001 -1.8865175298E-001 -1.1348247023E-001
   1  4764   0    0  4.7040278201E+003  2.2015393467E-001 -1.8865175298E-001 -1.1348247023E-001
   1  4765   0    0  4.7050278202E+003  2.2015393467E-001 -1.8865175298E-001 -1.1348247023E-001
   1  4766   0    0  4.7060278203E+003  2.2015393467E-001 -1.8865175298E-001 -1.1348247023E-001
   1  4767   0    0  4.7070278204E+003  2.2015393467E-001 -1.8865175298E-001 -1.1348247023E-001
   1  4768   0    0  4.7080278205E+003  2.2015393467E-001 -1.8865175298E-001 -1.1348247023E-001
   1  4769   0    0  4.7090278206E+003  2.2015393467E-001 -1.8865175298E-001 -1.1348247023E-001
   1  4770   0    0  4.7100278207E+003  2.2015393467E-001 -1.8865175298E-001 -1.1348247023E-001
   1  4771   0    0  4.7110278208E+003  2.2015393467E-001 -1.8865175298E-001 -1.1348247023E-001
   1  4772   0    0  4.7120278209E+003  2.2015393467E-001 -1.8865175298E-001 -1.1348247023E-001
   1  4773   0    0  4.7130278210E+003  2.2015393467E-001 -1.8865175298E-001 -1.1348247023E-001
   1  4774   0    0  4.7140278211E+003  2.2015393467E-001 -1.8865175298E-001 -1.1348247023E-001
   1  4775   0    0  4.7150278212E+003  2.2015393467E-001 -1.8865175298E-001 -1.1348247023E-001
   1  4776   0    0  4.7160278213E+003  2.2015393467E-001 -1.8865175298E-001 -1.1348247023E-001
   1  4777   0    0  4.7170278214E+003  2.2015393467E-001 -1.8865175298E-001 -1.1348247023E-001
   1  4778   0    0  4.7180278215E+003  2.2015393467E-001 -1.8865175298E-001 -1.1348247023E-001
   1  4779   0    0  4.7190278216E+003  2.2015393467E-001 -1.8865175298E-001 -1.1348247023E-001
   1  4780   4  240  4.7200278217E+003  2.2015393467E-001 -1.8865175298E-001 -1.1348247023E-001
   1  4781   0    0  4.7210278218E+003  2.2015393467E-001 -1.8865175298E-001 -1.1348247023E-001
   1  4782   0    0  4.7220278219E+003  2.2015393467E-001 -1.8865175298E-001 -1.1348247023E-001
   1  4783   0    0  4.7230278220E+003  2.2015393467E-001 -1.8865175298E-001 -1.1348247023E-001
   1  4784   0    0  4.7240278221E+003  2.2015393467E-001 -1.8865175298E-001 -1.1348247023E-001
   1  4785   0    0  4.7250278222E+003  2.2015393467E-001 -1.8865175298E-001 -1.1348247023E-001
   1  4786   0    0  4.7260278223E+003  2.2015393467E-001 -1.8865175298E-001 -1.1348247023E-001
   1  4787   0    0  4.7270278224E+003  2.2015393467E-001 -1.8865175298E-001 -1.1348247023E-001
   1  4788   0    0  4.7280278225E+003  2.2015393467E-001 -1.8865175298E-001 -1.1348247023E-001
   1  4789   0    0  4.7290278226E+003  2.2015393467E-001 -1.8865175298E-001 -1.1348247023E-001
   1  4790   0    0  4.7300278227E+003  2.2015393467E-001 -1.8865175298E-001 -1.1348247023E-001
   1  4791   0    0  4.7310278228E+003  2.2015393467E-001 -1.8865175298E-001 -1.1348247023E-001
   1  4792   0    0  4.7320278229E+003  2.2015393467E-001 -1.8865175298E-001 -1.1348247023E-001
   1  4793   0    0  4.7330278230E+003  2.2015393467E-001 -1.8865175298E-001 -1.1348247023E-001
   1  4794   0    0  4.7340278231E+003  2.2015393467E-001 -1.8865175298E-001 -1.1348247023E-001
   1  4795   0    0  4.7350278232E+003  2.2015393467E-001 -1.8865175298E-001 -1.1348247023E-001
   1  4796   0    0  4.7360278233E+003  2.2015393467E-001 -1.8865175298E-001 -1.1348247023E-001
   1  4797   0    0  4.7370278234E+003  2.2015393467E-001 -1.8865175298E-001 -1.1348247023E-001
   1  4798   0    0  4.7380278235E+003  2.2015393467E-001 -1.8865175298E-001 -1.1348247023E-001
   1  4799   0    0  4.7390278236E+003  2.2015393467E-001 -1.8865175298E-001 -1.1348247023E-001
   1  4800   4  241  4.7400278237E+003  2.2015393467E-001 -1.8865175298E-001 -1.1348247023E-001
   1  4801   0    0  4.7410278238E+003  2.2015393467E-001 -1.8865175298E-001 -1.1348247023E-001
   1  4802   0    0  4.7420278239E+003  2.2015393467E-001 -1.8865175298E-001 -1.1348247023E-001
   1  4803   0    0  4.7430278240E+003  2.2015393467E-001 -1.8865175298E-001 -1.1348247023E-001
   1  4804   0    0  4.7440278241E+003  2.2015393467E-001 -1.8865175298E-001 -1.1348247023E-001
   1  4805   0    0  4.7450278242E+003  2.2015393467E-001 -1.8865175298E-001 -1.1348247023E-001
   1  4806   0    0  4.7460278243E+003  2.2015393467E-001 -1.8865175298E-001 -1.1348247023E-001
   1  4807   0    0  4.7470278244E+003  2.2015393467E-001 -1.8865175298E-001 -1.1348247023E-001
   1  4808   0    0  4.7480278245E+003  2.2015393467E-001 -1.8865175298E-001 -1.1348247023E-001
   1  4809   0    0  4.7490278246E+003  2.2015393467E-001 -1.8865175298E-001 -1.1348247023E-001
   1  4810   0    0  4.7500278247E+003  2.2015393467E-001 -1.8865175298E-001 -1.1348247023E-001
   1  4811   0    0  4.7510278248E+003  2.2015393467E-001 -1.8865175298E-001 -1.1348247023E-001
   1  4812   0    0  4.7520278249E+003  2.2015393467E-001 -1.8865175298E-001 -1.1348247023E-001
   1  4813   0    0  4.7530278250E+003  2.2015393467E-001 -1.8865175298E-001 -1.1348247023E-001
   1  4814   0    0  4.7540278251E+003  2.2015393467E-001 -1.8865175298E-001 -1.1348247023E-001
   1  4815   0    0  4.7550278252E+003  2.2015393467E-001 -1.8865175298E-001 -1.1348247023E-001
   1  4816   0    0  4.7560278253E+003  2.2015393467E-001 -1.8865175298E-001 -1.1348247023E-001
   1  4817   0    0  4.7570278254E+003  2.2015393467E-001 -1.8865175298E-001 -1.1348247023E-001
   1  4818   0    0  4.7580278255E+003  2.2015393467E-001 -1.8865175298E-001 -1.1348247023E-001
   1  4819   0    0  4.7590278256E+003  2.2015393467E-001 -1.8865175298E-001 -1.1348247023E-001
   1  4820   4  242  4.7600278257E+003  2.2015393467E-001 -1.8865175298E-001 -1.1348247023E-001
   1  4821   0    0  4.7610278258E+003  2.2015393467E-001 -1.8865175298E-001 -1.1348247023E-001
   1  4822   0    0  4.7620278259E+003  2.2015393467E-001 -1.8865175298E-001 -1.1348247023E-001
   1  4823   0    0  4.7630278260E+003  2.2015393467E-001 -1.8865175298E-001 -1.1348247023E-001
   1  4824   0    0  4.7640278261E+003  2.2015393467E-001 -1.8865175298E-001 -1.1348247023E-001
   1  4825   0    0  4.7650278262E+003  2.2015393467E-001 -1.8865175298E-001 -1.1348247023E-001
   1  4826   0    0  4.7660278263E+003  2.2015393467E-001 -1.8865175298E-001 -1.1348247023E-001
   1  4827   0    0  4.7670278264E+003  2.2015393467E-001 -1.8865175298E-001 -1.1348247023E-001
   1  4828   0    0  4.7680278265E+003  2.2015393467E-001 -1.8865175298E-001 -1.1348247023E-001
   1  4829   0    0  4.7690278266E+003  2.2015393467E-001 -1.8865175298E-001 -1.1348247023E-001
   1  4830   0    0  4.7700278267E+003  2.2015393467E-001 -1.8865175298E-001 -1.1348247023E-001
   1  4831   0    0  4.7710278268E+003  2.2015393467E-001 -1.8865175298E-001 -1.1348247023E-001
   1  4832   0    0  4.7720278269E+003  2.2015393467E-001 -1.8865175298E-001 -1.1348247023E-001
   1  4833   0    0  4.7730278270E+003  2.2015393467E-001 -1.8865175298E-001 -1.1348247023E-001
   1  4834   0    0  4.7740278271E+003  2.2015393467E-001 -1.8865175298E-001 -1.1348247023E-001
   1  4835   0    0  4.7750278272E+003  2.2015393467E-001 -1.8865175298E-001 -1.1348247023E-001
   1  4836   0    0  4.7760278273E+003  2.2015393467E-001 -1.8865175298E-001 -1.1348247023E-001
   1  4837   0    0  4.7770278274E+003  2.2015393467E-001 -1.8865175298E-001 -1.1348247023E-001
   1  4838   0    0  4.7780278275E+003  2.2015393467E-001 -1.8865175298E-001 -1.1348247023E-001
   1  4839   0    0  4.7790278276E+003  2.2015393467E-001 -1.8865175298E-001 -1.1348247023E-001
   1  4840   4  243  4.7800278277E+003  2.2015393467E-001 -1.8865175298E-001 -1.1348247023E-001
   1  4841   0    0  4.7810278278E+003  2.2015393467E-001 -1.8865175298E-001 -1.1348247023E-001
   1  4842   0    0  4.7820278279E+003  2.2015393467E-001 -1.8865175298E-001 -1.1348247023E-001
   1  4843   0    0  4.7830278280E+003  2.2015393467E-001 -1.8865175298E-001 -1.1348247023E-001
   1  4844   0    0  4.7840278281E+003  2.2015393467E-001 -1.8865175298E-001 -1.1348247023E-001
   1  4845   0    0  4.7850278282E+003  2.2015393467E-001 -1.8865175298E-001 -1.1348247023E-001
   1  4846   0    0  4.7860278283E+003  2.2015393467E-001 -1.8865175298E-001 -1.1348247023E-001
   1  4847   0    0  4.7870278284E+003  2.2015393467E-001 -1.8865175298E-001 -1.1348247023E-001
   1  4848   0    0  4.7880278285E+003  2.2015393467E-001 -1.8865175298E-001 -1.1348247023E-001
   1  4849   0    0  4.7890278286E+003  2.2015393467E-001 -1.8865175298E-001 -1.1348247023E-001
   1  4850   0    0  4.7900278287E+003  2.2015393467E-001 -1.8865175298E-001 -1.1348247023E-001
   1  4851   0    0  4.7910278288E+003  2.2015393467E-001 -1.8865175298E-001 -1.1348247023E-001
   1  4852   0    0  4.7920278289E+003  2.2015393467E-001 -1.8865175298E-001 -1.1348247023E-001
   1  4853   0    0  4.7930278290E+003  2.2015393467E-001 -1.8865175298E-001 -1.1348247023E-001
   1  4854   0    0  4.7940278291E+003  2.2015393467E-001 -1.8865175298E-001 -1.1348247023E-001
   1  4855   0    0  4.7950278292E+003  2.2015393467E-001 -1.8865175298E-001 -1.1348247023E-001
   1  4856   0    0  4.7960278293E+003  2.2015393467E-001 -1.8865175298E-001 -1.1348247023E-001
   1  4857   0    0  4.7970278294E+003  2.2015393467E-001 -1.8865175298E-001 -1.1348247023E-001
   1  4858   0    0  4.7980278295E+003  2.2015393467E-001 -1.8865175298E-001 -1.1348247023E-001
   1  4859   0    0  4.7990278296E+003  2.2015393467E-001 -1.8865175298E-001 -1.1348247023E-001
   1  4860   4  244  4.8000278297E+003  2.2015393467E-001 -1.8865175298E-001 -1.1348247023E-001
   1  4861   0    0  4.8010278298E+003  2.2015393467E-001 -1.8865175298E-001 -1.1348247023E-001
   1  4862   0    0  4.8020278299E+003  2.2015393467E-001 -1.8865175298E-001 -1.1348247023E-001
   1  4863   0    0  4.8030278300E+003  2.2015393467E-001 -1.8865175298E-001 -1.1348247023E-001
   1  4864   0    0  4.8040278301E+003  2.2015393467E-001 -1.8865175298E-001 -1.1348247023E-001
   1  4865   0    0  4.8050278302E+003  2.2015393467E-001 -1.8865175298E-001 -1.1348247023E-001
   1  4866   0    0  4.8060278303E+003  2.2015393467E-001 -1.8865175298E-001 -1.1348247023E-001
   1  4867   0    0  4.8070278304E+003  2.2015393467E-001 -1.8865175298E-001 -1.1348247023E-001
   1  4868   0    0  4.8080278305E+003  2.2015393467E-001 -1.8865175298E-001 -1.1348247023E-001
   1  4869   0    0  4.8090278306E+003  2.2015393467E-001 -1.8865175298E-001 -1.1348247023E-001
   1  4870   0    0  4.8100278307E+003  2.2015393467E-001 -1.8865175298E-001 -1.1348247023E-001
   1  4871   0    0  4.8110278308E+003  2.2015393467E-001 -1.8865175298E-001 -1.1348247023E-001
   1  4872   0    0  4.8120278309E+003  2.2015393467E-001 -1.8865175298E-001 -1.1348247023E-001
   1  4873   0    0  4.8130278310E+003  2.2015393467E-001 -1.8865175298E-001 -1.1348247023E-001
   1  4874   0    0  4.8140278311E+003  2.2015393467E-001 -1.8865175298E-001 -1.1348247023E-001
   1  4875   0    0  4.8150278312E+003  2.2015393467E-001 -1.8865175298E-001 -1.1348247023E-001
   1  4876   0    0  4.8160278313E+003  2.2015393467E-001 -1.8865175298E-001 -1.1348247023E-001
   1  4877   0    0  4.8170278314E+003  2.2015393467E-001 -1.8865175298E-001 -1.1348247023E-001
   1  4878   0    0  4.8180278315E+003  2.2015393467E-001 -1.8865175298E-001 -1.1348247023E-001
   1  4879   0    0  4.8190278316E+003  2.2015393467E-001 -1.8865175298E-001 -1.1348247023E-001
   1  4880   4  245  4.8200278317E+003  2.2015393467E-001 -1.8865175298E-001 -1.1348247023E-001
   1  4881   0    0  4.8210278318E+003  2.2015393467E-001 -1.8865175298E-001 -1.1348247023E-001
   1  4882   0    0  4.8220278319E+003  2.2015393467E-001 -1.8865175298E-001 -1.1348247023E-001
   1  4883   0    0  4.8230278320E+003  2.2015393467E-001 -1.8865175298E-001 -1.1348247023E-001
   1  4884   0    0  4.8240278321E+003  2.2015393467E-001 -1.8865175298E-001 -1.1348247023E-001
   1  4885   0    0  4.8250278322E+003  2.2015393467E-001 -1.8865175298E-001 -1.1348247023E-001
   1  4886   0    0  4.8260278323E+003  2.2015393467E-001 -1.8865175298E-001 -1.1348247023E-001
   1  4887   0    0  4.8270278324E+003  2.2015393467E-001 -1.8865175298E-001 -1.1348247023E-001
   1  4888   0    0  4.8280278325E+003  2.2015393467E-001 -1.8865175298E-001 -1.1348247023E-001
   1  4889   0    0  4.8290278326E+003  2.2015393467E-001 -1.8865175298E-001 -1.1348247023E-001
   1  4890   0    0  4.8300278327E+003  2.2015393467E-001 -1.8865175298E-001 -1.1348247023E-001
   1  4891   0    0  4.8310278328E+003  2.2015393467E-001 -1.8865175298E-001 -1.1348247023E-001
   1  4892   0    0  4.8320278329E+003  2.2015393467E-001 -1.8865175298E-001 -1.1348247023E-001
   1  4893   0    0  4.8330278330E+003  2.2015393467E-001 -1.8865175298E-001 -1.1348247023E-001
   1  4894   0    0  4.8340278331E+003  2.2015393467E-001 -1.8865175298E-001 -1.1348247023E-001
   1  4895   0    0  4.8350278332E+003  2.2015393467E-001 -1.8865175298E-001 -1.1348247023E-001
   1  4896   0    0  4.8360278333E+003  2.2015393467E-001 -1.8865175298E-001 -1.1348247023E-001
   1  4897   0    0  4.8370278334E+003  2.2015393467E-001 -1.8865175298E-001 -1.1348247023E-001
   1  4898   0    0  4.8380278335E+003  2.2015393467E-001 -1.8865175298E-001 -1.1348247023E-001
   1  4899   0    0  4.8390278336E+003  2.2015393467E-001 -1.8865175298E-001 -1.1348247023E-001
   1  4900   4  246  4.8400278337E+003  2.2015393467E-001 -1.8865175298E-001 -1.1348247023E-001
   1  4901   0    0  4.8410278338E+003  2.2015393467E-001 -1.8865175298E-001 -1.1348247023E-001
   1  4902   0    0  4.8420278339E+003  2.2015393467E-001 -1.8865175298E-001 -1.1348247023E-001
   1  4903   0    0  4.8430278340E+003  2.2015393467E-001 -1.8865175298E-001 -1.1348247023E-001
   1  4904   0    0  4.8440278341E+003  2.2015393467E-001 -1.8865175298E-001 -1.1348247023E-001
   1  4905   0    0  4.8450278342E+003  2.2015393467E-001 -1.8865175298E-001 -1.1348247023E-001
   1  4906   0    0  4.8460278343E+003  2.2015393467E-001 -1.8865175298E-001 -1.1348247023E-001
   1  4907   0    0  4.8470278344E+003  2.2015393467E-001 -1.8865175298E-001 -1.1348247023E-001
   1  4908   0    0  4.8480278345E+003  2.2015393467E-001 -1.8865175298E-001 -1.1348247023E-001
   1  4909   0    0  4.8490278346E+003  2.2015393467E-001 -1.8865175298E-001 -1.1348247023E-001
   1  4910   0    0  4.8500278347E+003  2.2015393467E-001 -1.8865175298E-001 -1.1348247023E-001
   1  4911   0    0  4.8510278348E+003  2.2015393467E-001 -1.8865175298E-001 -1.1348247023E-001
   1  4912   0    0  4.8520278349E+003  2.2015393467E-001 -1.8865175298E-001 -1.1348247023E-001
   1  4913   0    0  4.8530278350E+003  2.2015393467E-001 -1.8865175298E-001 -1.1348247023E-001
   1  4914   0    0  4.8540278351E+003  2.2015393467E-001 -1.8865175298E-001 -1.1348247023E-001
   1  4915   0    0  4.8550278352E+003  2.2015393467E-001 -1.8865175298E-001 -1.1348247023E-001
   1  4916   0    0  4.8560278353E+003  2.2015393467E-001 -1.8865175298E-001 -1.1348247023E-001
   1  4917   0    0  4.8570278354E+003  2.2015393467E-001 -1.8865175298E-001 -1.1348247023E-001
   1  4918   0    0  4.8580278355E+003  2.2015393467E-001 -1.8865175298E-001 -1.1348247023E-001
   1  4919   0    0  4.8590278356E+003  2.2015393467E-001 -1.8865175298E-001 -1.1348247023E-001
   1  4920   4  247  4.8600278357E+003  2.2015393467E-001 -1.8865175298E-001 -1.1348247023E-001
   1  4921   0    0  4.8610278358E+003  2.2015393467E-001 -1.8865175298E-001 -1.1348247023E-001
   1  4922   0    0  4.8620278359E+003  2.2015393467E-001 -1.8865175298E-001 -1.1348247023E-001
   1  4923   0    0  4.8630278360E+003  2.2015393467E-001 -1.8865175298E-001 -1.1348247023E-001
   1  4924   0    0  4.8640278361E+003  2.2015393467E-001 -1.8865175298E-001 -1.1348247023E-001
   1  4925   0    0  4.8650278362E+003  2.2015393467E-001 -1.8865175298E-001 -1.1348247023E-001
   1  4926   0    0  4.8660278363E+003  2.2015393467E-001 -1.8865175298E-001 -1.1348247023E-001
   1  4927   0    0  4.8670278364E+003  2.2015393467E-001 -1.8865175298E-001 -1.1348247023E-001
   1  4928   0    0  4.8680278365E+003  2.2015393467E-001 -1.8865175298E-001 -1.1348247023E-001
   1  4929   0    0  4.8690278366E+003  2.2015393467E-001 -1.8865175298E-001 -1.1348247023E-001
   1  4930   0    0  4.8700278367E+003  2.2015393467E-001 -1.8865175298E-001 -1.1348247023E-001
   1  4931   0    0  4.8710278368E+003  2.2015393467E-001 -1.8865175298E-001 -1.1348247023E-001
   1  4932   0    0  4.8720278369E+003  2.2015393467E-001 -1.8865175298E-001 -1.1348247023E-001
   1  4933   0    0  4.8730278370E+003  2.2015393467E-001 -1.8865175298E-001 -1.1348247023E-001
   1  4934   0    0  4.8740278371E+003  2.2015393467E-001 -1.8865175298E-001 -1.1348247023E-001
   1  4935   0    0  4.8750278372E+003  2.2015393467E-001 -1.8865175298E-001 -1.1348247023E-001
   1  4936   0    0  4.8760278373E+003  2.2015393467E-001 -1.8865175298E-001 -1.1348247023E-001
   1  4937   0    0  4.8770278374E+003  2.2015393467E-001 -1.8865175298E-001 -1.1348247023E-001
   1  4938   0    0  4.8780278375E+003  2.2015393467E-001 -1.8865175298E-001 -1.1348247023E-001
   1  4939   0    0  4.8790278376E+003  2.2015393467E-001 -1.8865175298E-001 -1.1348247023E-001
   1  4940   4  248  4.8800278377E+003  2.2015393467E-001 -1.8865175298E-001 -1.1348247023E-001
   1  4941   0    0  4.8810278378E+003  2.2015393467E-001 -1.8865175298E-001 -1.1348247023E-001
   1  4942   0    0  4.8820278379E+003  2.2015393467E-001 -1.8865175298E-001 -1.1348247023E-001
   1  4943   0    0  4.8830278380E+003  2.2015393467E-001 -1.8865175298E-001 -1.1348247023E-001
   1  4944   0    0  4.8840278381E+003  2.2015393467E-001 -1.8865175298E-001 -1.1348247023E-001
   1  4945   0    0  4.8850278382E+003  2.2015393467E-001 -1.8865175298E-001 -1.1348247023E-001
   1  4946   0    0  4.8860278383E+003  2.2015393467E-001 -1.8865175298E-001 -1.1348247023E-001
   1  4947   0    0  4.8870278384E+003  2.2015393467E-001 -1.8865175298E-001 -1.1348247023E-001
   1  4948   0    0  4.8880278385E+003  2.2015393467E-001 -1.8865175298E-001 -1.1348247023E-001
   1  4949   0    0  4.8890278386E+003  2.2015393467E-001 -1.8865175298E-001 -1.1348247023E-001
   1  4950   0    0  4.8900278387E+003  2.2015393467E-001 -1.8865175298E-001 -1.1348247023E-001
   1  4951   0    0  4.8910278388E+003  2.2015393467E-001 -1.8865175298E-001 -1.1348247023E-001
   1  4952   0    0  4.8920278389E+003  2.2015393467E-001 -1.8865175298E-001 -1.1348247023E-001
   1  4953   0    0  4.8930278390E+003  2.2015393467E-001 -1.8865175298E-001 -1.1348247023E-001
   1  4954   0    0  4.8940278391E+003  2.2015393467E-001 -1.8865175298E-001 -1.1348247023E-001
   1  4955   0    0  4.8950278392E+003  2.2015393467E-001 -1.8865175298E-001 -1.1348247023E-001
   1  4956   0    0  4.8960278393E+003  2.2015393467E-001 -1.8865175298E-001 -1.1348247023E-001
   1  4957   0    0  4.8970278394E+003  2.2015393467E-001 -1.8865175298E-001 -1.1348247023E-001
   1  4958   0    0  4.8980278395E+003  2.2015393467E-001 -1.8865175298E-001 -1.1348247023E-001
   1  4959   0    0  4.8990278396E+003  2.2015393467E-001 -1.8865175298E-001 -1.1348247023E-001
   1  4960   4  249  4.9000278397E+003  2.2015393467E-001 -1.8865175298E-001 -1.1348247023E-001
   1  4961   0    0  4.9010278398E+003  2.2015393467E-001 -1.8865175298E-001 -1.1348247023E-001
   1  4962   0    0  4.9020278399E+003  2.2015393467E-001 -1.8865175298E-001 -1.1348247023E-001
   1  4963   0    0  4.9030278400E+003  2.2015393467E-001 -1.8865175298E-001 -1.1348247023E-001
   1  4964   0    0  4.9040278401E+003  2.2015393467E-001 -1.8865175298E-001 -1.1348247023E-001
   1  4965   0    0  4.9050278402E+003  2.2015393467E-001 -1.8865175298E-001 -1.1348247023E-001
   1  4966   0    0  4.9060278403E+003  2.2015393467E-001 -1.8865175298E-001 -1.1348247023E-001
   1  4967   0    0  4.9070278404E+003  2.2015393467E-001 -1.8865175298E-001 -1.1348247023E-001
   1  4968   0    0  4.9080278405E+003  2.2015393467E-001 -1.8865175298E-001 -1.1348247023E-001
   1  4969   0    0  4.9090278406E+003  2.2015393467E-001 -1.8865175298E-001 -1.1348247023E-001
   1  4970   0    0  4.9100278407E+003  2.2015393467E-001 -1.8865175298E-001 -1.1348247023E-001
   1  4971   0    0  4.9110278408E+003  2.2015393467E-001 -1.8865175298E-001 -1.1348247023E-001
   1  4972   0    0  4.9120278409E+003  2.2015393467E-001 -1.8865175298E-001 -1.1348247023E-001
   1  4973   0    0  4.9130278410E+003  2.2015393467E-001 -1.8865175298E-001 -1.1348247023E-001
   1  4974   0    0  4.9140278411E+003  2.2015393467E-001 -1.8865175298E-001 -1.1348247023E-001
   1  4975   0    0  4.9150278412E+003  2.2015393467E-001 -1.8865175298E-001 -1.1348247023E-001
   1  4976   0    0  4.9160278413E+003  2.2015393467E-001 -1.8865175298E-001 -1.1348247023E-001
   1  4977   0    0  4.9170278414E+003  2.2015393467E-001 -1.8865175298E-001 -1.1348247023E-001
   1  4978   0    0  4.9180278415E+003  2.2015393467E-001 -1.8865175298E-001 -1.1348247023E-001
   1  4979   0    0  4.9190278416E+003  2.2015393467E-001 -1.8865175298E-001 -1.1348247023E-001
   1  4980   4  250  4.9200278417E+003  2.2015393467E-001 -1.8865175298E-001 -1.1348247023E-001
   1  4981   0    0  4.9210278418E+003  2.2015393467E-001 -1.8865175298E-001 -1.1348247023E-001
   1  4982   0    0  4.9220278419E+003  2.2015393467E-001 -1.8865175298E-001 -1.1348247023E-001
   1  4983   0    0  4.9230278420E+003  2.2015393467E-001 -1.8865175298E-001 -1.1348247023E-001
   1  4984   0    0  4.9240278421E+003  2.2015393467E-001 -1.8865175298E-001 -1.1348247023E-001
   1  4985   0    0  4.9250278422E+003  2.2015393467E-001 -1.8865175298E-001 -1.1348247023E-001
   1  4986   0    0  4.9260278423E+003  2.2015393467E-001 -1.8865175298E-001 -1.1348247023E-001
   1  4987   0    0  4.9270278424E+003  2.2015393467E-001 -1.8865175298E-001 -1.1348247023E-001
   1  4988   0    0  4.9280278425E+003  2.2015393467E-001 -1.8865175298E-001 -1.1348247023E-001
   1  4989   0    0  4.9290278426E+003  2.2015393467E-001 -1.8865175298E-001 -1.1348247023E-001
   1  4990   0    0  4.9300278427E+003  2.2015393467E-001 -1.8865175298E-001 -1.1348247023E-001
   1  4991   0    0  4.9310278428E+003  2.2015393467E-001 -1.8865175298E-001 -1.1348247023E-001
   1  4992   0    0  4.9320278429E+003  2.2015393467E-001 -1.8865175298E-001 -1.1348247023E-001
   1  4993   0    0  4.9330278430E+003  2.2015393467E-001 -1.8865175298E-001 -1.1348247023E-001
   1  4994   0    0  4.9340278431E+003  2.2015393467E-001 -1.8865175298E-001 -1.1348247023E-001
   1  4995   0    0  4.9350278432E+003  2.2015393467E-001 -1.8865175298E-001 -1.1348247023E-001
   1  4996   0    0  4.9360278433E+003  2.2015393467E-001 -1.8865175298E-001 -1.1348247023E-001
   1  4997   0    0  4.9370278434E+003  2.2015393467E-001 -1.8865175298E-001 -1.1348247023E-001
   1  4998   0    0  4.9380278435E+003  2.2015393467E-001 -1.8865175298E-001 -1.1348247023E-001
   1  4999   0    0  4.9390278436E+003  2.2015393467E-001 -1.8865175298E-001 -1.1348247023E-001
   1  5000   4  251  4.9400278437E+003  2.2015393467E-001 -1.8865175298E-001 -1.1348247023E-001
   1  5001   0    0  4.9410278438E+003  2.2015393467E-001 -1.8865175298E-001 -1.1348247023E-001
   1  5002   0    0  4.9420278439E+003  2.2015393467E-001 -1.8865175298E-001 -1.1348247023E-001
   1  5003   0    0  4.9430278440E+003  2.2015393467E-001 -1.8865175298E-001 -1.1348247023E-001
   1  5004   0    0  4.9440278441E+003  2.2015393467E-001 -1.8865175298E-001 -1.1348247023E-001
   1  5005   0    0  4.9450278442E+003  2.2015393467E-001 -1.8865175298E-001 -1.1348247023E-001
   1  5006   0    0  4.9460278443E+003  2.2015393467E-001 -1.8865175298E-001 -1.1348247023E-001
   1  5007   0    0  4.9470278444E+003  2.2015393467E-001 -1.8865175298E-001 -1.1348247023E-001
   1  5008   0    0  4.9480278445E+003  2.2015393467E-001 -1.8865175298E-001 -1.1348247023E-001
   1  5009   0    0  4.9490278446E+003  2.2015393467E-001 -1.8865175298E-001 -1.1348247023E-001
   1  5010   0    0  4.9500278447E+003  2.2015393467E-001 -1.8865175298E-001 -1.1348247023E-001
   1  5011   0    0  4.9510278448E+003  2.2015393467E-001 -1.8865175298E-001 -1.1348247023E-001
   1  5012   0    0  4.9520278449E+003  2.2015393467E-001 -1.8865175298E-001 -1.1348247023E-001
   1  5013   0    0  4.9530278450E+003  2.2015393467E-001 -1.8865175298E-001 -1.1348247023E-001
   1  5014   0    0  4.9540278451E+003  2.2015393467E-001 -1.8865175298E-001 -1.1348247023E-001
   1  5015   0    0  4.9550278452E+003  2.2015393467E-001 -1.8865175298E-001 -1.1348247023E-001
   1  5016   0    0  4.9560278453E+003  2.2015393467E-001 -1.8865175298E-001 -1.1348247023E-001
   1  5017   0    0  4.9570278454E+003  2.2015393467E-001 -1.8865175298E-001 -1.1348247023E-001
   1  5018   0    0  4.9580278455E+003  2.2015393467E-001 -1.8865175298E-001 -1.1348247023E-001
   1  5019   0    0  4.9590278456E+003  2.2015393467E-001 -1.8865175298E-001 -1.1348247023E-001
   1  5020   4  252  4.9600278457E+003  2.2015393467E-001 -1.8865175298E-001 -1.1348247023E-001
   1  5021   0    0  4.9610278458E+003  2.2015393467E-001 -1.8865175298E-001 -1.1348247023E-001
   1  5022   0    0  4.9620278459E+003  2.2015393467E-001 -1.8865175298E-001 -1.1348247023E-001
   1  5023   0    0  4.9630278460E+003  2.2015393467E-001 -1.8865175298E-001 -1.1348247023E-001
   1  5024   0    0  4.9640278461E+003  2.2015393467E-001 -1.8865175298E-001 -1.1348247023E-001
   1  5025   0    0  4.9650278462E+003  2.2015393467E-001 -1.8865175298E-001 -1.1348247023E-001
   1  5026   0    0  4.9660278463E+003  2.2015393467E-001 -1.8865175298E-001 -1.1348247023E-001
   1  5027   0    0  4.9670278464E+003  2.2015393467E-001 -1.8865175298E-001 -1.1348247023E-001
   1  5028   0    0  4.9680278465E+003  2.2015393467E-001 -1.8865175298E-001 -1.1348247023E-001
   1  5029   0    0  4.9690278466E+003  2.2015393467E-001 -1.8865175298E-001 -1.1348247023E-001
   1  5030   0    0  4.9700278467E+003  2.2015393467E-001 -1.8865175298E-001 -1.1348247023E-001
   1  5031   0    0  4.9710278468E+003  2.2015393467E-001 -1.8865175298E-001 -1.1348247023E-001
   1  5032   0    0  4.9720278469E+003  2.2015393467E-001 -1.8865175298E-001 -1.1348247023E-001
   1  5033   0    0  4.9730278470E+003  2.2015393467E-001 -1.8865175298E-001 -1.1348247023E-001
   1  5034   0    0  4.9740278471E+003  2.2015393467E-001 -1.8865175298E-001 -1.1348247023E-001
   1  5035   0    0  4.9750278472E+003  2.2015393467E-001 -1.8865175298E-001 -1.1348247023E-001
   1  5036   0    0  4.9760278473E+003  2.2015393467E-001 -1.8865175298E-001 -1.1348247023E-001
   1  5037   0    0  4.9770278474E+003  2.2015393467E-001 -1.8865175298E-001 -1.1348247023E-001
   1  5038   0    0  4.9780278475E+003  2.2015393467E-001 -1.8865175298E-001 -1.1348247023E-001
   1  5039   0    0  4.9790278476E+003  2.2015393467E-001 -1.8865175298E-001 -1.1348247023E-001
   1  5040   4  253  4.9800278477E+003  2.2015393467E-001 -1.8865175298E-001 -1.1348247023E-001
   1  5041   0    0  4.9810278478E+003  2.2015393467E-001 -1.8865175298E-001 -1.1348247023E-001
   1  5042   0    0  4.9820278479E+003  2.2015393467E-001 -1.8865175298E-001 -1.1348247023E-001
   1  5043   0    0  4.9830278480E+003  2.2015393467E-001 -1.8865175298E-001 -1.1348247023E-001
   1  5044   0    0  4.9840278481E+003  2.2015393467E-001 -1.8865175298E-001 -1.1348247023E-001
   1  5045   0    0  4.9850278482E+003  2.2015393467E-001 -1.8865175298E-001 -1.1348247023E-001
   1  5046   0    0  4.9860278483E+003  2.2015393467E-001 -1.8865175298E-001 -1.1348247023E-001
   1  5047   0    0  4.9870278484E+003  2.2015393467E-001 -1.8865175298E-001 -1.1348247023E-001
   1  5048   0    0  4.9880278485E+003  2.2015393467E-001 -1.8865175298E-001 -1.1348247023E-001
   1  5049   0    0  4.9890278486E+003  2.2015393467E-001 -1.8865175298E-001 -1.1348247023E-001
   1  5050   0    0  4.9900278487E+003  2.2015393467E-001 -1.8865175298E-001 -1.1348247023E-001
   1  5051   0    0  4.9910278488E+003  2.2015393467E-001 -1.8865175298E-001 -1.1348247023E-001
   1  5052   0    0  4.9920278489E+003  2.2015393467E-001 -1.8865175298E-001 -1.1348247023E-001
   1  5053   0    0  4.9930278490E+003  2.2015393467E-001 -1.8865175298E-001 -1.1348247023E-001
   1  5054   0    0  4.9940278491E+003  2.2015393467E-001 -1.8865175298E-001 -1.1348247023E-001
   1  5055   0    0  4.9950278492E+003  2.2015393467E-001 -1.8865175298E-001 -1.1348247023E-001
   1  5056   0    0  4.9960278493E+003  2.2015393467E-001 -1.8865175298E-001 -1.1348247023E-001
   1  5057   0    0  4.9970278494E+003  2.2015393467E-001 -1.8865175298E-001 -1.1348247023E-001
   1  5058   0    0  4.9980278495E+003  2.2015393467E-001 -1.8865175298E-001 -1.1348247023E-001
   1  5059   0    0  4.9990278496E+003  2.2015393467E-001 -1.8865175298E-001 -1.1348247023E-001
   1  5060   4  254  5.0000278497E+003  2.2015393467E-001 -1.8865175298E-001 -1.1348247023E-001
   1  5061   0    0  5.0010278498E+003  2.2015393467E-001 -1.8865175298E-001 -1.1348247023E-001
   1  5062   0    0  5.0020278499E+003  2.2015393467E-001 -1.8865175298E-001 -1.1348247023E-001
   1  5063   0    0  5.0030278500E+003  2.2015393467E-001 -1.8865175298E-001 -1.1348247023E-001
   1  5064   0    0  5.0040278501E+003  2.2015393467E-001 -1.8865175298E-001 -1.1348247023E-001
   1  5065   0    0  5.0050278502E+003  2.2015393467E-001 -1.8865175298E-001 -1.1348247023E-001
   1  5066   0    0  5.0060278503E+003  2.2015393467E-001 -1.8865175298E-001 -1.1348247023E-001
   1  5067   0    0  5.0070278504E+003  2.2015393467E-001 -1.8865175298E-001 -1.1348247023E-001
   1  5068   0    0  5.0080278505E+003  2.2015393467E-001 -1.8865175298E-001 -1.1348247023E-001
   1  5069   0    0  5.0090278506E+003  2.2015393467E-001 -1.8865175298E-001 -1.1348247023E-001
   1  5070   0    0  5.0100278507E+003  2.2015393467E-001 -1.8865175298E-001 -1.1348247023E-001
   1  5071   0    0  5.0110278508E+003  2.2015393467E-001 -1.8865175298E-001 -1.1348247023E-001
   1  5072   0    0  5.0120278509E+003  2.2015393467E-001 -1.8865175298E-001 -1.1348247023E-001
   1  5073   0    0  5.0130278510E+003  2.2015393467E-001 -1.8865175298E-001 -1.1348247023E-001
   1  5074   0    0  5.0140278511E+003  2.2015393467E-001 -1.8865175298E-001 -1.1348247023E-001
   1  5075   0    0  5.0150278512E+003  2.2015393467E-001 -1.8865175298E-001 -1.1348247023E-001
   1  5076   0    0  5.0160278513E+003  2.2015393467E-001 -1.8865175298E-001 -1.1348247023E-001
   1  5077   0    0  5.0170278514E+003  2.2015393467E-001 -1.8865175298E-001 -1.1348247023E-001
   1  5078   0    0  5.0180278515E+003  2.2015393467E-001 -1.8865175298E-001 -1.1348247023E-001
   1  5079   0    0  5.0190278516E+003  2.2015393467E-001 -1.8865175298E-001 -1.1348247023E-001
   1  5080   4  255  5.0200278517E+003  2.2015393467E-001 -1.8865175298E-001 -1.1348247023E-001
   1  5081   0    0  5.0210278518E+003  2.2015393467E-001 -1.8865175298E-001 -1.1348247023E-001
   1  5082   0    0  5.0220278519E+003  2.2015393467E-001 -1.8865175298E-001 -1.1348247023E-001
   1  5083   0    0  5.0230278520E+003  2.2015393467E-001 -1.8865175298E-001 -1.1348247023E-001
   1  5084   0    0  5.0240278521E+003  2.2015393467E-001 -1.8865175298E-001 -1.1348247023E-001
   1  5085   0    0  5.0250278522E+003  2.2015393467E-001 -1.8865175298E-001 -1.1348247023E-001
   1  5086   0    0  5.0260278523E+003  2.2015393467E-001 -1.8865175298E-001 -1.1348247023E-001
   1  5087   0    0  5.0270278524E+003  2.2015393467E-001 -1.8865175298E-001 -1.1348247023E-001
   1  5088   0    0  5.0280278525E+003  2.2015393467E-001 -1.8865175298E-001 -1.1348247023E-001
   1  5089   0    0  5.0290278526E+003  2.2015393467E-001 -1.8865175298E-001 -1.1348247023E-001
   1  5090   0    0  5.0300278527E+003  2.2015393467E-001 -1.8865175298E-001 -1.1348247023E-001
   1  5091   0    0  5.0310278528E+003  2.2015393467E-001 -1.8865175298E-001 -1.1348247023E-001
   1  5092   0    0  5.0320278529E+003  2.2015393467E-001 -1.8865175298E-001 -1.1348247023E-001
   1  5093   0    0  5.0330278530E+003  2.2015393467E-001 -1.8865175298E-001 -1.1348247023E-001
   1  5094   0    0  5.0340278531E+003  2.2015393467E-001 -1.8865175298E-001 -1.1348247023E-001
   1  5095   0    0  5.0350278532E+003  2.2015393467E-001 -1.8865175298E-001 -1.1348247023E-001
   1  5096   0    0  5.0360278533E+003  2.2015393467E-001 -1.8865175298E-001 -1.1348247023E-001
   1  5097   0    0  5.0370278534E+003  2.2015393467E-001 -1.8865175298E-001 -1.1348247023E-001
   1  5098   0    0  5.0380278535E+003  2.2015393467E-001 -1.8865175298E-001 -1.1348247023E-001
   1  5099   0    0  5.0390278536E+003  2.2015393467E-001 -1.8865175298E-001 -1.1348247023E-001
   1  5100   4  256  5.0400278537E+003  2.2015393467E-001 -1.8865175298E-001 -1.1348247023E-001
   1  5101   0    0  5.0410278538E+003  2.2015393467E-001 -1.8865175298E-001 -1.1348247023E-001
   1  5102   0    0  5.0420278539E+003  2.2015393467E-001 -1.8865175298E-001 -1.1348247023E-001
   1  5103   0    0  5.0430278540E+003  2.2015393467E-001 -1.8865175298E-001 -1.1348247023E-001
   1  5104   0    0  5.0440278541E+003  2.2015393467E-001 -1.8865175298E-001 -1.1348247023E-001
   1  5105   0    0  5.0450278542E+003  2.2015393467E-001 -1.8865175298E-001 -1.1348247023E-001
   1  5106   0    0  5.0460278543E+003  2.2015393467E-001 -1.8865175298E-001 -1.1348247023E-001
   1  5107   0    0  5.0470278544E+003  2.2015393467E-001 -1.8865175298E-001 -1.1348247023E-001
   1  5108   0    0  5.0480278545E+003  2.2015393467E-001 -1.8865175298E-001 -1.1348247023E-001
   1  5109   0    0  5.0490278546E+003  2.2015393467E-001 -1.8865175298E-001 -1.1348247023E-001
   1  5110   0    0  5.0500278547E+003  2.2015393467E-001 -1.8865175298E-001 -1.1348247023E-001
   1  5111   0    0  5.0510278548E+003  2.2015393467E-001 -1.8865175298E-001 -1.1348247023E-001
   1  5112   0    0  5.0520278549E+003  2.2015393467E-001 -1.8865175298E-001 -1.1348247023E-001
   1  5113   0    0  5.0530278550E+003  2.2015393467E-001 -1.8865175298E-001 -1.1348247023E-001
   1  5114   0    0  5.0540278551E+003  2.2015393467E-001 -1.8865175298E-001 -1.1348247023E-001
   1  5115   0    0  5.0550278552E+003  2.2015393467E-001 -1.8865175298E-001 -1.1348247023E-001
   1  5116   0    0  5.0560278553E+003  2.2015393467E-001 -1.8865175298E-001 -1.1348247023E-001
   1  5117   0    0  5.0570278554E+003  2.2015393467E-001 -1.8865175298E-001 -1.1348247023E-001
   1  5118   0    0  5.0580278555E+003  2.2015393467E-001 -1.8865175298E-001 -1.1348247023E-001
   1  5119   0    0  5.0590278556E+003  2.2015393467E-001 -1.8865175298E-001 -1.1348247023E-001
   1  5120   4  257  5.0600278557E+003  2.2015393467E-001 -1.8865175298E-001 -1.1348247023E-001
   1  5121   0    0  5.0610278558E+003  2.2015393467E-001 -1.8865175298E-001 -1.1348247023E-001
   1  5122   0    0  5.0620278559E+003  2.2015393467E-001 -1.8865175298E-001 -1.1348247023E-001
   1  5123   0    0  5.0630278560E+003  2.2015393467E-001 -1.8865175298E-001 -1.1348247023E-001
   1  5124   0    0  5.0640278561E+003  2.2015393467E-001 -1.8865175298E-001 -1.1348247023E-001
   1  5125   0    0  5.0650278562E+003  2.2015393467E-001 -1.8865175298E-001 -1.1348247023E-001
   1  5126   0    0  5.0660278563E+003  2.2015393467E-001 -1.8865175298E-001 -1.1348247023E-001
   1  5127   0    0  5.0670278564E+003  2.2015393467E-001 -1.8865175298E-001 -1.1348247023E-001
   1  5128   0    0  5.0680278565E+003  2.2015393467E-001 -1.8865175298E-001 -1.1348247023E-001
   1  5129   0    0  5.0690278566E+003  2.2015393467E-001 -1.8865175298E-001 -1.1348247023E-001
   1  5130   0    0  5.0700278567E+003  2.2015393467E-001 -1.8865175298E-001 -1.1348247023E-001
   1  5131   0    0  5.0710278568E+003  2.2015393467E-001 -1.8865175298E-001 -1.1348247023E-001
   1  5132   0    0  5.0720278569E+003  2.2015393467E-001 -1.8865175298E-001 -1.1348247023E-001
   1  5133   0    0  5.0730278570E+003  2.2015393467E-001 -1.8865175298E-001 -1.1348247023E-001
   1  5134   0    0  5.0740278571E+003  2.2015393467E-001 -1.8865175298E-001 -1.1348247023E-001
   1  5135   0    0  5.0750278572E+003  2.2015393467E-001 -1.8865175298E-001 -1.1348247023E-001
   1  5136   0    0  5.0760278573E+003  2.2015393467E-001 -1.8865175298E-001 -1.1348247023E-001
   1  5137   0    0  5.0770278574E+003  2.2015393467E-001 -1.8865175298E-001 -1.1348247023E-001
   1  5138   0    0  5.0780278575E+003  2.2015393467E-001 -1.8865175298E-001 -1.1348247023E-001
   1  5139   0    0  5.0790278576E+003  2.2015393467E-001 -1.8865175298E-001 -1.1348247023E-001
   1  5140   4  258  5.0800278577E+003  2.2015393467E-001 -1.8865175298E-001 -1.1348247023E-001
   1  5141   0    0  5.0810278578E+003  2.2015393467E-001 -1.8865175298E-001 -1.1348247023E-001
   1  5142   0    0  5.0820278579E+003  2.2015393467E-001 -1.8865175298E-001 -1.1348247023E-001
   1  5143   0    0  5.0830278580E+003  2.2015393467E-001 -1.8865175298E-001 -1.1348247023E-001
   1  5144   0    0  5.0840278581E+003  2.2015393467E-001 -1.8865175298E-001 -1.1348247023E-001
   1  5145   0    0  5.0850278582E+003  2.2015393467E-001 -1.8865175298E-001 -1.1348247023E-001
   1  5146   0    0  5.0860278583E+003  2.2015393467E-001 -1.8865175298E-001 -1.1348247023E-001
   1  5147   0    0  5.0870278584E+003  2.2015393467E-001 -1.8865175298E-001 -1.1348247023E-001
   1  5148   0    0  5.0880278585E+003  2.2015393467E-001 -1.8865175298E-001 -1.1348247023E-001
   1  5149   0    0  5.0890278586E+003  2.2015393467E-001 -1.8865175298E-001 -1.1348247023E-001
   1  5150   0    0  5.0900278587E+003  2.2015393467E-001 -1.8865175298E-001 -1.1348247023E-001
   1  5151   0    0  5.0910278588E+003  2.2015393467E-001 -1.8865175298E-001 -1.1348247023E-001
   1  5152   0    0  5.0920278589E+003  2.2015393467E-001 -1.8865175298E-001 -1.1348247023E-001
   1  5153   0    0  5.0930278590E+003  2.2015393467E-001 -1.8865175298E-001 -1.1348247023E-001
   1  5154   0    0  5.0940278591E+003  2.2015393467E-001 -1.8865175298E-001 -1.1348247023E-001
   1  5155   0    0  5.0950278592E+003  2.2015393467E-001 -1.8865175298E-001 -1.1348247023E-001
   1  5156   0    0  5.0960278593E+003  2.2015393467E-001 -1.8865175298E-001 -1.1348247023E-001
   1  5157   0    0  5.0970278594E+003  2.2015393467E-001 -1.8865175298E-001 -1.1348247023E-001
   1  5158   0    0  5.0980278595E+003  2.2015393467E-001 -1.8865175298E-001 -1.1348247023E-001
   1  5159   0    0  5.0990278596E+003  2.2015393467E-001 -1.8865175298E-001 -1.1348247023E-001
   1  5160   4  259  5.1000278597E+003  2.2015393467E-001 -1.8865175298E-001 -1.1348247023E-001
   1  5161   0    0  5.1010278598E+003  2.2015393467E-001 -1.8865175298E-001 -1.1348247023E-001
   1  5162   0    0  5.1020278599E+003  2.2015393467E-001 -1.8865175298E-001 -1.1348247023E-001
   1  5163   0    0  5.1030278600E+003  2.2015393467E-001 -1.8865175298E-001 -1.1348247023E-001
   1  5164   0    0  5.1040278601E+003  2.2015393467E-001 -1.8865175298E-001 -1.1348247023E-001
   1  5165   0    0  5.1050278602E+003  2.2015393467E-001 -1.8865175298E-001 -1.1348247023E-001
   1  5166   0    0  5.1060278603E+003  2.2015393467E-001 -1.8865175298E-001 -1.1348247023E-001
   1  5167   0    0  5.1070278604E+003  2.2015393467E-001 -1.8865175298E-001 -1.1348247023E-001
   1  5168   0    0  5.1080278605E+003  2.2015393467E-001 -1.8865175298E-001 -1.1348247023E-001
   1  5169   0    0  5.1090278606E+003  2.2015393467E-001 -1.8865175298E-001 -1.1348247023E-001
   1  5170   0    0  5.1100278607E+003  2.2015393467E-001 -1.8865175298E-001 -1.1348247023E-001
   1  5171   0    0  5.1110278608E+003  2.2015393467E-001 -1.8865175298E-001 -1.1348247023E-001
   1  5172   0    0  5.1120278609E+003  2.2015393467E-001 -1.8865175298E-001 -1.1348247023E-001
   1  5173   0    0  5.1130278610E+003  2.2015393467E-001 -1.8865175298E-001 -1.1348247023E-001
   1  5174   0    0  5.1140278611E+003  2.2015393467E-001 -1.8865175298E-001 -1.1348247023E-001
   1  5175   0    0  5.1150278612E+003  2.2015393467E-001 -1.8865175298E-001 -1.1348247023E-001
   1  5176   0    0  5.1160278613E+003  2.2015393467E-001 -1.8865175298E-001 -1.1348247023E-001
   1  5177   0    0  5.1170278614E+003  2.2015393467E-001 -1.8865175298E-001 -1.1348247023E-001
   1  5178   0    0  5.1180278615E+003  2.2015393467E-001 -1.8865175298E-001 -1.1348247023E-001
   1  5179   0    0  5.1190278616E+003  2.2015393467E-001 -1.8865175298E-001 -1.1348247023E-001
   1  5180   4  260  5.1200278617E+003  2.2015393467E-001 -1.8865175298E-001 -1.1348247023E-001
   1  5181   0    0  5.1210278618E+003  2.2015393467E-001 -1.8865175298E-001 -1.1348247023E-001
   1  5182   0    0  5.1220278619E+003  2.2015393467E-001 -1.8865175298E-001 -1.1348247023E-001
   1  5183   0    0  5.1230278620E+003  2.2015393467E-001 -1.8865175298E-001 -1.1348247023E-001
   1  5184   0    0  5.1240278621E+003  2.2015393467E-001 -1.8865175298E-001 -1.1348247023E-001
   1  5185   0    0  5.1250278622E+003  2.2015393467E-001 -1.8865175298E-001 -1.1348247023E-001
   1  5186   0    0  5.1260278623E+003  2.2015393467E-001 -1.8865175298E-001 -1.1348247023E-001
   1  5187   0    0  5.1270278624E+003  2.2015393467E-001 -1.8865175298E-001 -1.1348247023E-001
   1  5188   0    0  5.1280278625E+003  2.2015393467E-001 -1.8865175298E-001 -1.1348247023E-001
   1  5189   0    0  5.1290278626E+003  2.2015393467E-001 -1.8865175298E-001 -1.1348247023E-001
   1  5190   0    0  5.1300278627E+003  2.2015393467E-001 -1.8865175298E-001 -1.1348247023E-001
   1  5191   0    0  5.1310278628E+003  2.2015393467E-001 -1.8865175298E-001 -1.1348247023E-001
   1  5192   0    0  5.1320278629E+003  2.2015393467E-001 -1.8865175298E-001 -1.1348247023E-001
   1  5193   0    0  5.1330278630E+003  2.2015393467E-001 -1.8865175298E-001 -1.1348247023E-001
   1  5194   0    0  5.1340278631E+003  2.2015393467E-001 -1.8865175298E-001 -1.1348247023E-001
   1  5195   0    0  5.1350278632E+003  2.2015393467E-001 -1.8865175298E-001 -1.1348247023E-001
   1  5196   0    0  5.1360278633E+003  2.2015393467E-001 -1.8865175298E-001 -1.1348247023E-001
   1  5197   0    0  5.1370278634E+003  2.2015393467E-001 -1.8865175298E-001 -1.1348247023E-001
   1  5198   0    0  5.1380278635E+003  2.2015393467E-001 -1.8865175298E-001 -1.1348247023E-001
   1  5199   0    0  5.1390278636E+003  2.2015393467E-001 -1.8865175298E-001 -1.1348247023E-001
   1  5200   4  261  5.1400278637E+003  2.2015393467E-001 -1.8865175298E-001 -1.1348247023E-001
   1  5201   0    0  5.1410278638E+003  2.2015393467E-001 -1.8865175298E-001 -1.1348247023E-001
   1  5202   0    0  5.1420278639E+003  2.2015393467E-001 -1.8865175298E-001 -1.1348247023E-001
   1  5203   0    0  5.1430278640E+003  2.2015393467E-001 -1.8865175298E-001 -1.1348247023E-001
   1  5204   0    0  5.1440278641E+003  2.2015393467E-001 -1.8865175298E-001 -1.1348247023E-001
   1  5205   0    0  5.1450278642E+003  2.2015393467E-001 -1.8865175298E-001 -1.1348247023E-001
   1  5206   0    0  5.1460278643E+003  2.2015393467E-001 -1.8865175298E-001 -1.1348247023E-001
   1  5207   0    0  5.1470278644E+003  2.2015393467E-001 -1.8865175298E-001 -1.1348247023E-001
   1  5208   0    0  5.1480278645E+003  2.2015393467E-001 -1.8865175298E-001 -1.1348247023E-001
   1  5209   0    0  5.1490278646E+003  2.2015393467E-001 -1.8865175298E-001 -1.1348247023E-001
   1  5210   0    0  5.1500278647E+003  2.2015393467E-001 -1.8865175298E-001 -1.1348247023E-001
   1  5211   0    0  5.1510278648E+003  2.2015393467E-001 -1.8865175298E-001 -1.1348247023E-001
   1  5212   0    0  5.1520278649E+003  2.2015393467E-001 -1.8865175298E-001 -1.1348247023E-001
   1  5213   0    0  5.1530278650E+003  2.2015393467E-001 -1.8865175298E-001 -1.1348247023E-001
   1  5214   0    0  5.1540278651E+003  2.2015393467E-001 -1.8865175298E-001 -1.1348247023E-001
   1  5215   0    0  5.1550278652E+003  2.2015393467E-001 -1.8865175298E-001 -1.1348247023E-001
   1  5216   0    0  5.1560278653E+003  2.2015393467E-001 -1.8865175298E-001 -1.1348247023E-001
   1  5217   0    0  5.1570278654E+003  2.2015393467E-001 -1.8865175298E-001 -1.1348247023E-001
   1  5218   0    0  5.1580278655E+003  2.2015393467E-001 -1.8865175298E-001 -1.1348247023E-001
   1  5219   0    0  5.1590278656E+003  2.2015393467E-001 -1.8865175298E-001 -1.1348247023E-001
   1  5220   4  262  5.1600278657E+003  2.2015393467E-001 -1.8865175298E-001 -1.1348247023E-001
   1  5221   0    0  5.1610278658E+003  2.2015393467E-001 -1.8865175298E-001 -1.1348247023E-001
   1  5222   0    0  5.1620278659E+003  2.2015393467E-001 -1.8865175298E-001 -1.1348247023E-001
   1  5223   0    0  5.1630278660E+003  2.2015393467E-001 -1.8865175298E-001 -1.1348247023E-001
   1  5224   0    0  5.1640278661E+003  2.2015393467E-001 -1.8865175298E-001 -1.1348247023E-001
   1  5225   0    0  5.1650278662E+003  2.2015393467E-001 -1.8865175298E-001 -1.1348247023E-001
   1  5226   0    0  5.1660278663E+003  2.2015393467E-001 -1.8865175298E-001 -1.1348247023E-001
   1  5227   0    0  5.1670278664E+003  2.2015393467E-001 -1.8865175298E-001 -1.1348247023E-001
   1  5228   0    0  5.1680278665E+003  2.2015393467E-001 -1.8865175298E-001 -1.1348247023E-001
   1  5229   0    0  5.1690278666E+003  2.2015393467E-001 -1.8865175298E-001 -1.1348247023E-001
   1  5230   0    0  5.1700278667E+003  2.2015393467E-001 -1.8865175298E-001 -1.1348247023E-001
   1  5231   0    0  5.1710278668E+003  2.2015393467E-001 -1.8865175298E-001 -1.1348247023E-001
   1  5232   0    0  5.1720278669E+003  2.2015393467E-001 -1.8865175298E-001 -1.1348247023E-001
   1  5233   0    0  5.1730278670E+003  2.2015393467E-001 -1.8865175298E-001 -1.1348247023E-001
   1  5234   0    0  5.1740278671E+003  2.2015393467E-001 -1.8865175298E-001 -1.1348247023E-001
   1  5235   0    0  5.1750278672E+003  2.2015393467E-001 -1.8865175298E-001 -1.1348247023E-001
   1  5236   0    0  5.1760278673E+003  2.2015393467E-001 -1.8865175298E-001 -1.1348247023E-001
   1  5237   0    0  5.1770278674E+003  2.2015393467E-001 -1.8865175298E-001 -1.1348247023E-001
   1  5238   0    0  5.1780278675E+003  2.2015393467E-001 -1.8865175298E-001 -1.1348247023E-001
   1  5239   0    0  5.1790278676E+003  2.2015393467E-001 -1.8865175298E-001 -1.1348247023E-001
   1  5240   4  263  5.1800278677E+003  2.2015393467E-001 -1.8865175298E-001 -1.1348247023E-001
   1  5241   0    0  5.1810278678E+003  2.2015393467E-001 -1.8865175298E-001 -1.1348247023E-001
   1  5242   0    0  5.1820278679E+003  2.2015393467E-001 -1.8865175298E-001 -1.1348247023E-001
   1  5243   0    0  5.1830278680E+003  2.2015393467E-001 -1.8865175298E-001 -1.1348247023E-001
   1  5244   0    0  5.1840278681E+003  2.2015393467E-001 -1.8865175298E-001 -1.1348247023E-001
   1  5245   0    0  5.1850278682E+003  2.2015393467E-001 -1.8865175298E-001 -1.1348247023E-001
   1  5246   0    0  5.1860278683E+003  2.2015393467E-001 -1.8865175298E-001 -1.1348247023E-001
   1  5247   0    0  5.1870278684E+003  2.2015393467E-001 -1.8865175298E-001 -1.1348247023E-001
   1  5248   0    0  5.1880278685E+003  2.2015393467E-001 -1.8865175298E-001 -1.1348247023E-001
   1  5249   0    0  5.1890278686E+003  2.2015393467E-001 -1.8865175298E-001 -1.1348247023E-001
   1  5250   0    0  5.1900278687E+003  2.2015393467E-001 -1.8865175298E-001 -1.1348247023E-001
   1  5251   0    0  5.1910278688E+003  2.2015393467E-001 -1.8865175298E-001 -1.1348247023E-001
   1  5252   0    0  5.1920278689E+003  2.2015393467E-001 -1.8865175298E-001 -1.1348247023E-001
   1  5253   0    0  5.1930278690E+003  2.2015393467E-001 -1.8865175298E-001 -1.1348247023E-001
   1  5254   0    0  5.1940278691E+003  2.2015393467E-001 -1.8865175298E-001 -1.1348247023E-001
   1  5255   0    0  5.1950278692E+003  2.2015393467E-001 -1.8865175298E-001 -1.1348247023E-001
   1  5256   0    0  5.1960278693E+003  2.2015393467E-001 -1.8865175298E-001 -1.1348247023E-001
   1  5257   0    0  5.1970278694E+003  2.2015393467E-001 -1.8865175298E-001 -1.1348247023E-001
   1  5258   0    0  5.1980278695E+003  2.2015393467E-001 -1.8865175298E-001 -1.1348247023E-001
   1  5259   0    0  5.1990278696E+003  2.2015393467E-001 -1.8865175298E-001 -1.1348247023E-001
   1  5260   4  264  5.2000278697E+003  2.2015393467E-001 -1.8865175298E-001 -1.1348247023E-001
   1  5261   0    0  5.2010278698E+003  2.2015393467E-001 -1.8865175298E-001 -1.1348247023E-001
   1  5262   0    0  5.2020278699E+003  2.2015393467E-001 -1.8865175298E-001 -1.1348247023E-001
   1  5263   0    0  5.2030278700E+003  2.2015393467E-001 -1.8865175298E-001 -1.1348247023E-001
   1  5264   0    0  5.2040278701E+003  2.2015393467E-001 -1.8865175298E-001 -1.1348247023E-001
   1  5265   0    0  5.2050278702E+003  2.2015393467E-001 -1.8865175298E-001 -1.1348247023E-001
   1  5266   0    0  5.2060278703E+003  2.2015393467E-001 -1.8865175298E-001 -1.1348247023E-001
   1  5267   0    0  5.2070278704E+003  2.2015393467E-001 -1.8865175298E-001 -1.1348247023E-001
   1  5268   0    0  5.2080278705E+003  2.2015393467E-001 -1.8865175298E-001 -1.1348247023E-001
   1  5269   0    0  5.2090278706E+003  2.2015393467E-001 -1.8865175298E-001 -1.1348247023E-001
   1  5270   0    0  5.2100278707E+003  2.2015393467E-001 -1.8865175298E-001 -1.1348247023E-001
   1  5271   0    0  5.2110278708E+003  2.2015393467E-001 -1.8865175298E-001 -1.1348247023E-001
   1  5272   0    0  5.2120278709E+003  2.2015393467E-001 -1.8865175298E-001 -1.1348247023E-001
   1  5273   0    0  5.2130278710E+003  2.2015393467E-001 -1.8865175298E-001 -1.1348247023E-001
   1  5274   0    0  5.2140278711E+003  2.2015393467E-001 -1.8865175298E-001 -1.1348247023E-001
   1  5275   0    0  5.2150278712E+003  2.2015393467E-001 -1.8865175298E-001 -1.1348247023E-001
   1  5276   0    0  5.2160278713E+003  2.2015393467E-001 -1.8865175298E-001 -1.1348247023E-001
   1  5277   0    0  5.2170278714E+003  2.2015393467E-001 -1.8865175298E-001 -1.1348247023E-001
   1  5278   0    0  5.2180278715E+003  2.2015393467E-001 -1.8865175298E-001 -1.1348247023E-001
   1  5279   0    0  5.2190278716E+003  2.2015393467E-001 -1.8865175298E-001 -1.1348247023E-001
   1  5280   4  265  5.2200278717E+003  2.2015393467E-001 -1.8865175298E-001 -1.1348247023E-001
   1  5281   0    0  5.2210278718E+003  2.2015393467E-001 -1.8865175298E-001 -1.1348247023E-001
   1  5282   0    0  5.2220278719E+003  2.2015393467E-001 -1.8865175298E-001 -1.1348247023E-001
   1  5283   0    0  5.2230278720E+003  2.2015393467E-001 -1.8865175298E-001 -1.1348247023E-001
   1  5284   0    0  5.2240278721E+003  2.2015393467E-001 -1.8865175298E-001 -1.1348247023E-001
   1  5285   0    0  5.2250278722E+003  2.2015393467E-001 -1.8865175298E-001 -1.1348247023E-001
   1  5286   0    0  5.2260278723E+003  2.2015393467E-001 -1.8865175298E-001 -1.1348247023E-001
   1  5287   0    0  5.2270278724E+003  2.2015393467E-001 -1.8865175298E-001 -1.1348247023E-001
   1  5288   0    0  5.2280278725E+003  2.2015393467E-001 -1.8865175298E-001 -1.1348247023E-001
   1  5289   0    0  5.2290278726E+003  2.2015393467E-001 -1.8865175298E-001 -1.1348247023E-001
   1  5290   0    0  5.2300278727E+003  2.2015393467E-001 -1.8865175298E-001 -1.1348247023E-001
   1  5291   0    0  5.2310278728E+003  2.2015393467E-001 -1.8865175298E-001 -1.1348247023E-001
   1  5292   0    0  5.2320278729E+003  2.2015393467E-001 -1.8865175298E-001 -1.1348247023E-001
   1  5293   0    0  5.2330278730E+003  2.2015393467E-001 -1.8865175298E-001 -1.1348247023E-001
   1  5294   0    0  5.2340278731E+003  2.2015393467E-001 -1.8865175298E-001 -1.1348247023E-001
   1  5295   0    0  5.2350278732E+003  2.2015393467E-001 -1.8865175298E-001 -1.1348247023E-001
   1  5296   0    0  5.2360278733E+003  2.2015393467E-001 -1.8865175298E-001 -1.1348247023E-001
   1  5297   0    0  5.2370278734E+003  2.2015393467E-001 -1.8865175298E-001 -1.1348247023E-001
   1  5298   0    0  5.2380278735E+003  2.2015393467E-001 -1.8865175298E-001 -1.1348247023E-001
   1  5299   0    0  5.2390278736E+003  2.2015393467E-001 -1.8865175298E-001 -1.1348247023E-001
   1  5300   4  266  5.2400278737E+003  2.2015393467E-001 -1.8865175298E-001 -1.1348247023E-001
   1  5301   0    0  5.2410278738E+003  2.2015393467E-001 -1.8865175298E-001 -1.1348247023E-001
   1  5302   0    0  5.2420278739E+003  2.2015393467E-001 -1.8865175298E-001 -1.1348247023E-001
   1  5303   0    0  5.2430278740E+003  2.2015393467E-001 -1.8865175298E-001 -1.1348247023E-001
   1  5304   0    0  5.2440278741E+003  2.2015393467E-001 -1.8865175298E-001 -1.1348247023E-001
   1  5305   0    0  5.2450278742E+003  2.2015393467E-001 -1.8865175298E-001 -1.1348247023E-001
   1  5306   0    0  5.2460278743E+003  2.2015393467E-001 -1.8865175298E-001 -1.1348247023E-001
   1  5307   0    0  5.2470278744E+003  2.2015393467E-001 -1.8865175298E-001 -1.1348247023E-001
   1  5308   0    0  5.2480278745E+003  2.2015393467E-001 -1.8865175298E-001 -1.1348247023E-001
   1  5309   0    0  5.2490278746E+003  2.2015393467E-001 -1.8865175298E-001 -1.1348247023E-001
   1  5310   0    0  5.2500278747E+003  2.2015393467E-001 -1.8865175298E-001 -1.1348247023E-001
   1  5311   0    0  5.2510278748E+003  2.2015393467E-001 -1.8865175298E-001 -1.1348247023E-001
   1  5312   0    0  5.2520278749E+003  2.2015393467E-001 -1.8865175298E-001 -1.1348247023E-001
   1  5313   0    0  5.2530278750E+003  2.2015393467E-001 -1.8865175298E-001 -1.1348247023E-001
   1  5314   0    0  5.2540278751E+003  2.2015393467E-001 -1.8865175298E-001 -1.1348247023E-001
   1  5315   0    0  5.2550278752E+003  2.2015393467E-001 -1.8865175298E-001 -1.1348247023E-001
   1  5316   0    0  5.2560278753E+003  2.2015393467E-001 -1.8865175298E-001 -1.1348247023E-001
   1  5317   0    0  5.2570278754E+003  2.2015393467E-001 -1.8865175298E-001 -1.1348247023E-001
   1  5318   0    0  5.2580278755E+003  2.2015393467E-001 -1.8865175298E-001 -1.1348247023E-001
   1  5319   0    0  5.2590278756E+003  2.2015393467E-001 -1.8865175298E-001 -1.1348247023E-001
   1  5320   4  267  5.2600278757E+003  2.2015393467E-001 -1.8865175298E-001 -1.1348247023E-001
   1  5321   0    0  5.2610278758E+003  2.2015393467E-001 -1.8865175298E-001 -1.1348247023E-001
   1  5322   0    0  5.2620278759E+003  2.2015393467E-001 -1.8865175298E-001 -1.1348247023E-001
   1  5323   0    0  5.2630278760E+003  2.2015393467E-001 -1.8865175298E-001 -1.1348247023E-001
   1  5324   0    0  5.2640278761E+003  2.2015393467E-001 -1.8865175298E-001 -1.1348247023E-001
   1  5325   0    0  5.2650278762E+003  2.2015393467E-001 -1.8865175298E-001 -1.1348247023E-001
   1  5326   0    0  5.2660278763E+003  2.2015393467E-001 -1.8865175298E-001 -1.1348247023E-001
   1  5327   0    0  5.2670278764E+003  2.2015393467E-001 -1.8865175298E-001 -1.1348247023E-001
   1  5328   0    0  5.2680278765E+003  2.2015393467E-001 -1.8865175298E-001 -1.1348247023E-001
   1  5329   0    0  5.2690278766E+003  2.2015393467E-001 -1.8865175298E-001 -1.1348247023E-001
   1  5330   0    0  5.2700278767E+003  2.2015393467E-001 -1.8865175298E-001 -1.1348247023E-001
   1  5331   0    0  5.2710278768E+003  2.2015393467E-001 -1.8865175298E-001 -1.1348247023E-001
   1  5332   0    0  5.2720278769E+003  2.2015393467E-001 -1.8865175298E-001 -1.1348247023E-001
   1  5333   0    0  5.2730278770E+003  2.2015393467E-001 -1.8865175298E-001 -1.1348247023E-001
   1  5334   0    0  5.2740278771E+003  2.2015393467E-001 -1.8865175298E-001 -1.1348247023E-001
   1  5335   0    0  5.2750278772E+003  2.2015393467E-001 -1.8865175298E-001 -1.1348247023E-001
   1  5336   0    0  5.2760278773E+003  2.2015393467E-001 -1.8865175298E-001 -1.1348247023E-001
   1  5337   0    0  5.2770278774E+003  2.2015393467E-001 -1.8865175298E-001 -1.1348247023E-001
   1  5338   0    0  5.2780278775E+003  2.2015393467E-001 -1.8865175298E-001 -1.1348247023E-001
   1  5339   0    0  5.2790278776E+003  2.2015393467E-001 -1.8865175298E-001 -1.1348247023E-001
   1  5340   4  268  5.2800278777E+003  2.2015393467E-001 -1.8865175298E-001 -1.1348247023E-001
   1  5341   0    0  5.2810278778E+003  2.2015393467E-001 -1.8865175298E-001 -1.1348247023E-001
   1  5342   0    0  5.2820278779E+003  2.2015393467E-001 -1.8865175298E-001 -1.1348247023E-001
   1  5343   0    0  5.2830278780E+003  2.2015393467E-001 -1.8865175298E-001 -1.1348247023E-001
   1  5344   0    0  5.2840278781E+003  2.2015393467E-001 -1.8865175298E-001 -1.1348247023E-001
   1  5345   0    0  5.2850278782E+003  2.2015393467E-001 -1.8865175298E-001 -1.1348247023E-001
   1  5346   0    0  5.2860278783E+003  2.2015393467E-001 -1.8865175298E-001 -1.1348247023E-001
   1  5347   0    0  5.2870278784E+003  2.2015393467E-001 -1.8865175298E-001 -1.1348247023E-001
   1  5348   0    0  5.2880278785E+003  2.2015393467E-001 -1.8865175298E-001 -1.1348247023E-001
   1  5349   0    0  5.2890278786E+003  2.2015393467E-001 -1.8865175298E-001 -1.1348247023E-001
   1  5350   0    0  5.2900278787E+003  2.2015393467E-001 -1.8865175298E-001 -1.1348247023E-001
   1  5351   0    0  5.2910278788E+003  2.2015393467E-001 -1.8865175298E-001 -1.1348247023E-001
   1  5352   0    0  5.2920278789E+003  2.2015393467E-001 -1.8865175298E-001 -1.1348247023E-001
   1  5353   0    0  5.2930278790E+003  2.2015393467E-001 -1.8865175298E-001 -1.1348247023E-001
   1  5354   0    0  5.2940278791E+003  2.2015393467E-001 -1.8865175298E-001 -1.1348247023E-001
   1  5355   0    0  5.2950278792E+003  2.2015393467E-001 -1.8865175298E-001 -1.1348247023E-001
   1  5356   0    0  5.2960278793E+003  2.2015393467E-001 -1.8865175298E-001 -1.1348247023E-001
   1  5357   0    0  5.2970278794E+003  2.2015393467E-001 -1.8865175298E-001 -1.1348247023E-001
   1  5358   0    0  5.2980278795E+003  2.2015393467E-001 -1.8865175298E-001 -1.1348247023E-001
   1  5359   0    0  5.2990278796E+003  2.2015393467E-001 -1.8865175298E-001 -1.1348247023E-001
   1  5360   4  269  5.3000278797E+003  2.2015393467E-001 -1.8865175298E-001 -1.1348247023E-001
   1  5361   0    0  5.3010278798E+003  2.2015393467E-001 -1.8865175298E-001 -1.1348247023E-001
   1  5362   0    0  5.3020278799E+003  2.2015393467E-001 -1.8865175298E-001 -1.1348247023E-001
   1  5363   0    0  5.3030278800E+003  2.2015393467E-001 -1.8865175298E-001 -1.1348247023E-001
   1  5364   0    0  5.3040278801E+003  2.2015393467E-001 -1.8865175298E-001 -1.1348247023E-001
   1  5365   0    0  5.3050278802E+003  2.2015393467E-001 -1.8865175298E-001 -1.1348247023E-001
   1  5366   0    0  5.3060278803E+003  2.2015393467E-001 -1.8865175298E-001 -1.1348247023E-001
   1  5367   0    0  5.3070278804E+003  2.2015393467E-001 -1.8865175298E-001 -1.1348247023E-001
   1  5368   0    0  5.3080278805E+003  2.2015393467E-001 -1.8865175298E-001 -1.1348247023E-001
   1  5369   0    0  5.3090278806E+003  2.2015393467E-001 -1.8865175298E-001 -1.1348247023E-001
   1  5370   0    0  5.3100278807E+003  2.2015393467E-001 -1.8865175298E-001 -1.1348247023E-001
   1  5371   0    0  5.3110278808E+003  2.2015393467E-001 -1.8865175298E-001 -1.1348247023E-001
   1  5372   0    0  5.3120278809E+003  2.2015393467E-001 -1.8865175298E-001 -1.1348247023E-001
   1  5373   0    0  5.3130278810E+003  2.2015393467E-001 -1.8865175298E-001 -1.1348247023E-001
   1  5374   0    0  5.3140278811E+003  2.2015393467E-001 -1.8865175298E-001 -1.1348247023E-001
   1  5375   0    0  5.3150278812E+003  2.2015393467E-001 -1.8865175298E-001 -1.1348247023E-001
   1  5376   0    0  5.3160278813E+003  2.2015393467E-001 -1.8865175298E-001 -1.1348247023E-001
   1  5377   0    0  5.3170278814E+003  2.2015393467E-001 -1.8865175298E-001 -1.1348247023E-001
   1  5378   0    0  5.3180278815E+003  2.2015393467E-001 -1.8865175298E-001 -1.1348247023E-001
   1  5379   0    0  5.3190278816E+003  2.2015393467E-001 -1.8865175298E-001 -1.1348247023E-001
   1  5380   4  270  5.3200278817E+003  2.2015393467E-001 -1.8865175298E-001 -1.1348247023E-001
   1  5381   0    0  5.3210278818E+003  2.2015393467E-001 -1.8865175298E-001 -1.1348247023E-001
   1  5382   0    0  5.3220278819E+003  2.2015393467E-001 -1.8865175298E-001 -1.1348247023E-001
   1  5383   0    0  5.3230278820E+003  2.2015393467E-001 -1.8865175298E-001 -1.1348247023E-001
   1  5384   0    0  5.3240278821E+003  2.2015393467E-001 -1.8865175298E-001 -1.1348247023E-001
   1  5385   0    0  5.3250278822E+003  2.2015393467E-001 -1.8865175298E-001 -1.1348247023E-001
   1  5386   0    0  5.3260278823E+003  2.2015393467E-001 -1.8865175298E-001 -1.1348247023E-001
   1  5387   0    0  5.3270278824E+003  2.2015393467E-001 -1.8865175298E-001 -1.1348247023E-001
   1  5388   0    0  5.3280278825E+003  2.2015393467E-001 -1.8865175298E-001 -1.1348247023E-001
   1  5389   0    0  5.3290278826E+003  2.2015393467E-001 -1.8865175298E-001 -1.1348247023E-001
   1  5390   0    0  5.3300278827E+003  2.2015393467E-001 -1.8865175298E-001 -1.1348247023E-001
   1  5391   0    0  5.3310278828E+003  2.2015393467E-001 -1.8865175298E-001 -1.1348247023E-001
   1  5392   0    0  5.3320278829E+003  2.2015393467E-001 -1.8865175298E-001 -1.1348247023E-001
   1  5393   0    0  5.3330278830E+003  2.2015393467E-001 -1.8865175298E-001 -1.1348247023E-001
   1  5394   0    0  5.3340278831E+003  2.2015393467E-001 -1.8865175298E-001 -1.1348247023E-001
   1  5395   0    0  5.3350278832E+003  2.2015393467E-001 -1.8865175298E-001 -1.1348247023E-001
   1  5396   0    0  5.3360278833E+003  2.2015393467E-001 -1.8865175298E-001 -1.1348247023E-001
   1  5397   0    0  5.3370278834E+003  2.2015393467E-001 -1.8865175298E-001 -1.1348247023E-001
   1  5398   0    0  5.3380278835E+003  2.2015393467E-001 -1.8865175298E-001 -1.1348247023E-001
   1  5399   0    0  5.3390278836E+003  2.2015393467E-001 -1.8865175298E-001 -1.1348247023E-001
   1  5400   4  271  5.3400278837E+003  2.2015393467E-001 -1.8865175298E-001 -1.1348247023E-001
   1  5401   0    0  5.3410278838E+003  2.2015393467E-001 -1.8865175298E-001 -1.1348247023E-001
   1  5402   0    0  5.3420278839E+003  2.2015393467E-001 -1.8865175298E-001 -1.1348247023E-001
   1  5403   0    0  5.3430278840E+003  2.2015393467E-001 -1.8865175298E-001 -1.1348247023E-001
   1  5404   0    0  5.3440278841E+003  2.2015393467E-001 -1.8865175298E-001 -1.1348247023E-001
   1  5405   0    0  5.3450278842E+003  2.2015393467E-001 -1.8865175298E-001 -1.1348247023E-001
   1  5406   0    0  5.3460278843E+003  2.2015393467E-001 -1.8865175298E-001 -1.1348247023E-001
   1  5407   0    0  5.3470278844E+003  2.2015393467E-001 -1.8865175298E-001 -1.1348247023E-001
   1  5408   0    0  5.3480278845E+003  2.2015393467E-001 -1.8865175298E-001 -1.1348247023E-001
   1  5409   0    0  5.3490278846E+003  2.2015393467E-001 -1.8865175298E-001 -1.1348247023E-001
   1  5410   0    0  5.3500278847E+003  2.2015393467E-001 -1.8865175298E-001 -1.1348247023E-001
   1  5411   0    0  5.3510278848E+003  2.2015393467E-001 -1.8865175298E-001 -1.1348247023E-001
   1  5412   0    0  5.3520278849E+003  2.2015393467E-001 -1.8865175298E-001 -1.1348247023E-001
   1  5413   0    0  5.3530278850E+003  2.2015393467E-001 -1.8865175298E-001 -1.1348247023E-001
   1  5414   0    0  5.3540278851E+003  2.2015393467E-001 -1.8865175298E-001 -1.1348247023E-001
   1  5415   0    0  5.3550278852E+003  2.2015393467E-001 -1.8865175298E-001 -1.1348247023E-001
   1  5416   0    0  5.3560278853E+003  2.2015393467E-001 -1.8865175298E-001 -1.1348247023E-001
   1  5417   0    0  5.3570278854E+003  2.2015393467E-001 -1.8865175298E-001 -1.1348247023E-001
   1  5418   0    0  5.3580278855E+003  2.2015393467E-001 -1.8865175298E-001 -1.1348247023E-001
   1  5419   0    0  5.3590278856E+003  2.2015393467E-001 -1.8865175298E-001 -1.1348247023E-001
   1  5420   4  272  5.3600278857E+003  2.2015393467E-001 -1.8865175298E-001 -1.1348247023E-001
   1  5421   0    0  5.3610278858E+003  2.2015393467E-001 -1.8865175298E-001 -1.1348247023E-001
   1  5422   0    0  5.3620278859E+003  2.2015393467E-001 -1.8865175298E-001 -1.1348247023E-001
   1  5423   0    0  5.3630278860E+003  2.2015393467E-001 -1.8865175298E-001 -1.1348247023E-001
   1  5424   0    0  5.3640278861E+003  2.2015393467E-001 -1.8865175298E-001 -1.1348247023E-001
   1  5425   0    0  5.3650278862E+003  2.2015393467E-001 -1.8865175298E-001 -1.1348247023E-001
   1  5426   0    0  5.3660278863E+003  2.2015393467E-001 -1.8865175298E-001 -1.1348247023E-001
   1  5427   0    0  5.3670278864E+003  2.2015393467E-001 -1.8865175298E-001 -1.1348247023E-001
   1  5428   0    0  5.3680278865E+003  2.2015393467E-001 -1.8865175298E-001 -1.1348247023E-001
   1  5429   0    0  5.3690278866E+003  2.2015393467E-001 -1.8865175298E-001 -1.1348247023E-001
   1  5430   0    0  5.3700278867E+003  2.2015393467E-001 -1.8865175298E-001 -1.1348247023E-001
   1  5431   0    0  5.3710278868E+003  2.2015393467E-001 -1.8865175298E-001 -1.1348247023E-001
   1  5432   0    0  5.3720278869E+003  2.2015393467E-001 -1.8865175298E-001 -1.1348247023E-001
   1  5433   0    0  5.3730278870E+003  2.2015393467E-001 -1.8865175298E-001 -1.1348247023E-001
   1  5434   0    0  5.3740278871E+003  2.2015393467E-001 -1.8865175298E-001 -1.1348247023E-001
   1  5435   0    0  5.3750278872E+003  2.2015393467E-001 -1.8865175298E-001 -1.1348247023E-001
   1  5436   0    0  5.3760278873E+003  2.2015393467E-001 -1.8865175298E-001 -1.1348247023E-001
   1  5437   0    0  5.3770278874E+003  2.2015393467E-001 -1.8865175298E-001 -1.1348247023E-001
   1  5438   0    0  5.3780278875E+003  2.2015393467E-001 -1.8865175298E-001 -1.1348247023E-001
   1  5439   0    0  5.3790278876E+003  2.2015393467E-001 -1.8865175298E-001 -1.1348247023E-001
   1  5440   4  273  5.3800278877E+003  2.2015393467E-001 -1.8865175298E-001 -1.1348247023E-001
   1  5441   0    0  5.3810278878E+003  2.2015393467E-001 -1.8865175298E-001 -1.1348247023E-001
   1  5442   0    0  5.3820278879E+003  2.2015393467E-001 -1.8865175298E-001 -1.1348247023E-001
   1  5443   0    0  5.3830278880E+003  2.2015393467E-001 -1.8865175298E-001 -1.1348247023E-001
   1  5444   0    0  5.3840278881E+003  2.2015393467E-001 -1.8865175298E-001 -1.1348247023E-001
   1  5445   0    0  5.3850278882E+003  2.2015393467E-001 -1.8865175298E-001 -1.1348247023E-001
   1  5446   0    0  5.3860278883E+003  2.2015393467E-001 -1.8865175298E-001 -1.1348247023E-001
   1  5447   0    0  5.3870278884E+003  2.2015393467E-001 -1.8865175298E-001 -1.1348247023E-001
   1  5448   0    0  5.3880278885E+003  2.2015393467E-001 -1.8865175298E-001 -1.1348247023E-001
   1  5449   0    0  5.3890278886E+003  2.2015393467E-001 -1.8865175298E-001 -1.1348247023E-001
   1  5450   0    0  5.3900278887E+003  2.2015393467E-001 -1.8865175298E-001 -1.1348247023E-001
   1  5451   0    0  5.3910278888E+003  2.2015393467E-001 -1.8865175298E-001 -1.1348247023E-001
   1  5452   0    0  5.3920278889E+003  2.2015393467E-001 -1.8865175298E-001 -1.1348247023E-001
   1  5453   0    0  5.3930278890E+003  2.2015393467E-001 -1.8865175298E-001 -1.1348247023E-001
   1  5454   0    0  5.3940278891E+003  2.2015393467E-001 -1.8865175298E-001 -1.1348247023E-001
   1  5455   0    0  5.3950278892E+003  2.2015393467E-001 -1.8865175298E-001 -1.1348247023E-001
   1  5456   0    0  5.3960278893E+003  2.2015393467E-001 -1.8865175298E-001 -1.1348247023E-001
   1  5457   0    0  5.3970278894E+003  2.2015393467E-001 -1.8865175298E-001 -1.1348247023E-001
   1  5458   0    0  5.3980278895E+003  2.2015393467E-001 -1.8865175298E-001 -1.1348247023E-001
   1  5459   0    0  5.3990278896E+003  2.2015393467E-001 -1.8865175298E-001 -1.1348247023E-001
   1  5460   4  274  5.4000278897E+003  2.2015393467E-001 -1.8865175298E-001 -1.1348247023E-001
   1  5461   0    0  5.4010278898E+003  2.2015393467E-001 -1.8865175298E-001 -1.1348247023E-001
   1  5462   0    0  5.4020278899E+003  2.2015393467E-001 -1.8865175298E-001 -1.1348247023E-001
   1  5463   0    0  5.4030278900E+003  2.2015393467E-001 -1.8865175298E-001 -1.1348247023E-001
   1  5464   0    0  5.4040278901E+003  2.2015393467E-001 -1.8865175298E-001 -1.1348247023E-001
   1  5465   0    0  5.4050278902E+003  2.2015393467E-001 -1.8865175298E-001 -1.1348247023E-001
   1  5466   0    0  5.4060278903E+003  2.2015393467E-001 -1.8865175298E-001 -1.1348247023E-001
   1  5467   0    0  5.4070278904E+003  2.2015393467E-001 -1.8865175298E-001 -1.1348247023E-001
   1  5468   0    0  5.4080278905E+003  2.2015393467E-001 -1.8865175298E-001 -1.1348247023E-001
   1  5469   0    0  5.4090278906E+003  2.2015393467E-001 -1.8865175298E-001 -1.1348247023E-001
   1  5470   0    0  5.4100278907E+003  2.2015393467E-001 -1.8865175298E-001 -1.1348247023E-001
   1  5471   0    0  5.4110278908E+003  2.2015393467E-001 -1.8865175298E-001 -1.1348247023E-001
   1  5472   0    0  5.4120278909E+003  2.2015393467E-001 -1.8865175298E-001 -1.1348247023E-001
   1  5473   0    0  5.4130278910E+003  2.2015393467E-001 -1.8865175298E-001 -1.1348247023E-001
   1  5474   0    0  5.4140278911E+003  2.2015393467E-001 -1.8865175298E-001 -1.1348247023E-001
   1  5475   0    0  5.4150278912E+003  2.2015393467E-001 -1.8865175298E-001 -1.1348247023E-001
   1  5476   0    0  5.4160278913E+003  2.2015393467E-001 -1.8865175298E-001 -1.1348247023E-001
   1  5477   0    0  5.4170278914E+003  2.2015393467E-001 -1.8865175298E-001 -1.1348247023E-001
   1  5478   0    0  5.4180278915E+003  2.2015393467E-001 -1.8865175298E-001 -1.1348247023E-001
   1  5479   0    0  5.4190278916E+003  2.2015393467E-001 -1.8865175298E-001 -1.1348247023E-001
   1  5480   4  275  5.4200278917E+003  2.2015393467E-001 -1.8865175298E-001 -1.1348247023E-001
   1  5481   0    0  5.4210278918E+003  2.2015393467E-001 -1.8865175298E-001 -1.1348247023E-001
   1  5482   0    0  5.4220278919E+003  2.2015393467E-001 -1.8865175298E-001 -1.1348247023E-001
   1  5483   0    0  5.4230278920E+003  2.2015393467E-001 -1.8865175298E-001 -1.1348247023E-001
   1  5484   0    0  5.4240278921E+003  2.2015393467E-001 -1.8865175298E-001 -1.1348247023E-001
   1  5485   0    0  5.4250278922E+003  2.2015393467E-001 -1.8865175298E-001 -1.1348247023E-001
   1  5486   0    0  5.4260278923E+003  2.2015393467E-001 -1.8865175298E-001 -1.1348247023E-001
   1  5487   0    0  5.4270278924E+003  2.2015393467E-001 -1.8865175298E-001 -1.1348247023E-001
   1  5488   0    0  5.4280278925E+003  2.2015393467E-001 -1.8865175298E-001 -1.1348247023E-001
   1  5489   0    0  5.4290278926E+003  2.2015393467E-001 -1.8865175298E-001 -1.1348247023E-001
   1  5490   0    0  5.4300278927E+003  2.2015393467E-001 -1.8865175298E-001 -1.1348247023E-001
   1  5491   0    0  5.4310278928E+003  2.2015393467E-001 -1.8865175298E-001 -1.1348247023E-001
   1  5492   0    0  5.4320278929E+003  2.2015393467E-001 -1.8865175298E-001 -1.1348247023E-001
   1  5493   0    0  5.4330278930E+003  2.2015393467E-001 -1.8865175298E-001 -1.1348247023E-001
   1  5494   0    0  5.4340278931E+003  2.2015393467E-001 -1.8865175298E-001 -1.1348247023E-001
   1  5495   0    0  5.4350278932E+003  2.2015393467E-001 -1.8865175298E-001 -1.1348247023E-001
   1  5496   0    0  5.4360278933E+003  2.2015393467E-001 -1.8865175298E-001 -1.1348247023E-001
   1  5497   0    0  5.4370278934E+003  2.2015393467E-001 -1.8865175298E-001 -1.1348247023E-001
   1  5498   0    0  5.4380278935E+003  2.2015393467E-001 -1.8865175298E-001 -1.1348247023E-001
   1  5499   0    0  5.4390278936E+003  2.2015393467E-001 -1.8865175298E-001 -1.1348247023E-001
   1  5500   4  276  5.4400278937E+003  2.2015393467E-001 -1.8865175298E-001 -1.1348247023E-001
   1  5501   0    0  5.4410278938E+003  2.2015393467E-001 -1.8865175298E-001 -1.1348247023E-001
   1  5502   0    0  5.4420278939E+003  2.2015393467E-001 -1.8865175298E-001 -1.1348247023E-001
   1  5503   0    0  5.4430278940E+003  2.2015393467E-001 -1.8865175298E-001 -1.1348247023E-001
   1  5504   0    0  5.4440278941E+003  2.2015393467E-001 -1.8865175298E-001 -1.1348247023E-001
   1  5505   0    0  5.4450278942E+003  2.2015393467E-001 -1.8865175298E-001 -1.1348247023E-001
   1  5506   0    0  5.4460278943E+003  2.2015393467E-001 -1.8865175298E-001 -1.1348247023E-001
   1  5507   0    0  5.4470278944E+003  2.2015393467E-001 -1.8865175298E-001 -1.1348247023E-001
   1  5508   0    0  5.4480278945E+003  2.2015393467E-001 -1.8865175298E-001 -1.1348247023E-001
   1  5509   0    0  5.4490278946E+003  2.2015393467E-001 -1.8865175298E-001 -1.1348247023E-001
   1  5510   0    0  5.4500278947E+003  2.2015393467E-001 -1.8865175298E-001 -1.1348247023E-001
   1  5511   0    0  5.4510278948E+003  2.2015393467E-001 -1.8865175298E-001 -1.1348247023E-001
   1  5512   0    0  5.4520278949E+003  2.2015393467E-001 -1.8865175298E-001 -1.1348247023E-001
   1  5513   0    0  5.4530278950E+003  2.2015393467E-001 -1.8865175298E-001 -1.1348247023E-001
   1  5514   0    0  5.4540278951E+003  2.2015393467E-001 -1.8865175298E-001 -1.1348247023E-001
   1  5515   0    0  5.4550278952E+003  2.2015393467E-001 -1.8865175298E-001 -1.1348247023E-001
   1  5516   0    0  5.4560278953E+003  2.2015393467E-001 -1.8865175298E-001 -1.1348247023E-001
   1  5517   0    0  5.4570278954E+003  2.2015393467E-001 -1.8865175298E-001 -1.1348247023E-001
   1  5518   0    0  5.4580278955E+003  2.2015393467E-001 -1.8865175298E-001 -1.1348247023E-001
   1  5519   0    0  5.4590278956E+003  2.2015393467E-001 -1.8865175298E-001 -1.1348247023E-001
   1  5520   4  277  5.4600278957E+003  2.2015393467E-001 -1.8865175298E-001 -1.1348247023E-001
   1  5521   0    0  5.4610278958E+003  2.2015393467E-001 -1.8865175298E-001 -1.1348247023E-001
   1  5522   0    0  5.4620278959E+003  2.2015393467E-001 -1.8865175298E-001 -1.1348247023E-001
   1  5523   0    0  5.4630278960E+003  2.2015393467E-001 -1.8865175298E-001 -1.1348247023E-001
   1  5524   0    0  5.4640278961E+003  2.2015393467E-001 -1.8865175298E-001 -1.1348247023E-001
   1  5525   0    0  5.4650278962E+003  2.2015393467E-001 -1.8865175298E-001 -1.1348247023E-001
   1  5526   0    0  5.4660278963E+003  2.2015393467E-001 -1.8865175298E-001 -1.1348247023E-001
   1  5527   0    0  5.4670278964E+003  2.2015393467E-001 -1.8865175298E-001 -1.1348247023E-001
   1  5528   0    0  5.4680278965E+003  2.2015393467E-001 -1.8865175298E-001 -1.1348247023E-001
   1  5529   0    0  5.4690278966E+003  2.2015393467E-001 -1.8865175298E-001 -1.1348247023E-001
   1  5530   0    0  5.4700278967E+003  2.2015393467E-001 -1.8865175298E-001 -1.1348247023E-001
   1  5531   0    0  5.4710278968E+003  2.2015393467E-001 -1.8865175298E-001 -1.1348247023E-001
   1  5532   0    0  5.4720278969E+003  2.2015393467E-001 -1.8865175298E-001 -1.1348247023E-001
   1  5533   0    0  5.4730278970E+003  2.2015393467E-001 -1.8865175298E-001 -1.1348247023E-001
   1  5534   0    0  5.4740278971E+003  2.2015393467E-001 -1.8865175298E-001 -1.1348247023E-001
   1  5535   0    0  5.4750278972E+003  2.2015393467E-001 -1.8865175298E-001 -1.1348247023E-001
   1  5536   0    0  5.4760278973E+003  2.2015393467E-001 -1.8865175298E-001 -1.1348247023E-001
   1  5537   0    0  5.4770278974E+003  2.2015393467E-001 -1.8865175298E-001 -1.1348247023E-001
   1  5538   0    0  5.4780278975E+003  2.2015393467E-001 -1.8865175298E-001 -1.1348247023E-001
   1  5539   0    0  5.4790278976E+003  2.2015393467E-001 -1.8865175298E-001 -1.1348247023E-001
   1  5540   4  278  5.4800278977E+003  2.2015393467E-001 -1.8865175298E-001 -1.1348247023E-001
   1  5541   0    0  5.4810278978E+003  2.2015393467E-001 -1.8865175298E-001 -1.1348247023E-001
   1  5542   0    0  5.4820278979E+003  2.2015393467E-001 -1.8865175298E-001 -1.1348247023E-001
   1  5543   0    0  5.4830278980E+003  2.2015393467E-001 -1.8865175298E-001 -1.1348247023E-001
   1  5544   0    0  5.4840278981E+003  2.2015393467E-001 -1.8865175298E-001 -1.1348247023E-001
   1  5545   0    0  5.4850278982E+003  2.2015393467E-001 -1.8865175298E-001 -1.1348247023E-001
   1  5546   0    0  5.4860278983E+003  2.2015393467E-001 -1.8865175298E-001 -1.1348247023E-001
   1  5547   0    0  5.4870278984E+003  2.2015393467E-001 -1.8865175298E-001 -1.1348247023E-001
   1  5548   0    0  5.4880278985E+003  2.2015393467E-001 -1.8865175298E-001 -1.1348247023E-001
   1  5549   0    0  5.4890278986E+003  2.2015393467E-001 -1.8865175298E-001 -1.1348247023E-001
   1  5550   0    0  5.4900278987E+003  2.2015393467E-001 -1.8865175298E-001 -1.1348247023E-001
   1  5551   0    0  5.4910278988E+003  2.2015393467E-001 -1.8865175298E-001 -1.1348247023E-001
   1  5552   0    0  5.4920278989E+003  2.2015393467E-001 -1.8865175298E-001 -1.1348247023E-001
   1  5553   0    0  5.4930278990E+003  2.2015393467E-001 -1.8865175298E-001 -1.1348247023E-001
   1  5554   0    0  5.4940278991E+003  2.2015393467E-001 -1.8865175298E-001 -1.1348247023E-001
   1  5555   0    0  5.4950278992E+003  2.2015393467E-001 -1.8865175298E-001 -1.1348247023E-001
   1  5556   0    0  5.4960278993E+003  2.2015393467E-001 -1.8865175298E-001 -1.1348247023E-001
   1  5557   0    0  5.4970278994E+003  2.2015393467E-001 -1.8865175298E-001 -1.1348247023E-001
   1  5558   0    0  5.4980278995E+003  2.2015393467E-001 -1.8865175298E-001 -1.1348247023E-001
   1  5559   0    0  5.4990278996E+003  2.2015393467E-001 -1.8865175298E-001 -1.1348247023E-001
   1  5560   4  279  5.5000278997E+003  2.2015393467E-001 -1.8865175298E-001 -1.1348247023E-001
   1  5561   0    0  5.5010278998E+003  2.2015393467E-001 -1.8865175298E-001 -1.1348247023E-001
   1  5562   0    0  5.5020278999E+003  2.2015393467E-001 -1.8865175298E-001 -1.1348247023E-001
   1  5563   0    0  5.5030279000E+003  2.2015393467E-001 -1.8865175298E-001 -1.1348247023E-001
   1  5564   0    0  5.5040279001E+003  2.2015393467E-001 -1.8865175298E-001 -1.1348247023E-001
   1  5565   0    0  5.5050279002E+003  2.2015393467E-001 -1.8865175298E-001 -1.1348247023E-001
   1  5566   0    0  5.5060279003E+003  2.2015393467E-001 -1.8865175298E-001 -1.1348247023E-001
   1  5567   0    0  5.5070279004E+003  2.2015393467E-001 -1.8865175298E-001 -1.1348247023E-001
   1  5568   0    0  5.5080279005E+003  2.2015393467E-001 -1.8865175298E-001 -1.1348247023E-001
   1  5569   0    0  5.5090279006E+003  2.2015393467E-001 -1.8865175298E-001 -1.1348247023E-001
   1  5570   0    0  5.5100279007E+003  2.2015393467E-001 -1.8865175298E-001 -1.1348247023E-001
   1  5571   0    0  5.5110279008E+003  2.2015393467E-001 -1.8865175298E-001 -1.1348247023E-001
   1  5572   0    0  5.5120279009E+003  2.2015393467E-001 -1.8865175298E-001 -1.1348247023E-001
   1  5573   0    0  5.5130279010E+003  2.2015393467E-001 -1.8865175298E-001 -1.1348247023E-001
   1  5574   0    0  5.5140279011E+003  2.2015393467E-001 -1.8865175298E-001 -1.1348247023E-001
   1  5575   0    0  5.5150279012E+003  2.2015393467E-001 -1.8865175298E-001 -1.1348247023E-001
   1  5576   0    0  5.5160279013E+003  2.2015393467E-001 -1.8865175298E-001 -1.1348247023E-001
   1  5577   0    0  5.5170279014E+003  2.2015393467E-001 -1.8865175298E-001 -1.1348247023E-001
   1  5578   0    0  5.5180279015E+003  2.2015393467E-001 -1.8865175298E-001 -1.1348247023E-001
   1  5579   0    0  5.5190279016E+003  2.2015393467E-001 -1.8865175298E-001 -1.1348247023E-001
   1  5580   4  280  5.5200279017E+003  2.2015393467E-001 -1.8865175298E-001 -1.1348247023E-001
   1  5581   0    0  5.5210279018E+003  2.2015393467E-001 -1.8865175298E-001 -1.1348247023E-001
   1  5582   0    0  5.5220279019E+003  2.2015393467E-001 -1.8865175298E-001 -1.1348247023E-001
   1  5583   0    0  5.5230279020E+003  2.2015393467E-001 -1.8865175298E-001 -1.1348247023E-001
   1  5584   0    0  5.5240279021E+003  2.2015393467E-001 -1.8865175298E-001 -1.1348247023E-001
   1  5585   0    0  5.5250279022E+003  2.2015393467E-001 -1.8865175298E-001 -1.1348247023E-001
   1  5586   0    0  5.5260279023E+003  2.2015393467E-001 -1.8865175298E-001 -1.1348247023E-001
   1  5587   0    0  5.5270279024E+003  2.2015393467E-001 -1.8865175298E-001 -1.1348247023E-001
   1  5588   0    0  5.5280279025E+003  2.2015393467E-001 -1.8865175298E-001 -1.1348247023E-001
   1  5589   0    0  5.5290279026E+003  2.2015393467E-001 -1.8865175298E-001 -1.1348247023E-001
   1  5590   0    0  5.5300279027E+003  2.2015393467E-001 -1.8865175298E-001 -1.1348247023E-001
   1  5591   0    0  5.5310279028E+003  2.2015393467E-001 -1.8865175298E-001 -1.1348247023E-001
   1  5592   0    0  5.5320279029E+003  2.2015393467E-001 -1.8865175298E-001 -1.1348247023E-001
   1  5593   0    0  5.5330279030E+003  2.2015393467E-001 -1.8865175298E-001 -1.1348247023E-001
   1  5594   0    0  5.5340279031E+003  2.2015393467E-001 -1.8865175298E-001 -1.1348247023E-001
   1  5595   0    0  5.5350279032E+003  2.2015393467E-001 -1.8865175298E-001 -1.1348247023E-001
   1  5596   0    0  5.5360279033E+003  2.2015393467E-001 -1.8865175298E-001 -1.1348247023E-001
   1  5597   0    0  5.5370279034E+003  2.2015393467E-001 -1.8865175298E-001 -1.1348247023E-001
   1  5598   0    0  5.5380279035E+003  2.2015393467E-001 -1.8865175298E-001 -1.1348247023E-001
   1  5599   0    0  5.5390279036E+003  2.2015393467E-001 -1.8865175298E-001 -1.1348247023E-001
   1  5600   4  281  5.5400279037E+003  2.2015393467E-001 -1.8865175298E-001 -1.1348247023E-001
   1  5601   0    0  5.5410279038E+003  2.2015393467E-001 -1.8865175298E-001 -1.1348247023E-001
   1  5602   0    0  5.5420279039E+003  2.2015393467E-001 -1.8865175298E-001 -1.1348247023E-001
   1  5603   0    0  5.5430279040E+003  2.2015393467E-001 -1.8865175298E-001 -1.1348247023E-001
   1  5604   0    0  5.5440279041E+003  2.2015393467E-001 -1.8865175298E-001 -1.1348247023E-001
   1  5605   0    0  5.5450279042E+003  2.2015393467E-001 -1.8865175298E-001 -1.1348247023E-001
   1  5606   0    0  5.5460279043E+003  2.2015393467E-001 -1.8865175298E-001 -1.1348247023E-001
   1  5607   0    0  5.5470279044E+003  2.2015393467E-001 -1.8865175298E-001 -1.1348247023E-001
   1  5608   0    0  5.5480279045E+003  2.2015393467E-001 -1.8865175298E-001 -1.1348247023E-001
   1  5609   0    0  5.5490279046E+003  2.2015393467E-001 -1.8865175298E-001 -1.1348247023E-001
   1  5610   0    0  5.5500279047E+003  2.2015393467E-001 -1.8865175298E-001 -1.1348247023E-001
   1  5611   0    0  5.5510279048E+003  2.2015393467E-001 -1.8865175298E-001 -1.1348247023E-001
   1  5612   0    0  5.5520279049E+003  2.2015393467E-001 -1.8865175298E-001 -1.1348247023E-001
   1  5613   0    0  5.5530279050E+003  2.2015393467E-001 -1.8865175298E-001 -1.1348247023E-001
   1  5614   0    0  5.5540279051E+003  2.2015393467E-001 -1.8865175298E-001 -1.1348247023E-001
   1  5615   0    0  5.5550279052E+003  2.2015393467E-001 -1.8865175298E-001 -1.1348247023E-001
   1  5616   0    0  5.5560279053E+003  2.2015393467E-001 -1.8865175298E-001 -1.1348247023E-001
   1  5617   0    0  5.5570279054E+003  2.2015393467E-001 -1.8865175298E-001 -1.1348247023E-001
   1  5618   0    0  5.5580279055E+003  2.2015393467E-001 -1.8865175298E-001 -1.1348247023E-001
   1  5619   0    0  5.5590279056E+003  2.2015393467E-001 -1.8865175298E-001 -1.1348247023E-001
   1  5620   4  282  5.5600279057E+003  2.2015393467E-001 -1.8865175298E-001 -1.1348247023E-001
   1  5621   0    0  5.5610279058E+003  2.2015393467E-001 -1.8865175298E-001 -1.1348247023E-001
   1  5622   0    0  5.5620279059E+003  2.2015393467E-001 -1.8865175298E-001 -1.1348247023E-001
   1  5623   0    0  5.5630279060E+003  2.2015393467E-001 -1.8865175298E-001 -1.1348247023E-001
   1  5624   0    0  5.5640279061E+003  2.2015393467E-001 -1.8865175298E-001 -1.1348247023E-001
   1  5625   0    0  5.5650279062E+003  2.2015393467E-001 -1.8865175298E-001 -1.1348247023E-001
   1  5626   0    0  5.5660279063E+003  2.2015393467E-001 -1.8865175298E-001 -1.1348247023E-001
   1  5627   0    0  5.5670279064E+003  2.2015393467E-001 -1.8865175298E-001 -1.1348247023E-001
   1  5628   0    0  5.5680279065E+003  2.2015393467E-001 -1.8865175298E-001 -1.1348247023E-001
   1  5629   0    0  5.5690279066E+003  2.2015393467E-001 -1.8865175298E-001 -1.1348247023E-001
   1  5630   0    0  5.5700279067E+003  2.2015393467E-001 -1.8865175298E-001 -1.1348247023E-001
   1  5631   0    0  5.5710279068E+003  2.2015393467E-001 -1.8865175298E-001 -1.1348247023E-001
   1  5632   0    0  5.5720279069E+003  2.2015393467E-001 -1.8865175298E-001 -1.1348247023E-001
   1  5633   0    0  5.5730279070E+003  2.2015393467E-001 -1.8865175298E-001 -1.1348247023E-001
   1  5634   0    0  5.5740279071E+003  2.2015393467E-001 -1.8865175298E-001 -1.1348247023E-001
   1  5635   0    0  5.5750279072E+003  2.2015393467E-001 -1.8865175298E-001 -1.1348247023E-001
   1  5636   0    0  5.5760279073E+003  2.2015393467E-001 -1.8865175298E-001 -1.1348247023E-001
   1  5637   0    0  5.5770279074E+003  2.2015393467E-001 -1.8865175298E-001 -1.1348247023E-001
   1  5638   0    0  5.5780279075E+003  2.2015393467E-001 -1.8865175298E-001 -1.1348247023E-001
   1  5639   0    0  5.5790279076E+003  2.2015393467E-001 -1.8865175298E-001 -1.1348247023E-001
   1  5640   4  283  5.5800279077E+003  2.2015393467E-001 -1.8865175298E-001 -1.1348247023E-001
   1  5641   0    0  5.5810279078E+003  2.2015393467E-001 -1.8865175298E-001 -1.1348247023E-001
   1  5642   0    0  5.5820279079E+003  2.2015393467E-001 -1.8865175298E-001 -1.1348247023E-001
   1  5643   0    0  5.5830279080E+003  2.2015393467E-001 -1.8865175298E-001 -1.1348247023E-001
   1  5644   0    0  5.5840279081E+003  2.2015393467E-001 -1.8865175298E-001 -1.1348247023E-001
   1  5645   0    0  5.5850279082E+003  2.2015393467E-001 -1.8865175298E-001 -1.1348247023E-001
   1  5646   0    0  5.5860279083E+003  2.2015393467E-001 -1.8865175298E-001 -1.1348247023E-001
   1  5647   0    0  5.5870279084E+003  2.2015393467E-001 -1.8865175298E-001 -1.1348247023E-001
   1  5648   0    0  5.5880279085E+003  2.2015393467E-001 -1.8865175298E-001 -1.1348247023E-001
   1  5649   0    0  5.5890279086E+003  2.2015393467E-001 -1.8865175298E-001 -1.1348247023E-001
   1  5650   0    0  5.5900279087E+003  2.2015393467E-001 -1.8865175298E-001 -1.1348247023E-001
   1  5651   0    0  5.5910279088E+003  2.2015393467E-001 -1.8865175298E-001 -1.1348247023E-001
   1  5652   0    0  5.5920279089E+003  2.2015393467E-001 -1.8865175298E-001 -1.1348247023E-001
   1  5653   0    0  5.5930279090E+003  2.2015393467E-001 -1.8865175298E-001 -1.1348247023E-001
   1  5654   0    0  5.5940279091E+003  2.2015393467E-001 -1.8865175298E-001 -1.1348247023E-001
   1  5655   0    0  5.5950279092E+003  2.2015393467E-001 -1.8865175298E-001 -1.1348247023E-001
   1  5656   0    0  5.5960279093E+003  2.2015393467E-001 -1.8865175298E-001 -1.1348247023E-001
   1  5657   0    0  5.5970279094E+003  2.2015393467E-001 -1.8865175298E-001 -1.1348247023E-001
   1  5658   0    0  5.5980279095E+003  2.2015393467E-001 -1.8865175298E-001 -1.1348247023E-001
   1  5659   0    0  5.5990279096E+003  2.2015393467E-001 -1.8865175298E-001 -1.1348247023E-001
   1  5660   4  284  5.6000279097E+003  2.2015393467E-001 -1.8865175298E-001 -1.1348247023E-001
   1  5661   0    0  5.6010279098E+003  2.2015393467E-001 -1.8865175298E-001 -1.1348247023E-001
   1  5662   0    0  5.6020279099E+003  2.2015393467E-001 -1.8865175298E-001 -1.1348247023E-001
   1  5663   0    0  5.6030279100E+003  2.2015393467E-001 -1.8865175298E-001 -1.1348247023E-001
   1  5664   0    0  5.6040279101E+003  2.2015393467E-001 -1.8865175298E-001 -1.1348247023E-001
   1  5665   0    0  5.6050279102E+003  2.2015393467E-001 -1.8865175298E-001 -1.1348247023E-001
   1  5666   0    0  5.6060279103E+003  2.2015393467E-001 -1.8865175298E-001 -1.1348247023E-001
   1  5667   0    0  5.6070279104E+003  2.2015393467E-001 -1.8865175298E-001 -1.1348247023E-001
   1  5668   0    0  5.6080279105E+003  2.2015393467E-001 -1.8865175298E-001 -1.1348247023E-001
   1  5669   0    0  5.6090279106E+003  2.2015393467E-001 -1.8865175298E-001 -1.1348247023E-001
   1  5670   0    0  5.6100279107E+003  2.2015393467E-001 -1.8865175298E-001 -1.1348247023E-001
   1  5671   0    0  5.6110279108E+003  2.2015393467E-001 -1.8865175298E-001 -1.1348247023E-001
   1  5672   0    0  5.6120279109E+003  2.2015393467E-001 -1.8865175298E-001 -1.1348247023E-001
   1  5673   0    0  5.6130279110E+003  2.2015393467E-001 -1.8865175298E-001 -1.1348247023E-001
   1  5674   0    0  5.6140279111E+003  2.2015393467E-001 -1.8865175298E-001 -1.1348247023E-001
   1  5675   0    0  5.6150279112E+003  2.2015393467E-001 -1.8865175298E-001 -1.1348247023E-001
   1  5676   0    0  5.6160279113E+003  2.2015393467E-001 -1.8865175298E-001 -1.1348247023E-001
   1  5677   0    0  5.6170279114E+003  2.2015393467E-001 -1.8865175298E-001 -1.1348247023E-001
   1  5678   0    0  5.6180279115E+003  2.2015393467E-001 -1.8865175298E-001 -1.1348247023E-001
   1  5679   0    0  5.6190279116E+003  2.2015393467E-001 -1.8865175298E-001 -1.1348247023E-001
   1  5680   4  285  5.6200279117E+003  2.2015393467E-001 -1.8865175298E-001 -1.1348247023E-001
   1  5681   0    0  5.6210279118E+003  2.2015393467E-001 -1.8865175298E-001 -1.1348247023E-001
   1  5682   0    0  5.6220279119E+003  2.2015393467E-001 -1.8865175298E-001 -1.1348247023E-001
   1  5683   0    0  5.6230279120E+003  2.2015393467E-001 -1.8865175298E-001 -1.1348247023E-001
   1  5684   0    0  5.6240279121E+003  2.2015393467E-001 -1.8865175298E-001 -1.1348247023E-001
   1  5685   0    0  5.6250279122E+003  2.2015393467E-001 -1.8865175298E-001 -1.1348247023E-001
   1  5686   0    0  5.6260279123E+003  2.2015393467E-001 -1.8865175298E-001 -1.1348247023E-001
   1  5687   0    0  5.6270279124E+003  2.2015393467E-001 -1.8865175298E-001 -1.1348247023E-001
   1  5688   0    0  5.6280279125E+003  2.2015393467E-001 -1.8865175298E-001 -1.1348247023E-001
   1  5689   0    0  5.6290279126E+003  2.2015393467E-001 -1.8865175298E-001 -1.1348247023E-001
   1  5690   0    0  5.6300279127E+003  2.2015393467E-001 -1.8865175298E-001 -1.1348247023E-001
   1  5691   0    0  5.6310279128E+003  2.2015393467E-001 -1.8865175298E-001 -1.1348247023E-001
   1  5692   0    0  5.6320279129E+003  2.2015393467E-001 -1.8865175298E-001 -1.1348247023E-001
   1  5693   0    0  5.6330279130E+003  2.2015393467E-001 -1.8865175298E-001 -1.1348247023E-001
   1  5694   0    0  5.6340279131E+003  2.2015393467E-001 -1.8865175298E-001 -1.1348247023E-001
   1  5695   0    0  5.6350279132E+003  2.2015393467E-001 -1.8865175298E-001 -1.1348247023E-001
   1  5696   0    0  5.6360279133E+003  2.2015393467E-001 -1.8865175298E-001 -1.1348247023E-001
   1  5697   0    0  5.6370279134E+003  2.2015393467E-001 -1.8865175298E-001 -1.1348247023E-001
   1  5698   0    0  5.6380279135E+003  2.2015393467E-001 -1.8865175298E-001 -1.1348247023E-001
   1  5699   0    0  5.6390279136E+003  2.2015393467E-001 -1.8865175298E-001 -1.1348247023E-001
   1  5700   4  286  5.6400279137E+003  2.2015393467E-001 -1.8865175298E-001 -1.1348247023E-001
   1  5701   0    0  5.6410279138E+003  2.2015393467E-001 -1.8865175298E-001 -1.1348247023E-001
   1  5702   0    0  5.6420279139E+003  2.2015393467E-001 -1.8865175298E-001 -1.1348247023E-001
   1  5703   0    0  5.6430279140E+003  2.2015393467E-001 -1.8865175298E-001 -1.1348247023E-001
   1  5704   0    0  5.6440279141E+003  2.2015393467E-001 -1.8865175298E-001 -1.1348247023E-001
   1  5705   0    0  5.6450279142E+003  2.2015393467E-001 -1.8865175298E-001 -1.1348247023E-001
   1  5706   0    0  5.6460279143E+003  2.2015393467E-001 -1.8865175298E-001 -1.1348247023E-001
   1  5707   0    0  5.6470279144E+003  2.2015393467E-001 -1.8865175298E-001 -1.1348247023E-001
   1  5708   0    0  5.6480279145E+003  2.2015393467E-001 -1.8865175298E-001 -1.1348247023E-001
   1  5709   0    0  5.6490279146E+003  2.2015393467E-001 -1.8865175298E-001 -1.1348247023E-001
   1  5710   0    0  5.6500279147E+003  2.2015393467E-001 -1.8865175298E-001 -1.1348247023E-001
   1  5711   0    0  5.6510279148E+003  2.2015393467E-001 -1.8865175298E-001 -1.1348247023E-001
   1  5712   0    0  5.6520279149E+003  2.2015393467E-001 -1.8865175298E-001 -1.1348247023E-001
   1  5713   0    0  5.6530279150E+003  2.2015393467E-001 -1.8865175298E-001 -1.1348247023E-001
   1  5714   0    0  5.6540279151E+003  2.2015393467E-001 -1.8865175298E-001 -1.1348247023E-001
   1  5715   0    0  5.6550279152E+003  2.2015393467E-001 -1.8865175298E-001 -1.1348247023E-001
   1  5716   0    0  5.6560279153E+003  2.2015393467E-001 -1.8865175298E-001 -1.1348247023E-001
   1  5717   0    0  5.6570279154E+003  2.2015393467E-001 -1.8865175298E-001 -1.1348247023E-001
   1  5718   0    0  5.6580279155E+003  2.2015393467E-001 -1.8865175298E-001 -1.1348247023E-001
   1  5719   0    0  5.6590279156E+003  2.2015393467E-001 -1.8865175298E-001 -1.1348247023E-001
   1  5720   4  287  5.6600279157E+003  2.2015393467E-001 -1.8865175298E-001 -1.1348247023E-001
   1  5721   0    0  5.6610279158E+003  2.2015393467E-001 -1.8865175298E-001 -1.1348247023E-001
   1  5722   0    0  5.6620279159E+003  2.2015393467E-001 -1.8865175298E-001 -1.1348247023E-001
   1  5723   0    0  5.6630279160E+003  2.2015393467E-001 -1.8865175298E-001 -1.1348247023E-001
   1  5724   0    0  5.6640279161E+003  2.2015393467E-001 -1.8865175298E-001 -1.1348247023E-001
   1  5725   0    0  5.6650279162E+003  2.2015393467E-001 -1.8865175298E-001 -1.1348247023E-001
   1  5726   0    0  5.6660279163E+003  2.2015393467E-001 -1.8865175298E-001 -1.1348247023E-001
   1  5727   0    0  5.6670279164E+003  2.2015393467E-001 -1.8865175298E-001 -1.1348247023E-001
   1  5728   0    0  5.6680279165E+003  2.2015393467E-001 -1.8865175298E-001 -1.1348247023E-001
   1  5729   0    0  5.6690279166E+003  2.2015393467E-001 -1.8865175298E-001 -1.1348247023E-001
   1  5730   0    0  5.6700279167E+003  2.2015393467E-001 -1.8865175298E-001 -1.1348247023E-001
   1  5731   0    0  5.6710279168E+003  2.2015393467E-001 -1.8865175298E-001 -1.1348247023E-001
   1  5732   0    0  5.6720279169E+003  2.2015393467E-001 -1.8865175298E-001 -1.1348247023E-001
   1  5733   0    0  5.6730279170E+003  2.2015393467E-001 -1.8865175298E-001 -1.1348247023E-001
   1  5734   0    0  5.6740279171E+003  2.2015393467E-001 -1.8865175298E-001 -1.1348247023E-001
   1  5735   0    0  5.6750279172E+003  2.2015393467E-001 -1.8865175298E-001 -1.1348247023E-001
   1  5736   0    0  5.6760279173E+003  2.2015393467E-001 -1.8865175298E-001 -1.1348247023E-001
   1  5737   0    0  5.6770279174E+003  2.2015393467E-001 -1.8865175298E-001 -1.1348247023E-001
   1  5738   0    0  5.6780279175E+003  2.2015393467E-001 -1.8865175298E-001 -1.1348247023E-001
   1  5739   0    0  5.6790279176E+003  2.2015393467E-001 -1.8865175298E-001 -1.1348247023E-001
   1  5740   4  288  5.6800279177E+003  2.2015393467E-001 -1.8865175298E-001 -1.1348247023E-001
   1  5741   0    0  5.6810279178E+003  2.2015393467E-001 -1.8865175298E-001 -1.1348247023E-001
   1  5742   0    0  5.6820279179E+003  2.2015393467E-001 -1.8865175298E-001 -1.1348247023E-001
   1  5743   0    0  5.6830279180E+003  2.2015393467E-001 -1.8865175298E-001 -1.1348247023E-001
   1  5744   0    0  5.6840279181E+003  2.2015393467E-001 -1.8865175298E-001 -1.1348247023E-001
   1  5745   0    0  5.6850279182E+003  2.2015393467E-001 -1.8865175298E-001 -1.1348247023E-001
   1  5746   0    0  5.6860279183E+003  2.2015393467E-001 -1.8865175298E-001 -1.1348247023E-001
   1  5747   0    0  5.6870279184E+003  2.2015393467E-001 -1.8865175298E-001 -1.1348247023E-001
   1  5748   0    0  5.6880279185E+003  2.2015393467E-001 -1.8865175298E-001 -1.1348247023E-001
   1  5749   0    0  5.6890279186E+003  2.2015393467E-001 -1.8865175298E-001 -1.1348247023E-001
   1  5750   0    0  5.6900279187E+003  2.2015393467E-001 -1.8865175298E-001 -1.1348247023E-001
   1  5751   0    0  5.6910279188E+003  2.2015393467E-001 -1.8865175298E-001 -1.1348247023E-001
   1  5752   0    0  5.6920279189E+003  2.2015393467E-001 -1.8865175298E-001 -1.1348247023E-001
   1  5753   0    0  5.6930279190E+003  2.2015393467E-001 -1.8865175298E-001 -1.1348247023E-001
   1  5754   0    0  5.6940279191E+003  2.2015393467E-001 -1.8865175298E-001 -1.1348247023E-001
   1  5755   0    0  5.6950279192E+003  2.2015393467E-001 -1.8865175298E-001 -1.1348247023E-001
   1  5756   0    0  5.6960279193E+003  2.2015393467E-001 -1.8865175298E-001 -1.1348247023E-001
   1  5757   0    0  5.6970279194E+003  2.2015393467E-001 -1.8865175298E-001 -1.1348247023E-001
   1  5758   0    0  5.6980279195E+003  2.2015393467E-001 -1.8865175298E-001 -1.1348247023E-001
   1  5759   0    0  5.6990279196E+003  2.2015393467E-001 -1.8865175298E-001 -1.1348247023E-001
   1  5760   4  289  5.7000279197E+003  2.2015393467E-001 -1.8865175298E-001 -1.1348247023E-001
   1  5761   0    0  5.7010279198E+003  2.2015393467E-001 -1.8865175298E-001 -1.1348247023E-001
   1  5762   0    0  5.7020279199E+003  2.2015393467E-001 -1.8865175298E-001 -1.1348247023E-001
   1  5763   0    0  5.7030279200E+003  2.2015393467E-001 -1.8865175298E-001 -1.1348247023E-001
   1  5764   0    0  5.7040279201E+003  2.2015393467E-001 -1.8865175298E-001 -1.1348247023E-001
   1  5765   0    0  5.7050279202E+003  2.2015393467E-001 -1.8865175298E-001 -1.1348247023E-001
   1  5766   0    0  5.7060279203E+003  2.2015393467E-001 -1.8865175298E-001 -1.1348247023E-001
   1  5767   0    0  5.7070279204E+003  2.2015393467E-001 -1.8865175298E-001 -1.1348247023E-001
   1  5768   0    0  5.7080279205E+003  2.2015393467E-001 -1.8865175298E-001 -1.1348247023E-001
   1  5769   0    0  5.7090279206E+003  2.2015393467E-001 -1.8865175298E-001 -1.1348247023E-001
   1  5770   0    0  5.7100279207E+003  2.2015393467E-001 -1.8865175298E-001 -1.1348247023E-001
   1  5771   0    0  5.7110279208E+003  2.2015393467E-001 -1.8865175298E-001 -1.1348247023E-001
   1  5772   0    0  5.7120279209E+003  2.2015393467E-001 -1.8865175298E-001 -1.1348247023E-001
   1  5773   0    0  5.7130279210E+003  2.2015393467E-001 -1.8865175298E-001 -1.1348247023E-001
   1  5774   0    0  5.7140279211E+003  2.2015393467E-001 -1.8865175298E-001 -1.1348247023E-001
   1  5775   0    0  5.7150279212E+003  2.2015393467E-001 -1.8865175298E-001 -1.1348247023E-001
   1  5776   0    0  5.7160279213E+003  2.2015393467E-001 -1.8865175298E-001 -1.1348247023E-001
   1  5777   0    0  5.7170279214E+003  2.2015393467E-001 -1.8865175298E-001 -1.1348247023E-001
   1  5778   0    0  5.7180279215E+003  2.2015393467E-001 -1.8865175298E-001 -1.1348247023E-001
   1  5779   0    0  5.7190279216E+003  2.2015393467E-001 -1.8865175298E-001 -1.1348247023E-001
   1  5780   4  290  5.7200279217E+003  2.2015393467E-001 -1.8865175298E-001 -1.1348247023E-001
   1  5781   0    0  5.7210279218E+003  2.2015393467E-001 -1.8865175298E-001 -1.1348247023E-001
   1  5782   0    0  5.7220279219E+003  2.2015393467E-001 -1.8865175298E-001 -1.1348247023E-001
   1  5783   0    0  5.7230279220E+003  2.2015393467E-001 -1.8865175298E-001 -1.1348247023E-001
   1  5784   0    0  5.7240279221E+003  2.2015393467E-001 -1.8865175298E-001 -1.1348247023E-001
   1  5785   0    0  5.7250279222E+003  2.2015393467E-001 -1.8865175298E-001 -1.1348247023E-001
   1  5786   0    0  5.7260279223E+003  2.2015393467E-001 -1.8865175298E-001 -1.1348247023E-001
   1  5787   0    0  5.7270279224E+003  2.2015393467E-001 -1.8865175298E-001 -1.1348247023E-001
   1  5788   0    0  5.7280279225E+003  2.2015393467E-001 -1.8865175298E-001 -1.1348247023E-001
   1  5789   0    0  5.7290279226E+003  2.2015393467E-001 -1.8865175298E-001 -1.1348247023E-001
   1  5790   0    0  5.7300279227E+003  2.2015393467E-001 -1.8865175298E-001 -1.1348247023E-001
   1  5791   0    0  5.7310279228E+003  2.2015393467E-001 -1.8865175298E-001 -1.1348247023E-001
   1  5792   0    0  5.7320279229E+003  2.2015393467E-001 -1.8865175298E-001 -1.1348247023E-001
   1  5793   0    0  5.7330279230E+003  2.2015393467E-001 -1.8865175298E-001 -1.1348247023E-001
   1  5794   0    0  5.7340279231E+003  2.2015393467E-001 -1.8865175298E-001 -1.1348247023E-001
   1  5795   0    0  5.7350279232E+003  2.2015393467E-001 -1.8865175298E-001 -1.1348247023E-001
   1  5796   0    0  5.7360279233E+003  2.2015393467E-001 -1.8865175298E-001 -1.1348247023E-001
   1  5797   0    0  5.7370279234E+003  2.2015393467E-001 -1.8865175298E-001 -1.1348247023E-001
   1  5798   0    0  5.7380279235E+003  2.2015393467E-001 -1.8865175298E-001 -1.1348247023E-001
   1  5799   0    0  5.7390279236E+003  2.2015393467E-001 -1.8865175298E-001 -1.1348247023E-001
   1  5800   4  291  5.7400279237E+003  2.2015393467E-001 -1.8865175298E-001 -1.1348247023E-001
   1  5801   0    0  5.7410279238E+003  2.2015393467E-001 -1.8865175298E-001 -1.1348247023E-001
   1  5802   0    0  5.7420279239E+003  2.2015393467E-001 -1.8865175298E-001 -1.1348247023E-001
   1  5803   0    0  5.7430279240E+003  2.2015393467E-001 -1.8865175298E-001 -1.1348247023E-001
   1  5804   0    0  5.7440279241E+003  2.2015393467E-001 -1.8865175298E-001 -1.1348247023E-001
   1  5805   0    0  5.7450279242E+003  2.2015393467E-001 -1.8865175298E-001 -1.1348247023E-001
   1  5806   0    0  5.7460279243E+003  2.2015393467E-001 -1.8865175298E-001 -1.1348247023E-001
   1  5807   0    0  5.7470279244E+003  2.2015393467E-001 -1.8865175298E-001 -1.1348247023E-001
   1  5808   0    0  5.7480279245E+003  2.2015393467E-001 -1.8865175298E-001 -1.1348247023E-001
   1  5809   0    0  5.7490279246E+003  2.2015393467E-001 -1.8865175298E-001 -1.1348247023E-001
   1  5810   0    0  5.7500279247E+003  2.2015393467E-001 -1.8865175298E-001 -1.1348247023E-001
   1  5811   0    0  5.7510279248E+003  2.2015393467E-001 -1.8865175298E-001 -1.1348247023E-001
   1  5812   0    0  5.7520279249E+003  2.2015393467E-001 -1.8865175298E-001 -1.1348247023E-001
   1  5813   0    0  5.7530279250E+003  2.2015393467E-001 -1.8865175298E-001 -1.1348247023E-001
   1  5814   0    0  5.7540279251E+003  2.2015393467E-001 -1.8865175298E-001 -1.1348247023E-001
   1  5815   0    0  5.7550279252E+003  2.2015393467E-001 -1.8865175298E-001 -1.1348247023E-001
   1  5816   0    0  5.7560279253E+003  2.2015393467E-001 -1.8865175298E-001 -1.1348247023E-001
   1  5817   0    0  5.7570279254E+003  2.2015393467E-001 -1.8865175298E-001 -1.1348247023E-001
   1  5818   0    0  5.7580279255E+003  2.2015393467E-001 -1.8865175298E-001 -1.1348247023E-001
   1  5819   0    0  5.7590279256E+003  2.2015393467E-001 -1.8865175298E-001 -1.1348247023E-001
   1  5820   4  292  5.7600279257E+003  2.2015393467E-001 -1.8865175298E-001 -1.1348247023E-001
   1  5821   0    0  5.7610279258E+003  2.2015393467E-001 -1.8865175298E-001 -1.1348247023E-001
   1  5822   0    0  5.7620279259E+003  2.2015393467E-001 -1.8865175298E-001 -1.1348247023E-001
   1  5823   0    0  5.7630279260E+003  2.2015393467E-001 -1.8865175298E-001 -1.1348247023E-001
   1  5824   0    0  5.7640279261E+003  2.2015393467E-001 -1.8865175298E-001 -1.1348247023E-001
   1  5825   0    0  5.7650279262E+003  2.2015393467E-001 -1.8865175298E-001 -1.1348247023E-001
   1  5826   0    0  5.7660279263E+003  2.2015393467E-001 -1.8865175298E-001 -1.1348247023E-001
   1  5827   0    0  5.7670279264E+003  2.2015393467E-001 -1.8865175298E-001 -1.1348247023E-001
   1  5828   0    0  5.7680279265E+003  2.2015393467E-001 -1.8865175298E-001 -1.1348247023E-001
   1  5829   0    0  5.7690279266E+003  2.2015393467E-001 -1.8865175298E-001 -1.1348247023E-001
   1  5830   0    0  5.7700279267E+003  2.2015393467E-001 -1.8865175298E-001 -1.1348247023E-001
   1  5831   0    0  5.7710279268E+003  2.2015393467E-001 -1.8865175298E-001 -1.1348247023E-001
   1  5832   0    0  5.7720279269E+003  2.2015393467E-001 -1.8865175298E-001 -1.1348247023E-001
   1  5833   0    0  5.7730279270E+003  2.2015393467E-001 -1.8865175298E-001 -1.1348247023E-001
   1  5834   0    0  5.7740279271E+003  2.2015393467E-001 -1.8865175298E-001 -1.1348247023E-001
   1  5835   0    0  5.7750279272E+003  2.2015393467E-001 -1.8865175298E-001 -1.1348247023E-001
   1  5836   0    0  5.7760279273E+003  2.2015393467E-001 -1.8865175298E-001 -1.1348247023E-001
   1  5837   0    0  5.7770279274E+003  2.2015393467E-001 -1.8865175298E-001 -1.1348247023E-001
   1  5838   0    0  5.7780279275E+003  2.2015393467E-001 -1.8865175298E-001 -1.1348247023E-001
   1  5839   0    0  5.7790279276E+003  2.2015393467E-001 -1.8865175298E-001 -1.1348247023E-001
   1  5840   4  293  5.7800279277E+003  2.2015393467E-001 -1.8865175298E-001 -1.1348247023E-001
   1  5841   0    0  5.7810279278E+003  2.2015393467E-001 -1.8865175298E-001 -1.1348247023E-001
   1  5842   0    0  5.7820279279E+003  2.2015393467E-001 -1.8865175298E-001 -1.1348247023E-001
   1  5843   0    0  5.7830279280E+003  2.2015393467E-001 -1.8865175298E-001 -1.1348247023E-001
   1  5844   0    0  5.7840279281E+003  2.2015393467E-001 -1.8865175298E-001 -1.1348247023E-001
   1  5845   0    0  5.7850279282E+003  2.2015393467E-001 -1.8865175298E-001 -1.1348247023E-001
   1  5846   0    0  5.7860279283E+003  2.2015393467E-001 -1.8865175298E-001 -1.1348247023E-001
   1  5847   0    0  5.7870279284E+003  2.2015393467E-001 -1.8865175298E-001 -1.1348247023E-001
   1  5848   0    0  5.7880279285E+003  2.2015393467E-001 -1.8865175298E-001 -1.1348247023E-001
   1  5849   0    0  5.7890279286E+003  2.2015393467E-001 -1.8865175298E-001 -1.1348247023E-001
   1  5850   0    0  5.7900279287E+003  2.2015393467E-001 -1.8865175298E-001 -1.1348247023E-001
   1  5851   0    0  5.7910279288E+003  2.2015393467E-001 -1.8865175298E-001 -1.1348247023E-001
   1  5852   0    0  5.7920279289E+003  2.2015393467E-001 -1.8865175298E-001 -1.1348247023E-001
   1  5853   0    0  5.7930279290E+003  2.2015393467E-001 -1.8865175298E-001 -1.1348247023E-001
   1  5854   0    0  5.7940279291E+003  2.2015393467E-001 -1.8865175298E-001 -1.1348247023E-001
   1  5855   0    0  5.7950279292E+003  2.2015393467E-001 -1.8865175298E-001 -1.1348247023E-001
   1  5856   0    0  5.7960279293E+003  2.2015393467E-001 -1.8865175298E-001 -1.1348247023E-001
   1  5857   0    0  5.7970279294E+003  2.2015393467E-001 -1.8865175298E-001 -1.1348247023E-001
   1  5858   0    0  5.7980279295E+003  2.2015393467E-001 -1.8865175298E-001 -1.1348247023E-001
   1  5859   0    0  5.7990279296E+003  2.2015393467E-001 -1.8865175298E-001 -1.1348247023E-001
   1  5860   4  294  5.8000279297E+003  2.2015393467E-001 -1.8865175298E-001 -1.1348247023E-001
   1  5861   0    0  5.8010279298E+003  2.2015393467E-001 -1.8865175298E-001 -1.1348247023E-001
   1  5862   0    0  5.8020279299E+003  2.2015393467E-001 -1.8865175298E-001 -1.1348247023E-001
   1  5863   0    0  5.8030279300E+003  2.2015393467E-001 -1.8865175298E-001 -1.1348247023E-001
   1  5864   0    0  5.8040279301E+003  2.2015393467E-001 -1.8865175298E-001 -1.1348247023E-001
   1  5865   0    0  5.8050279302E+003  2.2015393467E-001 -1.8865175298E-001 -1.1348247023E-001
   1  5866   0    0  5.8060279303E+003  2.2015393467E-001 -1.8865175298E-001 -1.1348247023E-001
   1  5867   0    0  5.8070279304E+003  2.2015393467E-001 -1.8865175298E-001 -1.1348247023E-001
   1  5868   0    0  5.8080279305E+003  2.2015393467E-001 -1.8865175298E-001 -1.1348247023E-001
   1  5869   0    0  5.8090279306E+003  2.2015393467E-001 -1.8865175298E-001 -1.1348247023E-001
   1  5870   0    0  5.8100279307E+003  2.2015393467E-001 -1.8865175298E-001 -1.1348247023E-001
   1  5871   0    0  5.8110279308E+003  2.2015393467E-001 -1.8865175298E-001 -1.1348247023E-001
   1  5872   0    0  5.8120279309E+003  2.2015393467E-001 -1.8865175298E-001 -1.1348247023E-001
   1  5873   0    0  5.8130279310E+003  2.2015393467E-001 -1.8865175298E-001 -1.1348247023E-001
   1  5874   0    0  5.8140279311E+003  2.2015393467E-001 -1.8865175298E-001 -1.1348247023E-001
   1  5875   0    0  5.8150279312E+003  2.2015393467E-001 -1.8865175298E-001 -1.1348247023E-001
   1  5876   0    0  5.8160279313E+003  2.2015393467E-001 -1.8865175298E-001 -1.1348247023E-001
   1  5877   0    0  5.8170279314E+003  2.2015393467E-001 -1.8865175298E-001 -1.1348247023E-001
   1  5878   0    0  5.8180279315E+003  2.2015393467E-001 -1.8865175298E-001 -1.1348247023E-001
   1  5879   0    0  5.8190279316E+003  2.2015393467E-001 -1.8865175298E-001 -1.1348247023E-001
   1  5880   4  295  5.8200279317E+003  2.2015393467E-001 -1.8865175298E-001 -1.1348247023E-001
   1  5881   0    0  5.8210279318E+003  2.2015393467E-001 -1.8865175298E-001 -1.1348247023E-001
   1  5882   0    0  5.8220279319E+003  2.2015393467E-001 -1.8865175298E-001 -1.1348247023E-001
   1  5883   0    0  5.8230279320E+003  2.2015393467E-001 -1.8865175298E-001 -1.1348247023E-001
   1  5884   0    0  5.8240279321E+003  2.2015393467E-001 -1.8865175298E-001 -1.1348247023E-001
   1  5885   0    0  5.8250279322E+003  2.2015393467E-001 -1.8865175298E-001 -1.1348247023E-001
   1  5886   0    0  5.8260279323E+003  2.2015393467E-001 -1.8865175298E-001 -1.1348247023E-001
   1  5887   0    0  5.8270279324E+003  2.2015393467E-001 -1.8865175298E-001 -1.1348247023E-001
   1  5888   0    0  5.8280279325E+003  2.2015393467E-001 -1.8865175298E-001 -1.1348247023E-001
   1  5889   0    0  5.8290279326E+003  2.2015393467E-001 -1.8865175298E-001 -1.1348247023E-001
   1  5890   0    0  5.8300279327E+003  2.2015393467E-001 -1.8865175298E-001 -1.1348247023E-001
   1  5891   0    0  5.8310279328E+003  2.2015393467E-001 -1.8865175298E-001 -1.1348247023E-001
   1  5892   0    0  5.8320279329E+003  2.2015393467E-001 -1.8865175298E-001 -1.1348247023E-001
   1  5893   0    0  5.8330279330E+003  2.2015393467E-001 -1.8865175298E-001 -1.1348247023E-001
   1  5894   0    0  5.8340279331E+003  2.2015393467E-001 -1.8865175298E-001 -1.1348247023E-001
   1  5895   0    0  5.8350279332E+003  2.2015393467E-001 -1.8865175298E-001 -1.1348247023E-001
   1  5896   0    0  5.8360279333E+003  2.2015393467E-001 -1.8865175298E-001 -1.1348247023E-001
   1  5897   0    0  5.8370279334E+003  2.2015393467E-001 -1.8865175298E-001 -1.1348247023E-001
   1  5898   0    0  5.8380279335E+003  2.2015393467E-001 -1.8865175298E-001 -1.1348247023E-001
   1  5899   0    0  5.8390279336E+003  2.2015393467E-001 -1.8865175298E-001 -1.1348247023E-001
   1  5900   4  296  5.8400279337E+003  2.2015393467E-001 -1.8865175298E-001 -1.1348247023E-001
   1  5901   0    0  5.8410279338E+003  2.2015393467E-001 -1.8865175298E-001 -1.1348247023E-001
   1  5902   0    0  5.8420279339E+003  2.2015393467E-001 -1.8865175298E-001 -1.1348247023E-001
   1  5903   0    0  5.8430279340E+003  2.2015393467E-001 -1.8865175298E-001 -1.1348247023E-001
   1  5904   0    0  5.8440279341E+003  2.2015393467E-001 -1.8865175298E-001 -1.1348247023E-001
   1  5905   0    0  5.8450279342E+003  2.2015393467E-001 -1.8865175298E-001 -1.1348247023E-001
   1  5906   0    0  5.8460279343E+003  2.2015393467E-001 -1.8865175298E-001 -1.1348247023E-001
   1  5907   0    0  5.8470279344E+003  2.2015393467E-001 -1.8865175298E-001 -1.1348247023E-001
   1  5908   0    0  5.8480279345E+003  2.2015393467E-001 -1.8865175298E-001 -1.1348247023E-001
   1  5909   0    0  5.8490279346E+003  2.2015393467E-001 -1.8865175298E-001 -1.1348247023E-001
   1  5910   0    0  5.8500279347E+003  2.2015393467E-001 -1.8865175298E-001 -1.1348247023E-001
   1  5911   0    0  5.8510279348E+003  2.2015393467E-001 -1.8865175298E-001 -1.1348247023E-001
   1  5912   0    0  5.8520279349E+003  2.2015393467E-001 -1.8865175298E-001 -1.1348247023E-001
   1  5913   0    0  5.8530279350E+003  2.2015393467E-001 -1.8865175298E-001 -1.1348247023E-001
   1  5914   0    0  5.8540279351E+003  2.2015393467E-001 -1.8865175298E-001 -1.1348247023E-001
   1  5915   0    0  5.8550279352E+003  2.2015393467E-001 -1.8865175298E-001 -1.1348247023E-001
   1  5916   0    0  5.8560279353E+003  2.2015393467E-001 -1.8865175298E-001 -1.1348247023E-001
   1  5917   0    0  5.8570279354E+003  2.2015393467E-001 -1.8865175298E-001 -1.1348247023E-001
   1  5918   0    0  5.8580279355E+003  2.2015393467E-001 -1.8865175298E-001 -1.1348247023E-001
   1  5919   0    0  5.8590279356E+003  2.2015393467E-001 -1.8865175298E-001 -1.1348247023E-001
   1  5920   4  297  5.8600279357E+003  2.2015393467E-001 -1.8865175298E-001 -1.1348247023E-001
   1  5921   0    0  5.8610279358E+003  2.2015393467E-001 -1.8865175298E-001 -1.1348247023E-001
   1  5922   0    0  5.8620279359E+003  2.2015393467E-001 -1.8865175298E-001 -1.1348247023E-001
   1  5923   0    0  5.8630279360E+003  2.2015393467E-001 -1.8865175298E-001 -1.1348247023E-001
   1  5924   0    0  5.8640279361E+003  2.2015393467E-001 -1.8865175298E-001 -1.1348247023E-001
   1  5925   0    0  5.8650279362E+003  2.2015393467E-001 -1.8865175298E-001 -1.1348247023E-001
   1  5926   0    0  5.8660279363E+003  2.2015393467E-001 -1.8865175298E-001 -1.1348247023E-001
   1  5927   0    0  5.8670279364E+003  2.2015393467E-001 -1.8865175298E-001 -1.1348247023E-001
   1  5928   0    0  5.8680279365E+003  2.2015393467E-001 -1.8865175298E-001 -1.1348247023E-001
   1  5929   0    0  5.8690279366E+003  2.2015393467E-001 -1.8865175298E-001 -1.1348247023E-001
   1  5930   0    0  5.8700279367E+003  2.2015393467E-001 -1.8865175298E-001 -1.1348247023E-001
   1  5931   0    0  5.8710279368E+003  2.2015393467E-001 -1.8865175298E-001 -1.1348247023E-001
   1  5932   0    0  5.8720279369E+003  2.2015393467E-001 -1.8865175298E-001 -1.1348247023E-001
   1  5933   0    0  5.8730279370E+003  2.2015393467E-001 -1.8865175298E-001 -1.1348247023E-001
   1  5934   0    0  5.8740279371E+003  2.2015393467E-001 -1.8865175298E-001 -1.1348247023E-001
   1  5935   0    0  5.8750279372E+003  2.2015393467E-001 -1.8865175298E-001 -1.1348247023E-001
   1  5936   0    0  5.8760279373E+003  2.2015393467E-001 -1.8865175298E-001 -1.1348247023E-001
   1  5937   0    0  5.8770279374E+003  2.2015393467E-001 -1.8865175298E-001 -1.1348247023E-001
   1  5938   0    0  5.8780279375E+003  2.2015393467E-001 -1.8865175298E-001 -1.1348247023E-001
   1  5939   0    0  5.8790279376E+003  2.2015393467E-001 -1.8865175298E-001 -1.1348247023E-001
   1  5940   4  298  5.8800279377E+003  2.2015393467E-001 -1.8865175298E-001 -1.1348247023E-001
   1  5941   0    0  5.8810279378E+003  2.2015393467E-001 -1.8865175298E-001 -1.1348247023E-001
   1  5942   0    0  5.8820279379E+003  2.2015393467E-001 -1.8865175298E-001 -1.1348247023E-001
   1  5943   0    0  5.8830279380E+003  2.2015393467E-001 -1.8865175298E-001 -1.1348247023E-001
   1  5944   0    0  5.8840279381E+003  2.2015393467E-001 -1.8865175298E-001 -1.1348247023E-001
   1  5945   0    0  5.8850279382E+003  2.2015393467E-001 -1.8865175298E-001 -1.1348247023E-001
   1  5946   0    0  5.8860279383E+003  2.2015393467E-001 -1.8865175298E-001 -1.1348247023E-001
   1  5947   0    0  5.8870279384E+003  2.2015393467E-001 -1.8865175298E-001 -1.1348247023E-001
   1  5948   0    0  5.8880279385E+003  2.2015393467E-001 -1.8865175298E-001 -1.1348247023E-001
   1  5949   0    0  5.8890279386E+003  2.2015393467E-001 -1.8865175298E-001 -1.1348247023E-001
   1  5950   0    0  5.8900279387E+003  2.2015393467E-001 -1.8865175298E-001 -1.1348247023E-001
   1  5951   0    0  5.8910279388E+003  2.2015393467E-001 -1.8865175298E-001 -1.1348247023E-001
   1  5952   0    0  5.8920279389E+003  2.2015393467E-001 -1.8865175298E-001 -1.1348247023E-001
   1  5953   0    0  5.8930279390E+003  2.2015393467E-001 -1.8865175298E-001 -1.1348247023E-001
   1  5954   0    0  5.8940279391E+003  2.2015393467E-001 -1.8865175298E-001 -1.1348247023E-001
   1  5955   0    0  5.8950279392E+003  2.2015393467E-001 -1.8865175298E-001 -1.1348247023E-001
   1  5956   0    0  5.8960279393E+003  2.2015393467E-001 -1.8865175298E-001 -1.1348247023E-001
   1  5957   0    0  5.8970279394E+003  2.2015393467E-001 -1.8865175298E-001 -1.1348247023E-001
   1  5958   0    0  5.8980279395E+003  2.2015393467E-001 -1.8865175298E-001 -1.1348247023E-001
   1  5959   0    0  5.8990279396E+003  2.2015393467E-001 -1.8865175298E-001 -1.1348247023E-001
   1  5960   4  299  5.9000279397E+003  2.2015393467E-001 -1.8865175298E-001 -1.1348247023E-001
   1  5961   0    0  5.9010279398E+003  2.2015393467E-001 -1.8865175298E-001 -1.1348247023E-001
   1  5962   0    0  5.9020279399E+003  2.2015393467E-001 -1.8865175298E-001 -1.1348247023E-001
   1  5963   0    0  5.9030279400E+003  2.2015393467E-001 -1.8865175298E-001 -1.1348247023E-001
   1  5964   0    0  5.9040279401E+003  2.2015393467E-001 -1.8865175298E-001 -1.1348247023E-001
   1  5965   0    0  5.9050279402E+003  2.2015393467E-001 -1.8865175298E-001 -1.1348247023E-001
   1  5966   0    0  5.9060279403E+003  2.2015393467E-001 -1.8865175298E-001 -1.1348247023E-001
   1  5967   0    0  5.9070279404E+003  2.2015393467E-001 -1.8865175298E-001 -1.1348247023E-001
   1  5968   0    0  5.9080279405E+003  2.2015393467E-001 -1.8865175298E-001 -1.1348247023E-001
   1  5969   0    0  5.9090279406E+003  2.2015393467E-001 -1.8865175298E-001 -1.1348247023E-001
   1  5970   0    0  5.9100279407E+003  2.2015393467E-001 -1.8865175298E-001 -1.1348247023E-001
   1  5971   0    0  5.9110279408E+003  2.2015393467E-001 -1.8865175298E-001 -1.1348247023E-001
   1  5972   0    0  5.9120279409E+003  2.2015393467E-001 -1.8865175298E-001 -1.1348247023E-001
   1  5973   0    0  5.9130279410E+003  2.2015393467E-001 -1.8865175298E-001 -1.1348247023E-001
   1  5974   0    0  5.9140279411E+003  2.2015393467E-001 -1.8865175298E-001 -1.1348247023E-001
   1  5975   0    0  5.9150279412E+003  2.2015393467E-001 -1.8865175298E-001 -1.1348247023E-001
   1  5976   0    0  5.9160279413E+003  2.2015393467E-001 -1.8865175298E-001 -1.1348247023E-001
   1  5977   0    0  5.9170279414E+003  2.2015393467E-001 -1.8865175298E-001 -1.1348247023E-001
   1  5978   0    0  5.9180279415E+003  2.2015393467E-001 -1.8865175298E-001 -1.1348247023E-001
   1  5979   0    0  5.9190279416E+003  2.2015393467E-001 -1.8865175298E-001 -1.1348247023E-001
   1  5980   4  300  5.9200279417E+003  2.2015393467E-001 -1.8865175298E-001 -1.1348247023E-001
   1  5981   0    0  5.9210279418E+003  2.2015393467E-001 -1.8865175298E-001 -1.1348247023E-001
   1  5982   0    0  5.9220279419E+003  2.2015393467E-001 -1.8865175298E-001 -1.1348247023E-001
   1  5983   0    0  5.9230279420E+003  2.2015393467E-001 -1.8865175298E-001 -1.1348247023E-001
   1  5984   0    0  5.9240279421E+003  2.2015393467E-001 -1.8865175298E-001 -1.1348247023E-001
   1  5985   0    0  5.9250279422E+003  2.2015393467E-001 -1.8865175298E-001 -1.1348247023E-001
   1  5986   0    0  5.9260279423E+003  2.2015393467E-001 -1.8865175298E-001 -1.1348247023E-001
   1  5987   0    0  5.9270279424E+003  2.2015393467E-001 -1.8865175298E-001 -1.1348247023E-001
   1  5988   0    0  5.9280279425E+003  2.2015393467E-001 -1.8865175298E-001 -1.1348247023E-001
   1  5989   0    0  5.9290279426E+003  2.2015393467E-001 -1.8865175298E-001 -1.1348247023E-001
   1  5990   0    0  5.9300279427E+003  2.2015393467E-001 -1.8865175298E-001 -1.1348247023E-001
   1  5991   0    0  5.9310279428E+003  2.2015393467E-001 -1.8865175298E-001 -1.1348247023E-001
   1  5992   0    0  5.9320279429E+003  2.2015393467E-001 -1.8865175298E-001 -1.1348247023E-001
   1  5993   0    0  5.9330279430E+003  2.2015393467E-001 -1.8865175298E-001 -1.1348247023E-001
   1  5994   0    0  5.9340279431E+003  2.2015393467E-001 -1.8865175298E-001 -1.1348247023E-001
   1  5995   0    0  5.9350279432E+003  2.2015393467E-001 -1.8865175298E-001 -1.1348247023E-001
   1  5996   0    0  5.9360279433E+003  2.2015393467E-001 -1.8865175298E-001 -1.1348247023E-001
   1  5997   0    0  5.9370279434E+003  2.2015393467E-001 -1.8865175298E-001 -1.1348247023E-001
   1  5998   0    0  5.9380279435E+003  2.2015393467E-001 -1.8865175298E-001 -1.1348247023E-001
   1  5999   0    0  5.9390279436E+003  2.2015393467E-001 -1.8865175298E-001 -1.1348247023E-001
   1  6000   4  301  5.9400279437E+003  2.2015393467E-001 -1.8865175298E-001 -1.1348247023E-001
   1  6001   0    0  5.9410279438E+003  2.2015393467E-001 -1.8865175298E-001 -1.1348247023E-001
   1  6002   0    0  5.9420279439E+003  2.2015393467E-001 -1.8865175298E-001 -1.1348247023E-001
   1  6003   0    0  5.9430279440E+003  2.2015393467E-001 -1.8865175298E-001 -1.1348247023E-001
   1  6004   0    0  5.9440279441E+003  2.2015393467E-001 -1.8865175298E-001 -1.1348247023E-001
   1  6005   0    0  5.9450279442E+003  2.2015393467E-001 -1.8865175298E-001 -1.1348247023E-001
   1  6006   0    0  5.9460279443E+003  2.2015393467E-001 -1.8865175298E-001 -1.1348247023E-001
   1  6007   0    0  5.9470279444E+003  2.2015393467E-001 -1.8865175298E-001 -1.1348247023E-001
   1  6008   0    0  5.9480279445E+003  2.2015393467E-001 -1.8865175298E-001 -1.1348247023E-001
   1  6009   0    0  5.9490279446E+003  2.2015393467E-001 -1.8865175298E-001 -1.1348247023E-001
   1  6010   0    0  5.9500279447E+003  2.2015393467E-001 -1.8865175298E-001 -1.1348247023E-001
   1  6011   0    0  5.9510279448E+003  2.2015393467E-001 -1.8865175298E-001 -1.1348247023E-001
   1  6012   0    0  5.9520279449E+003  2.2015393467E-001 -1.8865175298E-001 -1.1348247023E-001
   1  6013   0    0  5.9530279450E+003  2.2015393467E-001 -1.8865175298E-001 -1.1348247023E-001
   1  6014   0    0  5.9540279451E+003  2.2015393467E-001 -1.8865175298E-001 -1.1348247023E-001
   1  6015   0    0  5.9550279452E+003  2.2015393467E-001 -1.8865175298E-001 -1.1348247023E-001
   1  6016   0    0  5.9560279453E+003  2.2015393467E-001 -1.8865175298E-001 -1.1348247023E-001
   1  6017   0    0  5.9570279454E+003  2.2015393467E-001 -1.8865175298E-001 -1.1348247023E-001
   1  6018   0    0  5.9580279455E+003  2.2015393467E-001 -1.8865175298E-001 -1.1348247023E-001
   1  6019   0    0  5.9590279456E+003  2.2015393467E-001 -1.8865175298E-001 -1.1348247023E-001
   1  6020   4  302  5.9600279457E+003  2.2015393467E-001 -1.8865175298E-001 -1.1348247023E-001
   1  6021   0    0  5.9610279458E+003  2.2015393467E-001 -1.8865175298E-001 -1.1348247023E-001
   1  6022   0    0  5.9620279459E+003  2.2015393467E-001 -1.8865175298E-001 -1.1348247023E-001
   1  6023   0    0  5.9630279460E+003  2.2015393467E-001 -1.8865175298E-001 -1.1348247023E-001
   1  6024   0    0  5.9640279461E+003  2.2015393467E-001 -1.8865175298E-001 -1.1348247023E-001
   1  6025   0    0  5.9650279462E+003  2.2015393467E-001 -1.8865175298E-001 -1.1348247023E-001
   1  6026   0    0  5.9660279463E+003  2.2015393467E-001 -1.8865175298E-001 -1.1348247023E-001
   1  6027   0    0  5.9670279464E+003  2.2015393467E-001 -1.8865175298E-001 -1.1348247023E-001
   1  6028   0    0  5.9680279465E+003  2.2015393467E-001 -1.8865175298E-001 -1.1348247023E-001
   1  6029   0    0  5.9690279466E+003  2.2015393467E-001 -1.8865175298E-001 -1.1348247023E-001
   1  6030   0    0  5.9700279467E+003  2.2015393467E-001 -1.8865175298E-001 -1.1348247023E-001
   1  6031   0    0  5.9710279468E+003  2.2015393467E-001 -1.8865175298E-001 -1.1348247023E-001
   1  6032   0    0  5.9720279469E+003  2.2015393467E-001 -1.8865175298E-001 -1.1348247023E-001
   1  6033   0    0  5.9730279470E+003  2.2015393467E-001 -1.8865175298E-001 -1.1348247023E-001
   1  6034   0    0  5.9740279471E+003  2.2015393467E-001 -1.8865175298E-001 -1.1348247023E-001
   1  6035   0    0  5.9750279472E+003  2.2015393467E-001 -1.8865175298E-001 -1.1348247023E-001
   1  6036   0    0  5.9760279473E+003  2.2015393467E-001 -1.8865175298E-001 -1.1348247023E-001
   1  6037   0    0  5.9770279474E+003  2.2015393467E-001 -1.8865175298E-001 -1.1348247023E-001
   1  6038   0    0  5.9780279475E+003  2.2015393467E-001 -1.8865175298E-001 -1.1348247023E-001
   1  6039   0    0  5.9790279476E+003  2.2015393467E-001 -1.8865175298E-001 -1.1348247023E-001
   1  6040   4  303  5.9800279477E+003  2.2015393467E-001 -1.8865175298E-001 -1.1348247023E-001
   1  6041   0    0  5.9810279478E+003  2.2015393467E-001 -1.8865175298E-001 -1.1348247023E-001
   1  6042   0    0  5.9820279479E+003  2.2015393467E-001 -1.8865175298E-001 -1.1348247023E-001
   1  6043   0    0  5.9830279480E+003  2.2015393467E-001 -1.8865175298E-001 -1.1348247023E-001
   1  6044   0    0  5.9840279481E+003  2.2015393467E-001 -1.8865175298E-001 -1.1348247023E-001
   1  6045   0    0  5.9850279482E+003  2.2015393467E-001 -1.8865175298E-001 -1.1348247023E-001
   1  6046   0    0  5.9860279483E+003  2.2015393467E-001 -1.8865175298E-001 -1.1348247023E-001
   1  6047   0    0  5.9870279484E+003  2.2015393467E-001 -1.8865175298E-001 -1.1348247023E-001
   1  6048   0    0  5.9880279485E+003  2.2015393467E-001 -1.8865175298E-001 -1.1348247023E-001
   1  6049   0    0  5.9890279486E+003  2.2015393467E-001 -1.8865175298E-001 -1.1348247023E-001
   1  6050   0    0  5.9900279487E+003  2.2015393467E-001 -1.8865175298E-001 -1.1348247023E-001
   1  6051   0    0  5.9910279488E+003  2.2015393467E-001 -1.8865175298E-001 -1.1348247023E-001
   1  6052   0    0  5.9920279489E+003  2.2015393467E-001 -1.8865175298E-001 -1.1348247023E-001
   1  6053   0    0  5.9930279490E+003  2.2015393467E-001 -1.8865175298E-001 -1.1348247023E-001
   1  6054   0    0  5.9940279491E+003  2.2015393467E-001 -1.8865175298E-001 -1.1348247023E-001
   1  6055   0    0  5.9950279492E+003  2.2015393467E-001 -1.8865175298E-001 -1.1348247023E-001
   1  6056   0    0  5.9960279493E+003  2.2015393467E-001 -1.8865175298E-001 -1.1348247023E-001
   1  6057   0    0  5.9970279494E+003  2.2015393467E-001 -1.8865175298E-001 -1.1348247023E-001
   1  6058   0    0  5.9980279495E+003  2.2015393467E-001 -1.8865175298E-001 -1.1348247023E-001
   1  6059   0    0  5.9990279496E+003  2.2015393467E-001 -1.8865175298E-001 -1.1348247023E-001
   1  6060   4  304  6.0000279497E+003  2.2015393467E-001 -1.8865175298E-001 -1.1348247023E-001
   1  6061   0    0  6.0010279498E+003  2.2015393467E-001 -1.8865175298E-001 -1.1348247023E-001
   1  6062   0    0  6.0020279499E+003  2.2015393467E-001 -1.8865175298E-001 -1.1348247023E-001
   1  6063   0    0  6.0030279500E+003  2.2015393467E-001 -1.8865175298E-001 -1.1348247023E-001
   1  6064   0    0  6.0040279501E+003  2.2015393467E-001 -1.8865175298E-001 -1.1348247023E-001
   1  6065   0    0  6.0050279502E+003  2.2015393467E-001 -1.8865175298E-001 -1.1348247023E-001
   1  6066   0    0  6.0060279503E+003  2.2015393467E-001 -1.8865175298E-001 -1.1348247023E-001
   1  6067   0    0  6.0070279504E+003  2.2015393467E-001 -1.8865175298E-001 -1.1348247023E-001
   1  6068   0    0  6.0080279505E+003  2.2015393467E-001 -1.8865175298E-001 -1.1348247023E-001
   1  6069   0    0  6.0090279506E+003  2.2015393467E-001 -1.8865175298E-001 -1.1348247023E-001
   1  6070   0    0  6.0100279507E+003  2.2015393467E-001 -1.8865175298E-001 -1.1348247023E-001
   1  6071   0    0  6.0110279508E+003  2.2015393467E-001 -1.8865175298E-001 -1.1348247023E-001
   1  6072   0    0  6.0120279509E+003  2.2015393467E-001 -1.8865175298E-001 -1.1348247023E-001
   1  6073   0    0  6.0130279510E+003  2.2015393467E-001 -1.8865175298E-001 -1.1348247023E-001
   1  6074   0    0  6.0140279511E+003  2.2015393467E-001 -1.8865175298E-001 -1.1348247023E-001
   1  6075   0    0  6.0150279512E+003  2.2015393467E-001 -1.8865175298E-001 -1.1348247023E-001
   1  6076   0    0  6.0160279513E+003  2.2015393467E-001 -1.8865175298E-001 -1.1348247023E-001
   1  6077   0    0  6.0170279514E+003  2.2015393467E-001 -1.8865175298E-001 -1.1348247023E-001
   1  6078   0    0  6.0180279515E+003  2.2015393467E-001 -1.8865175298E-001 -1.1348247023E-001
   1  6079   0    0  6.0190279516E+003  2.2015393467E-001 -1.8865175298E-001 -1.1348247023E-001
   1  6080   4  305  6.0200279517E+003  2.2015393467E-001 -1.8865175298E-001 -1.1348247023E-001
   1  6081   0    0  6.0210279518E+003  2.2015393467E-001 -1.8865175298E-001 -1.1348247023E-001
   1  6082   0    0  6.0220279519E+003  2.2015393467E-001 -1.8865175298E-001 -1.1348247023E-001
   1  6083   0    0  6.0230279520E+003  2.2015393467E-001 -1.8865175298E-001 -1.1348247023E-001
   1  6084   0    0  6.0240279521E+003  2.2015393467E-001 -1.8865175298E-001 -1.1348247023E-001
   1  6085   0    0  6.0250279522E+003  2.2015393467E-001 -1.8865175298E-001 -1.1348247023E-001
   1  6086   0    0  6.0260279523E+003  2.2015393467E-001 -1.8865175298E-001 -1.1348247023E-001
   1  6087   0    0  6.0270279524E+003  2.2015393467E-001 -1.8865175298E-001 -1.1348247023E-001
   1  6088   0    0  6.0280279525E+003  2.2015393467E-001 -1.8865175298E-001 -1.1348247023E-001
   1  6089   0    0  6.0290279526E+003  2.2015393467E-001 -1.8865175298E-001 -1.1348247023E-001
   1  6090   0    0  6.0300279527E+003  2.2015393467E-001 -1.8865175298E-001 -1.1348247023E-001
   1  6091   0    0  6.0310279528E+003  2.2015393467E-001 -1.8865175298E-001 -1.1348247023E-001
   1  6092   0    0  6.0320279529E+003  2.2015393467E-001 -1.8865175298E-001 -1.1348247023E-001
   1  6093   0    0  6.0330279530E+003  2.2015393467E-001 -1.8865175298E-001 -1.1348247023E-001
   1  6094   0    0  6.0340279531E+003  2.2015393467E-001 -1.8865175298E-001 -1.1348247023E-001
   1  6095   0    0  6.0350279532E+003  2.2015393467E-001 -1.8865175298E-001 -1.1348247023E-001
   1  6096   0    0  6.0360279533E+003  2.2015393467E-001 -1.8865175298E-001 -1.1348247023E-001
   1  6097   0    0  6.0370279534E+003  2.2015393467E-001 -1.8865175298E-001 -1.1348247023E-001
   1  6098   0    0  6.0380279535E+003  2.2015393467E-001 -1.8865175298E-001 -1.1348247023E-001
   1  6099   0    0  6.0390279536E+003  2.2015393467E-001 -1.8865175298E-001 -1.1348247023E-001
   1  6100   4  306  6.0400279537E+003  2.2015393467E-001 -1.8865175298E-001 -1.1348247023E-001
   1  6101   0    0  6.0410279538E+003  2.2015393467E-001 -1.8865175298E-001 -1.1348247023E-001
   1  6102   0    0  6.0420279539E+003  2.2015393467E-001 -1.8865175298E-001 -1.1348247023E-001
   1  6103   0    0  6.0430279540E+003  2.2015393467E-001 -1.8865175298E-001 -1.1348247023E-001
   1  6104   0    0  6.0440279541E+003  2.2015393467E-001 -1.8865175298E-001 -1.1348247023E-001
   1  6105   0    0  6.0450279542E+003  2.2015393467E-001 -1.8865175298E-001 -1.1348247023E-001
   1  6106   0    0  6.0460279543E+003  2.2015393467E-001 -1.8865175298E-001 -1.1348247023E-001
   1  6107   0    0  6.0470279544E+003  2.2015393467E-001 -1.8865175298E-001 -1.1348247023E-001
   1  6108   0    0  6.0480279545E+003  2.2015393467E-001 -1.8865175298E-001 -1.1348247023E-001
   1  6109   0    0  6.0490279546E+003  2.2015393467E-001 -1.8865175298E-001 -1.1348247023E-001
   1  6110   0    0  6.0500279547E+003  2.2015393467E-001 -1.8865175298E-001 -1.1348247023E-001
   1  6111   0    0  6.0510279548E+003  2.2015393467E-001 -1.8865175298E-001 -1.1348247023E-001
   1  6112   0    0  6.0520279549E+003  2.2015393467E-001 -1.8865175298E-001 -1.1348247023E-001
   1  6113   0    0  6.0530279550E+003  2.2015393467E-001 -1.8865175298E-001 -1.1348247023E-001
   1  6114   0    0  6.0540279551E+003  2.2015393467E-001 -1.8865175298E-001 -1.1348247023E-001
   1  6115   0    0  6.0550279552E+003  2.2015393467E-001 -1.8865175298E-001 -1.1348247023E-001
   1  6116   0    0  6.0560279553E+003  2.2015393467E-001 -1.8865175298E-001 -1.1348247023E-001
   1  6117   0    0  6.0570279554E+003  2.2015393467E-001 -1.8865175298E-001 -1.1348247023E-001
   1  6118   0    0  6.0580279555E+003  2.2015393467E-001 -1.8865175298E-001 -1.1348247023E-001
   1  6119   0    0  6.0590279556E+003  2.2015393467E-001 -1.8865175298E-001 -1.1348247023E-001
   1  6120   4  307  6.0600279557E+003  2.2015393467E-001 -1.8865175298E-001 -1.1348247023E-001
   1  6121   0    0  6.0610279558E+003  2.2015393467E-001 -1.8865175298E-001 -1.1348247023E-001
   1  6122   0    0  6.0620279559E+003  2.2015393467E-001 -1.8865175298E-001 -1.1348247023E-001
   1  6123   0    0  6.0630279560E+003  2.2015393467E-001 -1.8865175298E-001 -1.1348247023E-001
   1  6124   0    0  6.0640279561E+003  2.2015393467E-001 -1.8865175298E-001 -1.1348247023E-001
   1  6125   0    0  6.0650279562E+003  2.2015393467E-001 -1.8865175298E-001 -1.1348247023E-001
   1  6126   0    0  6.0660279563E+003  2.2015393467E-001 -1.8865175298E-001 -1.1348247023E-001
   1  6127   0    0  6.0670279564E+003  2.2015393467E-001 -1.8865175298E-001 -1.1348247023E-001
   1  6128   0    0  6.0680279565E+003  2.2015393467E-001 -1.8865175298E-001 -1.1348247023E-001
   1  6129   0    0  6.0690279566E+003  2.2015393467E-001 -1.8865175298E-001 -1.1348247023E-001
   1  6130   0    0  6.0700279567E+003  2.2015393467E-001 -1.8865175298E-001 -1.1348247023E-001
   1  6131   0    0  6.0710279568E+003  2.2015393467E-001 -1.8865175298E-001 -1.1348247023E-001
   1  6132   0    0  6.0720279569E+003  2.2015393467E-001 -1.8865175298E-001 -1.1348247023E-001
   1  6133   0    0  6.0730279570E+003  2.2015393467E-001 -1.8865175298E-001 -1.1348247023E-001
   1  6134   0    0  6.0740279571E+003  2.2015393467E-001 -1.8865175298E-001 -1.1348247023E-001
   1  6135   0    0  6.0750279572E+003  2.2015393467E-001 -1.8865175298E-001 -1.1348247023E-001
   1  6136   0    0  6.0760279573E+003  2.2015393467E-001 -1.8865175298E-001 -1.1348247023E-001
   1  6137   0    0  6.0770279574E+003  2.2015393467E-001 -1.8865175298E-001 -1.1348247023E-001
   1  6138   0    0  6.0780279575E+003  2.2015393467E-001 -1.8865175298E-001 -1.1348247023E-001
   1  6139   0    0  6.0790279576E+003  2.2015393467E-001 -1.8865175298E-001 -1.1348247023E-001
   1  6140   4  308  6.0800279577E+003  2.2015393467E-001 -1.8865175298E-001 -1.1348247023E-001
   1  6141   0    0  6.0810279578E+003  2.2015393467E-001 -1.8865175298E-001 -1.1348247023E-001
   1  6142   0    0  6.0820279579E+003  2.2015393467E-001 -1.8865175298E-001 -1.1348247023E-001
   1  6143   0    0  6.0830279580E+003  2.2015393467E-001 -1.8865175298E-001 -1.1348247023E-001
   1  6144   0    0  6.0840279581E+003  2.2015393467E-001 -1.8865175298E-001 -1.1348247023E-001
   1  6145   0    0  6.0850279582E+003  2.2015393467E-001 -1.8865175298E-001 -1.1348247023E-001
   1  6146   0    0  6.0860279583E+003  2.2015393467E-001 -1.8865175298E-001 -1.1348247023E-001
   1  6147   0    0  6.0870279584E+003  2.2015393467E-001 -1.8865175298E-001 -1.1348247023E-001
   1  6148   0    0  6.0880279585E+003  2.2015393467E-001 -1.8865175298E-001 -1.1348247023E-001
   1  6149   0    0  6.0890279586E+003  2.2015393467E-001 -1.8865175298E-001 -1.1348247023E-001
   1  6150   0    0  6.0900279587E+003  2.2015393467E-001 -1.8865175298E-001 -1.1348247023E-001
   1  6151   0    0  6.0910279588E+003  2.2015393467E-001 -1.8865175298E-001 -1.1348247023E-001
   1  6152   0    0  6.0920279589E+003  2.2015393467E-001 -1.8865175298E-001 -1.1348247023E-001
   1  6153   0    0  6.0930279590E+003  2.2015393467E-001 -1.8865175298E-001 -1.1348247023E-001
   1  6154   0    0  6.0940279591E+003  2.2015393467E-001 -1.8865175298E-001 -1.1348247023E-001
   1  6155   0    0  6.0950279592E+003  2.2015393467E-001 -1.8865175298E-001 -1.1348247023E-001
   1  6156   0    0  6.0960279593E+003  2.2015393467E-001 -1.8865175298E-001 -1.1348247023E-001
   1  6157   0    0  6.0970279594E+003  2.2015393467E-001 -1.8865175298E-001 -1.1348247023E-001
   1  6158   0    0  6.0980279595E+003  2.2015393467E-001 -1.8865175298E-001 -1.1348247023E-001
   1  6159   0    0  6.0990279596E+003  2.2015393467E-001 -1.8865175298E-001 -1.1348247023E-001
   1  6160   4  309  6.1000279597E+003  2.2015393467E-001 -1.8865175298E-001 -1.1348247023E-001
   1  6161   0    0  6.1010279598E+003  2.2015393467E-001 -1.8865175298E-001 -1.1348247023E-001
   1  6162   0    0  6.1020279599E+003  2.2015393467E-001 -1.8865175298E-001 -1.1348247023E-001
   1  6163   0    0  6.1030279600E+003  2.2015393467E-001 -1.8865175298E-001 -1.1348247023E-001
   1  6164   0    0  6.1040279601E+003  2.2015393467E-001 -1.8865175298E-001 -1.1348247023E-001
   1  6165   0    0  6.1050279602E+003  2.2015393467E-001 -1.8865175298E-001 -1.1348247023E-001
   1  6166   0    0  6.1060279603E+003  2.2015393467E-001 -1.8865175298E-001 -1.1348247023E-001
   1  6167   0    0  6.1070279604E+003  2.2015393467E-001 -1.8865175298E-001 -1.1348247023E-001
   1  6168   0    0  6.1080279605E+003  2.2015393467E-001 -1.8865175298E-001 -1.1348247023E-001
   1  6169   0    0  6.1090279606E+003  2.2015393467E-001 -1.8865175298E-001 -1.1348247023E-001
   1  6170   0    0  6.1100279607E+003  2.2015393467E-001 -1.8865175298E-001 -1.1348247023E-001
   1  6171   0    0  6.1110279608E+003  2.2015393467E-001 -1.8865175298E-001 -1.1348247023E-001
   1  6172   0    0  6.1120279609E+003  2.2015393467E-001 -1.8865175298E-001 -1.1348247023E-001
   1  6173   0    0  6.1130279610E+003  2.2015393467E-001 -1.8865175298E-001 -1.1348247023E-001
   1  6174   0    0  6.1140279611E+003  2.2015393467E-001 -1.8865175298E-001 -1.1348247023E-001
   1  6175   0    0  6.1150279612E+003  2.2015393467E-001 -1.8865175298E-001 -1.1348247023E-001
   1  6176   0    0  6.1160279613E+003  2.2015393467E-001 -1.8865175298E-001 -1.1348247023E-001
   1  6177   0    0  6.1170279614E+003  2.2015393467E-001 -1.8865175298E-001 -1.1348247023E-001
   1  6178   0    0  6.1180279615E+003  2.2015393467E-001 -1.8865175298E-001 -1.1348247023E-001
   1  6179   0    0  6.1190279616E+003  2.2015393467E-001 -1.8865175298E-001 -1.1348247023E-001
   1  6180   4  310  6.1200279617E+003  2.2015393467E-001 -1.8865175298E-001 -1.1348247023E-001
   1  6181   0    0  6.1210279618E+003  2.2015393467E-001 -1.8865175298E-001 -1.1348247023E-001
   1  6182   0    0  6.1220279619E+003  2.2015393467E-001 -1.8865175298E-001 -1.1348247023E-001
   1  6183   0    0  6.1230279620E+003  2.2015393467E-001 -1.8865175298E-001 -1.1348247023E-001
   1  6184   0    0  6.1240279621E+003  2.2015393467E-001 -1.8865175298E-001 -1.1348247023E-001
   1  6185   0    0  6.1250279622E+003  2.2015393467E-001 -1.8865175298E-001 -1.1348247023E-001
   1  6186   0    0  6.1260279623E+003  2.2015393467E-001 -1.8865175298E-001 -1.1348247023E-001
   1  6187   0    0  6.1270279624E+003  2.2015393467E-001 -1.8865175298E-001 -1.1348247023E-001
   1  6188   0    0  6.1280279625E+003  2.2015393467E-001 -1.8865175298E-001 -1.1348247023E-001
   1  6189   0    0  6.1290279626E+003  2.2015393467E-001 -1.8865175298E-001 -1.1348247023E-001
   1  6190   0    0  6.1300279627E+003  2.2015393467E-001 -1.8865175298E-001 -1.1348247023E-001
   1  6191   0    0  6.1310279628E+003  2.2015393467E-001 -1.8865175298E-001 -1.1348247023E-001
   1  6192   0    0  6.1320279629E+003  2.2015393467E-001 -1.8865175298E-001 -1.1348247023E-001
   1  6193   0    0  6.1330279630E+003  2.2015393467E-001 -1.8865175298E-001 -1.1348247023E-001
   1  6194   0    0  6.1340279631E+003  2.2015393467E-001 -1.8865175298E-001 -1.1348247023E-001
   1  6195   0    0  6.1350279632E+003  2.2015393467E-001 -1.8865175298E-001 -1.1348247023E-001
   1  6196   0    0  6.1360279633E+003  2.2015393467E-001 -1.8865175298E-001 -1.1348247023E-001
   1  6197   0    0  6.1370279634E+003  2.2015393467E-001 -1.8865175298E-001 -1.1348247023E-001
   1  6198   0    0  6.1380279635E+003  2.2015393467E-001 -1.8865175298E-001 -1.1348247023E-001
   1  6199   0    0  6.1390279636E+003  2.2015393467E-001 -1.8865175298E-001 -1.1348247023E-001
   1  6200   4  311  6.1400279637E+003  2.2015393467E-001 -1.8865175298E-001 -1.1348247023E-001
   1  6201   0    0  6.1410279638E+003  2.2015393467E-001 -1.8865175298E-001 -1.1348247023E-001
   1  6202   0    0  6.1420279639E+003  2.2015393467E-001 -1.8865175298E-001 -1.1348247023E-001
   1  6203   0    0  6.1430279640E+003  2.2015393467E-001 -1.8865175298E-001 -1.1348247023E-001
   1  6204   0    0  6.1440279641E+003  2.2015393467E-001 -1.8865175298E-001 -1.1348247023E-001
   1  6205   0    0  6.1450279642E+003  2.2015393467E-001 -1.8865175298E-001 -1.1348247023E-001
   1  6206   0    0  6.1460279643E+003  2.2015393467E-001 -1.8865175298E-001 -1.1348247023E-001
   1  6207   0    0  6.1470279644E+003  2.2015393467E-001 -1.8865175298E-001 -1.1348247023E-001
   1  6208   0    0  6.1480279645E+003  2.2015393467E-001 -1.8865175298E-001 -1.1348247023E-001
   1  6209   0    0  6.1490279646E+003  2.2015393467E-001 -1.8865175298E-001 -1.1348247023E-001
   1  6210   0    0  6.1500279647E+003  2.2015393467E-001 -1.8865175298E-001 -1.1348247023E-001
   1  6211   0    0  6.1510279648E+003  2.2015393467E-001 -1.8865175298E-001 -1.1348247023E-001
   1  6212   0    0  6.1520279649E+003  2.2015393467E-001 -1.8865175298E-001 -1.1348247023E-001
   1  6213   0    0  6.1530279650E+003  2.2015393467E-001 -1.8865175298E-001 -1.1348247023E-001
   1  6214   0    0  6.1540279651E+003  2.2015393467E-001 -1.8865175298E-001 -1.1348247023E-001
   1  6215   0    0  6.1550279652E+003  2.2015393467E-001 -1.8865175298E-001 -1.1348247023E-001
   1  6216   0    0  6.1560279653E+003  2.2015393467E-001 -1.8865175298E-001 -1.1348247023E-001
   1  6217   0    0  6.1570279654E+003  2.2015393467E-001 -1.8865175298E-001 -1.1348247023E-001
   1  6218   0    0  6.1580279655E+003  2.2015393467E-001 -1.8865175298E-001 -1.1348247023E-001
   1  6219   0    0  6.1590279656E+003  2.2015393467E-001 -1.8865175298E-001 -1.1348247023E-001
   1  6220   4  312  6.1600279657E+003  2.2015393467E-001 -1.8865175298E-001 -1.1348247023E-001
   1  6221   0    0  6.1610279658E+003  2.2015393467E-001 -1.8865175298E-001 -1.1348247023E-001
   1  6222   0    0  6.1620279659E+003  2.2015393467E-001 -1.8865175298E-001 -1.1348247023E-001
   1  6223   0    0  6.1630279660E+003  2.2015393467E-001 -1.8865175298E-001 -1.1348247023E-001
   1  6224   0    0  6.1640279661E+003  2.2015393467E-001 -1.8865175298E-001 -1.1348247023E-001
   1  6225   0    0  6.1650279662E+003  2.2015393467E-001 -1.8865175298E-001 -1.1348247023E-001
   1  6226   0    0  6.1660279663E+003  2.2015393467E-001 -1.8865175298E-001 -1.1348247023E-001
   1  6227   0    0  6.1670279664E+003  2.2015393467E-001 -1.8865175298E-001 -1.1348247023E-001
   1  6228   0    0  6.1680279665E+003  2.2015393467E-001 -1.8865175298E-001 -1.1348247023E-001
   1  6229   0    0  6.1690279666E+003  2.2015393467E-001 -1.8865175298E-001 -1.1348247023E-001
   1  6230   0    0  6.1700279667E+003  2.2015393467E-001 -1.8865175298E-001 -1.1348247023E-001
   1  6231   0    0  6.1710279668E+003  2.2015393467E-001 -1.8865175298E-001 -1.1348247023E-001
   1  6232   0    0  6.1720279669E+003  2.2015393467E-001 -1.8865175298E-001 -1.1348247023E-001
   1  6233   0    0  6.1730279670E+003  2.2015393467E-001 -1.8865175298E-001 -1.1348247023E-001
   1  6234   0    0  6.1740279671E+003  2.2015393467E-001 -1.8865175298E-001 -1.1348247023E-001
   1  6235   0    0  6.1750279672E+003  2.2015393467E-001 -1.8865175298E-001 -1.1348247023E-001
   1  6236   0    0  6.1760279673E+003  2.2015393467E-001 -1.8865175298E-001 -1.1348247023E-001
   1  6237   0    0  6.1770279674E+003  2.2015393467E-001 -1.8865175298E-001 -1.1348247023E-001
   1  6238   0    0  6.1780279675E+003  2.2015393467E-001 -1.8865175298E-001 -1.1348247023E-001
   1  6239   0    0  6.1790279676E+003  2.2015393467E-001 -1.8865175298E-001 -1.1348247023E-001
   1  6240   4  313  6.1800279677E+003  2.2015393467E-001 -1.8865175298E-001 -1.1348247023E-001
   1  6241   0    0  6.1810279678E+003  2.2015393467E-001 -1.8865175298E-001 -1.1348247023E-001
   1  6242   0    0  6.1820279679E+003  2.2015393467E-001 -1.8865175298E-001 -1.1348247023E-001
   1  6243   0    0  6.1830279680E+003  2.2015393467E-001 -1.8865175298E-001 -1.1348247023E-001
   1  6244   0    0  6.1840279681E+003  2.2015393467E-001 -1.8865175298E-001 -1.1348247023E-001
   1  6245   0    0  6.1850279682E+003  2.2015393467E-001 -1.8865175298E-001 -1.1348247023E-001
   1  6246   0    0  6.1860279683E+003  2.2015393467E-001 -1.8865175298E-001 -1.1348247023E-001
   1  6247   0    0  6.1870279684E+003  2.2015393467E-001 -1.8865175298E-001 -1.1348247023E-001
   1  6248   0    0  6.1880279685E+003  2.2015393467E-001 -1.8865175298E-001 -1.1348247023E-001
   1  6249   0    0  6.1890279686E+003  2.2015393467E-001 -1.8865175298E-001 -1.1348247023E-001
   1  6250   0    0  6.1900279687E+003  2.2015393467E-001 -1.8865175298E-001 -1.1348247023E-001
   1  6251   0    0  6.1910279688E+003  2.2015393467E-001 -1.8865175298E-001 -1.1348247023E-001
   1  6252   0    0  6.1920279689E+003  2.2015393467E-001 -1.8865175298E-001 -1.1348247023E-001
   1  6253   0    0  6.1930279690E+003  2.2015393467E-001 -1.8865175298E-001 -1.1348247023E-001
   1  6254   0    0  6.1940279691E+003  2.2015393467E-001 -1.8865175298E-001 -1.1348247023E-001
   1  6255   0    0  6.1950279692E+003  2.2015393467E-001 -1.8865175298E-001 -1.1348247023E-001
   1  6256   0    0  6.1960279693E+003  2.2015393467E-001 -1.8865175298E-001 -1.1348247023E-001
   1  6257   0    0  6.1970279694E+003  2.2015393467E-001 -1.8865175298E-001 -1.1348247023E-001
   1  6258   0    0  6.1980279695E+003  2.2015393467E-001 -1.8865175298E-001 -1.1348247023E-001
   1  6259   0    0  6.1990279696E+003  2.2015393467E-001 -1.8865175298E-001 -1.1348247023E-001
   1  6260   4  314  6.2000279697E+003  2.2015393467E-001 -1.8865175298E-001 -1.1348247023E-001
   1  6261   0    0  6.2010279698E+003  2.2015393467E-001 -1.8865175298E-001 -1.1348247023E-001
   1  6262   0    0  6.2020279699E+003  2.2015393467E-001 -1.8865175298E-001 -1.1348247023E-001
   1  6263   0    0  6.2030279700E+003  2.2015393467E-001 -1.8865175298E-001 -1.1348247023E-001
   1  6264   0    0  6.2040279701E+003  2.2015393467E-001 -1.8865175298E-001 -1.1348247023E-001
   1  6265   0    0  6.2050279702E+003  2.2015393467E-001 -1.8865175298E-001 -1.1348247023E-001
   1  6266   0    0  6.2060279703E+003  2.2015393467E-001 -1.8865175298E-001 -1.1348247023E-001
   1  6267   0    0  6.2070279704E+003  2.2015393467E-001 -1.8865175298E-001 -1.1348247023E-001
   1  6268   0    0  6.2080279705E+003  2.2015393467E-001 -1.8865175298E-001 -1.1348247023E-001
   1  6269   0    0  6.2090279706E+003  2.2015393467E-001 -1.8865175298E-001 -1.1348247023E-001
   1  6270   0    0  6.2100279707E+003  2.2015393467E-001 -1.8865175298E-001 -1.1348247023E-001
   1  6271   0    0  6.2110279708E+003  2.2015393467E-001 -1.8865175298E-001 -1.1348247023E-001
   1  6272   0    0  6.2120279709E+003  2.2015393467E-001 -1.8865175298E-001 -1.1348247023E-001
   1  6273   0    0  6.2130279710E+003  2.2015393467E-001 -1.8865175298E-001 -1.1348247023E-001
   1  6274   0    0  6.2140279711E+003  2.2015393467E-001 -1.8865175298E-001 -1.1348247023E-001
   1  6275   0    0  6.2150279712E+003  2.2015393467E-001 -1.8865175298E-001 -1.1348247023E-001
   1  6276   0    0  6.2160279713E+003  2.2015393467E-001 -1.8865175298E-001 -1.1348247023E-001
   1  6277   0    0  6.2170279714E+003  2.2015393467E-001 -1.8865175298E-001 -1.1348247023E-001
   1  6278   0    0  6.2180279715E+003  2.2015393467E-001 -1.8865175298E-001 -1.1348247023E-001
   1  6279   0    0  6.2190279716E+003  2.2015393467E-001 -1.8865175298E-001 -1.1348247023E-001
   1  6280   4  315  6.2200279717E+003  2.2015393467E-001 -1.8865175298E-001 -1.1348247023E-001
   1  6281   0    0  6.2210279718E+003  2.2015393467E-001 -1.8865175298E-001 -1.1348247023E-001
   1  6282   0    0  6.2220279719E+003  2.2015393467E-001 -1.8865175298E-001 -1.1348247023E-001
   1  6283   0    0  6.2230279720E+003  2.2015393467E-001 -1.8865175298E-001 -1.1348247023E-001
   1  6284   0    0  6.2240279721E+003  2.2015393467E-001 -1.8865175298E-001 -1.1348247023E-001
   1  6285   0    0  6.2250279722E+003  2.2015393467E-001 -1.8865175298E-001 -1.1348247023E-001
   1  6286   0    0  6.2260279723E+003  2.2015393467E-001 -1.8865175298E-001 -1.1348247023E-001
   1  6287   0    0  6.2270279724E+003  2.2015393467E-001 -1.8865175298E-001 -1.1348247023E-001
   1  6288   0    0  6.2280279725E+003  2.2015393467E-001 -1.8865175298E-001 -1.1348247023E-001
   1  6289   0    0  6.2290279726E+003  2.2015393467E-001 -1.8865175298E-001 -1.1348247023E-001
   1  6290   0    0  6.2300279727E+003  2.2015393467E-001 -1.8865175298E-001 -1.1348247023E-001
   1  6291   0    0  6.2310279728E+003  2.2015393467E-001 -1.8865175298E-001 -1.1348247023E-001
   1  6292   0    0  6.2320279729E+003  2.2015393467E-001 -1.8865175298E-001 -1.1348247023E-001
   1  6293   0    0  6.2330279730E+003  2.2015393467E-001 -1.8865175298E-001 -1.1348247023E-001
   1  6294   0    0  6.2340279731E+003  2.2015393467E-001 -1.8865175298E-001 -1.1348247023E-001
   1  6295   0    0  6.2350279732E+003  2.2015393467E-001 -1.8865175298E-001 -1.1348247023E-001
   1  6296   0    0  6.2360279733E+003  2.2015393467E-001 -1.8865175298E-001 -1.1348247023E-001
   1  6297   0    0  6.2370279734E+003  2.2015393467E-001 -1.8865175298E-001 -1.1348247023E-001
   1  6298   0    0  6.2380279735E+003  2.2015393467E-001 -1.8865175298E-001 -1.1348247023E-001
   1  6299   0    0  6.2390279736E+003  2.2015393467E-001 -1.8865175298E-001 -1.1348247023E-001
   1  6300   4  316  6.2400279737E+003  2.2015393467E-001 -1.8865175298E-001 -1.1348247023E-001
   1  6301   0    0  6.2410279738E+003  2.2015393467E-001 -1.8865175298E-001 -1.1348247023E-001
   1  6302   0    0  6.2420279739E+003  2.2015393467E-001 -1.8865175298E-001 -1.1348247023E-001
   1  6303   0    0  6.2430279740E+003  2.2015393467E-001 -1.8865175298E-001 -1.1348247023E-001
   1  6304   0    0  6.2440279741E+003  2.2015393467E-001 -1.8865175298E-001 -1.1348247023E-001
   1  6305   0    0  6.2450279742E+003  2.2015393467E-001 -1.8865175298E-001 -1.1348247023E-001
   1  6306   0    0  6.2460279743E+003  2.2015393467E-001 -1.8865175298E-001 -1.1348247023E-001
   1  6307   0    0  6.2470279744E+003  2.2015393467E-001 -1.8865175298E-001 -1.1348247023E-001
   1  6308   0    0  6.2480279745E+003  2.2015393467E-001 -1.8865175298E-001 -1.1348247023E-001
   1  6309   0    0  6.2490279746E+003  2.2015393467E-001 -1.8865175298E-001 -1.1348247023E-001
   1  6310   0    0  6.2500279747E+003  2.2015393467E-001 -1.8865175298E-001 -1.1348247023E-001
   1  6311   0    0  6.2510279748E+003  2.2015393467E-001 -1.8865175298E-001 -1.1348247023E-001
   1  6312   0    0  6.2520279749E+003  2.2015393467E-001 -1.8865175298E-001 -1.1348247023E-001
   1  6313   0    0  6.2530279750E+003  2.2015393467E-001 -1.8865175298E-001 -1.1348247023E-001
   1  6314   0    0  6.2540279751E+003  2.2015393467E-001 -1.8865175298E-001 -1.1348247023E-001
   1  6315   0    0  6.2550279752E+003  2.2015393467E-001 -1.8865175298E-001 -1.1348247023E-001
   1  6316   0    0  6.2560279753E+003  2.2015393467E-001 -1.8865175298E-001 -1.1348247023E-001
   1  6317   0    0  6.2570279754E+003  2.2015393467E-001 -1.8865175298E-001 -1.1348247023E-001
   1  6318   0    0  6.2580279755E+003  2.2015393467E-001 -1.8865175298E-001 -1.1348247023E-001
   1  6319   0    0  6.2590279756E+003  2.2015393467E-001 -1.8865175298E-001 -1.1348247023E-001
   1  6320   4  317  6.2600279757E+003  2.2015393467E-001 -1.8865175298E-001 -1.1348247023E-001
   1  6321   0    0  6.2610279758E+003  2.2015393467E-001 -1.8865175298E-001 -1.1348247023E-001
   1  6322   0    0  6.2620279759E+003  2.2015393467E-001 -1.8865175298E-001 -1.1348247023E-001
   1  6323   0    0  6.2630279760E+003  2.2015393467E-001 -1.8865175298E-001 -1.1348247023E-001
   1  6324   0    0  6.2640279761E+003  2.2015393467E-001 -1.8865175298E-001 -1.1348247023E-001
   1  6325   0    0  6.2650279762E+003  2.2015393467E-001 -1.8865175298E-001 -1.1348247023E-001
   1  6326   0    0  6.2660279763E+003  2.2015393467E-001 -1.8865175298E-001 -1.1348247023E-001
   1  6327   0    0  6.2670279764E+003  2.2015393467E-001 -1.8865175298E-001 -1.1348247023E-001
   1  6328   0    0  6.2680279765E+003  2.2015393467E-001 -1.8865175298E-001 -1.1348247023E-001
   1  6329   0    0  6.2690279766E+003  2.2015393467E-001 -1.8865175298E-001 -1.1348247023E-001
   1  6330   0    0  6.2700279767E+003  2.2015393467E-001 -1.8865175298E-001 -1.1348247023E-001
   1  6331   0    0  6.2710279768E+003  2.2015393467E-001 -1.8865175298E-001 -1.1348247023E-001
   1  6332   0    0  6.2720279769E+003  2.2015393467E-001 -1.8865175298E-001 -1.1348247023E-001
   1  6333   0    0  6.2730279770E+003  2.2015393467E-001 -1.8865175298E-001 -1.1348247023E-001
   1  6334   0    0  6.2740279771E+003  2.2015393467E-001 -1.8865175298E-001 -1.1348247023E-001
   1  6335   0    0  6.2750279772E+003  2.2015393467E-001 -1.8865175298E-001 -1.1348247023E-001
   1  6336   0    0  6.2760279773E+003  2.2015393467E-001 -1.8865175298E-001 -1.1348247023E-001
   1  6337   0    0  6.2770279774E+003  2.2015393467E-001 -1.8865175298E-001 -1.1348247023E-001
   1  6338   0    0  6.2780279775E+003  2.2015393467E-001 -1.8865175298E-001 -1.1348247023E-001
   1  6339   0    0  6.2790279776E+003  2.2015393467E-001 -1.8865175298E-001 -1.1348247023E-001
   1  6340   4  318  6.2800279777E+003  2.2015393467E-001 -1.8865175298E-001 -1.1348247023E-001
   1  6341   0    0  6.2810279778E+003  2.2015393467E-001 -1.8865175298E-001 -1.1348247023E-001
   1  6342   0    0  6.2820279779E+003  2.2015393467E-001 -1.8865175298E-001 -1.1348247023E-001
   1  6343   0    0  6.2830279780E+003  2.2015393467E-001 -1.8865175298E-001 -1.1348247023E-001
   1  6344   0    0  6.2840279781E+003  2.2015393467E-001 -1.8865175298E-001 -1.1348247023E-001
   1  6345   0    0  6.2850279782E+003  2.2015393467E-001 -1.8865175298E-001 -1.1348247023E-001
   1  6346   0    0  6.2860279783E+003  2.2015393467E-001 -1.8865175298E-001 -1.1348247023E-001
   1  6347   0    0  6.2870279784E+003  2.2015393467E-001 -1.8865175298E-001 -1.1348247023E-001
   1  6348   0    0  6.2880279785E+003  2.2015393467E-001 -1.8865175298E-001 -1.1348247023E-001
   1  6349   0    0  6.2890279786E+003  2.2015393467E-001 -1.8865175298E-001 -1.1348247023E-001
   1  6350   0    0  6.2900279787E+003  2.2015393467E-001 -1.8865175298E-001 -1.1348247023E-001
   1  6351   0    0  6.2910279788E+003  2.2015393467E-001 -1.8865175298E-001 -1.1348247023E-001
   1  6352   0    0  6.2920279789E+003  2.2015393467E-001 -1.8865175298E-001 -1.1348247023E-001
   1  6353   0    0  6.2930279790E+003  2.2015393467E-001 -1.8865175298E-001 -1.1348247023E-001
   1  6354   0    0  6.2940279791E+003  2.2015393467E-001 -1.8865175298E-001 -1.1348247023E-001
   1  6355   0    0  6.2950279792E+003  2.2015393467E-001 -1.8865175298E-001 -1.1348247023E-001
   1  6356   0    0  6.2960279793E+003  2.2015393467E-001 -1.8865175298E-001 -1.1348247023E-001
   1  6357   0    0  6.2970279794E+003  2.2015393467E-001 -1.8865175298E-001 -1.1348247023E-001
   1  6358   0    0  6.2980279795E+003  2.2015393467E-001 -1.8865175298E-001 -1.1348247023E-001
   1  6359   0    0  6.2990279796E+003  2.2015393467E-001 -1.8865175298E-001 -1.1348247023E-001
   1  6360   4  319  6.3000279797E+003  2.2015393467E-001 -1.8865175298E-001 -1.1348247023E-001
   1  6361   0    0  6.3010279798E+003  2.2015393467E-001 -1.8865175298E-001 -1.1348247023E-001
   1  6362   0    0  6.3020279799E+003  2.2015393467E-001 -1.8865175298E-001 -1.1348247023E-001
   1  6363   0    0  6.3030279800E+003  2.2015393467E-001 -1.8865175298E-001 -1.1348247023E-001
   1  6364   0    0  6.3040279801E+003  2.2015393467E-001 -1.8865175298E-001 -1.1348247023E-001
   1  6365   0    0  6.3050279802E+003  2.2015393467E-001 -1.8865175298E-001 -1.1348247023E-001
   1  6366   0    0  6.3060279803E+003  2.2015393467E-001 -1.8865175298E-001 -1.1348247023E-001
   1  6367   0    0  6.3070279804E+003  2.2015393467E-001 -1.8865175298E-001 -1.1348247023E-001
   1  6368   0    0  6.3080279805E+003  2.2015393467E-001 -1.8865175298E-001 -1.1348247023E-001
   1  6369   0    0  6.3090279806E+003  2.2015393467E-001 -1.8865175298E-001 -1.1348247023E-001
   1  6370   0    0  6.3100279807E+003  2.2015393467E-001 -1.8865175298E-001 -1.1348247023E-001
   1  6371   0    0  6.3110279808E+003  2.2015393467E-001 -1.8865175298E-001 -1.1348247023E-001
   1  6372   0    0  6.3120279809E+003  2.2015393467E-001 -1.8865175298E-001 -1.1348247023E-001
   1  6373   0    0  6.3130279810E+003  2.2015393467E-001 -1.8865175298E-001 -1.1348247023E-001
   1  6374   0    0  6.3140279811E+003  2.2015393467E-001 -1.8865175298E-001 -1.1348247023E-001
   1  6375   0    0  6.3150279812E+003  2.2015393467E-001 -1.8865175298E-001 -1.1348247023E-001
   1  6376   0    0  6.3160279813E+003  2.2015393467E-001 -1.8865175298E-001 -1.1348247023E-001
   1  6377   0    0  6.3170279814E+003  2.2015393467E-001 -1.8865175298E-001 -1.1348247023E-001
   1  6378   0    0  6.3180279815E+003  2.2015393467E-001 -1.8865175298E-001 -1.1348247023E-001
   1  6379   0    0  6.3190279816E+003  2.2015393467E-001 -1.8865175298E-001 -1.1348247023E-001
   1  6380   4  320  6.3200279817E+003  2.2015393467E-001 -1.8865175298E-001 -1.1348247023E-001
   1  6381   0    0  6.3210279818E+003  2.2015393467E-001 -1.8865175298E-001 -1.1348247023E-001
   1  6382   0    0  6.3220279819E+003  2.2015393467E-001 -1.8865175298E-001 -1.1348247023E-001
   1  6383   0    0  6.3230279820E+003  2.2015393467E-001 -1.8865175298E-001 -1.1348247023E-001
   1  6384   0    0  6.3240279821E+003  2.2015393467E-001 -1.8865175298E-001 -1.1348247023E-001
   1  6385   0    0  6.3250279822E+003  2.2015393467E-001 -1.8865175298E-001 -1.1348247023E-001
   1  6386   0    0  6.3260279823E+003  2.2015393467E-001 -1.8865175298E-001 -1.1348247023E-001
   1  6387   0    0  6.3270279824E+003  2.2015393467E-001 -1.8865175298E-001 -1.1348247023E-001
   1  6388   0    0  6.3280279825E+003  2.2015393467E-001 -1.8865175298E-001 -1.1348247023E-001
   1  6389   0    0  6.3290279826E+003  2.2015393467E-001 -1.8865175298E-001 -1.1348247023E-001
   1  6390   0    0  6.3300279827E+003  2.2015393467E-001 -1.8865175298E-001 -1.1348247023E-001
   1  6391   0    0  6.3310279828E+003  2.2015393467E-001 -1.8865175298E-001 -1.1348247023E-001
   1  6392   0    0  6.3320279829E+003  2.2015393467E-001 -1.8865175298E-001 -1.1348247023E-001
   1  6393   0    0  6.3330279830E+003  2.2015393467E-001 -1.8865175298E-001 -1.1348247023E-001
   1  6394   0    0  6.3340279831E+003  2.2015393467E-001 -1.8865175298E-001 -1.1348247023E-001
   1  6395   0    0  6.3350279832E+003  2.2015393467E-001 -1.8865175298E-001 -1.1348247023E-001
   1  6396   0    0  6.3360279833E+003  2.2015393467E-001 -1.8865175298E-001 -1.1348247023E-001
   1  6397   0    0  6.3370279834E+003  2.2015393467E-001 -1.8865175298E-001 -1.1348247023E-001
   1  6398   0    0  6.3380279835E+003  2.2015393467E-001 -1.8865175298E-001 -1.1348247023E-001
   1  6399   0    0  6.3390279836E+003  2.2015393467E-001 -1.8865175298E-001 -1.1348247023E-001
   1  6400   4  321  6.3400279837E+003  2.2015393467E-001 -1.8865175298E-001 -1.1348247023E-001
   1  6401   0    0  6.3410279838E+003  2.2015393467E-001 -1.8865175298E-001 -1.1348247023E-001
   1  6402   0    0  6.3420279839E+003  2.2015393467E-001 -1.8865175298E-001 -1.1348247023E-001
   1  6403   0    0  6.3430279840E+003  2.2015393467E-001 -1.8865175298E-001 -1.1348247023E-001
   1  6404   0    0  6.3440279841E+003  2.2015393467E-001 -1.8865175298E-001 -1.1348247023E-001
   1  6405   0    0  6.3450279842E+003  2.2015393467E-001 -1.8865175298E-001 -1.1348247023E-001
   1  6406   0    0  6.3460279843E+003  2.2015393467E-001 -1.8865175298E-001 -1.1348247023E-001
   1  6407   0    0  6.3470279844E+003  2.2015393467E-001 -1.8865175298E-001 -1.1348247023E-001
   1  6408   0    0  6.3480279845E+003  2.2015393467E-001 -1.8865175298E-001 -1.1348247023E-001
   1  6409   0    0  6.3490279846E+003  2.2015393467E-001 -1.8865175298E-001 -1.1348247023E-001
   1  6410   0    0  6.3500279847E+003  2.2015393467E-001 -1.8865175298E-001 -1.1348247023E-001
   1  6411   0    0  6.3510279848E+003  2.2015393467E-001 -1.8865175298E-001 -1.1348247023E-001
   1  6412   0    0  6.3520279849E+003  2.2015393467E-001 -1.8865175298E-001 -1.1348247023E-001
   1  6413   0    0  6.3530279850E+003  2.2015393467E-001 -1.8865175298E-001 -1.1348247023E-001
   1  6414   0    0  6.3540279851E+003  2.2015393467E-001 -1.8865175298E-001 -1.1348247023E-001
   1  6415   0    0  6.3550279852E+003  2.2015393467E-001 -1.8865175298E-001 -1.1348247023E-001
   1  6416   0    0  6.3560279853E+003  2.2015393467E-001 -1.8865175298E-001 -1.1348247023E-001
   1  6417   0    0  6.3570279854E+003  2.2015393467E-001 -1.8865175298E-001 -1.1348247023E-001
   1  6418   0    0  6.3580279855E+003  2.2015393467E-001 -1.8865175298E-001 -1.1348247023E-001
   1  6419   0    0  6.3590279856E+003  2.2015393467E-001 -1.8865175298E-001 -1.1348247023E-001
   1  6420   4  322  6.3600279857E+003  2.2015393467E-001 -1.8865175298E-001 -1.1348247023E-001
   1  6421   0    0  6.3610279858E+003  2.2015393467E-001 -1.8865175298E-001 -1.1348247023E-001
   1  6422   0    0  6.3620279859E+003  2.2015393467E-001 -1.8865175298E-001 -1.1348247023E-001
   1  6423   0    0  6.3630279860E+003  2.2015393467E-001 -1.8865175298E-001 -1.1348247023E-001
   1  6424   0    0  6.3640279861E+003  2.2015393467E-001 -1.8865175298E-001 -1.1348247023E-001
   1  6425   0    0  6.3650279862E+003  2.2015393467E-001 -1.8865175298E-001 -1.1348247023E-001
   1  6426   0    0  6.3660279863E+003  2.2015393467E-001 -1.8865175298E-001 -1.1348247023E-001
   1  6427   0    0  6.3670279864E+003  2.2015393467E-001 -1.8865175298E-001 -1.1348247023E-001
   1  6428   0    0  6.3680279865E+003  2.2015393467E-001 -1.8865175298E-001 -1.1348247023E-001
   1  6429   0    0  6.3690279866E+003  2.2015393467E-001 -1.8865175298E-001 -1.1348247023E-001
   1  6430   0    0  6.3700279867E+003  2.2015393467E-001 -1.8865175298E-001 -1.1348247023E-001
   1  6431   0    0  6.3710279868E+003  2.2015393467E-001 -1.8865175298E-001 -1.1348247023E-001
   1  6432   0    0  6.3720279869E+003  2.2015393467E-001 -1.8865175298E-001 -1.1348247023E-001
   1  6433   0    0  6.3730279870E+003  2.2015393467E-001 -1.8865175298E-001 -1.1348247023E-001
   1  6434   0    0  6.3740279871E+003  2.2015393467E-001 -1.8865175298E-001 -1.1348247023E-001
   1  6435   0    0  6.3750279872E+003  2.2015393467E-001 -1.8865175298E-001 -1.1348247023E-001
   1  6436   0    0  6.3760279873E+003  2.2015393467E-001 -1.8865175298E-001 -1.1348247023E-001
   1  6437   0    0  6.3770279874E+003  2.2015393467E-001 -1.8865175298E-001 -1.1348247023E-001
   1  6438   0    0  6.3780279875E+003  2.2015393467E-001 -1.8865175298E-001 -1.1348247023E-001
   1  6439   0    0  6.3790279876E+003  2.2015393467E-001 -1.8865175298E-001 -1.1348247023E-001
   1  6440   4  323  6.3800279877E+003  2.2015393467E-001 -1.8865175298E-001 -1.1348247023E-001
   1  6441   0    0  6.3810279878E+003  2.2015393467E-001 -1.8865175298E-001 -1.1348247023E-001
   1  6442   0    0  6.3820279879E+003  2.2015393467E-001 -1.8865175298E-001 -1.1348247023E-001
   1  6443   0    0  6.3830279880E+003  2.2015393467E-001 -1.8865175298E-001 -1.1348247023E-001
   1  6444   0    0  6.3840279881E+003  2.2015393467E-001 -1.8865175298E-001 -1.1348247023E-001
   1  6445   0    0  6.3850279882E+003  2.2015393467E-001 -1.8865175298E-001 -1.1348247023E-001
   1  6446   0    0  6.3860279883E+003  2.2015393467E-001 -1.8865175298E-001 -1.1348247023E-001
   1  6447   0    0  6.3870279884E+003  2.2015393467E-001 -1.8865175298E-001 -1.1348247023E-001
   1  6448   0    0  6.3880279885E+003  2.2015393467E-001 -1.8865175298E-001 -1.1348247023E-001
   1  6449   0    0  6.3890279886E+003  2.2015393467E-001 -1.8865175298E-001 -1.1348247023E-001
   1  6450   0    0  6.3900279887E+003  2.2015393467E-001 -1.8865175298E-001 -1.1348247023E-001
   1  6451   0    0  6.3910279888E+003  2.2015393467E-001 -1.8865175298E-001 -1.1348247023E-001
   1  6452   0    0  6.3920279889E+003  2.2015393467E-001 -1.8865175298E-001 -1.1348247023E-001
   1  6453   0    0  6.3930279890E+003  2.2015393467E-001 -1.8865175298E-001 -1.1348247023E-001
   1  6454   0    0  6.3940279891E+003  2.2015393467E-001 -1.8865175298E-001 -1.1348247023E-001
   1  6455   0    0  6.3950279892E+003  2.2015393467E-001 -1.8865175298E-001 -1.1348247023E-001
   1  6456   0    0  6.3960279893E+003  2.2015393467E-001 -1.8865175298E-001 -1.1348247023E-001
   1  6457   0    0  6.3970279894E+003  2.2015393467E-001 -1.8865175298E-001 -1.1348247023E-001
   1  6458   0    0  6.3980279895E+003  2.2015393467E-001 -1.8865175298E-001 -1.1348247023E-001
   1  6459   0    0  6.3990279896E+003  2.2015393467E-001 -1.8865175298E-001 -1.1348247023E-001
   1  6460   4  324  6.4000279897E+003  2.2015393467E-001 -1.8865175298E-001 -1.1348247023E-001
   1  6461   0    0  6.4010279898E+003  2.2015393467E-001 -1.8865175298E-001 -1.1348247023E-001
   1  6462   0    0  6.4020279899E+003  2.2015393467E-001 -1.8865175298E-001 -1.1348247023E-001
   1  6463   0    0  6.4030279900E+003  2.2015393467E-001 -1.8865175298E-001 -1.1348247023E-001
   1  6464   0    0  6.4040279901E+003  2.2015393467E-001 -1.8865175298E-001 -1.1348247023E-001
   1  6465   0    0  6.4050279902E+003  2.2015393467E-001 -1.8865175298E-001 -1.1348247023E-001
   1  6466   0    0  6.4060279903E+003  2.2015393467E-001 -1.8865175298E-001 -1.1348247023E-001
   1  6467   0    0  6.4070279904E+003  2.2015393467E-001 -1.8865175298E-001 -1.1348247023E-001
   1  6468   0    0  6.4080279905E+003  2.2015393467E-001 -1.8865175298E-001 -1.1348247023E-001
   1  6469   0    0  6.4090279906E+003  2.2015393467E-001 -1.8865175298E-001 -1.1348247023E-001
   1  6470   0    0  6.4100279907E+003  2.2015393467E-001 -1.8865175298E-001 -1.1348247023E-001
   1  6471   0    0  6.4110279908E+003  2.2015393467E-001 -1.8865175298E-001 -1.1348247023E-001
   1  6472   0    0  6.4120279909E+003  2.2015393467E-001 -1.8865175298E-001 -1.1348247023E-001
   1  6473   0    0  6.4130279910E+003  2.2015393467E-001 -1.8865175298E-001 -1.1348247023E-001
   1  6474   0    0  6.4140279911E+003  2.2015393467E-001 -1.8865175298E-001 -1.1348247023E-001
   1  6475   0    0  6.4150279912E+003  2.2015393467E-001 -1.8865175298E-001 -1.1348247023E-001
   1  6476   0    0  6.4160279913E+003  2.2015393467E-001 -1.8865175298E-001 -1.1348247023E-001
   1  6477   0    0  6.4170279914E+003  2.2015393467E-001 -1.8865175298E-001 -1.1348247023E-001
   1  6478   0    0  6.4180279915E+003  2.2015393467E-001 -1.8865175298E-001 -1.1348247023E-001
   1  6479   0    0  6.4190279916E+003  2.2015393467E-001 -1.8865175298E-001 -1.1348247023E-001
   1  6480   4  325  6.4200279917E+003  2.2015393467E-001 -1.8865175298E-001 -1.1348247023E-001
   1  6481   0    0  6.4210279918E+003  2.2015393467E-001 -1.8865175298E-001 -1.1348247023E-001
   1  6482   0    0  6.4220279919E+003  2.2015393467E-001 -1.8865175298E-001 -1.1348247023E-001
   1  6483   0    0  6.4230279920E+003  2.2015393467E-001 -1.8865175298E-001 -1.1348247023E-001
   1  6484   0    0  6.4240279921E+003  2.2015393467E-001 -1.8865175298E-001 -1.1348247023E-001
   1  6485   0    0  6.4250279922E+003  2.2015393467E-001 -1.8865175298E-001 -1.1348247023E-001
   1  6486   0    0  6.4260279923E+003  2.2015393467E-001 -1.8865175298E-001 -1.1348247023E-001
   1  6487   0    0  6.4270279924E+003  2.2015393467E-001 -1.8865175298E-001 -1.1348247023E-001
   1  6488   0    0  6.4280279925E+003  2.2015393467E-001 -1.8865175298E-001 -1.1348247023E-001
   1  6489   0    0  6.4290279926E+003  2.2015393467E-001 -1.8865175298E-001 -1.1348247023E-001
   1  6490   0    0  6.4300279927E+003  2.2015393467E-001 -1.8865175298E-001 -1.1348247023E-001
   1  6491   0    0  6.4310279928E+003  2.2015393467E-001 -1.8865175298E-001 -1.1348247023E-001
   1  6492   0    0  6.4320279929E+003  2.2015393467E-001 -1.8865175298E-001 -1.1348247023E-001
   1  6493   0    0  6.4330279930E+003  2.2015393467E-001 -1.8865175298E-001 -1.1348247023E-001
   1  6494   0    0  6.4340279931E+003  2.2015393467E-001 -1.8865175298E-001 -1.1348247023E-001
   1  6495   0    0  6.4350279932E+003  2.2015393467E-001 -1.8865175298E-001 -1.1348247023E-001
   1  6496   0    0  6.4360279933E+003  2.2015393467E-001 -1.8865175298E-001 -1.1348247023E-001
   1  6497   0    0  6.4370279934E+003  2.2015393467E-001 -1.8865175298E-001 -1.1348247023E-001
   1  6498   0    0  6.4380279935E+003  2.2015393467E-001 -1.8865175298E-001 -1.1348247023E-001
   1  6499   0    0  6.4390279936E+003  2.2015393467E-001 -1.8865175298E-001 -1.1348247023E-001
   1  6500   4  326  6.4400279937E+003  2.2015393467E-001 -1.8865175298E-001 -1.1348247023E-001
   1  6501   0    0  6.4410279938E+003  2.2015393467E-001 -1.8865175298E-001 -1.1348247023E-001
   1  6502   0    0  6.4420279939E+003  2.2015393467E-001 -1.8865175298E-001 -1.1348247023E-001
   1  6503   0    0  6.4430279940E+003  2.2015393467E-001 -1.8865175298E-001 -1.1348247023E-001
   1  6504   0    0  6.4440279941E+003  2.2015393467E-001 -1.8865175298E-001 -1.1348247023E-001
   1  6505   0    0  6.4450279942E+003  2.2015393467E-001 -1.8865175298E-001 -1.1348247023E-001
   1  6506   0    0  6.4460279943E+003  2.2015393467E-001 -1.8865175298E-001 -1.1348247023E-001
   1  6507   0    0  6.4470279944E+003  2.2015393467E-001 -1.8865175298E-001 -1.1348247023E-001
   1  6508   0    0  6.4480279945E+003  2.2015393467E-001 -1.8865175298E-001 -1.1348247023E-001
   1  6509   0    0  6.4490279946E+003  2.2015393467E-001 -1.8865175298E-001 -1.1348247023E-001
   1  6510   0    0  6.4500279947E+003  2.2015393467E-001 -1.8865175298E-001 -1.1348247023E-001
   1  6511   0    0  6.4510279948E+003  2.2015393467E-001 -1.8865175298E-001 -1.1348247023E-001
   1  6512   0    0  6.4520279949E+003  2.2015393467E-001 -1.8865175298E-001 -1.1348247023E-001
   1  6513   0    0  6.4530279950E+003  2.2015393467E-001 -1.8865175298E-001 -1.1348247023E-001
   1  6514   0    0  6.4540279951E+003  2.2015393467E-001 -1.8865175298E-001 -1.1348247023E-001
   1  6515   0    0  6.4550279952E+003  2.2015393467E-001 -1.8865175298E-001 -1.1348247023E-001
   1  6516   0    0  6.4560279953E+003  2.2015393467E-001 -1.8865175298E-001 -1.1348247023E-001
   1  6517   0    0  6.4570279954E+003  2.2015393467E-001 -1.8865175298E-001 -1.1348247023E-001
   1  6518   0    0  6.4580279955E+003  2.2015393467E-001 -1.8865175298E-001 -1.1348247023E-001
   1  6519   0    0  6.4590279956E+003  2.2015393467E-001 -1.8865175298E-001 -1.1348247023E-001
   1  6520   4  327  6.4600279957E+003  2.2015393467E-001 -1.8865175298E-001 -1.1348247023E-001
   1  6521   0    0  6.4610279958E+003  2.2015393467E-001 -1.8865175298E-001 -1.1348247023E-001
   1  6522   0    0  6.4620279959E+003  2.2015393467E-001 -1.8865175298E-001 -1.1348247023E-001
   1  6523   0    0  6.4630279960E+003  2.2015393467E-001 -1.8865175298E-001 -1.1348247023E-001
   1  6524   0    0  6.4640279961E+003  2.2015393467E-001 -1.8865175298E-001 -1.1348247023E-001
   1  6525   0    0  6.4650279962E+003  2.2015393467E-001 -1.8865175298E-001 -1.1348247023E-001
   1  6526   0    0  6.4660279963E+003  2.2015393467E-001 -1.8865175298E-001 -1.1348247023E-001
   1  6527   0    0  6.4670279964E+003  2.2015393467E-001 -1.8865175298E-001 -1.1348247023E-001
   1  6528   0    0  6.4680279965E+003  2.2015393467E-001 -1.8865175298E-001 -1.1348247023E-001
   1  6529   0    0  6.4690279966E+003  2.2015393467E-001 -1.8865175298E-001 -1.1348247023E-001
   1  6530   0    0  6.4700279967E+003  2.2015393467E-001 -1.8865175298E-001 -1.1348247023E-001
   1  6531   0    0  6.4710279968E+003  2.2015393467E-001 -1.8865175298E-001 -1.1348247023E-001
   1  6532   0    0  6.4720279969E+003  2.2015393467E-001 -1.8865175298E-001 -1.1348247023E-001
   1  6533   0    0  6.4730279970E+003  2.2015393467E-001 -1.8865175298E-001 -1.1348247023E-001
   1  6534   0    0  6.4740279971E+003  2.2015393467E-001 -1.8865175298E-001 -1.1348247023E-001
   1  6535   0    0  6.4750279972E+003  2.2015393467E-001 -1.8865175298E-001 -1.1348247023E-001
   1  6536   0    0  6.4760279973E+003  2.2015393467E-001 -1.8865175298E-001 -1.1348247023E-001
   1  6537   0    0  6.4770279974E+003  2.2015393467E-001 -1.8865175298E-001 -1.1348247023E-001
   1  6538   0    0  6.4780279975E+003  2.2015393467E-001 -1.8865175298E-001 -1.1348247023E-001
   1  6539   0    0  6.4790279976E+003  2.2015393467E-001 -1.8865175298E-001 -1.1348247023E-001
   1  6540   4  328  6.4800279977E+003  2.2015393467E-001 -1.8865175298E-001 -1.1348247023E-001
   1  6541   0    0  6.4810279978E+003  2.2015393467E-001 -1.8865175298E-001 -1.1348247023E-001
   1  6542   0    0  6.4820279979E+003  2.2015393467E-001 -1.8865175298E-001 -1.1348247023E-001
   1  6543   0    0  6.4830279980E+003  2.2015393467E-001 -1.8865175298E-001 -1.1348247023E-001
   1  6544   0    0  6.4840279981E+003  2.2015393467E-001 -1.8865175298E-001 -1.1348247023E-001
   1  6545   0    0  6.4850279982E+003  2.2015393467E-001 -1.8865175298E-001 -1.1348247023E-001
   1  6546   0    0  6.4860279983E+003  2.2015393467E-001 -1.8865175298E-001 -1.1348247023E-001
   1  6547   0    0  6.4870279984E+003  2.2015393467E-001 -1.8865175298E-001 -1.1348247023E-001
   1  6548   0    0  6.4880279985E+003  2.2015393467E-001 -1.8865175298E-001 -1.1348247023E-001
   1  6549   0    0  6.4890279986E+003  2.2015393467E-001 -1.8865175298E-001 -1.1348247023E-001
   1  6550   0    0  6.4900279987E+003  2.2015393467E-001 -1.8865175298E-001 -1.1348247023E-001
   1  6551   0    0  6.4910279988E+003  2.2015393467E-001 -1.8865175298E-001 -1.1348247023E-001
   1  6552   0    0  6.4920279989E+003  2.2015393467E-001 -1.8865175298E-001 -1.1348247023E-001
   1  6553   0    0  6.4930279990E+003  2.2015393467E-001 -1.8865175298E-001 -1.1348247023E-001
   1  6554   0    0  6.4940279991E+003  2.2015393467E-001 -1.8865175298E-001 -1.1348247023E-001
   1  6555   0    0  6.4950279992E+003  2.2015393467E-001 -1.8865175298E-001 -1.1348247023E-001
   1  6556   0    0  6.4960279993E+003  2.2015393467E-001 -1.8865175298E-001 -1.1348247023E-001
   1  6557   0    0  6.4970279994E+003  2.2015393467E-001 -1.8865175298E-001 -1.1348247023E-001
   1  6558   0    0  6.4980279995E+003  2.2015393467E-001 -1.8865175298E-001 -1.1348247023E-001
   1  6559   0    0  6.4990279996E+003  2.2015393467E-001 -1.8865175298E-001 -1.1348247023E-001
   1  6560   4  329  6.5000279997E+003  2.2015393467E-001 -1.8865175298E-001 -1.1348247023E-001
   1  6561   0    0  6.5010279998E+003  2.2015393467E-001 -1.8865175298E-001 -1.1348247023E-001
   1  6562   0    0  6.5020279999E+003  2.2015393467E-001 -1.8865175298E-001 -1.1348247023E-001
   1  6563   0    0  6.5030280000E+003  2.2015393467E-001 -1.8865175298E-001 -1.1348247023E-001
   1  6564   0    0  6.5040280001E+003  2.2015393467E-001 -1.8865175298E-001 -1.1348247023E-001
   1  6565   0    0  6.5050280002E+003  2.2015393467E-001 -1.8865175298E-001 -1.1348247023E-001
   1  6566   0    0  6.5060280003E+003  2.2015393467E-001 -1.8865175298E-001 -1.1348247023E-001
   1  6567   0    0  6.5070280004E+003  2.2015393467E-001 -1.8865175298E-001 -1.1348247023E-001
   1  6568   0    0  6.5080280005E+003  2.2015393467E-001 -1.8865175298E-001 -1.1348247023E-001
   1  6569   0    0  6.5090280006E+003  2.2015393467E-001 -1.8865175298E-001 -1.1348247023E-001
   1  6570   0    0  6.5100280007E+003  2.2015393467E-001 -1.8865175298E-001 -1.1348247023E-001
   1  6571   0    0  6.5110280008E+003  2.2015393467E-001 -1.8865175298E-001 -1.1348247023E-001
   1  6572   0    0  6.5120280009E+003  2.2015393467E-001 -1.8865175298E-001 -1.1348247023E-001
   1  6573   0    0  6.5130280010E+003  2.2015393467E-001 -1.8865175298E-001 -1.1348247023E-001
   1  6574   0    0  6.5140280011E+003  2.2015393467E-001 -1.8865175298E-001 -1.1348247023E-001
   1  6575   0    0  6.5150280012E+003  2.2015393467E-001 -1.8865175298E-001 -1.1348247023E-001
   1  6576   0    0  6.5160280013E+003  2.2015393467E-001 -1.8865175298E-001 -1.1348247023E-001
   1  6577   0    0  6.5170280014E+003  2.2015393467E-001 -1.8865175298E-001 -1.1348247023E-001
   1  6578   0    0  6.5180280015E+003  2.2015393467E-001 -1.8865175298E-001 -1.1348247023E-001
   1  6579   0    0  6.5190280016E+003  2.2015393467E-001 -1.8865175298E-001 -1.1348247023E-001
   1  6580   4  330  6.5200280017E+003  2.2015393467E-001 -1.8865175298E-001 -1.1348247023E-001
   1  6581   0    0  6.5210280018E+003  2.2015393467E-001 -1.8865175298E-001 -1.1348247023E-001
   1  6582   0    0  6.5220280019E+003  2.2015393467E-001 -1.8865175298E-001 -1.1348247023E-001
   1  6583   0    0  6.5230280020E+003  2.2015393467E-001 -1.8865175298E-001 -1.1348247023E-001
   1  6584   0    0  6.5240280021E+003  2.2015393467E-001 -1.8865175298E-001 -1.1348247023E-001
   1  6585   0    0  6.5250280022E+003  2.2015393467E-001 -1.8865175298E-001 -1.1348247023E-001
   1  6586   0    0  6.5260280023E+003  2.2015393467E-001 -1.8865175298E-001 -1.1348247023E-001
   1  6587   0    0  6.5270280024E+003  2.2015393467E-001 -1.8865175298E-001 -1.1348247023E-001
   1  6588   0    0  6.5280280025E+003  2.2015393467E-001 -1.8865175298E-001 -1.1348247023E-001
   1  6589   0    0  6.5290280026E+003  2.2015393467E-001 -1.8865175298E-001 -1.1348247023E-001
   1  6590   0    0  6.5300280027E+003  2.2015393467E-001 -1.8865175298E-001 -1.1348247023E-001
   1  6591   0    0  6.5310280028E+003  2.2015393467E-001 -1.8865175298E-001 -1.1348247023E-001
   1  6592   0    0  6.5320280029E+003  2.2015393467E-001 -1.8865175298E-001 -1.1348247023E-001
   1  6593   0    0  6.5330280030E+003  2.2015393467E-001 -1.8865175298E-001 -1.1348247023E-001
   1  6594   0    0  6.5340280031E+003  2.2015393467E-001 -1.8865175298E-001 -1.1348247023E-001
   1  6595   0    0  6.5350280032E+003  2.2015393467E-001 -1.8865175298E-001 -1.1348247023E-001
   1  6596   0    0  6.5360280033E+003  2.2015393467E-001 -1.8865175298E-001 -1.1348247023E-001
   1  6597   0    0  6.5370280034E+003  2.2015393467E-001 -1.8865175298E-001 -1.1348247023E-001
   1  6598   0    0  6.5380280035E+003  2.2015393467E-001 -1.8865175298E-001 -1.1348247023E-001
   1  6599   0    0  6.5390280036E+003  2.2015393467E-001 -1.8865175298E-001 -1.1348247023E-001
   1  6600   4  331  6.5400280037E+003  2.2015393467E-001 -1.8865175298E-001 -1.1348247023E-001
   1  6601   0    0  6.5410280038E+003  2.2015393467E-001 -1.8865175298E-001 -1.1348247023E-001
   1  6602   0    0  6.5420280039E+003  2.2015393467E-001 -1.8865175298E-001 -1.1348247023E-001
   1  6603   0    0  6.5430280040E+003  2.2015393467E-001 -1.8865175298E-001 -1.1348247023E-001
   1  6604   0    0  6.5440280041E+003  2.2015393467E-001 -1.8865175298E-001 -1.1348247023E-001
   1  6605   0    0  6.5450280042E+003  2.2015393467E-001 -1.8865175298E-001 -1.1348247023E-001
   1  6606   0    0  6.5460280043E+003  2.2015393467E-001 -1.8865175298E-001 -1.1348247023E-001
   1  6607   0    0  6.5470280044E+003  2.2015393467E-001 -1.8865175298E-001 -1.1348247023E-001
   1  6608   0    0  6.5480280045E+003  2.2015393467E-001 -1.8865175298E-001 -1.1348247023E-001
   1  6609   0    0  6.5490280046E+003  2.2015393467E-001 -1.8865175298E-001 -1.1348247023E-001
   1  6610   0    0  6.5500280047E+003  2.2015393467E-001 -1.8865175298E-001 -1.1348247023E-001
   1  6611   0    0  6.5510280048E+003  2.2015393467E-001 -1.8865175298E-001 -1.1348247023E-001
   1  6612   0    0  6.5520280049E+003  2.2015393467E-001 -1.8865175298E-001 -1.1348247023E-001
   1  6613   0    0  6.5530280050E+003  2.2015393467E-001 -1.8865175298E-001 -1.1348247023E-001
   1  6614   0    0  6.5540280051E+003  2.2015393467E-001 -1.8865175298E-001 -1.1348247023E-001
   1  6615   0    0  6.5550280052E+003  2.2015393467E-001 -1.8865175298E-001 -1.1348247023E-001
   1  6616   0    0  6.5560280053E+003  2.2015393467E-001 -1.8865175298E-001 -1.1348247023E-001
   1  6617   0    0  6.5570280054E+003  2.2015393467E-001 -1.8865175298E-001 -1.1348247023E-001
   1  6618   0    0  6.5580280055E+003  2.2015393467E-001 -1.8865175298E-001 -1.1348247023E-001
   1  6619   0    0  6.5590280056E+003  2.2015393467E-001 -1.8865175298E-001 -1.1348247023E-001
   1  6620   4  332  6.5600280057E+003  2.2015393467E-001 -1.8865175298E-001 -1.1348247023E-001
   1  6621   0    0  6.5610280058E+003  2.2015393467E-001 -1.8865175298E-001 -1.1348247023E-001
   1  6622   0    0  6.5620280059E+003  2.2015393467E-001 -1.8865175298E-001 -1.1348247023E-001
   1  6623   0    0  6.5630280060E+003  2.2015393467E-001 -1.8865175298E-001 -1.1348247023E-001
   1  6624   0    0  6.5640280061E+003  2.2015393467E-001 -1.8865175298E-001 -1.1348247023E-001
   1  6625   0    0  6.5650280062E+003  2.2015393467E-001 -1.8865175298E-001 -1.1348247023E-001
   1  6626   0    0  6.5660280063E+003  2.2015393467E-001 -1.8865175298E-001 -1.1348247023E-001
   1  6627   0    0  6.5670280064E+003  2.2015393467E-001 -1.8865175298E-001 -1.1348247023E-001
   1  6628   0    0  6.5680280065E+003  2.2015393467E-001 -1.8865175298E-001 -1.1348247023E-001
   1  6629   0    0  6.5690280066E+003  2.2015393467E-001 -1.8865175298E-001 -1.1348247023E-001
   1  6630   0    0  6.5700280067E+003  2.2015393467E-001 -1.8865175298E-001 -1.1348247023E-001
   1  6631   0    0  6.5710280068E+003  2.2015393467E-001 -1.8865175298E-001 -1.1348247023E-001
   1  6632   0    0  6.5720280069E+003  2.2015393467E-001 -1.8865175298E-001 -1.1348247023E-001
   1  6633   0    0  6.5730280070E+003  2.2015393467E-001 -1.8865175298E-001 -1.1348247023E-001
   1  6634   0    0  6.5740280071E+003  2.2015393467E-001 -1.8865175298E-001 -1.1348247023E-001
   1  6635   0    0  6.5750280072E+003  2.2015393467E-001 -1.8865175298E-001 -1.1348247023E-001
   1  6636   0    0  6.5760280073E+003  2.2015393467E-001 -1.8865175298E-001 -1.1348247023E-001
   1  6637   0    0  6.5770280074E+003  2.2015393467E-001 -1.8865175298E-001 -1.1348247023E-001
   1  6638   0    0  6.5780280075E+003  2.2015393467E-001 -1.8865175298E-001 -1.1348247023E-001
   1  6639   0    0  6.5790280076E+003  2.2015393467E-001 -1.8865175298E-001 -1.1348247023E-001
   1  6640   4  333  6.5800280077E+003  2.2015393467E-001 -1.8865175298E-001 -1.1348247023E-001
   1  6641   0    0  6.5810280078E+003  2.2015393467E-001 -1.8865175298E-001 -1.1348247023E-001
   1  6642   0    0  6.5820280079E+003  2.2015393467E-001 -1.8865175298E-001 -1.1348247023E-001
   1  6643   0    0  6.5830280080E+003  2.2015393467E-001 -1.8865175298E-001 -1.1348247023E-001
   1  6644   0    0  6.5840280081E+003  2.2015393467E-001 -1.8865175298E-001 -1.1348247023E-001
   1  6645   0    0  6.5850280082E+003  2.2015393467E-001 -1.8865175298E-001 -1.1348247023E-001
   1  6646   0    0  6.5860280083E+003  2.2015393467E-001 -1.8865175298E-001 -1.1348247023E-001
   1  6647   0    0  6.5870280084E+003  2.2015393467E-001 -1.8865175298E-001 -1.1348247023E-001
   1  6648   0    0  6.5880280085E+003  2.2015393467E-001 -1.8865175298E-001 -1.1348247023E-001
   1  6649   0    0  6.5890280086E+003  2.2015393467E-001 -1.8865175298E-001 -1.1348247023E-001
   1  6650   0    0  6.5900280087E+003  2.2015393467E-001 -1.8865175298E-001 -1.1348247023E-001
   1  6651   0    0  6.5910280088E+003  2.2015393467E-001 -1.8865175298E-001 -1.1348247023E-001
   1  6652   0    0  6.5920280089E+003  2.2015393467E-001 -1.8865175298E-001 -1.1348247023E-001
   1  6653   0    0  6.5930280090E+003  2.2015393467E-001 -1.8865175298E-001 -1.1348247023E-001
   1  6654   0    0  6.5940280091E+003  2.2015393467E-001 -1.8865175298E-001 -1.1348247023E-001
   1  6655   0    0  6.5950280092E+003  2.2015393467E-001 -1.8865175298E-001 -1.1348247023E-001
   1  6656   0    0  6.5960280093E+003  2.2015393467E-001 -1.8865175298E-001 -1.1348247023E-001
   1  6657   0    0  6.5970280094E+003  2.2015393467E-001 -1.8865175298E-001 -1.1348247023E-001
   1  6658   0    0  6.5980280095E+003  2.2015393467E-001 -1.8865175298E-001 -1.1348247023E-001
   1  6659   0    0  6.5990280096E+003  2.2015393467E-001 -1.8865175298E-001 -1.1348247023E-001
   1  6660   4  334  6.6000280097E+003  2.2015393467E-001 -1.8865175298E-001 -1.1348247023E-001
   1  6661   0    0  6.6010280098E+003  2.2015393467E-001 -1.8865175298E-001 -1.1348247023E-001
   1  6662   0    0  6.6020280099E+003  2.2015393467E-001 -1.8865175298E-001 -1.1348247023E-001
   1  6663   0    0  6.6030280100E+003  2.2015393467E-001 -1.8865175298E-001 -1.1348247023E-001
   1  6664   0    0  6.6040280101E+003  2.2015393467E-001 -1.8865175298E-001 -1.1348247023E-001
   1  6665   0    0  6.6050280102E+003  2.2015393467E-001 -1.8865175298E-001 -1.1348247023E-001
   1  6666   0    0  6.6060280103E+003  2.2015393467E-001 -1.8865175298E-001 -1.1348247023E-001
   1  6667   0    0  6.6070280104E+003  2.2015393467E-001 -1.8865175298E-001 -1.1348247023E-001
   1  6668   0    0  6.6080280105E+003  2.2015393467E-001 -1.8865175298E-001 -1.1348247023E-001
   1  6669   0    0  6.6090280106E+003  2.2015393467E-001 -1.8865175298E-001 -1.1348247023E-001
   1  6670   0    0  6.6100280107E+003  2.2015393467E-001 -1.8865175298E-001 -1.1348247023E-001
   1  6671   0    0  6.6110280108E+003  2.2015393467E-001 -1.8865175298E-001 -1.1348247023E-001
   1  6672   0    0  6.6120280109E+003  2.2015393467E-001 -1.8865175298E-001 -1.1348247023E-001
   1  6673   0    0  6.6130280110E+003  2.2015393467E-001 -1.8865175298E-001 -1.1348247023E-001
   1  6674   0    0  6.6140280111E+003  2.2015393467E-001 -1.8865175298E-001 -1.1348247023E-001
   1  6675   0    0  6.6150280112E+003  2.2015393467E-001 -1.8865175298E-001 -1.1348247023E-001
   1  6676   0    0  6.6160280113E+003  2.2015393467E-001 -1.8865175298E-001 -1.1348247023E-001
   1  6677   0    0  6.6170280114E+003  2.2015393467E-001 -1.8865175298E-001 -1.1348247023E-001
   1  6678   0    0  6.6180280115E+003  2.2015393467E-001 -1.8865175298E-001 -1.1348247023E-001
   1  6679   0    0  6.6190280116E+003  2.2015393467E-001 -1.8865175298E-001 -1.1348247023E-001
   1  6680   4  335  6.6200280117E+003  2.2015393467E-001 -1.8865175298E-001 -1.1348247023E-001
   1  6681   0    0  6.6210280118E+003  2.2015393467E-001 -1.8865175298E-001 -1.1348247023E-001
   1  6682   0    0  6.6220280119E+003  2.2015393467E-001 -1.8865175298E-001 -1.1348247023E-001
   1  6683   0    0  6.6230280120E+003  2.2015393467E-001 -1.8865175298E-001 -1.1348247023E-001
   1  6684   0    0  6.6240280121E+003  2.2015393467E-001 -1.8865175298E-001 -1.1348247023E-001
   1  6685   0    0  6.6250280122E+003  2.2015393467E-001 -1.8865175298E-001 -1.1348247023E-001
   1  6686   0    0  6.6260280123E+003  2.2015393467E-001 -1.8865175298E-001 -1.1348247023E-001
   1  6687   0    0  6.6270280124E+003  2.2015393467E-001 -1.8865175298E-001 -1.1348247023E-001
   1  6688   0    0  6.6280280125E+003  2.2015393467E-001 -1.8865175298E-001 -1.1348247023E-001
   1  6689   0    0  6.6290280126E+003  2.2015393467E-001 -1.8865175298E-001 -1.1348247023E-001
   1  6690   0    0  6.6300280127E+003  2.2015393467E-001 -1.8865175298E-001 -1.1348247023E-001
   1  6691   0    0  6.6310280128E+003  2.2015393467E-001 -1.8865175298E-001 -1.1348247023E-001
   1  6692   0    0  6.6320280129E+003  2.2015393467E-001 -1.8865175298E-001 -1.1348247023E-001
   1  6693   0    0  6.6330280130E+003  2.2015393467E-001 -1.8865175298E-001 -1.1348247023E-001
   1  6694   0    0  6.6340280131E+003  2.2015393467E-001 -1.8865175298E-001 -1.1348247023E-001
   1  6695   0    0  6.6350280132E+003  2.2015393467E-001 -1.8865175298E-001 -1.1348247023E-001
   1  6696   0    0  6.6360280133E+003  2.2015393467E-001 -1.8865175298E-001 -1.1348247023E-001
   1  6697   0    0  6.6370280134E+003  2.2015393467E-001 -1.8865175298E-001 -1.1348247023E-001
   1  6698   0    0  6.6380280135E+003  2.2015393467E-001 -1.8865175298E-001 -1.1348247023E-001
   1  6699   0    0  6.6390280136E+003  2.2015393467E-001 -1.8865175298E-001 -1.1348247023E-001
   1  6700   4  336  6.6400280137E+003  2.2015393467E-001 -1.8865175298E-001 -1.1348247023E-001
   1  6701   0    0  6.6410280138E+003  2.2015393467E-001 -1.8865175298E-001 -1.1348247023E-001
   1  6702   0    0  6.6420280139E+003  2.2015393467E-001 -1.8865175298E-001 -1.1348247023E-001
   1  6703   0    0  6.6430280140E+003  2.2015393467E-001 -1.8865175298E-001 -1.1348247023E-001
   1  6704   0    0  6.6440280141E+003  2.2015393467E-001 -1.8865175298E-001 -1.1348247023E-001
   1  6705   0    0  6.6450280142E+003  2.2015393467E-001 -1.8865175298E-001 -1.1348247023E-001
   1  6706   0    0  6.6460280143E+003  2.2015393467E-001 -1.8865175298E-001 -1.1348247023E-001
   1  6707   0    0  6.6470280144E+003  2.2015393467E-001 -1.8865175298E-001 -1.1348247023E-001
   1  6708   0    0  6.6480280145E+003  2.2015393467E-001 -1.8865175298E-001 -1.1348247023E-001
   1  6709   0    0  6.6490280146E+003  2.2015393467E-001 -1.8865175298E-001 -1.1348247023E-001
   1  6710   0    0  6.6500280147E+003  2.2015393467E-001 -1.8865175298E-001 -1.1348247023E-001
   1  6711   0    0  6.6510280148E+003  2.2015393467E-001 -1.8865175298E-001 -1.1348247023E-001
   1  6712   0    0  6.6520280149E+003  2.2015393467E-001 -1.8865175298E-001 -1.1348247023E-001
   1  6713   0    0  6.6530280150E+003  2.2015393467E-001 -1.8865175298E-001 -1.1348247023E-001
   1  6714   0    0  6.6540280151E+003  2.2015393467E-001 -1.8865175298E-001 -1.1348247023E-001
   1  6715   0    0  6.6550280152E+003  2.2015393467E-001 -1.8865175298E-001 -1.1348247023E-001
   1  6716   0    0  6.6560280153E+003  2.2015393467E-001 -1.8865175298E-001 -1.1348247023E-001
   1  6717   0    0  6.6570280154E+003  2.2015393467E-001 -1.8865175298E-001 -1.1348247023E-001
   1  6718   0    0  6.6580280155E+003  2.2015393467E-001 -1.8865175298E-001 -1.1348247023E-001
   1  6719   0    0  6.6590280156E+003  2.2015393467E-001 -1.8865175298E-001 -1.1348247023E-001
   1  6720   4  337  6.6600280157E+003  2.2015393467E-001 -1.8865175298E-001 -1.1348247023E-001
   1  6721   0    0  6.6610280158E+003  2.2015393467E-001 -1.8865175298E-001 -1.1348247023E-001
   1  6722   0    0  6.6620280159E+003  2.2015393467E-001 -1.8865175298E-001 -1.1348247023E-001
   1  6723   0    0  6.6630280160E+003  2.2015393467E-001 -1.8865175298E-001 -1.1348247023E-001
   1  6724   0    0  6.6640280161E+003  2.2015393467E-001 -1.8865175298E-001 -1.1348247023E-001
   1  6725   0    0  6.6650280162E+003  2.2015393467E-001 -1.8865175298E-001 -1.1348247023E-001
   1  6726   0    0  6.6660280163E+003  2.2015393467E-001 -1.8865175298E-001 -1.1348247023E-001
   1  6727   0    0  6.6670280164E+003  2.2015393467E-001 -1.8865175298E-001 -1.1348247023E-001
   1  6728   0    0  6.6680280165E+003  2.2015393467E-001 -1.8865175298E-001 -1.1348247023E-001
   1  6729   0    0  6.6690280166E+003  2.2015393467E-001 -1.8865175298E-001 -1.1348247023E-001
   1  6730   0    0  6.6700280167E+003  2.2015393467E-001 -1.8865175298E-001 -1.1348247023E-001
   1  6731   0    0  6.6710280168E+003  2.2015393467E-001 -1.8865175298E-001 -1.1348247023E-001
   1  6732   0    0  6.6720280169E+003  2.2015393467E-001 -1.8865175298E-001 -1.1348247023E-001
   1  6733   0    0  6.6730280170E+003  2.2015393467E-001 -1.8865175298E-001 -1.1348247023E-001
   1  6734   0    0  6.6740280171E+003  2.2015393467E-001 -1.8865175298E-001 -1.1348247023E-001
   1  6735   0    0  6.6750280172E+003  2.2015393467E-001 -1.8865175298E-001 -1.1348247023E-001
   1  6736   0    0  6.6760280173E+003  2.2015393467E-001 -1.8865175298E-001 -1.1348247023E-001
   1  6737   0    0  6.6770280174E+003  2.2015393467E-001 -1.8865175298E-001 -1.1348247023E-001
   1  6738   0    0  6.6780280175E+003  2.2015393467E-001 -1.8865175298E-001 -1.1348247023E-001
   1  6739   0    0  6.6790280176E+003  2.2015393467E-001 -1.8865175298E-001 -1.1348247023E-001
   1  6740   4  338  6.6800280177E+003  2.2015393467E-001 -1.8865175298E-001 -1.1348247023E-001
   1  6741   0    0  6.6810280178E+003  2.2015393467E-001 -1.8865175298E-001 -1.1348247023E-001
   1  6742   0    0  6.6820280179E+003  2.2015393467E-001 -1.8865175298E-001 -1.1348247023E-001
   1  6743   0    0  6.6830280180E+003  2.2015393467E-001 -1.8865175298E-001 -1.1348247023E-001
   1  6744   0    0  6.6840280181E+003  2.2015393467E-001 -1.8865175298E-001 -1.1348247023E-001
   1  6745   0    0  6.6850280182E+003  2.2015393467E-001 -1.8865175298E-001 -1.1348247023E-001
   1  6746   0    0  6.6860280183E+003  2.2015393467E-001 -1.8865175298E-001 -1.1348247023E-001
   1  6747   0    0  6.6870280184E+003  2.2015393467E-001 -1.8865175298E-001 -1.1348247023E-001
   1  6748   0    0  6.6880280185E+003  2.2015393467E-001 -1.8865175298E-001 -1.1348247023E-001
   1  6749   0    0  6.6890280186E+003  2.2015393467E-001 -1.8865175298E-001 -1.1348247023E-001
   1  6750   0    0  6.6900280187E+003  2.2015393467E-001 -1.8865175298E-001 -1.1348247023E-001
   1  6751   0    0  6.6910280188E+003  2.2015393467E-001 -1.8865175298E-001 -1.1348247023E-001
   1  6752   0    0  6.6920280189E+003  2.2015393467E-001 -1.8865175298E-001 -1.1348247023E-001
   1  6753   0    0  6.6930280190E+003  2.2015393467E-001 -1.8865175298E-001 -1.1348247023E-001
   1  6754   0    0  6.6940280191E+003  2.2015393467E-001 -1.8865175298E-001 -1.1348247023E-001
   1  6755   0    0  6.6950280192E+003  2.2015393467E-001 -1.8865175298E-001 -1.1348247023E-001
   1  6756   0    0  6.6960280193E+003  2.2015393467E-001 -1.8865175298E-001 -1.1348247023E-001
   1  6757   0    0  6.6970280194E+003  2.2015393467E-001 -1.8865175298E-001 -1.1348247023E-001
   1  6758   0    0  6.6980280195E+003  2.2015393467E-001 -1.8865175298E-001 -1.1348247023E-001
   1  6759   0    0  6.6990280196E+003  2.2015393467E-001 -1.8865175298E-001 -1.1348247023E-001
   1  6760   4  339  6.7000280197E+003  2.2015393467E-001 -1.8865175298E-001 -1.1348247023E-001
   1  6761   0    0  6.7010280198E+003  2.2015393467E-001 -1.8865175298E-001 -1.1348247023E-001
   1  6762   0    0  6.7020280199E+003  2.2015393467E-001 -1.8865175298E-001 -1.1348247023E-001
   1  6763   0    0  6.7030280200E+003  2.2015393467E-001 -1.8865175298E-001 -1.1348247023E-001
   1  6764   0    0  6.7040280201E+003  2.2015393467E-001 -1.8865175298E-001 -1.1348247023E-001
   1  6765   0    0  6.7050280202E+003  2.2015393467E-001 -1.8865175298E-001 -1.1348247023E-001
   1  6766   0    0  6.7060280203E+003  2.2015393467E-001 -1.8865175298E-001 -1.1348247023E-001
   1  6767   0    0  6.7070280204E+003  2.2015393467E-001 -1.8865175298E-001 -1.1348247023E-001
   1  6768   0    0  6.7080280205E+003  2.2015393467E-001 -1.8865175298E-001 -1.1348247023E-001
   1  6769   0    0  6.7090280206E+003  2.2015393467E-001 -1.8865175298E-001 -1.1348247023E-001
   1  6770   0    0  6.7100280207E+003  2.2015393467E-001 -1.8865175298E-001 -1.1348247023E-001
   1  6771   0    0  6.7110280208E+003  2.2015393467E-001 -1.8865175298E-001 -1.1348247023E-001
   1  6772   0    0  6.7120280209E+003  2.2015393467E-001 -1.8865175298E-001 -1.1348247023E-001
   1  6773   0    0  6.7130280210E+003  2.2015393467E-001 -1.8865175298E-001 -1.1348247023E-001
   1  6774   0    0  6.7140280211E+003  2.2015393467E-001 -1.8865175298E-001 -1.1348247023E-001
   1  6775   0    0  6.7150280212E+003  2.2015393467E-001 -1.8865175298E-001 -1.1348247023E-001
   1  6776   0    0  6.7160280213E+003  2.2015393467E-001 -1.8865175298E-001 -1.1348247023E-001
   1  6777   0    0  6.7170280214E+003  2.2015393467E-001 -1.8865175298E-001 -1.1348247023E-001
   1  6778   0    0  6.7180280215E+003  2.2015393467E-001 -1.8865175298E-001 -1.1348247023E-001
   1  6779   0    0  6.7190280216E+003  2.2015393467E-001 -1.8865175298E-001 -1.1348247023E-001
   1  6780   4  340  6.7200280217E+003  2.2015393467E-001 -1.8865175298E-001 -1.1348247023E-001
   1  6781   0    0  6.7210280218E+003  2.2015393467E-001 -1.8865175298E-001 -1.1348247023E-001
   1  6782   0    0  6.7220280219E+003  2.2015393467E-001 -1.8865175298E-001 -1.1348247023E-001
   1  6783   0    0  6.7230280220E+003  2.2015393467E-001 -1.8865175298E-001 -1.1348247023E-001
   1  6784   0    0  6.7240280221E+003  2.2015393467E-001 -1.8865175298E-001 -1.1348247023E-001
   1  6785   0    0  6.7250280222E+003  2.2015393467E-001 -1.8865175298E-001 -1.1348247023E-001
   1  6786   0    0  6.7260280223E+003  2.2015393467E-001 -1.8865175298E-001 -1.1348247023E-001
   1  6787   0    0  6.7270280224E+003  2.2015393467E-001 -1.8865175298E-001 -1.1348247023E-001
   1  6788   0    0  6.7280280225E+003  2.2015393467E-001 -1.8865175298E-001 -1.1348247023E-001
   1  6789   0    0  6.7290280226E+003  2.2015393467E-001 -1.8865175298E-001 -1.1348247023E-001
   1  6790   0    0  6.7300280227E+003  2.2015393467E-001 -1.8865175298E-001 -1.1348247023E-001
   1  6791   0    0  6.7310280228E+003  2.2015393467E-001 -1.8865175298E-001 -1.1348247023E-001
   1  6792   0    0  6.7320280229E+003  2.2015393467E-001 -1.8865175298E-001 -1.1348247023E-001
   1  6793   0    0  6.7330280230E+003  2.2015393467E-001 -1.8865175298E-001 -1.1348247023E-001
   1  6794   0    0  6.7340280231E+003  2.2015393467E-001 -1.8865175298E-001 -1.1348247023E-001
   1  6795   0    0  6.7350280232E+003  2.2015393467E-001 -1.8865175298E-001 -1.1348247023E-001
   1  6796   0    0  6.7360280233E+003  2.2015393467E-001 -1.8865175298E-001 -1.1348247023E-001
   1  6797   0    0  6.7370280234E+003  2.2015393467E-001 -1.8865175298E-001 -1.1348247023E-001
   1  6798   0    0  6.7380280235E+003  2.2015393467E-001 -1.8865175298E-001 -1.1348247023E-001
   1  6799   0    0  6.7390280236E+003  2.2015393467E-001 -1.8865175298E-001 -1.1348247023E-001
   1  6800   4  341  6.7400280237E+003  2.2015393467E-001 -1.8865175298E-001 -1.1348247023E-001
   1  6801   0    0  6.7410280238E+003  2.2015393467E-001 -1.8865175298E-001 -1.1348247023E-001
   1  6802   0    0  6.7420280239E+003  2.2015393467E-001 -1.8865175298E-001 -1.1348247023E-001
   1  6803   0    0  6.7430280240E+003  2.2015393467E-001 -1.8865175298E-001 -1.1348247023E-001
   1  6804   0    0  6.7440280241E+003  2.2015393467E-001 -1.8865175298E-001 -1.1348247023E-001
   1  6805   0    0  6.7450280242E+003  2.2015393467E-001 -1.8865175298E-001 -1.1348247023E-001
   1  6806   0    0  6.7460280243E+003  2.2015393467E-001 -1.8865175298E-001 -1.1348247023E-001
   1  6807   0    0  6.7470280244E+003  2.2015393467E-001 -1.8865175298E-001 -1.1348247023E-001
   1  6808   0    0  6.7480280245E+003  2.2015393467E-001 -1.8865175298E-001 -1.1348247023E-001
   1  6809   0    0  6.7490280246E+003  2.2015393467E-001 -1.8865175298E-001 -1.1348247023E-001
   1  6810   0    0  6.7500280247E+003  2.2015393467E-001 -1.8865175298E-001 -1.1348247023E-001
   1  6811   0    0  6.7510280248E+003  2.2015393467E-001 -1.8865175298E-001 -1.1348247023E-001
   1  6812   0    0  6.7520280249E+003  2.2015393467E-001 -1.8865175298E-001 -1.1348247023E-001
   1  6813   0    0  6.7530280250E+003  2.2015393467E-001 -1.8865175298E-001 -1.1348247023E-001
   1  6814   0    0  6.7540280251E+003  2.2015393467E-001 -1.8865175298E-001 -1.1348247023E-001
   1  6815   0    0  6.7550280252E+003  2.2015393467E-001 -1.8865175298E-001 -1.1348247023E-001
   1  6816   0    0  6.7560280253E+003  2.2015393467E-001 -1.8865175298E-001 -1.1348247023E-001
   1  6817   0    0  6.7570280254E+003  2.2015393467E-001 -1.8865175298E-001 -1.1348247023E-001
   1  6818   0    0  6.7580280255E+003  2.2015393467E-001 -1.8865175298E-001 -1.1348247023E-001
   1  6819   0    0  6.7590280256E+003  2.2015393467E-001 -1.8865175298E-001 -1.1348247023E-001
   1  6820   4  342  6.7600280257E+003  2.2015393467E-001 -1.8865175298E-001 -1.1348247023E-001
   1  6821   0    0  6.7610280258E+003  2.2015393467E-001 -1.8865175298E-001 -1.1348247023E-001
   1  6822   0    0  6.7620280259E+003  2.2015393467E-001 -1.8865175298E-001 -1.1348247023E-001
   1  6823   0    0  6.7630280260E+003  2.2015393467E-001 -1.8865175298E-001 -1.1348247023E-001
   1  6824   0    0  6.7640280261E+003  2.2015393467E-001 -1.8865175298E-001 -1.1348247023E-001
   1  6825   0    0  6.7650280262E+003  2.2015393467E-001 -1.8865175298E-001 -1.1348247023E-001
   1  6826   0    0  6.7660280263E+003  2.2015393467E-001 -1.8865175298E-001 -1.1348247023E-001
   1  6827   0    0  6.7670280264E+003  2.2015393467E-001 -1.8865175298E-001 -1.1348247023E-001
   1  6828   0    0  6.7680280265E+003  2.2015393467E-001 -1.8865175298E-001 -1.1348247023E-001
   1  6829   0    0  6.7690280266E+003  2.2015393467E-001 -1.8865175298E-001 -1.1348247023E-001
   1  6830   0    0  6.7700280267E+003  2.2015393467E-001 -1.8865175298E-001 -1.1348247023E-001
   1  6831   0    0  6.7710280268E+003  2.2015393467E-001 -1.8865175298E-001 -1.1348247023E-001
   1  6832   0    0  6.7720280269E+003  2.2015393467E-001 -1.8865175298E-001 -1.1348247023E-001
   1  6833   0    0  6.7730280270E+003  2.2015393467E-001 -1.8865175298E-001 -1.1348247023E-001
   1  6834   0    0  6.7740280271E+003  2.2015393467E-001 -1.8865175298E-001 -1.1348247023E-001
   1  6835   0    0  6.7750280272E+003  2.2015393467E-001 -1.8865175298E-001 -1.1348247023E-001
   1  6836   0    0  6.7760280273E+003  2.2015393467E-001 -1.8865175298E-001 -1.1348247023E-001
   1  6837   0    0  6.7770280274E+003  2.2015393467E-001 -1.8865175298E-001 -1.1348247023E-001
   1  6838   0    0  6.7780280275E+003  2.2015393467E-001 -1.8865175298E-001 -1.1348247023E-001
   1  6839   0    0  6.7790280276E+003  2.2015393467E-001 -1.8865175298E-001 -1.1348247023E-001
   1  6840   4  343  6.7800280277E+003  2.2015393467E-001 -1.8865175298E-001 -1.1348247023E-001
   1  6841   0    0  6.7810280278E+003  2.2015393467E-001 -1.8865175298E-001 -1.1348247023E-001
   1  6842   0    0  6.7820280279E+003  2.2015393467E-001 -1.8865175298E-001 -1.1348247023E-001
   1  6843   0    0  6.7830280280E+003  2.2015393467E-001 -1.8865175298E-001 -1.1348247023E-001
   1  6844   0    0  6.7840280281E+003  2.2015393467E-001 -1.8865175298E-001 -1.1348247023E-001
   1  6845   0    0  6.7850280282E+003  2.2015393467E-001 -1.8865175298E-001 -1.1348247023E-001
   1  6846   0    0  6.7860280283E+003  2.2015393467E-001 -1.8865175298E-001 -1.1348247023E-001
   1  6847   0    0  6.7870280284E+003  2.2015393467E-001 -1.8865175298E-001 -1.1348247023E-001
   1  6848   0    0  6.7880280285E+003  2.2015393467E-001 -1.8865175298E-001 -1.1348247023E-001
   1  6849   0    0  6.7890280286E+003  2.2015393467E-001 -1.8865175298E-001 -1.1348247023E-001
   1  6850   0    0  6.7900280287E+003  2.2015393467E-001 -1.8865175298E-001 -1.1348247023E-001
   1  6851   0    0  6.7910280288E+003  2.2015393467E-001 -1.8865175298E-001 -1.1348247023E-001
   1  6852   0    0  6.7920280289E+003  2.2015393467E-001 -1.8865175298E-001 -1.1348247023E-001
   1  6853   0    0  6.7930280290E+003  2.2015393467E-001 -1.8865175298E-001 -1.1348247023E-001
   1  6854   0    0  6.7940280291E+003  2.2015393467E-001 -1.8865175298E-001 -1.1348247023E-001
   1  6855   0    0  6.7950280292E+003  2.2015393467E-001 -1.8865175298E-001 -1.1348247023E-001
   1  6856   0    0  6.7960280293E+003  2.2015393467E-001 -1.8865175298E-001 -1.1348247023E-001
   1  6857   0    0  6.7970280294E+003  2.2015393467E-001 -1.8865175298E-001 -1.1348247023E-001
   1  6858   0    0  6.7980280295E+003  2.2015393467E-001 -1.8865175298E-001 -1.1348247023E-001
   1  6859   0    0  6.7990280296E+003  2.2015393467E-001 -1.8865175298E-001 -1.1348247023E-001
   1  6860   4  344  6.8000280297E+003  2.2015393467E-001 -1.8865175298E-001 -1.1348247023E-001
   1  6861   0    0  6.8010280298E+003  2.2015393467E-001 -1.8865175298E-001 -1.1348247023E-001
   1  6862   0    0  6.8020280299E+003  2.2015393467E-001 -1.8865175298E-001 -1.1348247023E-001
   1  6863   0    0  6.8030280300E+003  2.2015393467E-001 -1.8865175298E-001 -1.1348247023E-001
   1  6864   0    0  6.8040280301E+003  2.2015393467E-001 -1.8865175298E-001 -1.1348247023E-001
   1  6865   0    0  6.8050280302E+003  2.2015393467E-001 -1.8865175298E-001 -1.1348247023E-001
   1  6866   0    0  6.8060280303E+003  2.2015393467E-001 -1.8865175298E-001 -1.1348247023E-001
   1  6867   0    0  6.8070280304E+003  2.2015393467E-001 -1.8865175298E-001 -1.1348247023E-001
   1  6868   0    0  6.8080280305E+003  2.2015393467E-001 -1.8865175298E-001 -1.1348247023E-001
   1  6869   0    0  6.8090280306E+003  2.2015393467E-001 -1.8865175298E-001 -1.1348247023E-001
   1  6870   0    0  6.8100280307E+003  2.2015393467E-001 -1.8865175298E-001 -1.1348247023E-001
   1  6871   0    0  6.8110280308E+003  2.2015393467E-001 -1.8865175298E-001 -1.1348247023E-001
   1  6872   0    0  6.8120280309E+003  2.2015393467E-001 -1.8865175298E-001 -1.1348247023E-001
   1  6873   0    0  6.8130280310E+003  2.2015393467E-001 -1.8865175298E-001 -1.1348247023E-001
   1  6874   0    0  6.8140280311E+003  2.2015393467E-001 -1.8865175298E-001 -1.1348247023E-001
   1  6875   0    0  6.8150280312E+003  2.2015393467E-001 -1.8865175298E-001 -1.1348247023E-001
   1  6876   0    0  6.8160280313E+003  2.2015393467E-001 -1.8865175298E-001 -1.1348247023E-001
   1  6877   0    0  6.8170280314E+003  2.2015393467E-001 -1.8865175298E-001 -1.1348247023E-001
   1  6878   0    0  6.8180280315E+003  2.2015393467E-001 -1.8865175298E-001 -1.1348247023E-001
   1  6879   0    0  6.8190280316E+003  2.2015393467E-001 -1.8865175298E-001 -1.1348247023E-001
   1  6880   4  345  6.8200280317E+003  2.2015393467E-001 -1.8865175298E-001 -1.1348247023E-001
   1  6881   0    0  6.8210280318E+003  2.2015393467E-001 -1.8865175298E-001 -1.1348247023E-001
   1  6882   0    0  6.8220280319E+003  2.2015393467E-001 -1.8865175298E-001 -1.1348247023E-001
   1  6883   0    0  6.8230280320E+003  2.2015393467E-001 -1.8865175298E-001 -1.1348247023E-001
   1  6884   0    0  6.8240280321E+003  2.2015393467E-001 -1.8865175298E-001 -1.1348247023E-001
   1  6885   0    0  6.8250280322E+003  2.2015393467E-001 -1.8865175298E-001 -1.1348247023E-001
   1  6886   0    0  6.8260280323E+003  2.2015393467E-001 -1.8865175298E-001 -1.1348247023E-001
   1  6887   0    0  6.8270280324E+003  2.2015393467E-001 -1.8865175298E-001 -1.1348247023E-001
   1  6888   0    0  6.8280280325E+003  2.2015393467E-001 -1.8865175298E-001 -1.1348247023E-001
   1  6889   0    0  6.8290280326E+003  2.2015393467E-001 -1.8865175298E-001 -1.1348247023E-001
   1  6890   0    0  6.8300280327E+003  2.2015393467E-001 -1.8865175298E-001 -1.1348247023E-001
   1  6891   0    0  6.8310280328E+003  2.2015393467E-001 -1.8865175298E-001 -1.1348247023E-001
   1  6892   0    0  6.8320280329E+003  2.2015393467E-001 -1.8865175298E-001 -1.1348247023E-001
   1  6893   0    0  6.8330280330E+003  2.2015393467E-001 -1.8865175298E-001 -1.1348247023E-001
   1  6894   0    0  6.8340280331E+003  2.2015393467E-001 -1.8865175298E-001 -1.1348247023E-001
   1  6895   0    0  6.8350280332E+003  2.2015393467E-001 -1.8865175298E-001 -1.1348247023E-001
   1  6896   0    0  6.8360280333E+003  2.2015393467E-001 -1.8865175298E-001 -1.1348247023E-001
   1  6897   0    0  6.8370280334E+003  2.2015393467E-001 -1.8865175298E-001 -1.1348247023E-001
   1  6898   0    0  6.8380280335E+003  2.2015393467E-001 -1.8865175298E-001 -1.1348247023E-001
   1  6899   0    0  6.8390280336E+003  2.2015393467E-001 -1.8865175298E-001 -1.1348247023E-001
   1  6900   4  346  6.8400280337E+003  2.2015393467E-001 -1.8865175298E-001 -1.1348247023E-001
   1  6901   0    0  6.8410280338E+003  2.2015393467E-001 -1.8865175298E-001 -1.1348247023E-001
   1  6902   0    0  6.8420280339E+003  2.2015393467E-001 -1.8865175298E-001 -1.1348247023E-001
   1  6903   0    0  6.8430280340E+003  2.2015393467E-001 -1.8865175298E-001 -1.1348247023E-001
   1  6904   0    0  6.8440280341E+003  2.2015393467E-001 -1.8865175298E-001 -1.1348247023E-001
   1  6905   0    0  6.8450280342E+003  2.2015393467E-001 -1.8865175298E-001 -1.1348247023E-001
   1  6906   0    0  6.8460280343E+003  2.2015393467E-001 -1.8865175298E-001 -1.1348247023E-001
   1  6907   0    0  6.8470280344E+003  2.2015393467E-001 -1.8865175298E-001 -1.1348247023E-001
   1  6908   0    0  6.8480280345E+003  2.2015393467E-001 -1.8865175298E-001 -1.1348247023E-001
   1  6909   0    0  6.8490280346E+003  2.2015393467E-001 -1.8865175298E-001 -1.1348247023E-001
   1  6910   0    0  6.8500280347E+003  2.2015393467E-001 -1.8865175298E-001 -1.1348247023E-001
   1  6911   0    0  6.8510280348E+003  2.2015393467E-001 -1.8865175298E-001 -1.1348247023E-001
   1  6912   0    0  6.8520280349E+003  2.2015393467E-001 -1.8865175298E-001 -1.1348247023E-001
   1  6913   0    0  6.8530280350E+003  2.2015393467E-001 -1.8865175298E-001 -1.1348247023E-001
   1  6914   0    0  6.8540280351E+003  2.2015393467E-001 -1.8865175298E-001 -1.1348247023E-001
   1  6915   0    0  6.8550280352E+003  2.2015393467E-001 -1.8865175298E-001 -1.1348247023E-001
   1  6916   0    0  6.8560280353E+003  2.2015393467E-001 -1.8865175298E-001 -1.1348247023E-001
   1  6917   0    0  6.8570280354E+003  2.2015393467E-001 -1.8865175298E-001 -1.1348247023E-001
   1  6918   0    0  6.8580280355E+003  2.2015393467E-001 -1.8865175298E-001 -1.1348247023E-001
   1  6919   0    0  6.8590280356E+003  2.2015393467E-001 -1.8865175298E-001 -1.1348247023E-001
   1  6920   4  347  6.8600280357E+003  2.2015393467E-001 -1.8865175298E-001 -1.1348247023E-001
   1  6921   0    0  6.8610280358E+003  2.2015393467E-001 -1.8865175298E-001 -1.1348247023E-001
   1  6922   0    0  6.8620280359E+003  2.2015393467E-001 -1.8865175298E-001 -1.1348247023E-001
   1  6923   0    0  6.8630280360E+003  2.2015393467E-001 -1.8865175298E-001 -1.1348247023E-001
   1  6924   0    0  6.8640280361E+003  2.2015393467E-001 -1.8865175298E-001 -1.1348247023E-001
   1  6925   0    0  6.8650280362E+003  2.2015393467E-001 -1.8865175298E-001 -1.1348247023E-001
   1  6926   0    0  6.8660280363E+003  2.2015393467E-001 -1.8865175298E-001 -1.1348247023E-001
   1  6927   0    0  6.8670280364E+003  2.2015393467E-001 -1.8865175298E-001 -1.1348247023E-001
   1  6928   0    0  6.8680280365E+003  2.2015393467E-001 -1.8865175298E-001 -1.1348247023E-001
   1  6929   0    0  6.8690280366E+003  2.2015393467E-001 -1.8865175298E-001 -1.1348247023E-001
   1  6930   0    0  6.8700280367E+003  2.2015393467E-001 -1.8865175298E-001 -1.1348247023E-001
   1  6931   0    0  6.8710280368E+003  2.2015393467E-001 -1.8865175298E-001 -1.1348247023E-001
   1  6932   0    0  6.8720280369E+003  2.2015393467E-001 -1.8865175298E-001 -1.1348247023E-001
   1  6933   0    0  6.8730280370E+003  2.2015393467E-001 -1.8865175298E-001 -1.1348247023E-001
   1  6934   0    0  6.8740280371E+003  2.2015393467E-001 -1.8865175298E-001 -1.1348247023E-001
   1  6935   0    0  6.8750280372E+003  2.2015393467E-001 -1.8865175298E-001 -1.1348247023E-001
   1  6936   0    0  6.8760280373E+003  2.2015393467E-001 -1.8865175298E-001 -1.1348247023E-001
   1  6937   0    0  6.8770280374E+003  2.2015393467E-001 -1.8865175298E-001 -1.1348247023E-001
   1  6938   0    0  6.8780280375E+003  2.2015393467E-001 -1.8865175298E-001 -1.1348247023E-001
   1  6939   0    0  6.8790280376E+003  2.2015393467E-001 -1.8865175298E-001 -1.1348247023E-001
   1  6940   4  348  6.8800280377E+003  2.2015393467E-001 -1.8865175298E-001 -1.1348247023E-001
   1  6941   0    0  6.8810280378E+003  2.2015393467E-001 -1.8865175298E-001 -1.1348247023E-001
   1  6942   0    0  6.8820280379E+003  2.2015393467E-001 -1.8865175298E-001 -1.1348247023E-001
   1  6943   0    0  6.8830280380E+003  2.2015393467E-001 -1.8865175298E-001 -1.1348247023E-001
   1  6944   0    0  6.8840280381E+003  2.2015393467E-001 -1.8865175298E-001 -1.1348247023E-001
   1  6945   0    0  6.8850280382E+003  2.2015393467E-001 -1.8865175298E-001 -1.1348247023E-001
   1  6946   0    0  6.8860280383E+003  2.2015393467E-001 -1.8865175298E-001 -1.1348247023E-001
   1  6947   0    0  6.8870280384E+003  2.2015393467E-001 -1.8865175298E-001 -1.1348247023E-001
   1  6948   0    0  6.8880280385E+003  2.2015393467E-001 -1.8865175298E-001 -1.1348247023E-001
   1  6949   0    0  6.8890280386E+003  2.2015393467E-001 -1.8865175298E-001 -1.1348247023E-001
   1  6950   0    0  6.8900280387E+003  2.2015393467E-001 -1.8865175298E-001 -1.1348247023E-001
   1  6951   0    0  6.8910280388E+003  2.2015393467E-001 -1.8865175298E-001 -1.1348247023E-001
   1  6952   0    0  6.8920280389E+003  2.2015393467E-001 -1.8865175298E-001 -1.1348247023E-001
   1  6953   0    0  6.8930280390E+003  2.2015393467E-001 -1.8865175298E-001 -1.1348247023E-001
   1  6954   0    0  6.8940280391E+003  2.2015393467E-001 -1.8865175298E-001 -1.1348247023E-001
   1  6955   0    0  6.8950280392E+003  2.2015393467E-001 -1.8865175298E-001 -1.1348247023E-001
   1  6956   0    0  6.8960280393E+003  2.2015393467E-001 -1.8865175298E-001 -1.1348247023E-001
   1  6957   0    0  6.8970280394E+003  2.2015393467E-001 -1.8865175298E-001 -1.1348247023E-001
   1  6958   0    0  6.8980280395E+003  2.2015393467E-001 -1.8865175298E-001 -1.1348247023E-001
   1  6959   0    0  6.8990280396E+003  2.2015393467E-001 -1.8865175298E-001 -1.1348247023E-001
   1  6960   4  349  6.9000280397E+003  2.2015393467E-001 -1.8865175298E-001 -1.1348247023E-001
   1  6961   0    0  6.9010280398E+003  2.2015393467E-001 -1.8865175298E-001 -1.1348247023E-001
   1  6962   0    0  6.9020280399E+003  2.2015393467E-001 -1.8865175298E-001 -1.1348247023E-001
   1  6963   0    0  6.9030280400E+003  2.2015393467E-001 -1.8865175298E-001 -1.1348247023E-001
   1  6964   0    0  6.9040280401E+003  2.2015393467E-001 -1.8865175298E-001 -1.1348247023E-001
   1  6965   0    0  6.9050280402E+003  2.2015393467E-001 -1.8865175298E-001 -1.1348247023E-001
   1  6966   0    0  6.9060280403E+003  2.2015393467E-001 -1.8865175298E-001 -1.1348247023E-001
   1  6967   0    0  6.9070280404E+003  2.2015393467E-001 -1.8865175298E-001 -1.1348247023E-001
   1  6968   0    0  6.9080280405E+003  2.2015393467E-001 -1.8865175298E-001 -1.1348247023E-001
   1  6969   0    0  6.9090280406E+003  2.2015393467E-001 -1.8865175298E-001 -1.1348247023E-001
   1  6970   0    0  6.9100280407E+003  2.2015393467E-001 -1.8865175298E-001 -1.1348247023E-001
   1  6971   0    0  6.9110280408E+003  2.2015393467E-001 -1.8865175298E-001 -1.1348247023E-001
   1  6972   0    0  6.9120280409E+003  2.2015393467E-001 -1.8865175298E-001 -1.1348247023E-001
   1  6973   0    0  6.9130280410E+003  2.2015393467E-001 -1.8865175298E-001 -1.1348247023E-001
   1  6974   0    0  6.9140280411E+003  2.2015393467E-001 -1.8865175298E-001 -1.1348247023E-001
   1  6975   0    0  6.9150280412E+003  2.2015393467E-001 -1.8865175298E-001 -1.1348247023E-001
   1  6976   0    0  6.9160280413E+003  2.2015393467E-001 -1.8865175298E-001 -1.1348247023E-001
   1  6977   0    0  6.9170280414E+003  2.2015393467E-001 -1.8865175298E-001 -1.1348247023E-001
   1  6978   0    0  6.9180280415E+003  2.2015393467E-001 -1.8865175298E-001 -1.1348247023E-001
   1  6979   0    0  6.9190280416E+003  2.2015393467E-001 -1.8865175298E-001 -1.1348247023E-001
   1  6980   4  350  6.9200280417E+003  2.2015393467E-001 -1.8865175298E-001 -1.1348247023E-001
   1  6981   0    0  6.9210280418E+003  2.2015393467E-001 -1.8865175298E-001 -1.1348247023E-001
   1  6982   0    0  6.9220280419E+003  2.2015393467E-001 -1.8865175298E-001 -1.1348247023E-001
   1  6983   0    0  6.9230280420E+003  2.2015393467E-001 -1.8865175298E-001 -1.1348247023E-001
   1  6984   0    0  6.9240280421E+003  2.2015393467E-001 -1.8865175298E-001 -1.1348247023E-001
   1  6985   0    0  6.9250280422E+003  2.2015393467E-001 -1.8865175298E-001 -1.1348247023E-001
   1  6986   0    0  6.9260280423E+003  2.2015393467E-001 -1.8865175298E-001 -1.1348247023E-001
   1  6987   0    0  6.9270280424E+003  2.2015393467E-001 -1.8865175298E-001 -1.1348247023E-001
   1  6988   0    0  6.9280280425E+003  2.2015393467E-001 -1.8865175298E-001 -1.1348247023E-001
   1  6989   0    0  6.9290280426E+003  2.2015393467E-001 -1.8865175298E-001 -1.1348247023E-001
   1  6990   0    0  6.9300280427E+003  2.2015393467E-001 -1.8865175298E-001 -1.1348247023E-001
   1  6991   0    0  6.9310280428E+003  2.2015393467E-001 -1.8865175298E-001 -1.1348247023E-001
   1  6992   0    0  6.9320280429E+003  2.2015393467E-001 -1.8865175298E-001 -1.1348247023E-001
   1  6993   0    0  6.9330280430E+003  2.2015393467E-001 -1.8865175298E-001 -1.1348247023E-001
   1  6994   0    0  6.9340280431E+003  2.2015393467E-001 -1.8865175298E-001 -1.1348247023E-001
   1  6995   0    0  6.9350280432E+003  2.2015393467E-001 -1.8865175298E-001 -1.1348247023E-001
   1  6996   0    0  6.9360280433E+003  2.2015393467E-001 -1.8865175298E-001 -1.1348247023E-001
   1  6997   0    0  6.9370280434E+003  2.2015393467E-001 -1.8865175298E-001 -1.1348247023E-001
   1  6998   0    0  6.9380280435E+003  2.2015393467E-001 -1.8865175298E-001 -1.1348247023E-001
   1  6999   0    0  6.9390280436E+003  2.2015393467E-001 -1.8865175298E-001 -1.1348247023E-001
   1  7000   4  351  6.9400280437E+003  2.2015393467E-001 -1.8865175298E-001 -1.1348247023E-001
   1  7001   0    0  6.9410280438E+003  2.2015393467E-001 -1.8865175298E-001 -1.1348247023E-001
   1  7002   0    0  6.9420280439E+003  2.2015393467E-001 -1.8865175298E-001 -1.1348247023E-001
   1  7003   0    0  6.9430280440E+003  2.2015393467E-001 -1.8865175298E-001 -1.1348247023E-001
   1  7004   0    0  6.9440280441E+003  2.2015393467E-001 -1.8865175298E-001 -1.1348247023E-001
   1  7005   0    0  6.9450280442E+003  2.2015393467E-001 -1.8865175298E-001 -1.1348247023E-001
   1  7006   0    0  6.9460280443E+003  2.2015393467E-001 -1.8865175298E-001 -1.1348247023E-001
   1  7007   0    0  6.9470280444E+003  2.2015393467E-001 -1.8865175298E-001 -1.1348247023E-001
   1  7008   0    0  6.9480280445E+003  2.2015393467E-001 -1.8865175298E-001 -1.1348247023E-001
   1  7009   0    0  6.9490280446E+003  2.2015393467E-001 -1.8865175298E-001 -1.1348247023E-001
   1  7010   0    0  6.9500280447E+003  2.2015393467E-001 -1.8865175298E-001 -1.1348247023E-001
   1  7011   0    0  6.9510280448E+003  2.2015393467E-001 -1.8865175298E-001 -1.1348247023E-001
   1  7012   0    0  6.9520280449E+003  2.2015393467E-001 -1.8865175298E-001 -1.1348247023E-001
   1  7013   0    0  6.9530280450E+003  2.2015393467E-001 -1.8865175298E-001 -1.1348247023E-001
   1  7014   0    0  6.9540280451E+003  2.2015393467E-001 -1.8865175298E-001 -1.1348247023E-001
   1  7015   0    0  6.9550280452E+003  2.2015393467E-001 -1.8865175298E-001 -1.1348247023E-001
   1  7016   0    0  6.9560280453E+003  2.2015393467E-001 -1.8865175298E-001 -1.1348247023E-001
   1  7017   0    0  6.9570280454E+003  2.2015393467E-001 -1.8865175298E-001 -1.1348247023E-001
   1  7018   0    0  6.9580280455E+003  2.2015393467E-001 -1.8865175298E-001 -1.1348247023E-001
   1  7019   0    0  6.9590280456E+003  2.2015393467E-001 -1.8865175298E-001 -1.1348247023E-001
   1  7020   4  352  6.9600280457E+003  2.2015393467E-001 -1.8865175298E-001 -1.1348247023E-001
   1  7021   0    0  6.9610280458E+003  2.2015393467E-001 -1.8865175298E-001 -1.1348247023E-001
   1  7022   0    0  6.9620280459E+003  2.2015393467E-001 -1.8865175298E-001 -1.1348247023E-001
   1  7023   0    0  6.9630280460E+003  2.2015393467E-001 -1.8865175298E-001 -1.1348247023E-001
   1  7024   0    0  6.9640280461E+003  2.2015393467E-001 -1.8865175298E-001 -1.1348247023E-001
   1  7025   0    0  6.9650280462E+003  2.2015393467E-001 -1.8865175298E-001 -1.1348247023E-001
   1  7026   0    0  6.9660280463E+003  2.2015393467E-001 -1.8865175298E-001 -1.1348247023E-001
   1  7027   0    0  6.9670280464E+003  2.2015393467E-001 -1.8865175298E-001 -1.1348247023E-001
   1  7028   0    0  6.9680280465E+003  2.2015393467E-001 -1.8865175298E-001 -1.1348247023E-001
   1  7029   0    0  6.9690280466E+003  2.2015393467E-001 -1.8865175298E-001 -1.1348247023E-001
   1  7030   0    0  6.9700280467E+003  2.2015393467E-001 -1.8865175298E-001 -1.1348247023E-001
   1  7031   0    0  6.9710280468E+003  2.2015393467E-001 -1.8865175298E-001 -1.1348247023E-001
   1  7032   0    0  6.9720280469E+003  2.2015393467E-001 -1.8865175298E-001 -1.1348247023E-001
   1  7033   0    0  6.9730280470E+003  2.2015393467E-001 -1.8865175298E-001 -1.1348247023E-001
   1  7034   0    0  6.9740280471E+003  2.2015393467E-001 -1.8865175298E-001 -1.1348247023E-001
   1  7035   0    0  6.9750280472E+003  2.2015393467E-001 -1.8865175298E-001 -1.1348247023E-001
   1  7036   0    0  6.9760280473E+003  2.2015393467E-001 -1.8865175298E-001 -1.1348247023E-001
   1  7037   0    0  6.9770280474E+003  2.2015393467E-001 -1.8865175298E-001 -1.1348247023E-001
   1  7038   0    0  6.9780280475E+003  2.2015393467E-001 -1.8865175298E-001 -1.1348247023E-001
   1  7039   0    0  6.9790280476E+003  2.2015393467E-001 -1.8865175298E-001 -1.1348247023E-001
   1  7040   4  353  6.9800280477E+003  2.2015393467E-001 -1.8865175298E-001 -1.1348247023E-001
   1  7041   0    0  6.9810280478E+003  2.2015393467E-001 -1.8865175298E-001 -1.1348247023E-001
   1  7042   0    0  6.9820280479E+003  2.2015393467E-001 -1.8865175298E-001 -1.1348247023E-001
   1  7043   0    0  6.9830280480E+003  2.2015393467E-001 -1.8865175298E-001 -1.1348247023E-001
   1  7044   0    0  6.9840280481E+003  2.2015393467E-001 -1.8865175298E-001 -1.1348247023E-001
   1  7045   0    0  6.9850280482E+003  2.2015393467E-001 -1.8865175298E-001 -1.1348247023E-001
   1  7046   0    0  6.9860280483E+003  2.2015393467E-001 -1.8865175298E-001 -1.1348247023E-001
   1  7047   0    0  6.9870280484E+003  2.2015393467E-001 -1.8865175298E-001 -1.1348247023E-001
   1  7048   0    0  6.9880280485E+003  2.2015393467E-001 -1.8865175298E-001 -1.1348247023E-001
   1  7049   0    0  6.9890280486E+003  2.2015393467E-001 -1.8865175298E-001 -1.1348247023E-001
   1  7050   0    0  6.9900280487E+003  2.2015393467E-001 -1.8865175298E-001 -1.1348247023E-001
   1  7051   0    0  6.9910280488E+003  2.2015393467E-001 -1.8865175298E-001 -1.1348247023E-001
   1  7052   0    0  6.9920280489E+003  2.2015393467E-001 -1.8865175298E-001 -1.1348247023E-001
   1  7053   0    0  6.9930280490E+003  2.2015393467E-001 -1.8865175298E-001 -1.1348247023E-001
   1  7054   0    0  6.9940280491E+003  2.2015393467E-001 -1.8865175298E-001 -1.1348247023E-001
   1  7055   0    0  6.9950280492E+003  2.2015393467E-001 -1.8865175298E-001 -1.1348247023E-001
   1  7056   0    0  6.9960280493E+003  2.2015393467E-001 -1.8865175298E-001 -1.1348247023E-001
   1  7057   0    0  6.9970280494E+003  2.2015393467E-001 -1.8865175298E-001 -1.1348247023E-001
   1  7058   0    0  6.9980280495E+003  2.2015393467E-001 -1.8865175298E-001 -1.1348247023E-001
   1  7059   0    0  6.9990280496E+003  2.2015393467E-001 -1.8865175298E-001 -1.1348247023E-001
   1  7060   4  354  7.0000280497E+003  2.2015393467E-001 -1.8865175298E-001 -1.1348247023E-001
   1  7061   0    0  7.0010280498E+003  2.2015393467E-001 -1.8865175298E-001 -1.1348247023E-001
   1  7062   0    0  7.0020280499E+003  2.2015393467E-001 -1.8865175298E-001 -1.1348247023E-001
   1  7063   0    0  7.0030280500E+003  2.2015393467E-001 -1.8865175298E-001 -1.1348247023E-001
   1  7064   0    0  7.0040280501E+003  2.2015393467E-001 -1.8865175298E-001 -1.1348247023E-001
   1  7065   0    0  7.0050280502E+003  2.2015393467E-001 -1.8865175298E-001 -1.1348247023E-001
   1  7066   0    0  7.0060280503E+003  2.2015393467E-001 -1.8865175298E-001 -1.1348247023E-001
   1  7067   0    0  7.0070280504E+003  2.2015393467E-001 -1.8865175298E-001 -1.1348247023E-001
   1  7068   0    0  7.0080280505E+003  2.2015393467E-001 -1.8865175298E-001 -1.1348247023E-001
   1  7069   0    0  7.0090280506E+003  2.2015393467E-001 -1.8865175298E-001 -1.1348247023E-001
   1  7070   0    0  7.0100280507E+003  2.2015393467E-001 -1.8865175298E-001 -1.1348247023E-001
   1  7071   0    0  7.0110280508E+003  2.2015393467E-001 -1.8865175298E-001 -1.1348247023E-001
   1  7072   0    0  7.0120280509E+003  2.2015393467E-001 -1.8865175298E-001 -1.1348247023E-001
   1  7073   0    0  7.0130280510E+003  2.2015393467E-001 -1.8865175298E-001 -1.1348247023E-001
   1  7074   0    0  7.0140280511E+003  2.2015393467E-001 -1.8865175298E-001 -1.1348247023E-001
   1  7075   0    0  7.0150280512E+003  2.2015393467E-001 -1.8865175298E-001 -1.1348247023E-001
   1  7076   0    0  7.0160280513E+003  2.2015393467E-001 -1.8865175298E-001 -1.1348247023E-001
   1  7077   0    0  7.0170280514E+003  2.2015393467E-001 -1.8865175298E-001 -1.1348247023E-001
   1  7078   0    0  7.0180280515E+003  2.2015393467E-001 -1.8865175298E-001 -1.1348247023E-001
   1  7079   0    0  7.0190280516E+003  2.2015393467E-001 -1.8865175298E-001 -1.1348247023E-001
   1  7080   4  355  7.0200280517E+003  2.2015393467E-001 -1.8865175298E-001 -1.1348247023E-001
   1  7081   0    0  7.0210280518E+003  2.2015393467E-001 -1.8865175298E-001 -1.1348247023E-001
   1  7082   0    0  7.0220280519E+003  2.2015393467E-001 -1.8865175298E-001 -1.1348247023E-001
   1  7083   0    0  7.0230280520E+003  2.2015393467E-001 -1.8865175298E-001 -1.1348247023E-001
   1  7084   0    0  7.0240280521E+003  2.2015393467E-001 -1.8865175298E-001 -1.1348247023E-001
   1  7085   0    0  7.0250280522E+003  2.2015393467E-001 -1.8865175298E-001 -1.1348247023E-001
   1  7086   0    0  7.0260280523E+003  2.2015393467E-001 -1.8865175298E-001 -1.1348247023E-001
   1  7087   0    0  7.0270280524E+003  2.2015393467E-001 -1.8865175298E-001 -1.1348247023E-001
   1  7088   0    0  7.0280280525E+003  2.2015393467E-001 -1.8865175298E-001 -1.1348247023E-001
   1  7089   0    0  7.0290280526E+003  2.2015393467E-001 -1.8865175298E-001 -1.1348247023E-001
   1  7090   0    0  7.0300280527E+003  2.2015393467E-001 -1.8865175298E-001 -1.1348247023E-001
   1  7091   0    0  7.0310280528E+003  2.2015393467E-001 -1.8865175298E-001 -1.1348247023E-001
   1  7092   0    0  7.0320280529E+003  2.2015393467E-001 -1.8865175298E-001 -1.1348247023E-001
   1  7093   0    0  7.0330280530E+003  2.2015393467E-001 -1.8865175298E-001 -1.1348247023E-001
   1  7094   0    0  7.0340280531E+003  2.2015393467E-001 -1.8865175298E-001 -1.1348247023E-001
   1  7095   0    0  7.0350280532E+003  2.2015393467E-001 -1.8865175298E-001 -1.1348247023E-001
   1  7096   0    0  7.0360280533E+003  2.2015393467E-001 -1.8865175298E-001 -1.1348247023E-001
   1  7097   0    0  7.0370280534E+003  2.2015393467E-001 -1.8865175298E-001 -1.1348247023E-001
   1  7098   0    0  7.0380280535E+003  2.2015393467E-001 -1.8865175298E-001 -1.1348247023E-001
   1  7099   0    0  7.0390280536E+003  2.2015393467E-001 -1.8865175298E-001 -1.1348247023E-001
   1  7100   4  356  7.0400280537E+003  2.2015393467E-001 -1.8865175298E-001 -1.1348247023E-001
   1  7101   0    0  7.0410280538E+003  2.2015393467E-001 -1.8865175298E-001 -1.1348247023E-001
   1  7102   0    0  7.0420280539E+003  2.2015393467E-001 -1.8865175298E-001 -1.1348247023E-001
   1  7103   0    0  7.0430280540E+003  2.2015393467E-001 -1.8865175298E-001 -1.1348247023E-001
   1  7104   0    0  7.0440280541E+003  2.2015393467E-001 -1.8865175298E-001 -1.1348247023E-001
   1  7105   0    0  7.0450280542E+003  2.2015393467E-001 -1.8865175298E-001 -1.1348247023E-001
   1  7106   0    0  7.0460280543E+003  2.2015393467E-001 -1.8865175298E-001 -1.1348247023E-001
   1  7107   0    0  7.0470280544E+003  2.2015393467E-001 -1.8865175298E-001 -1.1348247023E-001
   1  7108   0    0  7.0480280545E+003  2.2015393467E-001 -1.8865175298E-001 -1.1348247023E-001
   1  7109   0    0  7.0490280546E+003  2.2015393467E-001 -1.8865175298E-001 -1.1348247023E-001
   1  7110   0    0  7.0500280547E+003  2.2015393467E-001 -1.8865175298E-001 -1.1348247023E-001
   1  7111   0    0  7.0510280548E+003  2.2015393467E-001 -1.8865175298E-001 -1.1348247023E-001
   1  7112   0    0  7.0520280549E+003  2.2015393467E-001 -1.8865175298E-001 -1.1348247023E-001
   1  7113   0    0  7.0530280550E+003  2.2015393467E-001 -1.8865175298E-001 -1.1348247023E-001
   1  7114   0    0  7.0540280551E+003  2.2015393467E-001 -1.8865175298E-001 -1.1348247023E-001
   1  7115   0    0  7.0550280552E+003  2.2015393467E-001 -1.8865175298E-001 -1.1348247023E-001
   1  7116   0    0  7.0560280553E+003  2.2015393467E-001 -1.8865175298E-001 -1.1348247023E-001
   1  7117   0    0  7.0570280554E+003  2.2015393467E-001 -1.8865175298E-001 -1.1348247023E-001
   1  7118   0    0  7.0580280555E+003  2.2015393467E-001 -1.8865175298E-001 -1.1348247023E-001
   1  7119   0    0  7.0590280556E+003  2.2015393467E-001 -1.8865175298E-001 -1.1348247023E-001
   1  7120   4  357  7.0600280557E+003  2.2015393467E-001 -1.8865175298E-001 -1.1348247023E-001
   1  7121   0    0  7.0610280558E+003  2.2015393467E-001 -1.8865175298E-001 -1.1348247023E-001
   1  7122   0    0  7.0620280559E+003  2.2015393467E-001 -1.8865175298E-001 -1.1348247023E-001
   1  7123   0    0  7.0630280560E+003  2.2015393467E-001 -1.8865175298E-001 -1.1348247023E-001
   1  7124   0    0  7.0640280561E+003  2.2015393467E-001 -1.8865175298E-001 -1.1348247023E-001
   1  7125   0    0  7.0650280562E+003  2.2015393467E-001 -1.8865175298E-001 -1.1348247023E-001
   1  7126   0    0  7.0660280563E+003  2.2015393467E-001 -1.8865175298E-001 -1.1348247023E-001
   1  7127   0    0  7.0670280564E+003  2.2015393467E-001 -1.8865175298E-001 -1.1348247023E-001
   1  7128   0    0  7.0680280565E+003  2.2015393467E-001 -1.8865175298E-001 -1.1348247023E-001
   1  7129   0    0  7.0690280566E+003  2.2015393467E-001 -1.8865175298E-001 -1.1348247023E-001
   1  7130   0    0  7.0700280567E+003  2.2015393467E-001 -1.8865175298E-001 -1.1348247023E-001
   1  7131   0    0  7.0710280568E+003  2.2015393467E-001 -1.8865175298E-001 -1.1348247023E-001
   1  7132   0    0  7.0720280569E+003  2.2015393467E-001 -1.8865175298E-001 -1.1348247023E-001
   1  7133   0    0  7.0730280570E+003  2.2015393467E-001 -1.8865175298E-001 -1.1348247023E-001
   1  7134   0    0  7.0740280571E+003  2.2015393467E-001 -1.8865175298E-001 -1.1348247023E-001
   1  7135   0    0  7.0750280572E+003  2.2015393467E-001 -1.8865175298E-001 -1.1348247023E-001
   1  7136   0    0  7.0760280573E+003  2.2015393467E-001 -1.8865175298E-001 -1.1348247023E-001
   1  7137   0    0  7.0770280574E+003  2.2015393467E-001 -1.8865175298E-001 -1.1348247023E-001
   1  7138   0    0  7.0780280575E+003  2.2015393467E-001 -1.8865175298E-001 -1.1348247023E-001
   1  7139   0    0  7.0790280576E+003  2.2015393467E-001 -1.8865175298E-001 -1.1348247023E-001
   1  7140   4  358  7.0800280577E+003  2.2015393467E-001 -1.8865175298E-001 -1.1348247023E-001
   1  7141   0    0  7.0810280578E+003  2.2015393467E-001 -1.8865175298E-001 -1.1348247023E-001
   1  7142   0    0  7.0820280579E+003  2.2015393467E-001 -1.8865175298E-001 -1.1348247023E-001
   1  7143   0    0  7.0830280580E+003  2.2015393467E-001 -1.8865175298E-001 -1.1348247023E-001
   1  7144   0    0  7.0840280581E+003  2.2015393467E-001 -1.8865175298E-001 -1.1348247023E-001
   1  7145   0    0  7.0850280582E+003  2.2015393467E-001 -1.8865175298E-001 -1.1348247023E-001
   1  7146   0    0  7.0860280583E+003  2.2015393467E-001 -1.8865175298E-001 -1.1348247023E-001
   1  7147   0    0  7.0870280584E+003  2.2015393467E-001 -1.8865175298E-001 -1.1348247023E-001
   1  7148   0    0  7.0880280585E+003  2.2015393467E-001 -1.8865175298E-001 -1.1348247023E-001
   1  7149   0    0  7.0890280586E+003  2.2015393467E-001 -1.8865175298E-001 -1.1348247023E-001
   1  7150   0    0  7.0900280587E+003  2.2015393467E-001 -1.8865175298E-001 -1.1348247023E-001
   1  7151   0    0  7.0910280588E+003  2.2015393467E-001 -1.8865175298E-001 -1.1348247023E-001
   1  7152   0    0  7.0920280589E+003  2.2015393467E-001 -1.8865175298E-001 -1.1348247023E-001
   1  7153   0    0  7.0930280590E+003  2.2015393467E-001 -1.8865175298E-001 -1.1348247023E-001
   1  7154   0    0  7.0940280591E+003  2.2015393467E-001 -1.8865175298E-001 -1.1348247023E-001
   1  7155   0    0  7.0950280592E+003  2.2015393467E-001 -1.8865175298E-001 -1.1348247023E-001
   1  7156   0    0  7.0960280593E+003  2.2015393467E-001 -1.8865175298E-001 -1.1348247023E-001
   1  7157   0    0  7.0970280594E+003  2.2015393467E-001 -1.8865175298E-001 -1.1348247023E-001
   1  7158   0    0  7.0980280595E+003  2.2015393467E-001 -1.8865175298E-001 -1.1348247023E-001
   1  7159   0    0  7.0990280596E+003  2.2015393467E-001 -1.8865175298E-001 -1.1348247023E-001
   1  7160   4  359  7.1000280597E+003  2.2015393467E-001 -1.8865175298E-001 -1.1348247023E-001
   1  7161   0    0  7.1010280598E+003  2.2015393467E-001 -1.8865175298E-001 -1.1348247023E-001
   1  7162   0    0  7.1020280599E+003  2.2015393467E-001 -1.8865175298E-001 -1.1348247023E-001
   1  7163   0    0  7.1030280600E+003  2.2015393467E-001 -1.8865175298E-001 -1.1348247023E-001
   1  7164   0    0  7.1040280601E+003  2.2015393467E-001 -1.8865175298E-001 -1.1348247023E-001
   1  7165   0    0  7.1050280602E+003  2.2015393467E-001 -1.8865175298E-001 -1.1348247023E-001
   1  7166   0    0  7.1060280603E+003  2.2015393467E-001 -1.8865175298E-001 -1.1348247023E-001
   1  7167   0    0  7.1070280604E+003  2.2015393467E-001 -1.8865175298E-001 -1.1348247023E-001
   1  7168   0    0  7.1080280605E+003  2.2015393467E-001 -1.8865175298E-001 -1.1348247023E-001
   1  7169   0    0  7.1090280606E+003  2.2015393467E-001 -1.8865175298E-001 -1.1348247023E-001
   1  7170   0    0  7.1100280607E+003  2.2015393467E-001 -1.8865175298E-001 -1.1348247023E-001
   1  7171   0    0  7.1110280608E+003  2.2015393467E-001 -1.8865175298E-001 -1.1348247023E-001
   1  7172   0    0  7.1120280609E+003  2.2015393467E-001 -1.8865175298E-001 -1.1348247023E-001
   1  7173   0    0  7.1130280610E+003  2.2015393467E-001 -1.8865175298E-001 -1.1348247023E-001
   1  7174   0    0  7.1140280611E+003  2.2015393467E-001 -1.8865175298E-001 -1.1348247023E-001
   1  7175   0    0  7.1150280612E+003  2.2015393467E-001 -1.8865175298E-001 -1.1348247023E-001
   1  7176   0    0  7.1160280613E+003  2.2015393467E-001 -1.8865175298E-001 -1.1348247023E-001
   1  7177   0    0  7.1170280614E+003  2.2015393467E-001 -1.8865175298E-001 -1.1348247023E-001
   1  7178   0    0  7.1180280615E+003  2.2015393467E-001 -1.8865175298E-001 -1.1348247023E-001
   1  7179   0    0  7.1190280616E+003  2.2015393467E-001 -1.8865175298E-001 -1.1348247023E-001
   1  7180   4  360  7.1200280617E+003  2.2015393467E-001 -1.8865175298E-001 -1.1348247023E-001
   1  7181   0    0  7.1210280618E+003  2.2015393467E-001 -1.8865175298E-001 -1.1348247023E-001
   1  7182   0    0  7.1220280619E+003  2.2015393467E-001 -1.8865175298E-001 -1.1348247023E-001
   1  7183   0    0  7.1230280620E+003  2.2015393467E-001 -1.8865175298E-001 -1.1348247023E-001
   1  7184   0    0  7.1240280621E+003  2.2015393467E-001 -1.8865175298E-001 -1.1348247023E-001
   1  7185   0    0  7.1250280622E+003  2.2015393467E-001 -1.8865175298E-001 -1.1348247023E-001
   1  7186   0    0  7.1260280623E+003  2.2015393467E-001 -1.8865175298E-001 -1.1348247023E-001
   1  7187   0    0  7.1270280624E+003  2.2015393467E-001 -1.8865175298E-001 -1.1348247023E-001
   1  7188   0    0  7.1280280625E+003  2.2015393467E-001 -1.8865175298E-001 -1.1348247023E-001
   1  7189   0    0  7.1290280626E+003  2.2015393467E-001 -1.8865175298E-001 -1.1348247023E-001
   1  7190   0    0  7.1300280627E+003  2.2015393467E-001 -1.8865175298E-001 -1.1348247023E-001
   1  7191   0    0  7.1310280628E+003  2.2015393467E-001 -1.8865175298E-001 -1.1348247023E-001
   1  7192   0    0  7.1320280629E+003  2.2015393467E-001 -1.8865175298E-001 -1.1348247023E-001
   1  7193   0    0  7.1330280630E+003  2.2015393467E-001 -1.8865175298E-001 -1.1348247023E-001
   1  7194   0    0  7.1340280631E+003  2.2015393467E-001 -1.8865175298E-001 -1.1348247023E-001
   1  7195   0    0  7.1350280632E+003  2.2015393467E-001 -1.8865175298E-001 -1.1348247023E-001
   1  7196   0    0  7.1360280633E+003  2.2015393467E-001 -1.8865175298E-001 -1.1348247023E-001
   1  7197   0    0  7.1370280634E+003  2.2015393467E-001 -1.8865175298E-001 -1.1348247023E-001
   1  7198   0    0  7.1380280635E+003  2.2015393467E-001 -1.8865175298E-001 -1.1348247023E-001
   1  7199   0    0  7.1390280636E+003  2.2015393467E-001 -1.8865175298E-001 -1.1348247023E-001
   1  7200   4  361  7.1400280637E+003  2.2015393467E-001 -1.8865175298E-001 -1.1348247023E-001
   1  7201   0    0  7.1410280638E+003  2.2015393467E-001 -1.8865175298E-001 -1.1348247023E-001
   1  7202   0    0  7.1420280639E+003  2.2015393467E-001 -1.8865175298E-001 -1.1348247023E-001
   1  7203   0    0  7.1430280640E+003  2.2015393467E-001 -1.8865175298E-001 -1.1348247023E-001
   1  7204   0    0  7.1440280641E+003  2.2015393467E-001 -1.8865175298E-001 -1.1348247023E-001
   1  7205   0    0  7.1450280642E+003  2.2015393467E-001 -1.8865175298E-001 -1.1348247023E-001
   1  7206   0    0  7.1460280643E+003  2.2015393467E-001 -1.8865175298E-001 -1.1348247023E-001
   1  7207   0    0  7.1470280644E+003  2.2015393467E-001 -1.8865175298E-001 -1.1348247023E-001
   1  7208   0    0  7.1480280645E+003  2.2015393467E-001 -1.8865175298E-001 -1.1348247023E-001
   1  7209   0    0  7.1490280646E+003  2.2015393467E-001 -1.8865175298E-001 -1.1348247023E-001
   1  7210   0    0  7.1500280647E+003  2.2015393467E-001 -1.8865175298E-001 -1.1348247023E-001
   1  7211   0    0  7.1510280648E+003  2.2015393467E-001 -1.8865175298E-001 -1.1348247023E-001
   1  7212   0    0  7.1520280649E+003  2.2015393467E-001 -1.8865175298E-001 -1.1348247023E-001
   1  7213   0    0  7.1530280650E+003  2.2015393467E-001 -1.8865175298E-001 -1.1348247023E-001
   1  7214   0    0  7.1540280651E+003  2.2015393467E-001 -1.8865175298E-001 -1.1348247023E-001
   1  7215   0    0  7.1550280652E+003  2.2015393467E-001 -1.8865175298E-001 -1.1348247023E-001
   1  7216   0    0  7.1560280653E+003  2.2015393467E-001 -1.8865175298E-001 -1.1348247023E-001
   1  7217   0    0  7.1570280654E+003  2.2015393467E-001 -1.8865175298E-001 -1.1348247023E-001
   1  7218   0    0  7.1580280655E+003  2.2015393467E-001 -1.8865175298E-001 -1.1348247023E-001
   1  7219   0    0  7.1590280656E+003  2.2015393467E-001 -1.8865175298E-001 -1.1348247023E-001
   1  7220   4  362  7.1600280657E+003  2.2015393467E-001 -1.8865175298E-001 -1.1348247023E-001
   1  7221   0    0  7.1610280658E+003  2.2015393467E-001 -1.8865175298E-001 -1.1348247023E-001
   1  7222   0    0  7.1620280659E+003  2.2015393467E-001 -1.8865175298E-001 -1.1348247023E-001
   1  7223   0    0  7.1630280660E+003  2.2015393467E-001 -1.8865175298E-001 -1.1348247023E-001
   1  7224   0    0  7.1640280661E+003  2.2015393467E-001 -1.8865175298E-001 -1.1348247023E-001
   1  7225   0    0  7.1650280662E+003  2.2015393467E-001 -1.8865175298E-001 -1.1348247023E-001
   1  7226   0    0  7.1660280663E+003  2.2015393467E-001 -1.8865175298E-001 -1.1348247023E-001
   1  7227   0    0  7.1670280664E+003  2.2015393467E-001 -1.8865175298E-001 -1.1348247023E-001
   1  7228   0    0  7.1680280665E+003  2.2015393467E-001 -1.8865175298E-001 -1.1348247023E-001
   1  7229   0    0  7.1690280666E+003  2.2015393467E-001 -1.8865175298E-001 -1.1348247023E-001
   1  7230   0    0  7.1700280667E+003  2.2015393467E-001 -1.8865175298E-001 -1.1348247023E-001
   1  7231   0    0  7.1710280668E+003  2.2015393467E-001 -1.8865175298E-001 -1.1348247023E-001
   1  7232   0    0  7.1720280669E+003  2.2015393467E-001 -1.8865175298E-001 -1.1348247023E-001
   1  7233   0    0  7.1730280670E+003  2.2015393467E-001 -1.8865175298E-001 -1.1348247023E-001
   1  7234   0    0  7.1740280671E+003  2.2015393467E-001 -1.8865175298E-001 -1.1348247023E-001
   1  7235   0    0  7.1750280672E+003  2.2015393467E-001 -1.8865175298E-001 -1.1348247023E-001
   1  7236   0    0  7.1760280673E+003  2.2015393467E-001 -1.8865175298E-001 -1.1348247023E-001
   1  7237   0    0  7.1770280674E+003  2.2015393467E-001 -1.8865175298E-001 -1.1348247023E-001
   1  7238   0    0  7.1780280675E+003  2.2015393467E-001 -1.8865175298E-001 -1.1348247023E-001
   1  7239   0    0  7.1790280676E+003  2.2015393467E-001 -1.8865175298E-001 -1.1348247023E-001
   1  7240   4  363  7.1800280677E+003  2.2015393467E-001 -1.8865175298E-001 -1.1348247023E-001
   1  7241   0    0  7.1810280678E+003  2.2015393467E-001 -1.8865175298E-001 -1.1348247023E-001
   1  7242   0    0  7.1820280679E+003  2.2015393467E-001 -1.8865175298E-001 -1.1348247023E-001
   1  7243   0    0  7.1830280680E+003  2.2015393467E-001 -1.8865175298E-001 -1.1348247023E-001
   1  7244   0    0  7.1840280681E+003  2.2015393467E-001 -1.8865175298E-001 -1.1348247023E-001
   1  7245   0    0  7.1850280682E+003  2.2015393467E-001 -1.8865175298E-001 -1.1348247023E-001
   1  7246   0    0  7.1860280683E+003  2.2015393467E-001 -1.8865175298E-001 -1.1348247023E-001
   1  7247   0    0  7.1870280684E+003  2.2015393467E-001 -1.8865175298E-001 -1.1348247023E-001
   1  7248   0    0  7.1880280685E+003  2.2015393467E-001 -1.8865175298E-001 -1.1348247023E-001
   1  7249   0    0  7.1890280686E+003  2.2015393467E-001 -1.8865175298E-001 -1.1348247023E-001
   1  7250   0    0  7.1900280687E+003  2.2015393467E-001 -1.8865175298E-001 -1.1348247023E-001
   1  7251   0    0  7.1910280688E+003  2.2015393467E-001 -1.8865175298E-001 -1.1348247023E-001
   1  7252   0    0  7.1920280689E+003  2.2015393467E-001 -1.8865175298E-001 -1.1348247023E-001
   1  7253   0    0  7.1930280690E+003  2.2015393467E-001 -1.8865175298E-001 -1.1348247023E-001
   1  7254   0    0  7.1940280691E+003  2.2015393467E-001 -1.8865175298E-001 -1.1348247023E-001
   1  7255   0    0  7.1950280692E+003  2.2015393467E-001 -1.8865175298E-001 -1.1348247023E-001
   1  7256   0    0  7.1960280693E+003  2.2015393467E-001 -1.8865175298E-001 -1.1348247023E-001
   1  7257   0    0  7.1970280694E+003  2.2015393467E-001 -1.8865175298E-001 -1.1348247023E-001
   1  7258   0    0  7.1980280695E+003  2.2015393467E-001 -1.8865175298E-001 -1.1348247023E-001
   1  7259   0    0  7.1990280696E+003  2.2015393467E-001 -1.8865175298E-001 -1.1348247023E-001
   1  7260   4  364  7.2000280697E+003  2.2015393467E-001 -1.8865175298E-001 -1.1348247023E-001
   1  7261   0    0  7.2010280698E+003  2.2015393467E-001 -1.8865175298E-001 -1.1348247023E-001
   1  7262   0    0  7.2020280699E+003  2.2015393467E-001 -1.8865175298E-001 -1.1348247023E-001
   1  7263   0    0  7.2030280700E+003  2.2015393467E-001 -1.8865175298E-001 -1.1348247023E-001
   1  7264   0    0  7.2040280701E+003  2.2015393467E-001 -1.8865175298E-001 -1.1348247023E-001
   1  7265   0    0  7.2050280702E+003  2.2015393467E-001 -1.8865175298E-001 -1.1348247023E-001
   1  7266   0    0  7.2060280703E+003  2.2015393467E-001 -1.8865175298E-001 -1.1348247023E-001
   1  7267   0    0  7.2070280704E+003  2.2015393467E-001 -1.8865175298E-001 -1.1348247023E-001
   1  7268   0    0  7.2080280705E+003  2.2015393467E-001 -1.8865175298E-001 -1.1348247023E-001
   1  7269   0    0  7.2090280706E+003  2.2015393467E-001 -1.8865175298E-001 -1.1348247023E-001
   1  7270   0    0  7.2100280707E+003  2.2015393467E-001 -1.8865175298E-001 -1.1348247023E-001
   1  7271   0    0  7.2110280708E+003  2.2015393467E-001 -1.8865175298E-001 -1.1348247023E-001
   1  7272   0    0  7.2120280709E+003  2.2015393467E-001 -1.8865175298E-001 -1.1348247023E-001
   1  7273   0    0  7.2130280710E+003  2.2015393467E-001 -1.8865175298E-001 -1.1348247023E-001
   1  7274   0    0  7.2140280711E+003  2.2015393467E-001 -1.8865175298E-001 -1.1348247023E-001
   1  7275   0    0  7.2150280712E+003  2.2015393467E-001 -1.8865175298E-001 -1.1348247023E-001
   1  7276   0    0  7.2160280713E+003  2.2015393467E-001 -1.8865175298E-001 -1.1348247023E-001
   1  7277   0    0  7.2170280714E+003  2.2015393467E-001 -1.8865175298E-001 -1.1348247023E-001
   1  7278   0    0  7.2180280715E+003  2.2015393467E-001 -1.8865175298E-001 -1.1348247023E-001
   1  7279   0    0  7.2190280716E+003  2.2015393467E-001 -1.8865175298E-001 -1.1348247023E-001
   1  7280   4  365  7.2200280717E+003  2.2015393467E-001 -1.8865175298E-001 -1.1348247023E-001
   1  7281   0    0  7.2210280718E+003  2.2015393467E-001 -1.8865175298E-001 -1.1348247023E-001
   1  7282   0    0  7.2220280719E+003  2.2015393467E-001 -1.8865175298E-001 -1.1348247023E-001
   1  7283   0    0  7.2230280720E+003  2.2015393467E-001 -1.8865175298E-001 -1.1348247023E-001
   1  7284   0    0  7.2240280721E+003  2.2015393467E-001 -1.8865175298E-001 -1.1348247023E-001
   1  7285   0    0  7.2250280722E+003  2.2015393467E-001 -1.8865175298E-001 -1.1348247023E-001
   1  7286   0    0  7.2260280723E+003  2.2015393467E-001 -1.8865175298E-001 -1.1348247023E-001
   1  7287   0    0  7.2270280724E+003  2.2015393467E-001 -1.8865175298E-001 -1.1348247023E-001
   1  7288   0    0  7.2280280725E+003  2.2015393467E-001 -1.8865175298E-001 -1.1348247023E-001
   1  7289   0    0  7.2290280726E+003  2.2015393467E-001 -1.8865175298E-001 -1.1348247023E-001
   1  7290   0    0  7.2300280727E+003  2.2015393467E-001 -1.8865175298E-001 -1.1348247023E-001
   1  7291   0    0  7.2310280728E+003  2.2015393467E-001 -1.8865175298E-001 -1.1348247023E-001
   1  7292   0    0  7.2320280729E+003  2.2015393467E-001 -1.8865175298E-001 -1.1348247023E-001
   1  7293   0    0  7.2330280730E+003  2.2015393467E-001 -1.8865175298E-001 -1.1348247023E-001
   1  7294   0    0  7.2340280731E+003  2.2015393467E-001 -1.8865175298E-001 -1.1348247023E-001
   1  7295   0    0  7.2350280732E+003  2.2015393467E-001 -1.8865175298E-001 -1.1348247023E-001
   1  7296   0    0  7.2360280733E+003  2.2015393467E-001 -1.8865175298E-001 -1.1348247023E-001
   1  7297   0    0  7.2370280734E+003  2.2015393467E-001 -1.8865175298E-001 -1.1348247023E-001
   1  7298   0    0  7.2380280735E+003  2.2015393467E-001 -1.8865175298E-001 -1.1348247023E-001
   1  7299   0    0  7.2390280736E+003  2.2015393467E-001 -1.8865175298E-001 -1.1348247023E-001
   1  7300   4  366  7.2400280737E+003  2.2015393467E-001 -1.8865175298E-001 -1.1348247023E-001
   1  7301   0    0  7.2410280738E+003  2.2015393467E-001 -1.8865175298E-001 -1.1348247023E-001
   1  7302   0    0  7.2420280739E+003  2.2015393467E-001 -1.8865175298E-001 -1.1348247023E-001
   1  7303   0    0  7.2430280740E+003  2.2015393467E-001 -1.8865175298E-001 -1.1348247023E-001
   1  7304   0    0  7.2440280741E+003  2.2015393467E-001 -1.8865175298E-001 -1.1348247023E-001
   1  7305   0    0  7.2450280742E+003  2.2015393467E-001 -1.8865175298E-001 -1.1348247023E-001
   1  7306   0    0  7.2460280743E+003  2.2015393467E-001 -1.8865175298E-001 -1.1348247023E-001
   1  7307   0    0  7.2470280744E+003  2.2015393467E-001 -1.8865175298E-001 -1.1348247023E-001
   1  7308   0    0  7.2480280745E+003  2.2015393467E-001 -1.8865175298E-001 -1.1348247023E-001
   1  7309   0    0  7.2490280746E+003  2.2015393467E-001 -1.8865175298E-001 -1.1348247023E-001
   1  7310   0    0  7.2500280747E+003  2.2015393467E-001 -1.8865175298E-001 -1.1348247023E-001
   1  7311   0    0  7.2510280748E+003  2.2015393467E-001 -1.8865175298E-001 -1.1348247023E-001
   1  7312   0    0  7.2520280749E+003  2.2015393467E-001 -1.8865175298E-001 -1.1348247023E-001
   1  7313   0    0  7.2530280750E+003  2.2015393467E-001 -1.8865175298E-001 -1.1348247023E-001
   1  7314   0    0  7.2540280751E+003  2.2015393467E-001 -1.8865175298E-001 -1.1348247023E-001
   1  7315   0    0  7.2550280752E+003  2.2015393467E-001 -1.8865175298E-001 -1.1348247023E-001
   1  7316   0    0  7.2560280753E+003  2.2015393467E-001 -1.8865175298E-001 -1.1348247023E-001
   1  7317   0    0  7.2570280754E+003  2.2015393467E-001 -1.8865175298E-001 -1.1348247023E-001
   1  7318   0    0  7.2580280755E+003  2.2015393467E-001 -1.8865175298E-001 -1.1348247023E-001
   1  7319   0    0  7.2590280756E+003  2.2015393467E-001 -1.8865175298E-001 -1.1348247023E-001
   1  7320   4  367  7.2600280757E+003  2.2015393467E-001 -1.8865175298E-001 -1.1348247023E-001
   1  7321   0    0  7.2610280758E+003  2.2015393467E-001 -1.8865175298E-001 -1.1348247023E-001
   1  7322   0    0  7.2620280759E+003  2.2015393467E-001 -1.8865175298E-001 -1.1348247023E-001
   1  7323   0    0  7.2630280760E+003  2.2015393467E-001 -1.8865175298E-001 -1.1348247023E-001
   1  7324   0    0  7.2640280761E+003  2.2015393467E-001 -1.8865175298E-001 -1.1348247023E-001
   1  7325   0    0  7.2650280762E+003  2.2015393467E-001 -1.8865175298E-001 -1.1348247023E-001
   1  7326   0    0  7.2660280763E+003  2.2015393467E-001 -1.8865175298E-001 -1.1348247023E-001
   1  7327   0    0  7.2670280764E+003  2.2015393467E-001 -1.8865175298E-001 -1.1348247023E-001
   1  7328   0    0  7.2680280765E+003  2.2015393467E-001 -1.8865175298E-001 -1.1348247023E-001
   1  7329   0    0  7.2690280766E+003  2.2015393467E-001 -1.8865175298E-001 -1.1348247023E-001
   1  7330   0    0  7.2700280767E+003  2.2015393467E-001 -1.8865175298E-001 -1.1348247023E-001
   1  7331   0    0  7.2710280768E+003  2.2015393467E-001 -1.8865175298E-001 -1.1348247023E-001
   1  7332   0    0  7.2720280769E+003  2.2015393467E-001 -1.8865175298E-001 -1.1348247023E-001
   1  7333   0    0  7.2730280770E+003  2.2015393467E-001 -1.8865175298E-001 -1.1348247023E-001
   1  7334   0    0  7.2740280771E+003  2.2015393467E-001 -1.8865175298E-001 -1.1348247023E-001
   1  7335   0    0  7.2750280772E+003  2.2015393467E-001 -1.8865175298E-001 -1.1348247023E-001
   1  7336   0    0  7.2760280773E+003  2.2015393467E-001 -1.8865175298E-001 -1.1348247023E-001
   1  7337   0    0  7.2770280774E+003  2.2015393467E-001 -1.8865175298E-001 -1.1348247023E-001
   1  7338   0    0  7.2780280775E+003  2.2015393467E-001 -1.8865175298E-001 -1.1348247023E-001
   1  7339   0    0  7.2790280776E+003  2.2015393467E-001 -1.8865175298E-001 -1.1348247023E-001
   1  7340   4  368  7.2800280777E+003  2.2015393467E-001 -1.8865175298E-001 -1.1348247023E-001
   1  7341   0    0  7.2810280778E+003  2.2015393467E-001 -1.8865175298E-001 -1.1348247023E-001
   1  7342   0    0  7.2820280779E+003  2.2015393467E-001 -1.8865175298E-001 -1.1348247023E-001
   1  7343   0    0  7.2830280780E+003  2.2015393467E-001 -1.8865175298E-001 -1.1348247023E-001
   1  7344   0    0  7.2840280781E+003  2.2015393467E-001 -1.8865175298E-001 -1.1348247023E-001
   1  7345   0    0  7.2850280782E+003  2.2015393467E-001 -1.8865175298E-001 -1.1348247023E-001
   1  7346   0    0  7.2860280783E+003  2.2015393467E-001 -1.8865175298E-001 -1.1348247023E-001
   1  7347   0    0  7.2870280784E+003  2.2015393467E-001 -1.8865175298E-001 -1.1348247023E-001
   1  7348   0    0  7.2880280785E+003  2.2015393467E-001 -1.8865175298E-001 -1.1348247023E-001
   1  7349   0    0  7.2890280786E+003  2.2015393467E-001 -1.8865175298E-001 -1.1348247023E-001
   1  7350   0    0  7.2900280787E+003  2.2015393467E-001 -1.8865175298E-001 -1.1348247023E-001
   1  7351   0    0  7.2910280788E+003  2.2015393467E-001 -1.8865175298E-001 -1.1348247023E-001
   1  7352   0    0  7.2920280789E+003  2.2015393467E-001 -1.8865175298E-001 -1.1348247023E-001
   1  7353   0    0  7.2930280790E+003  2.2015393467E-001 -1.8865175298E-001 -1.1348247023E-001
   1  7354   0    0  7.2940280791E+003  2.2015393467E-001 -1.8865175298E-001 -1.1348247023E-001
   1  7355   0    0  7.2950280792E+003  2.2015393467E-001 -1.8865175298E-001 -1.1348247023E-001
   1  7356   0    0  7.2960280793E+003  2.2015393467E-001 -1.8865175298E-001 -1.1348247023E-001
   1  7357   0    0  7.2970280794E+003  2.2015393467E-001 -1.8865175298E-001 -1.1348247023E-001
   1  7358   0    0  7.2980280795E+003  2.2015393467E-001 -1.8865175298E-001 -1.1348247023E-001
   1  7359   0    0  7.2990280796E+003  2.2015393467E-001 -1.8865175298E-001 -1.1348247023E-001
   1  7360   4  369  7.3000280797E+003  2.2015393467E-001 -1.8865175298E-001 -1.1348247023E-001
   1  7361   0    0  7.3010280798E+003  2.2015393467E-001 -1.8865175298E-001 -1.1348247023E-001
   1  7362   0    0  7.3020280799E+003  2.2015393467E-001 -1.8865175298E-001 -1.1348247023E-001
   1  7363   0    0  7.3030280800E+003  2.2015393467E-001 -1.8865175298E-001 -1.1348247023E-001
   1  7364   0    0  7.3040280801E+003  2.2015393467E-001 -1.8865175298E-001 -1.1348247023E-001
   1  7365   0    0  7.3050280802E+003  2.2015393467E-001 -1.8865175298E-001 -1.1348247023E-001
   1  7366   0    0  7.3060280803E+003  2.2015393467E-001 -1.8865175298E-001 -1.1348247023E-001
   1  7367   0    0  7.3070280804E+003  2.2015393467E-001 -1.8865175298E-001 -1.1348247023E-001
   1  7368   0    0  7.3080280805E+003  2.2015393467E-001 -1.8865175298E-001 -1.1348247023E-001
   1  7369   0    0  7.3090280806E+003  2.2015393467E-001 -1.8865175298E-001 -1.1348247023E-001
   1  7370   0    0  7.3100280807E+003  2.2015393467E-001 -1.8865175298E-001 -1.1348247023E-001
   1  7371   0    0  7.3110280808E+003  2.2015393467E-001 -1.8865175298E-001 -1.1348247023E-001
   1  7372   0    0  7.3120280809E+003  2.2015393467E-001 -1.8865175298E-001 -1.1348247023E-001
   1  7373   0    0  7.3130280810E+003  2.2015393467E-001 -1.8865175298E-001 -1.1348247023E-001
   1  7374   0    0  7.3140280811E+003  2.2015393467E-001 -1.8865175298E-001 -1.1348247023E-001
   1  7375   0    0  7.3150280812E+003  2.2015393467E-001 -1.8865175298E-001 -1.1348247023E-001
   1  7376   0    0  7.3160280813E+003  2.2015393467E-001 -1.8865175298E-001 -1.1348247023E-001
   1  7377   0    0  7.3170280814E+003  2.2015393467E-001 -1.8865175298E-001 -1.1348247023E-001
   1  7378   0    0  7.3180280815E+003  2.2015393467E-001 -1.8865175298E-001 -1.1348247023E-001
   1  7379   0    0  7.3190280816E+003  2.2015393467E-001 -1.8865175298E-001 -1.1348247023E-001
   1  7380   4  370  7.3200280817E+003  2.2015393467E-001 -1.8865175298E-001 -1.1348247023E-001
   1  7381   0    0  7.3210280818E+003  2.2015393467E-001 -1.8865175298E-001 -1.1348247023E-001
   1  7382   0    0  7.3220280819E+003  2.2015393467E-001 -1.8865175298E-001 -1.1348247023E-001
   1  7383   0    0  7.3230280820E+003  2.2015393467E-001 -1.8865175298E-001 -1.1348247023E-001
   1  7384   0    0  7.3240280821E+003  2.2015393467E-001 -1.8865175298E-001 -1.1348247023E-001
   1  7385   0    0  7.3250280822E+003  2.2015393467E-001 -1.8865175298E-001 -1.1348247023E-001
   1  7386   0    0  7.3260280823E+003  2.2015393467E-001 -1.8865175298E-001 -1.1348247023E-001
   1  7387   0    0  7.3270280824E+003  2.2015393467E-001 -1.8865175298E-001 -1.1348247023E-001
   1  7388   0    0  7.3280280825E+003  2.2015393467E-001 -1.8865175298E-001 -1.1348247023E-001
   1  7389   0    0  7.3290280826E+003  2.2015393467E-001 -1.8865175298E-001 -1.1348247023E-001
   1  7390   0    0  7.3300280827E+003  2.2015393467E-001 -1.8865175298E-001 -1.1348247023E-001
   1  7391   0    0  7.3310280828E+003  2.2015393467E-001 -1.8865175298E-001 -1.1348247023E-001
   1  7392   0    0  7.3320280829E+003  2.2015393467E-001 -1.8865175298E-001 -1.1348247023E-001
   1  7393   0    0  7.3330280830E+003  2.2015393467E-001 -1.8865175298E-001 -1.1348247023E-001
   1  7394   0    0  7.3340280831E+003  2.2015393467E-001 -1.8865175298E-001 -1.1348247023E-001
   1  7395   0    0  7.3350280832E+003  2.2015393467E-001 -1.8865175298E-001 -1.1348247023E-001
   1  7396   0    0  7.3360280833E+003  2.2015393467E-001 -1.8865175298E-001 -1.1348247023E-001
   1  7397   0    0  7.3370280834E+003  2.2015393467E-001 -1.8865175298E-001 -1.1348247023E-001
   1  7398   0    0  7.3380280835E+003  2.2015393467E-001 -1.8865175298E-001 -1.1348247023E-001
   1  7399   0    0  7.3390280836E+003  2.2015393467E-001 -1.8865175298E-001 -1.1348247023E-001
   1  7400   4  371  7.3400280837E+003  2.2015393467E-001 -1.8865175298E-001 -1.1348247023E-001
   1  7401   0    0  7.3410280838E+003  2.2015393467E-001 -1.8865175298E-001 -1.1348247023E-001
   1  7402   0    0  7.3420280839E+003  2.2015393467E-001 -1.8865175298E-001 -1.1348247023E-001
   1  7403   0    0  7.3430280840E+003  2.2015393467E-001 -1.8865175298E-001 -1.1348247023E-001
   1  7404   0    0  7.3440280841E+003  2.2015393467E-001 -1.8865175298E-001 -1.1348247023E-001
   1  7405   0    0  7.3450280842E+003  2.2015393467E-001 -1.8865175298E-001 -1.1348247023E-001
   1  7406   0    0  7.3460280843E+003  2.2015393467E-001 -1.8865175298E-001 -1.1348247023E-001
   1  7407   0    0  7.3470280844E+003  2.2015393467E-001 -1.8865175298E-001 -1.1348247023E-001
   1  7408   0    0  7.3480280845E+003  2.2015393467E-001 -1.8865175298E-001 -1.1348247023E-001
   1  7409   0    0  7.3490280846E+003  2.2015393467E-001 -1.8865175298E-001 -1.1348247023E-001
   1  7410   0    0  7.3500280847E+003  2.2015393467E-001 -1.8865175298E-001 -1.1348247023E-001
   1  7411   0    0  7.3510280848E+003  2.2015393467E-001 -1.8865175298E-001 -1.1348247023E-001
   1  7412   0    0  7.3520280849E+003  2.2015393467E-001 -1.8865175298E-001 -1.1348247023E-001
   1  7413   0    0  7.3530280850E+003  2.2015393467E-001 -1.8865175298E-001 -1.1348247023E-001
   1  7414   0    0  7.3540280851E+003  2.2015393467E-001 -1.8865175298E-001 -1.1348247023E-001
   1  7415   0    0  7.3550280852E+003  2.2015393467E-001 -1.8865175298E-001 -1.1348247023E-001
   1  7416   0    0  7.3560280853E+003  2.2015393467E-001 -1.8865175298E-001 -1.1348247023E-001
   1  7417   0    0  7.3570280854E+003  2.2015393467E-001 -1.8865175298E-001 -1.1348247023E-001
   1  7418   0    0  7.3580280855E+003  2.2015393467E-001 -1.8865175298E-001 -1.1348247023E-001
   1  7419   0    0  7.3590280856E+003  2.2015393467E-001 -1.8865175298E-001 -1.1348247023E-001
   1  7420   4  372  7.3600280857E+003  2.2015393467E-001 -1.8865175298E-001 -1.1348247023E-001
   1  7421   0    0  7.3610280858E+003  2.2015393467E-001 -1.8865175298E-001 -1.1348247023E-001
   1  7422   0    0  7.3620280859E+003  2.2015393467E-001 -1.8865175298E-001 -1.1348247023E-001
   1  7423   0    0  7.3630280860E+003  2.2015393467E-001 -1.8865175298E-001 -1.1348247023E-001
   1  7424   0    0  7.3640280861E+003  2.2015393467E-001 -1.8865175298E-001 -1.1348247023E-001
   1  7425   0    0  7.3650280862E+003  2.2015393467E-001 -1.8865175298E-001 -1.1348247023E-001
   1  7426   0    0  7.3660280863E+003  2.2015393467E-001 -1.8865175298E-001 -1.1348247023E-001
   1  7427   0    0  7.3670280864E+003  2.2015393467E-001 -1.8865175298E-001 -1.1348247023E-001
   1  7428   0    0  7.3680280865E+003  2.2015393467E-001 -1.8865175298E-001 -1.1348247023E-001
   1  7429   0    0  7.3690280866E+003  2.2015393467E-001 -1.8865175298E-001 -1.1348247023E-001
   1  7430   0    0  7.3700280867E+003  2.2015393467E-001 -1.8865175298E-001 -1.1348247023E-001
   1  7431   0    0  7.3710280868E+003  2.2015393467E-001 -1.8865175298E-001 -1.1348247023E-001
   1  7432   0    0  7.3720280869E+003  2.2015393467E-001 -1.8865175298E-001 -1.1348247023E-001
   1  7433   0    0  7.3730280870E+003  2.2015393467E-001 -1.8865175298E-001 -1.1348247023E-001
   1  7434   0    0  7.3740280871E+003  2.2015393467E-001 -1.8865175298E-001 -1.1348247023E-001
   1  7435   0    0  7.3750280872E+003  2.2015393467E-001 -1.8865175298E-001 -1.1348247023E-001
   1  7436   0    0  7.3760280873E+003  2.2015393467E-001 -1.8865175298E-001 -1.1348247023E-001
   1  7437   0    0  7.3770280874E+003  2.2015393467E-001 -1.8865175298E-001 -1.1348247023E-001
   1  7438   0    0  7.3780280875E+003  2.2015393467E-001 -1.8865175298E-001 -1.1348247023E-001
   1  7439   0    0  7.3790280876E+003  2.2015393467E-001 -1.8865175298E-001 -1.1348247023E-001
   1  7440   4  373  7.3800280877E+003  2.2015393467E-001 -1.8865175298E-001 -1.1348247023E-001
   1  7441   0    0  7.3810280878E+003  2.2015393467E-001 -1.8865175298E-001 -1.1348247023E-001
   1  7442   0    0  7.3820280879E+003  2.2015393467E-001 -1.8865175298E-001 -1.1348247023E-001
   1  7443   0    0  7.3830280880E+003  2.2015393467E-001 -1.8865175298E-001 -1.1348247023E-001
   1  7444   0    0  7.3840280881E+003  2.2015393467E-001 -1.8865175298E-001 -1.1348247023E-001
   1  7445   0    0  7.3850280882E+003  2.2015393467E-001 -1.8865175298E-001 -1.1348247023E-001
   1  7446   0    0  7.3860280883E+003  2.2015393467E-001 -1.8865175298E-001 -1.1348247023E-001
   1  7447   0    0  7.3870280884E+003  2.2015393467E-001 -1.8865175298E-001 -1.1348247023E-001
   1  7448   0    0  7.3880280885E+003  2.2015393467E-001 -1.8865175298E-001 -1.1348247023E-001
   1  7449   0    0  7.3890280886E+003  2.2015393467E-001 -1.8865175298E-001 -1.1348247023E-001
   1  7450   0    0  7.3900280887E+003  2.2015393467E-001 -1.8865175298E-001 -1.1348247023E-001
   1  7451   0    0  7.3910280888E+003  2.2015393467E-001 -1.8865175298E-001 -1.1348247023E-001
   1  7452   0    0  7.3920280889E+003  2.2015393467E-001 -1.8865175298E-001 -1.1348247023E-001
   1  7453   0    0  7.3930280890E+003  2.2015393467E-001 -1.8865175298E-001 -1.1348247023E-001
   1  7454   0    0  7.3940280891E+003  2.2015393467E-001 -1.8865175298E-001 -1.1348247023E-001
   1  7455   0    0  7.3950280892E+003  2.2015393467E-001 -1.8865175298E-001 -1.1348247023E-001
   1  7456   0    0  7.3960280893E+003  2.2015393467E-001 -1.8865175298E-001 -1.1348247023E-001
   1  7457   0    0  7.3970280894E+003  2.2015393467E-001 -1.8865175298E-001 -1.1348247023E-001
   1  7458   0    0  7.3980280895E+003  2.2015393467E-001 -1.8865175298E-001 -1.1348247023E-001
   1  7459   0    0  7.3990280896E+003  2.2015393467E-001 -1.8865175298E-001 -1.1348247023E-001
   1  7460   4  374  7.4000280897E+003  2.2015393467E-001 -1.8865175298E-001 -1.1348247023E-001
   1  7461   0    0  7.4010280898E+003  2.2015393467E-001 -1.8865175298E-001 -1.1348247023E-001
   1  7462   0    0  7.4020280899E+003  2.2015393467E-001 -1.8865175298E-001 -1.1348247023E-001
   1  7463   0    0  7.4030280900E+003  2.2015393467E-001 -1.8865175298E-001 -1.1348247023E-001
   1  7464   0    0  7.4040280901E+003  2.2015393467E-001 -1.8865175298E-001 -1.1348247023E-001
   1  7465   0    0  7.4050280902E+003  2.2015393467E-001 -1.8865175298E-001 -1.1348247023E-001
   1  7466   0    0  7.4060280903E+003  2.2015393467E-001 -1.8865175298E-001 -1.1348247023E-001
   1  7467   0    0  7.4070280904E+003  2.2015393467E-001 -1.8865175298E-001 -1.1348247023E-001
   1  7468   0    0  7.4080280905E+003  2.2015393467E-001 -1.8865175298E-001 -1.1348247023E-001
   1  7469   0    0  7.4090280906E+003  2.2015393467E-001 -1.8865175298E-001 -1.1348247023E-001
   1  7470   0    0  7.4100280907E+003  2.2015393467E-001 -1.8865175298E-001 -1.1348247023E-001
   1  7471   0    0  7.4110280908E+003  2.2015393467E-001 -1.8865175298E-001 -1.1348247023E-001
   1  7472   0    0  7.4120280909E+003  2.2015393467E-001 -1.8865175298E-001 -1.1348247023E-001
   1  7473   0    0  7.4130280910E+003  2.2015393467E-001 -1.8865175298E-001 -1.1348247023E-001
   1  7474   0    0  7.4140280911E+003  2.2015393467E-001 -1.8865175298E-001 -1.1348247023E-001
   1  7475   0    0  7.4150280912E+003  2.2015393467E-001 -1.8865175298E-001 -1.1348247023E-001
   1  7476   0    0  7.4160280913E+003  2.2015393467E-001 -1.8865175298E-001 -1.1348247023E-001
   1  7477   0    0  7.4170280914E+003  2.2015393467E-001 -1.8865175298E-001 -1.1348247023E-001
   1  7478   0    0  7.4180280915E+003  2.2015393467E-001 -1.8865175298E-001 -1.1348247023E-001
   1  7479   0    0  7.4190280916E+003  2.2015393467E-001 -1.8865175298E-001 -1.1348247023E-001
   1  7480   4  375  7.4200280917E+003  2.2015393467E-001 -1.8865175298E-001 -1.1348247023E-001
   1  7481   0    0  7.4210280918E+003  2.2015393467E-001 -1.8865175298E-001 -1.1348247023E-001
   1  7482   0    0  7.4220280919E+003  2.2015393467E-001 -1.8865175298E-001 -1.1348247023E-001
   1  7483   0    0  7.4230280920E+003  2.2015393467E-001 -1.8865175298E-001 -1.1348247023E-001
   1  7484   0    0  7.4240280921E+003  2.2015393467E-001 -1.8865175298E-001 -1.1348247023E-001
   1  7485   0    0  7.4250280922E+003  2.2015393467E-001 -1.8865175298E-001 -1.1348247023E-001
   1  7486   0    0  7.4260280923E+003  2.2015393467E-001 -1.8865175298E-001 -1.1348247023E-001
   1  7487   0    0  7.4270280924E+003  2.2015393467E-001 -1.8865175298E-001 -1.1348247023E-001
   1  7488   0    0  7.4280280925E+003  2.2015393467E-001 -1.8865175298E-001 -1.1348247023E-001
   1  7489   0    0  7.4290280926E+003  2.2015393467E-001 -1.8865175298E-001 -1.1348247023E-001
   1  7490   0    0  7.4300280927E+003  2.2015393467E-001 -1.8865175298E-001 -1.1348247023E-001
   1  7491   0    0  7.4310280928E+003  2.2015393467E-001 -1.8865175298E-001 -1.1348247023E-001
   1  7492   0    0  7.4320280929E+003  2.2015393467E-001 -1.8865175298E-001 -1.1348247023E-001
   1  7493   0    0  7.4330280930E+003  2.2015393467E-001 -1.8865175298E-001 -1.1348247023E-001
   1  7494   0    0  7.4340280931E+003  2.2015393467E-001 -1.8865175298E-001 -1.1348247023E-001
   1  7495   0    0  7.4350280932E+003  2.2015393467E-001 -1.8865175298E-001 -1.1348247023E-001
   1  7496   0    0  7.4360280933E+003  2.2015393467E-001 -1.8865175298E-001 -1.1348247023E-001
   1  7497   0    0  7.4370280934E+003  2.2015393467E-001 -1.8865175298E-001 -1.1348247023E-001
   1  7498   0    0  7.4380280935E+003  2.2015393467E-001 -1.8865175298E-001 -1.1348247023E-001
   1  7499   0    0  7.4390280936E+003  2.2015393467E-001 -1.8865175298E-001 -1.1348247023E-001
   1  7500   4  376  7.4400280937E+003  2.2015393467E-001 -1.8865175298E-001 -1.1348247023E-001
   1  7501   0    0  7.4410280938E+003  2.2015393467E-001 -1.8865175298E-001 -1.1348247023E-001
   1  7502   0    0  7.4420280939E+003  2.2015393467E-001 -1.8865175298E-001 -1.1348247023E-001
   1  7503   0    0  7.4430280940E+003  2.2015393467E-001 -1.8865175298E-001 -1.1348247023E-001
   1  7504   0    0  7.4440280941E+003  2.2015393467E-001 -1.8865175298E-001 -1.1348247023E-001
   1  7505   0    0  7.4450280942E+003  2.2015393467E-001 -1.8865175298E-001 -1.1348247023E-001
   1  7506   0    0  7.4460280943E+003  2.2015393467E-001 -1.8865175298E-001 -1.1348247023E-001
   1  7507   0    0  7.4470280944E+003  2.2015393467E-001 -1.8865175298E-001 -1.1348247023E-001
   1  7508   0    0  7.4480280945E+003  2.2015393467E-001 -1.8865175298E-001 -1.1348247023E-001
   1  7509   0    0  7.4490280946E+003  2.2015393467E-001 -1.8865175298E-001 -1.1348247023E-001
   1  7510   0    0  7.4500280947E+003  2.2015393467E-001 -1.8865175298E-001 -1.1348247023E-001
   1  7511   0    0  7.4510280948E+003  2.2015393467E-001 -1.8865175298E-001 -1.1348247023E-001
   1  7512   0    0  7.4520280949E+003  2.2015393467E-001 -1.8865175298E-001 -1.1348247023E-001
   1  7513   0    0  7.4530280950E+003  2.2015393467E-001 -1.8865175298E-001 -1.1348247023E-001
   1  7514   0    0  7.4540280951E+003  2.2015393467E-001 -1.8865175298E-001 -1.1348247023E-001
   1  7515   0    0  7.4550280952E+003  2.2015393467E-001 -1.8865175298E-001 -1.1348247023E-001
   1  7516   0    0  7.4560280953E+003  2.2015393467E-001 -1.8865175298E-001 -1.1348247023E-001
   1  7517   0    0  7.4570280954E+003  2.2015393467E-001 -1.8865175298E-001 -1.1348247023E-001
   1  7518   0    0  7.4580280955E+003  2.2015393467E-001 -1.8865175298E-001 -1.1348247023E-001
   1  7519   0    0  7.4590280956E+003  2.2015393467E-001 -1.8865175298E-001 -1.1348247023E-001
   1  7520   4  377  7.4600280957E+003  2.2015393467E-001 -1.8865175298E-001 -1.1348247023E-001
   1  7521   0    0  7.4610280958E+003  2.2015393467E-001 -1.8865175298E-001 -1.1348247023E-001
   1  7522   0    0  7.4620280959E+003  2.2015393467E-001 -1.8865175298E-001 -1.1348247023E-001
   1  7523   0    0  7.4630280960E+003  2.2015393467E-001 -1.8865175298E-001 -1.1348247023E-001
   1  7524   0    0  7.4640280961E+003  2.2015393467E-001 -1.8865175298E-001 -1.1348247023E-001
   1  7525   0    0  7.4650280962E+003  2.2015393467E-001 -1.8865175298E-001 -1.1348247023E-001
   1  7526   0    0  7.4660280963E+003  2.2015393467E-001 -1.8865175298E-001 -1.1348247023E-001
   1  7527   0    0  7.4670280964E+003  2.2015393467E-001 -1.8865175298E-001 -1.1348247023E-001
   1  7528   0    0  7.4680280965E+003  2.2015393467E-001 -1.8865175298E-001 -1.1348247023E-001
   1  7529   0    0  7.4690280966E+003  2.2015393467E-001 -1.8865175298E-001 -1.1348247023E-001
   1  7530   0    0  7.4700280967E+003  2.2015393467E-001 -1.8865175298E-001 -1.1348247023E-001
   1  7531   0    0  7.4710280968E+003  2.2015393467E-001 -1.8865175298E-001 -1.1348247023E-001
   1  7532   0    0  7.4720280969E+003  2.2015393467E-001 -1.8865175298E-001 -1.1348247023E-001
   1  7533   0    0  7.4730280970E+003  2.2015393467E-001 -1.8865175298E-001 -1.1348247023E-001
   1  7534   0    0  7.4740280971E+003  2.2015393467E-001 -1.8865175298E-001 -1.1348247023E-001
   1  7535   0    0  7.4750280972E+003  2.2015393467E-001 -1.8865175298E-001 -1.1348247023E-001
   1  7536   0    0  7.4760280973E+003  2.2015393467E-001 -1.8865175298E-001 -1.1348247023E-001
   1  7537   0    0  7.4770280974E+003  2.2015393467E-001 -1.8865175298E-001 -1.1348247023E-001
   1  7538   0    0  7.4780280975E+003  2.2015393467E-001 -1.8865175298E-001 -1.1348247023E-001
   1  7539   0    0  7.4790280976E+003  2.2015393467E-001 -1.8865175298E-001 -1.1348247023E-001
   1  7540   4  378  7.4800280977E+003  2.2015393467E-001 -1.8865175298E-001 -1.1348247023E-001
   1  7541   0    0  7.4810280978E+003  2.2015393467E-001 -1.8865175298E-001 -1.1348247023E-001
   1  7542   0    0  7.4820280979E+003  2.2015393467E-001 -1.8865175298E-001 -1.1348247023E-001
   1  7543   0    0  7.4830280980E+003  2.2015393467E-001 -1.8865175298E-001 -1.1348247023E-001
   1  7544   0    0  7.4840280981E+003  2.2015393467E-001 -1.8865175298E-001 -1.1348247023E-001
   1  7545   0    0  7.4850280982E+003  2.2015393467E-001 -1.8865175298E-001 -1.1348247023E-001
   1  7546   0    0  7.4860280983E+003  2.2015393467E-001 -1.8865175298E-001 -1.1348247023E-001
   1  7547   0    0  7.4870280984E+003  2.2015393467E-001 -1.8865175298E-001 -1.1348247023E-001
   1  7548   0    0  7.4880280985E+003  2.2015393467E-001 -1.8865175298E-001 -1.1348247023E-001
   1  7549   0    0  7.4890280986E+003  2.2015393467E-001 -1.8865175298E-001 -1.1348247023E-001
   1  7550   0    0  7.4900280987E+003  2.2015393467E-001 -1.8865175298E-001 -1.1348247023E-001
   1  7551   0    0  7.4910280988E+003  2.2015393467E-001 -1.8865175298E-001 -1.1348247023E-001
   1  7552   0    0  7.4920280989E+003  2.2015393467E-001 -1.8865175298E-001 -1.1348247023E-001
   1  7553   0    0  7.4930280990E+003  2.2015393467E-001 -1.8865175298E-001 -1.1348247023E-001
   1  7554   0    0  7.4940280991E+003  2.2015393467E-001 -1.8865175298E-001 -1.1348247023E-001
   1  7555   0    0  7.4950280992E+003  2.2015393467E-001 -1.8865175298E-001 -1.1348247023E-001
   1  7556   0    0  7.4960280993E+003  2.2015393467E-001 -1.8865175298E-001 -1.1348247023E-001
   1  7557   0    0  7.4970280994E+003  2.2015393467E-001 -1.8865175298E-001 -1.1348247023E-001
   1  7558   0    0  7.4980280995E+003  2.2015393467E-001 -1.8865175298E-001 -1.1348247023E-001
   1  7559   0    0  7.4990280996E+003  2.2015393467E-001 -1.8865175298E-001 -1.1348247023E-001
   1  7560   4  379  7.5000280997E+003  2.2015393467E-001 -1.8865175298E-001 -1.1348247023E-001
   1  7561   0    0  7.5010280998E+003  2.2015393467E-001 -1.8865175298E-001 -1.1348247023E-001
   1  7562   0    0  7.5020280999E+003  2.2015393467E-001 -1.8865175298E-001 -1.1348247023E-001
   1  7563   0    0  7.5030281000E+003  2.2015393467E-001 -1.8865175298E-001 -1.1348247023E-001
   1  7564   0    0  7.5040281001E+003  2.2015393467E-001 -1.8865175298E-001 -1.1348247023E-001
   1  7565   0    0  7.5050281002E+003  2.2015393467E-001 -1.8865175298E-001 -1.1348247023E-001
   1  7566   0    0  7.5060281003E+003  2.2015393467E-001 -1.8865175298E-001 -1.1348247023E-001
   1  7567   0    0  7.5070281004E+003  2.2015393467E-001 -1.8865175298E-001 -1.1348247023E-001
   1  7568   0    0  7.5080281005E+003  2.2015393467E-001 -1.8865175298E-001 -1.1348247023E-001
   1  7569   0    0  7.5090281006E+003  2.2015393467E-001 -1.8865175298E-001 -1.1348247023E-001
   1  7570   0    0  7.5100281007E+003  2.2015393467E-001 -1.8865175298E-001 -1.1348247023E-001
   1  7571   0    0  7.5110281008E+003  2.2015393467E-001 -1.8865175298E-001 -1.1348247023E-001
   1  7572   0    0  7.5120281009E+003  2.2015393467E-001 -1.8865175298E-001 -1.1348247023E-001
   1  7573   0    0  7.5130281010E+003  2.2015393467E-001 -1.8865175298E-001 -1.1348247023E-001
   1  7574   0    0  7.5140281011E+003  2.2015393467E-001 -1.8865175298E-001 -1.1348247023E-001
   1  7575   0    0  7.5150281012E+003  2.2015393467E-001 -1.8865175298E-001 -1.1348247023E-001
   1  7576   0    0  7.5160281013E+003  2.2015393467E-001 -1.8865175298E-001 -1.1348247023E-001
   1  7577   0    0  7.5170281014E+003  2.2015393467E-001 -1.8865175298E-001 -1.1348247023E-001
   1  7578   0    0  7.5180281015E+003  2.2015393467E-001 -1.8865175298E-001 -1.1348247023E-001
   1  7579   0    0  7.5190281016E+003  2.2015393467E-001 -1.8865175298E-001 -1.1348247023E-001
   1  7580   4  380  7.5200281017E+003  2.2015393467E-001 -1.8865175298E-001 -1.1348247023E-001
   1  7581   0    0  7.5210281018E+003  2.2015393467E-001 -1.8865175298E-001 -1.1348247023E-001
   1  7582   0    0  7.5220281019E+003  2.2015393467E-001 -1.8865175298E-001 -1.1348247023E-001
   1  7583   0    0  7.5230281020E+003  2.2015393467E-001 -1.8865175298E-001 -1.1348247023E-001
   1  7584   0    0  7.5240281021E+003  2.2015393467E-001 -1.8865175298E-001 -1.1348247023E-001
   1  7585   0    0  7.5250281022E+003  2.2015393467E-001 -1.8865175298E-001 -1.1348247023E-001
   1  7586   0    0  7.5260281023E+003  2.2015393467E-001 -1.8865175298E-001 -1.1348247023E-001
   1  7587   0    0  7.5270281024E+003  2.2015393467E-001 -1.8865175298E-001 -1.1348247023E-001
   1  7588   0    0  7.5280281025E+003  2.2015393467E-001 -1.8865175298E-001 -1.1348247023E-001
   1  7589   0    0  7.5290281026E+003  2.2015393467E-001 -1.8865175298E-001 -1.1348247023E-001
   1  7590   0    0  7.5300281027E+003  2.2015393467E-001 -1.8865175298E-001 -1.1348247023E-001
   1  7591   0    0  7.5310281028E+003  2.2015393467E-001 -1.8865175298E-001 -1.1348247023E-001
   1  7592   0    0  7.5320281029E+003  2.2015393467E-001 -1.8865175298E-001 -1.1348247023E-001
   1  7593   0    0  7.5330281030E+003  2.2015393467E-001 -1.8865175298E-001 -1.1348247023E-001
   1  7594   0    0  7.5340281031E+003  2.2015393467E-001 -1.8865175298E-001 -1.1348247023E-001
   1  7595   0    0  7.5350281032E+003  2.2015393467E-001 -1.8865175298E-001 -1.1348247023E-001
   1  7596   0    0  7.5360281033E+003  2.2015393467E-001 -1.8865175298E-001 -1.1348247023E-001
   1  7597   0    0  7.5370281034E+003  2.2015393467E-001 -1.8865175298E-001 -1.1348247023E-001
   1  7598   0    0  7.5380281035E+003  2.2015393467E-001 -1.8865175298E-001 -1.1348247023E-001
   1  7599   0    0  7.5390281036E+003  2.2015393467E-001 -1.8865175298E-001 -1.1348247023E-001
   1  7600   4  381  7.5400281037E+003  2.2015393467E-001 -1.8865175298E-001 -1.1348247023E-001
   1  7601   0    0  7.5410281038E+003  2.2015393467E-001 -1.8865175298E-001 -1.1348247023E-001
   1  7602   0    0  7.5420281039E+003  2.2015393467E-001 -1.8865175298E-001 -1.1348247023E-001
   1  7603   0    0  7.5430281040E+003  2.2015393467E-001 -1.8865175298E-001 -1.1348247023E-001
   1  7604   0    0  7.5440281041E+003  2.2015393467E-001 -1.8865175298E-001 -1.1348247023E-001
   1  7605   0    0  7.5450281042E+003  2.2015393467E-001 -1.8865175298E-001 -1.1348247023E-001
   1  7606   0    0  7.5460281043E+003  2.2015393467E-001 -1.8865175298E-001 -1.1348247023E-001
   1  7607   0    0  7.5470281044E+003  2.2015393467E-001 -1.8865175298E-001 -1.1348247023E-001
   1  7608   0    0  7.5480281045E+003  2.2015393467E-001 -1.8865175298E-001 -1.1348247023E-001
   1  7609   0    0  7.5490281046E+003  2.2015393467E-001 -1.8865175298E-001 -1.1348247023E-001
   1  7610   0    0  7.5500281047E+003  2.2015393467E-001 -1.8865175298E-001 -1.1348247023E-001
   1  7611   0    0  7.5510281048E+003  2.2015393467E-001 -1.8865175298E-001 -1.1348247023E-001
   1  7612   0    0  7.5520281049E+003  2.2015393467E-001 -1.8865175298E-001 -1.1348247023E-001
   1  7613   0    0  7.5530281050E+003  2.2015393467E-001 -1.8865175298E-001 -1.1348247023E-001
   1  7614   0    0  7.5540281051E+003  2.2015393467E-001 -1.8865175298E-001 -1.1348247023E-001
   1  7615   0    0  7.5550281052E+003  2.2015393467E-001 -1.8865175298E-001 -1.1348247023E-001
   1  7616   0    0  7.5560281053E+003  2.2015393467E-001 -1.8865175298E-001 -1.1348247023E-001
   1  7617   0    0  7.5570281054E+003  2.2015393467E-001 -1.8865175298E-001 -1.1348247023E-001
   1  7618   0    0  7.5580281055E+003  2.2015393467E-001 -1.8865175298E-001 -1.1348247023E-001
   1  7619   0    0  7.5590281056E+003  2.2015393467E-001 -1.8865175298E-001 -1.1348247023E-001
   1  7620   4  382  7.5600281057E+003  2.2015393467E-001 -1.8865175298E-001 -1.1348247023E-001
   1  7621   0    0  7.5610281058E+003  2.2015393467E-001 -1.8865175298E-001 -1.1348247023E-001
   1  7622   0    0  7.5620281059E+003  2.2015393467E-001 -1.8865175298E-001 -1.1348247023E-001
   1  7623   0    0  7.5630281060E+003  2.2015393467E-001 -1.8865175298E-001 -1.1348247023E-001
   1  7624   0    0  7.5640281061E+003  2.2015393467E-001 -1.8865175298E-001 -1.1348247023E-001
   1  7625   0    0  7.5650281062E+003  2.2015393467E-001 -1.8865175298E-001 -1.1348247023E-001
   1  7626   0    0  7.5660281063E+003  2.2015393467E-001 -1.8865175298E-001 -1.1348247023E-001
   1  7627   0    0  7.5670281064E+003  2.2015393467E-001 -1.8865175298E-001 -1.1348247023E-001
   1  7628   0    0  7.5680281065E+003  2.2015393467E-001 -1.8865175298E-001 -1.1348247023E-001
   1  7629   0    0  7.5690281066E+003  2.2015393467E-001 -1.8865175298E-001 -1.1348247023E-001
   1  7630   0    0  7.5700281067E+003  2.2015393467E-001 -1.8865175298E-001 -1.1348247023E-001
   1  7631   0    0  7.5710281068E+003  2.2015393467E-001 -1.8865175298E-001 -1.1348247023E-001
   1  7632   0    0  7.5720281069E+003  2.2015393467E-001 -1.8865175298E-001 -1.1348247023E-001
   1  7633   0    0  7.5730281070E+003  2.2015393467E-001 -1.8865175298E-001 -1.1348247023E-001
   1  7634   0    0  7.5740281071E+003  2.2015393467E-001 -1.8865175298E-001 -1.1348247023E-001
   1  7635   0    0  7.5750281072E+003  2.2015393467E-001 -1.8865175298E-001 -1.1348247023E-001
   1  7636   0    0  7.5760281073E+003  2.2015393467E-001 -1.8865175298E-001 -1.1348247023E-001
   1  7637   0    0  7.5770281074E+003  2.2015393467E-001 -1.8865175298E-001 -1.1348247023E-001
   1  7638   0    0  7.5780281075E+003  2.2015393467E-001 -1.8865175298E-001 -1.1348247023E-001
   1  7639   0    0  7.5790281076E+003  2.2015393467E-001 -1.8865175298E-001 -1.1348247023E-001
   1  7640   4  383  7.5800281077E+003  2.2015393467E-001 -1.8865175298E-001 -1.1348247023E-001
   1  7641   0    0  7.5810281078E+003  2.2015393467E-001 -1.8865175298E-001 -1.1348247023E-001
   1  7642   0    0  7.5820281079E+003  2.2015393467E-001 -1.8865175298E-001 -1.1348247023E-001
   1  7643   0    0  7.5830281080E+003  2.2015393467E-001 -1.8865175298E-001 -1.1348247023E-001
   1  7644   0    0  7.5840281081E+003  2.2015393467E-001 -1.8865175298E-001 -1.1348247023E-001
   1  7645   0    0  7.5850281082E+003  2.2015393467E-001 -1.8865175298E-001 -1.1348247023E-001
   1  7646   0    0  7.5860281083E+003  2.2015393467E-001 -1.8865175298E-001 -1.1348247023E-001
   1  7647   0    0  7.5870281084E+003  2.2015393467E-001 -1.8865175298E-001 -1.1348247023E-001
   1  7648   0    0  7.5880281085E+003  2.2015393467E-001 -1.8865175298E-001 -1.1348247023E-001
   1  7649   0    0  7.5890281086E+003  2.2015393467E-001 -1.8865175298E-001 -1.1348247023E-001
   1  7650   0    0  7.5900281087E+003  2.2015393467E-001 -1.8865175298E-001 -1.1348247023E-001
   1  7651   0    0  7.5910281088E+003  2.2015393467E-001 -1.8865175298E-001 -1.1348247023E-001
   1  7652   0    0  7.5920281089E+003  2.2015393467E-001 -1.8865175298E-001 -1.1348247023E-001
   1  7653   0    0  7.5930281090E+003  2.2015393467E-001 -1.8865175298E-001 -1.1348247023E-001
   1  7654   0    0  7.5940281091E+003  2.2015393467E-001 -1.8865175298E-001 -1.1348247023E-001
   1  7655   0    0  7.5950281092E+003  2.2015393467E-001 -1.8865175298E-001 -1.1348247023E-001
   1  7656   0    0  7.5960281093E+003  2.2015393467E-001 -1.8865175298E-001 -1.1348247023E-001
   1  7657   0    0  7.5970281094E+003  2.2015393467E-001 -1.8865175298E-001 -1.1348247023E-001
   1  7658   0    0  7.5980281095E+003  2.2015393467E-001 -1.8865175298E-001 -1.1348247023E-001
   1  7659   0    0  7.5990281096E+003  2.2015393467E-001 -1.8865175298E-001 -1.1348247023E-001
   1  7660   4  384  7.6000281097E+003  2.2015393467E-001 -1.8865175298E-001 -1.1348247023E-001
   1  7661   0    0  7.6010281098E+003  2.2015393467E-001 -1.8865175298E-001 -1.1348247023E-001
   1  7662   0    0  7.6020281099E+003  2.2015393467E-001 -1.8865175298E-001 -1.1348247023E-001
   1  7663   0    0  7.6030281100E+003  2.2015393467E-001 -1.8865175298E-001 -1.1348247023E-001
   1  7664   0    0  7.6040281101E+003  2.2015393467E-001 -1.8865175298E-001 -1.1348247023E-001
   1  7665   0    0  7.6050281102E+003  2.2015393467E-001 -1.8865175298E-001 -1.1348247023E-001
   1  7666   0    0  7.6060281103E+003  2.2015393467E-001 -1.8865175298E-001 -1.1348247023E-001
   1  7667   0    0  7.6070281104E+003  2.2015393467E-001 -1.8865175298E-001 -1.1348247023E-001
   1  7668   0    0  7.6080281105E+003  2.2015393467E-001 -1.8865175298E-001 -1.1348247023E-001
   1  7669   0    0  7.6090281106E+003  2.2015393467E-001 -1.8865175298E-001 -1.1348247023E-001
   1  7670   0    0  7.6100281107E+003  2.2015393467E-001 -1.8865175298E-001 -1.1348247023E-001
   1  7671   0    0  7.6110281108E+003  2.2015393467E-001 -1.8865175298E-001 -1.1348247023E-001
   1  7672   0    0  7.6120281109E+003  2.2015393467E-001 -1.8865175298E-001 -1.1348247023E-001
   1  7673   0    0  7.6130281110E+003  2.2015393467E-001 -1.8865175298E-001 -1.1348247023E-001
   1  7674   0    0  7.6140281111E+003  2.2015393467E-001 -1.8865175298E-001 -1.1348247023E-001
   1  7675   0    0  7.6150281112E+003  2.2015393467E-001 -1.8865175298E-001 -1.1348247023E-001
   1  7676   0    0  7.6160281113E+003  2.2015393467E-001 -1.8865175298E-001 -1.1348247023E-001
   1  7677   0    0  7.6170281114E+003  2.2015393467E-001 -1.8865175298E-001 -1.1348247023E-001
   1  7678   0    0  7.6180281115E+003  2.2015393467E-001 -1.8865175298E-001 -1.1348247023E-001
   1  7679   0    0  7.6190281116E+003  2.2015393467E-001 -1.8865175298E-001 -1.1348247023E-001
   1  7680   4  385  7.6200281117E+003  2.2015393467E-001 -1.8865175298E-001 -1.1348247023E-001
   1  7681   0    0  7.6210281118E+003  2.2015393467E-001 -1.8865175298E-001 -1.1348247023E-001
   1  7682   0    0  7.6220281119E+003  2.2015393467E-001 -1.8865175298E-001 -1.1348247023E-001
   1  7683   0    0  7.6230281120E+003  2.2015393467E-001 -1.8865175298E-001 -1.1348247023E-001
   1  7684   0    0  7.6240281121E+003  2.2015393467E-001 -1.8865175298E-001 -1.1348247023E-001
   1  7685   0    0  7.6250281122E+003  2.2015393467E-001 -1.8865175298E-001 -1.1348247023E-001
   1  7686   0    0  7.6260281123E+003  2.2015393467E-001 -1.8865175298E-001 -1.1348247023E-001
   1  7687   0    0  7.6270281124E+003  2.2015393467E-001 -1.8865175298E-001 -1.1348247023E-001
   1  7688   0    0  7.6280281125E+003  2.2015393467E-001 -1.8865175298E-001 -1.1348247023E-001
   1  7689   0    0  7.6290281126E+003  2.2015393467E-001 -1.8865175298E-001 -1.1348247023E-001
   1  7690   0    0  7.6300281127E+003  2.2015393467E-001 -1.8865175298E-001 -1.1348247023E-001
   1  7691   0    0  7.6310281128E+003  2.2015393467E-001 -1.8865175298E-001 -1.1348247023E-001
   1  7692   0    0  7.6320281129E+003  2.2015393467E-001 -1.8865175298E-001 -1.1348247023E-001
   1  7693   0    0  7.6330281130E+003  2.2015393467E-001 -1.8865175298E-001 -1.1348247023E-001
   1  7694   0    0  7.6340281131E+003  2.2015393467E-001 -1.8865175298E-001 -1.1348247023E-001
   1  7695   0    0  7.6350281132E+003  2.2015393467E-001 -1.8865175298E-001 -1.1348247023E-001
   1  7696   0    0  7.6360281133E+003  2.2015393467E-001 -1.8865175298E-001 -1.1348247023E-001
   1  7697   0    0  7.6370281134E+003  2.2015393467E-001 -1.8865175298E-001 -1.1348247023E-001
   1  7698   0    0  7.6380281135E+003  2.2015393467E-001 -1.8865175298E-001 -1.1348247023E-001
   1  7699   0    0  7.6390281136E+003  2.2015393467E-001 -1.8865175298E-001 -1.1348247023E-001
   1  7700   4  386  7.6400281137E+003  2.2015393467E-001 -1.8865175298E-001 -1.1348247023E-001
   1  7701   0    0  7.6410281138E+003  2.2015393467E-001 -1.8865175298E-001 -1.1348247023E-001
   1  7702   0    0  7.6420281139E+003  2.2015393467E-001 -1.8865175298E-001 -1.1348247023E-001
   1  7703   0    0  7.6430281140E+003  2.2015393467E-001 -1.8865175298E-001 -1.1348247023E-001
   1  7704   0    0  7.6440281141E+003  2.2015393467E-001 -1.8865175298E-001 -1.1348247023E-001
   1  7705   0    0  7.6450281142E+003  2.2015393467E-001 -1.8865175298E-001 -1.1348247023E-001
   1  7706   0    0  7.6460281143E+003  2.2015393467E-001 -1.8865175298E-001 -1.1348247023E-001
   1  7707   0    0  7.6470281144E+003  2.2015393467E-001 -1.8865175298E-001 -1.1348247023E-001
   1  7708   0    0  7.6480281145E+003  2.2015393467E-001 -1.8865175298E-001 -1.1348247023E-001
   1  7709   0    0  7.6490281146E+003  2.2015393467E-001 -1.8865175298E-001 -1.1348247023E-001
   1  7710   0    0  7.6500281147E+003  2.2015393467E-001 -1.8865175298E-001 -1.1348247023E-001
   1  7711   0    0  7.6510281148E+003  2.2015393467E-001 -1.8865175298E-001 -1.1348247023E-001
   1  7712   0    0  7.6520281149E+003  2.2015393467E-001 -1.8865175298E-001 -1.1348247023E-001
   1  7713   0    0  7.6530281150E+003  2.2015393467E-001 -1.8865175298E-001 -1.1348247023E-001
   1  7714   0    0  7.6540281151E+003  2.2015393467E-001 -1.8865175298E-001 -1.1348247023E-001
   1  7715   0    0  7.6550281152E+003  2.2015393467E-001 -1.8865175298E-001 -1.1348247023E-001
   1  7716   0    0  7.6560281153E+003  2.2015393467E-001 -1.8865175298E-001 -1.1348247023E-001
   1  7717   0    0  7.6570281154E+003  2.2015393467E-001 -1.8865175298E-001 -1.1348247023E-001
   1  7718   0    0  7.6580281155E+003  2.2015393467E-001 -1.8865175298E-001 -1.1348247023E-001
   1  7719   0    0  7.6590281156E+003  2.2015393467E-001 -1.8865175298E-001 -1.1348247023E-001
   1  7720   4  387  7.6600281157E+003  2.2015393467E-001 -1.8865175298E-001 -1.1348247023E-001
   1  7721   0    0  7.6610281158E+003  2.2015393467E-001 -1.8865175298E-001 -1.1348247023E-001
   1  7722   0    0  7.6620281159E+003  2.2015393467E-001 -1.8865175298E-001 -1.1348247023E-001
   1  7723   0    0  7.6630281160E+003  2.2015393467E-001 -1.8865175298E-001 -1.1348247023E-001
   1  7724   0    0  7.6640281161E+003  2.2015393467E-001 -1.8865175298E-001 -1.1348247023E-001
   1  7725   0    0  7.6650281162E+003  2.2015393467E-001 -1.8865175298E-001 -1.1348247023E-001
   1  7726   0    0  7.6660281163E+003  2.2015393467E-001 -1.8865175298E-001 -1.1348247023E-001
   1  7727   0    0  7.6670281164E+003  2.2015393467E-001 -1.8865175298E-001 -1.1348247023E-001
   1  7728   0    0  7.6680281165E+003  2.2015393467E-001 -1.8865175298E-001 -1.1348247023E-001
   1  7729   0    0  7.6690281166E+003  2.2015393467E-001 -1.8865175298E-001 -1.1348247023E-001
   1  7730   0    0  7.6700281167E+003  2.2015393467E-001 -1.8865175298E-001 -1.1348247023E-001
   1  7731   0    0  7.6710281168E+003  2.2015393467E-001 -1.8865175298E-001 -1.1348247023E-001
   1  7732   0    0  7.6720281169E+003  2.2015393467E-001 -1.8865175298E-001 -1.1348247023E-001
   1  7733   0    0  7.6730281170E+003  2.2015393467E-001 -1.8865175298E-001 -1.1348247023E-001
   1  7734   0    0  7.6740281171E+003  2.2015393467E-001 -1.8865175298E-001 -1.1348247023E-001
   1  7735   0    0  7.6750281172E+003  2.2015393467E-001 -1.8865175298E-001 -1.1348247023E-001
   1  7736   0    0  7.6760281173E+003  2.2015393467E-001 -1.8865175298E-001 -1.1348247023E-001
   1  7737   0    0  7.6770281174E+003  2.2015393467E-001 -1.8865175298E-001 -1.1348247023E-001
   1  7738   0    0  7.6780281175E+003  2.2015393467E-001 -1.8865175298E-001 -1.1348247023E-001
   1  7739   0    0  7.6790281176E+003  2.2015393467E-001 -1.8865175298E-001 -1.1348247023E-001
   1  7740   4  388  7.6800281177E+003  2.2015393467E-001 -1.8865175298E-001 -1.1348247023E-001
   1  7741   0    0  7.6810281178E+003  2.2015393467E-001 -1.8865175298E-001 -1.1348247023E-001
   1  7742   0    0  7.6820281179E+003  2.2015393467E-001 -1.8865175298E-001 -1.1348247023E-001
   1  7743   0    0  7.6830281180E+003  2.2015393467E-001 -1.8865175298E-001 -1.1348247023E-001
   1  7744   0    0  7.6840281181E+003  2.2015393467E-001 -1.8865175298E-001 -1.1348247023E-001
   1  7745   0    0  7.6850281182E+003  2.2015393467E-001 -1.8865175298E-001 -1.1348247023E-001
   1  7746   0    0  7.6860281183E+003  2.2015393467E-001 -1.8865175298E-001 -1.1348247023E-001
   1  7747   0    0  7.6870281184E+003  2.2015393467E-001 -1.8865175298E-001 -1.1348247023E-001
   1  7748   0    0  7.6880281185E+003  2.2015393467E-001 -1.8865175298E-001 -1.1348247023E-001
   1  7749   0    0  7.6890281186E+003  2.2015393467E-001 -1.8865175298E-001 -1.1348247023E-001
   1  7750   0    0  7.6900281187E+003  2.2015393467E-001 -1.8865175298E-001 -1.1348247023E-001
   1  7751   0    0  7.6910281188E+003  2.2015393467E-001 -1.8865175298E-001 -1.1348247023E-001
   1  7752   0    0  7.6920281189E+003  2.2015393467E-001 -1.8865175298E-001 -1.1348247023E-001
   1  7753   0    0  7.6930281190E+003  2.2015393467E-001 -1.8865175298E-001 -1.1348247023E-001
   1  7754   0    0  7.6940281191E+003  2.2015393467E-001 -1.8865175298E-001 -1.1348247023E-001
   1  7755   0    0  7.6950281192E+003  2.2015393467E-001 -1.8865175298E-001 -1.1348247023E-001
   1  7756   0    0  7.6960281193E+003  2.2015393467E-001 -1.8865175298E-001 -1.1348247023E-001
   1  7757   0    0  7.6970281194E+003  2.2015393467E-001 -1.8865175298E-001 -1.1348247023E-001
   1  7758   0    0  7.6980281195E+003  2.2015393467E-001 -1.8865175298E-001 -1.1348247023E-001
   1  7759   0    0  7.6990281196E+003  2.2015393467E-001 -1.8865175298E-001 -1.1348247023E-001
   1  7760   4  389  7.7000281197E+003  2.2015393467E-001 -1.8865175298E-001 -1.1348247023E-001
   1  7761   0    0  7.7010281198E+003  2.2015393467E-001 -1.8865175298E-001 -1.1348247023E-001
   1  7762   0    0  7.7020281199E+003  2.2015393467E-001 -1.8865175298E-001 -1.1348247023E-001
   1  7763   0    0  7.7030281200E+003  2.2015393467E-001 -1.8865175298E-001 -1.1348247023E-001
   1  7764   0    0  7.7040281201E+003  2.2015393467E-001 -1.8865175298E-001 -1.1348247023E-001
   1  7765   0    0  7.7050281202E+003  2.2015393467E-001 -1.8865175298E-001 -1.1348247023E-001
   1  7766   0    0  7.7060281203E+003  2.2015393467E-001 -1.8865175298E-001 -1.1348247023E-001
   1  7767   0    0  7.7070281204E+003  2.2015393467E-001 -1.8865175298E-001 -1.1348247023E-001
   1  7768   0    0  7.7080281205E+003  2.2015393467E-001 -1.8865175298E-001 -1.1348247023E-001
   1  7769   0    0  7.7090281206E+003  2.2015393467E-001 -1.8865175298E-001 -1.1348247023E-001
   1  7770   0    0  7.7100281207E+003  2.2015393467E-001 -1.8865175298E-001 -1.1348247023E-001
   1  7771   0    0  7.7110281208E+003  2.2015393467E-001 -1.8865175298E-001 -1.1348247023E-001
   1  7772   0    0  7.7120281209E+003  2.2015393467E-001 -1.8865175298E-001 -1.1348247023E-001
   1  7773   0    0  7.7130281210E+003  2.2015393467E-001 -1.8865175298E-001 -1.1348247023E-001
   1  7774   0    0  7.7140281211E+003  2.2015393467E-001 -1.8865175298E-001 -1.1348247023E-001
   1  7775   0    0  7.7150281212E+003  2.2015393467E-001 -1.8865175298E-001 -1.1348247023E-001
   1  7776   0    0  7.7160281213E+003  2.2015393467E-001 -1.8865175298E-001 -1.1348247023E-001
   1  7777   0    0  7.7170281214E+003  2.2015393467E-001 -1.8865175298E-001 -1.1348247023E-001
   1  7778   0    0  7.7180281215E+003  2.2015393467E-001 -1.8865175298E-001 -1.1348247023E-001
   1  7779   0    0  7.7190281216E+003  2.2015393467E-001 -1.8865175298E-001 -1.1348247023E-001
   1  7780   4  390  7.7200281217E+003  2.2015393467E-001 -1.8865175298E-001 -1.1348247023E-001
   1  7781   0    0  7.7210281218E+003  2.2015393467E-001 -1.8865175298E-001 -1.1348247023E-001
   1  7782   0    0  7.7220281219E+003  2.2015393467E-001 -1.8865175298E-001 -1.1348247023E-001
   1  7783   0    0  7.7230281220E+003  2.2015393467E-001 -1.8865175298E-001 -1.1348247023E-001
   1  7784   0    0  7.7240281221E+003  2.2015393467E-001 -1.8865175298E-001 -1.1348247023E-001
   1  7785   0    0  7.7250281222E+003  2.2015393467E-001 -1.8865175298E-001 -1.1348247023E-001
   1  7786   0    0  7.7260281223E+003  2.2015393467E-001 -1.8865175298E-001 -1.1348247023E-001
   1  7787   0    0  7.7270281224E+003  2.2015393467E-001 -1.8865175298E-001 -1.1348247023E-001
   1  7788   0    0  7.7280281225E+003  2.2015393467E-001 -1.8865175298E-001 -1.1348247023E-001
   1  7789   0    0  7.7290281226E+003  2.2015393467E-001 -1.8865175298E-001 -1.1348247023E-001
   1  7790   0    0  7.7300281227E+003  2.2015393467E-001 -1.8865175298E-001 -1.1348247023E-001
   1  7791   0    0  7.7310281228E+003  2.2015393467E-001 -1.8865175298E-001 -1.1348247023E-001
   1  7792   0    0  7.7320281229E+003  2.2015393467E-001 -1.8865175298E-001 -1.1348247023E-001
   1  7793   0    0  7.7330281230E+003  2.2015393467E-001 -1.8865175298E-001 -1.1348247023E-001
   1  7794   0    0  7.7340281231E+003  2.2015393467E-001 -1.8865175298E-001 -1.1348247023E-001
   1  7795   0    0  7.7350281232E+003  2.2015393467E-001 -1.8865175298E-001 -1.1348247023E-001
   1  7796   0    0  7.7360281233E+003  2.2015393467E-001 -1.8865175298E-001 -1.1348247023E-001
   1  7797   0    0  7.7370281234E+003  2.2015393467E-001 -1.8865175298E-001 -1.1348247023E-001
   1  7798   0    0  7.7380281235E+003  2.2015393467E-001 -1.8865175298E-001 -1.1348247023E-001
   1  7799   0    0  7.7390281236E+003  2.2015393467E-001 -1.8865175298E-001 -1.1348247023E-001
   1  7800   4  391  7.7400281237E+003  2.2015393467E-001 -1.8865175298E-001 -1.1348247023E-001
   1  7801   0    0  7.7410281238E+003  2.2015393467E-001 -1.8865175298E-001 -1.1348247023E-001
   1  7802   0    0  7.7420281239E+003  2.2015393467E-001 -1.8865175298E-001 -1.1348247023E-001
   1  7803   0    0  7.7430281240E+003  2.2015393467E-001 -1.8865175298E-001 -1.1348247023E-001
   1  7804   0    0  7.7440281241E+003  2.2015393467E-001 -1.8865175298E-001 -1.1348247023E-001
   1  7805   0    0  7.7450281242E+003  2.2015393467E-001 -1.8865175298E-001 -1.1348247023E-001
   1  7806   0    0  7.7460281243E+003  2.2015393467E-001 -1.8865175298E-001 -1.1348247023E-001
   1  7807   0    0  7.7470281244E+003  2.2015393467E-001 -1.8865175298E-001 -1.1348247023E-001
   1  7808   0    0  7.7480281245E+003  2.2015393467E-001 -1.8865175298E-001 -1.1348247023E-001
   1  7809   0    0  7.7490281246E+003  2.2015393467E-001 -1.8865175298E-001 -1.1348247023E-001
   1  7810   0    0  7.7500281247E+003  2.2015393467E-001 -1.8865175298E-001 -1.1348247023E-001
   1  7811   0    0  7.7510281248E+003  2.2015393467E-001 -1.8865175298E-001 -1.1348247023E-001
   1  7812   0    0  7.7520281249E+003  2.2015393467E-001 -1.8865175298E-001 -1.1348247023E-001
   1  7813   0    0  7.7530281250E+003  2.2015393467E-001 -1.8865175298E-001 -1.1348247023E-001
   1  7814   0    0  7.7540281251E+003  2.2015393467E-001 -1.8865175298E-001 -1.1348247023E-001
   1  7815   0    0  7.7550281252E+003  2.2015393467E-001 -1.8865175298E-001 -1.1348247023E-001
   1  7816   0    0  7.7560281253E+003  2.2015393467E-001 -1.8865175298E-001 -1.1348247023E-001
   1  7817   0    0  7.7570281254E+003  2.2015393467E-001 -1.8865175298E-001 -1.1348247023E-001
   1  7818   0    0  7.7580281255E+003  2.2015393467E-001 -1.8865175298E-001 -1.1348247023E-001
   1  7819   0    0  7.7590281256E+003  2.2015393467E-001 -1.8865175298E-001 -1.1348247023E-001
   1  7820   4  392  7.7600281257E+003  2.2015393467E-001 -1.8865175298E-001 -1.1348247023E-001
   1  7821   0    0  7.7610281258E+003  2.2015393467E-001 -1.8865175298E-001 -1.1348247023E-001
   1  7822   0    0  7.7620281259E+003  2.2015393467E-001 -1.8865175298E-001 -1.1348247023E-001
   1  7823   0    0  7.7630281260E+003  2.2015393467E-001 -1.8865175298E-001 -1.1348247023E-001
   1  7824   0    0  7.7640281261E+003  2.2015393467E-001 -1.8865175298E-001 -1.1348247023E-001
   1  7825   0    0  7.7650281262E+003  2.2015393467E-001 -1.8865175298E-001 -1.1348247023E-001
   1  7826   0    0  7.7660281263E+003  2.2015393467E-001 -1.8865175298E-001 -1.1348247023E-001
   1  7827   0    0  7.7670281264E+003  2.2015393467E-001 -1.8865175298E-001 -1.1348247023E-001
   1  7828   0    0  7.7680281265E+003  2.2015393467E-001 -1.8865175298E-001 -1.1348247023E-001
   1  7829   0    0  7.7690281266E+003  2.2015393467E-001 -1.8865175298E-001 -1.1348247023E-001
   1  7830   0    0  7.7700281267E+003  2.2015393467E-001 -1.8865175298E-001 -1.1348247023E-001
   1  7831   0    0  7.7710281268E+003  2.2015393467E-001 -1.8865175298E-001 -1.1348247023E-001
   1  7832   0    0  7.7720281269E+003  2.2015393467E-001 -1.8865175298E-001 -1.1348247023E-001
   1  7833   0    0  7.7730281270E+003  2.2015393467E-001 -1.8865175298E-001 -1.1348247023E-001
   1  7834   0    0  7.7740281271E+003  2.2015393467E-001 -1.8865175298E-001 -1.1348247023E-001
   1  7835   0    0  7.7750281272E+003  2.2015393467E-001 -1.8865175298E-001 -1.1348247023E-001
   1  7836   0    0  7.7760281273E+003  2.2015393467E-001 -1.8865175298E-001 -1.1348247023E-001
   1  7837   0    0  7.7770281274E+003  2.2015393467E-001 -1.8865175298E-001 -1.1348247023E-001
   1  7838   0    0  7.7780281275E+003  2.2015393467E-001 -1.8865175298E-001 -1.1348247023E-001
   1  7839   0    0  7.7790281276E+003  2.2015393467E-001 -1.8865175298E-001 -1.1348247023E-001
   1  7840   4  393  7.7800281277E+003  2.2015393467E-001 -1.8865175298E-001 -1.1348247023E-001
   1  7841   0    0  7.7810281278E+003  2.2015393467E-001 -1.8865175298E-001 -1.1348247023E-001
   1  7842   0    0  7.7820281279E+003  2.2015393467E-001 -1.8865175298E-001 -1.1348247023E-001
   1  7843   0    0  7.7830281280E+003  2.2015393467E-001 -1.8865175298E-001 -1.1348247023E-001
   1  7844   0    0  7.7840281281E+003  2.2015393467E-001 -1.8865175298E-001 -1.1348247023E-001
   1  7845   0    0  7.7850281282E+003  2.2015393467E-001 -1.8865175298E-001 -1.1348247023E-001
   1  7846   0    0  7.7860281283E+003  2.2015393467E-001 -1.8865175298E-001 -1.1348247023E-001
   1  7847   0    0  7.7870281284E+003  2.2015393467E-001 -1.8865175298E-001 -1.1348247023E-001
   1  7848   0    0  7.7880281285E+003  2.2015393467E-001 -1.8865175298E-001 -1.1348247023E-001
   1  7849   0    0  7.7890281286E+003  2.2015393467E-001 -1.8865175298E-001 -1.1348247023E-001
   1  7850   0    0  7.7900281287E+003  2.2015393467E-001 -1.8865175298E-001 -1.1348247023E-001
   1  7851   0    0  7.7910281288E+003  2.2015393467E-001 -1.8865175298E-001 -1.1348247023E-001
   1  7852   0    0  7.7920281289E+003  2.2015393467E-001 -1.8865175298E-001 -1.1348247023E-001
   1  7853   0    0  7.7930281290E+003  2.2015393467E-001 -1.8865175298E-001 -1.1348247023E-001
   1  7854   0    0  7.7940281291E+003  2.2015393467E-001 -1.8865175298E-001 -1.1348247023E-001
   1  7855   0    0  7.7950281292E+003  2.2015393467E-001 -1.8865175298E-001 -1.1348247023E-001
   1  7856   0    0  7.7960281293E+003  2.2015393467E-001 -1.8865175298E-001 -1.1348247023E-001
   1  7857   0    0  7.7970281294E+003  2.2015393467E-001 -1.8865175298E-001 -1.1348247023E-001
   1  7858   0    0  7.7980281295E+003  2.2015393467E-001 -1.8865175298E-001 -1.1348247023E-001
   1  7859   0    0  7.7990281296E+003  2.2015393467E-001 -1.8865175298E-001 -1.1348247023E-001
   1  7860   4  394  7.8000281297E+003  2.2015393467E-001 -1.8865175298E-001 -1.1348247023E-001
   1  7861   0    0  7.8010281298E+003  2.2015393467E-001 -1.8865175298E-001 -1.1348247023E-001
   1  7862   0    0  7.8020281299E+003  2.2015393467E-001 -1.8865175298E-001 -1.1348247023E-001
   1  7863   0    0  7.8030281300E+003  2.2015393467E-001 -1.8865175298E-001 -1.1348247023E-001
   1  7864   0    0  7.8040281301E+003  2.2015393467E-001 -1.8865175298E-001 -1.1348247023E-001
   1  7865   0    0  7.8050281302E+003  2.2015393467E-001 -1.8865175298E-001 -1.1348247023E-001
   1  7866   0    0  7.8060281303E+003  2.2015393467E-001 -1.8865175298E-001 -1.1348247023E-001
   1  7867   0    0  7.8070281304E+003  2.2015393467E-001 -1.8865175298E-001 -1.1348247023E-001
   1  7868   0    0  7.8080281305E+003  2.2015393467E-001 -1.8865175298E-001 -1.1348247023E-001
   1  7869   0    0  7.8090281306E+003  2.2015393467E-001 -1.8865175298E-001 -1.1348247023E-001
   1  7870   0    0  7.8100281307E+003  2.2015393467E-001 -1.8865175298E-001 -1.1348247023E-001
   1  7871   0    0  7.8110281308E+003  2.2015393467E-001 -1.8865175298E-001 -1.1348247023E-001
   1  7872   0    0  7.8120281309E+003  2.2015393467E-001 -1.8865175298E-001 -1.1348247023E-001
   1  7873   0    0  7.8130281310E+003  2.2015393467E-001 -1.8865175298E-001 -1.1348247023E-001
   1  7874   0    0  7.8140281311E+003  2.2015393467E-001 -1.8865175298E-001 -1.1348247023E-001
   1  7875   0    0  7.8150281312E+003  2.2015393467E-001 -1.8865175298E-001 -1.1348247023E-001
   1  7876   0    0  7.8160281313E+003  2.2015393467E-001 -1.8865175298E-001 -1.1348247023E-001
   1  7877   0    0  7.8170281314E+003  2.2015393467E-001 -1.8865175298E-001 -1.1348247023E-001
   1  7878   0    0  7.8180281315E+003  2.2015393467E-001 -1.8865175298E-001 -1.1348247023E-001
   1  7879   0    0  7.8190281316E+003  2.2015393467E-001 -1.8865175298E-001 -1.1348247023E-001
   1  7880   4  395  7.8200281317E+003  2.2015393467E-001 -1.8865175298E-001 -1.1348247023E-001
   1  7881   0    0  7.8210281318E+003  2.2015393467E-001 -1.8865175298E-001 -1.1348247023E-001
   1  7882   0    0  7.8220281319E+003  2.2015393467E-001 -1.8865175298E-001 -1.1348247023E-001
   1  7883   0    0  7.8230281320E+003  2.2015393467E-001 -1.8865175298E-001 -1.1348247023E-001
   1  7884   0    0  7.8240281321E+003  2.2015393467E-001 -1.8865175298E-001 -1.1348247023E-001
   1  7885   0    0  7.8250281322E+003  2.2015393467E-001 -1.8865175298E-001 -1.1348247023E-001
   1  7886   0    0  7.8260281323E+003  2.2015393467E-001 -1.8865175298E-001 -1.1348247023E-001
   1  7887   0    0  7.8270281324E+003  2.2015393467E-001 -1.8865175298E-001 -1.1348247023E-001
   1  7888   0    0  7.8280281325E+003  2.2015393467E-001 -1.8865175298E-001 -1.1348247023E-001
   1  7889   0    0  7.8290281326E+003  2.2015393467E-001 -1.8865175298E-001 -1.1348247023E-001
   1  7890   0    0  7.8300281327E+003  2.2015393467E-001 -1.8865175298E-001 -1.1348247023E-001
   1  7891   0    0  7.8310281328E+003  2.2015393467E-001 -1.8865175298E-001 -1.1348247023E-001
   1  7892   0    0  7.8320281329E+003  2.2015393467E-001 -1.8865175298E-001 -1.1348247023E-001
   1  7893   0    0  7.8330281330E+003  2.2015393467E-001 -1.8865175298E-001 -1.1348247023E-001
   1  7894   0    0  7.8340281331E+003  2.2015393467E-001 -1.8865175298E-001 -1.1348247023E-001
   1  7895   0    0  7.8350281332E+003  2.2015393467E-001 -1.8865175298E-001 -1.1348247023E-001
   1  7896   0    0  7.8360281333E+003  2.2015393467E-001 -1.8865175298E-001 -1.1348247023E-001
   1  7897   0    0  7.8370281334E+003  2.2015393467E-001 -1.8865175298E-001 -1.1348247023E-001
   1  7898   0    0  7.8380281335E+003  2.2015393467E-001 -1.8865175298E-001 -1.1348247023E-001
   1  7899   0    0  7.8390281336E+003  2.2015393467E-001 -1.8865175298E-001 -1.1348247023E-001
   1  7900   4  396  7.8400281337E+003  2.2015393467E-001 -1.8865175298E-001 -1.1348247023E-001
   1  7901   0    0  7.8410281338E+003  2.2015393467E-001 -1.8865175298E-001 -1.1348247023E-001
   1  7902   0    0  7.8420281339E+003  2.2015393467E-001 -1.8865175298E-001 -1.1348247023E-001
   1  7903   0    0  7.8430281340E+003  2.2015393467E-001 -1.8865175298E-001 -1.1348247023E-001
   1  7904   0    0  7.8440281341E+003  2.2015393467E-001 -1.8865175298E-001 -1.1348247023E-001
   1  7905   0    0  7.8450281342E+003  2.2015393467E-001 -1.8865175298E-001 -1.1348247023E-001
   1  7906   0    0  7.8460281343E+003  2.2015393467E-001 -1.8865175298E-001 -1.1348247023E-001
   1  7907   0    0  7.8470281344E+003  2.2015393467E-001 -1.8865175298E-001 -1.1348247023E-001
   1  7908   0    0  7.8480281345E+003  2.2015393467E-001 -1.8865175298E-001 -1.1348247023E-001
   1  7909   0    0  7.8490281346E+003  2.2015393467E-001 -1.8865175298E-001 -1.1348247023E-001
   1  7910   0    0  7.8500281347E+003  2.2015393467E-001 -1.8865175298E-001 -1.1348247023E-001
   1  7911   0    0  7.8510281348E+003  2.2015393467E-001 -1.8865175298E-001 -1.1348247023E-001
   1  7912   0    0  7.8520281349E+003  2.2015393467E-001 -1.8865175298E-001 -1.1348247023E-001
   1  7913   0    0  7.8530281350E+003  2.2015393467E-001 -1.8865175298E-001 -1.1348247023E-001
   1  7914   0    0  7.8540281351E+003  2.2015393467E-001 -1.8865175298E-001 -1.1348247023E-001
   1  7915   0    0  7.8550281352E+003  2.2015393467E-001 -1.8865175298E-001 -1.1348247023E-001
   1  7916   0    0  7.8560281353E+003  2.2015393467E-001 -1.8865175298E-001 -1.1348247023E-001
   1  7917   0    0  7.8570281354E+003  2.2015393467E-001 -1.8865175298E-001 -1.1348247023E-001
   1  7918   0    0  7.8580281355E+003  2.2015393467E-001 -1.8865175298E-001 -1.1348247023E-001
   1  7919   0    0  7.8590281356E+003  2.2015393467E-001 -1.8865175298E-001 -1.1348247023E-001
   1  7920   4  397  7.8600281357E+003  2.2015393467E-001 -1.8865175298E-001 -1.1348247023E-001
   1  7921   0    0  7.8610281358E+003  2.2015393467E-001 -1.8865175298E-001 -1.1348247023E-001
   1  7922   0    0  7.8620281359E+003  2.2015393467E-001 -1.8865175298E-001 -1.1348247023E-001
   1  7923   0    0  7.8630281360E+003  2.2015393467E-001 -1.8865175298E-001 -1.1348247023E-001
   1  7924   0    0  7.8640281361E+003  2.2015393467E-001 -1.8865175298E-001 -1.1348247023E-001
   1  7925   0    0  7.8650281362E+003  2.2015393467E-001 -1.8865175298E-001 -1.1348247023E-001
   1  7926   0    0  7.8660281363E+003  2.2015393467E-001 -1.8865175298E-001 -1.1348247023E-001
   1  7927   0    0  7.8670281364E+003  2.2015393467E-001 -1.8865175298E-001 -1.1348247023E-001
   1  7928   0    0  7.8680281365E+003  2.2015393467E-001 -1.8865175298E-001 -1.1348247023E-001
   1  7929   0    0  7.8690281366E+003  2.2015393467E-001 -1.8865175298E-001 -1.1348247023E-001
   1  7930   0    0  7.8700281367E+003  2.2015393467E-001 -1.8865175298E-001 -1.1348247023E-001
   1  7931   0    0  7.8710281368E+003  2.2015393467E-001 -1.8865175298E-001 -1.1348247023E-001
   1  7932   0    0  7.8720281369E+003  2.2015393467E-001 -1.8865175298E-001 -1.1348247023E-001
   1  7933   0    0  7.8730281370E+003  2.2015393467E-001 -1.8865175298E-001 -1.1348247023E-001
   1  7934   0    0  7.8740281371E+003  2.2015393467E-001 -1.8865175298E-001 -1.1348247023E-001
   1  7935   0    0  7.8750281372E+003  2.2015393467E-001 -1.8865175298E-001 -1.1348247023E-001
   1  7936   0    0  7.8760281373E+003  2.2015393467E-001 -1.8865175298E-001 -1.1348247023E-001
   1  7937   0    0  7.8770281374E+003  2.2015393467E-001 -1.8865175298E-001 -1.1348247023E-001
   1  7938   0    0  7.8780281375E+003  2.2015393467E-001 -1.8865175298E-001 -1.1348247023E-001
   1  7939   0    0  7.8790281376E+003  2.2015393467E-001 -1.8865175298E-001 -1.1348247023E-001
   1  7940   4  398  7.8800281377E+003  2.2015393467E-001 -1.8865175298E-001 -1.1348247023E-001
   1  7941   0    0  7.8810281378E+003  2.2015393467E-001 -1.8865175298E-001 -1.1348247023E-001
   1  7942   0    0  7.8820281379E+003  2.2015393467E-001 -1.8865175298E-001 -1.1348247023E-001
   1  7943   0    0  7.8830281380E+003  2.2015393467E-001 -1.8865175298E-001 -1.1348247023E-001
   1  7944   0    0  7.8840281381E+003  2.2015393467E-001 -1.8865175298E-001 -1.1348247023E-001
   1  7945   0    0  7.8850281382E+003  2.2015393467E-001 -1.8865175298E-001 -1.1348247023E-001
   1  7946   0    0  7.8860281383E+003  2.2015393467E-001 -1.8865175298E-001 -1.1348247023E-001
   1  7947   0    0  7.8870281384E+003  2.2015393467E-001 -1.8865175298E-001 -1.1348247023E-001
   1  7948   0    0  7.8880281385E+003  2.2015393467E-001 -1.8865175298E-001 -1.1348247023E-001
   1  7949   0    0  7.8890281386E+003  2.2015393467E-001 -1.8865175298E-001 -1.1348247023E-001
   1  7950   0    0  7.8900281387E+003  2.2015393467E-001 -1.8865175298E-001 -1.1348247023E-001
   1  7951   0    0  7.8910281388E+003  2.2015393467E-001 -1.8865175298E-001 -1.1348247023E-001
   1  7952   0    0  7.8920281389E+003  2.2015393467E-001 -1.8865175298E-001 -1.1348247023E-001
   1  7953   0    0  7.8930281390E+003  2.2015393467E-001 -1.8865175298E-001 -1.1348247023E-001
   1  7954   0    0  7.8940281391E+003  2.2015393467E-001 -1.8865175298E-001 -1.1348247023E-001
   1  7955   0    0  7.8950281392E+003  2.2015393467E-001 -1.8865175298E-001 -1.1348247023E-001
   1  7956   0    0  7.8960281393E+003  2.2015393467E-001 -1.8865175298E-001 -1.1348247023E-001
   1  7957   0    0  7.8970281394E+003  2.2015393467E-001 -1.8865175298E-001 -1.1348247023E-001
   1  7958   0    0  7.8980281395E+003  2.2015393467E-001 -1.8865175298E-001 -1.1348247023E-001
   1  7959   0    0  7.8990281396E+003  2.2015393467E-001 -1.8865175298E-001 -1.1348247023E-001
   1  7960   4  399  7.9000281397E+003  2.2015393467E-001 -1.8865175298E-001 -1.1348247023E-001
   1  7961   0    0  7.9010281398E+003  2.2015393467E-001 -1.8865175298E-001 -1.1348247023E-001
   1  7962   0    0  7.9020281399E+003  2.2015393467E-001 -1.8865175298E-001 -1.1348247023E-001
   1  7963   0    0  7.9030281400E+003  2.2015393467E-001 -1.8865175298E-001 -1.1348247023E-001
   1  7964   0    0  7.9040281401E+003  2.2015393467E-001 -1.8865175298E-001 -1.1348247023E-001
   1  7965   0    0  7.9050281402E+003  2.2015393467E-001 -1.8865175298E-001 -1.1348247023E-001
   1  7966   0    0  7.9060281403E+003  2.2015393467E-001 -1.8865175298E-001 -1.1348247023E-001
   1  7967   0    0  7.9070281404E+003  2.2015393467E-001 -1.8865175298E-001 -1.1348247023E-001
   1  7968   0    0  7.9080281405E+003  2.2015393467E-001 -1.8865175298E-001 -1.1348247023E-001
   1  7969   0    0  7.9090281406E+003  2.2015393467E-001 -1.8865175298E-001 -1.1348247023E-001
   1  7970   0    0  7.9100281407E+003  2.2015393467E-001 -1.8865175298E-001 -1.1348247023E-001
   1  7971   0    0  7.9110281408E+003  2.2015393467E-001 -1.8865175298E-001 -1.1348247023E-001
   1  7972   0    0  7.9120281409E+003  2.2015393467E-001 -1.8865175298E-001 -1.1348247023E-001
   1  7973   0    0  7.9130281410E+003  2.2015393467E-001 -1.8865175298E-001 -1.1348247023E-001
   1  7974   0    0  7.9140281411E+003  2.2015393467E-001 -1.8865175298E-001 -1.1348247023E-001
   1  7975   0    0  7.9150281412E+003  2.2015393467E-001 -1.8865175298E-001 -1.1348247023E-001
   1  7976   0    0  7.9160281413E+003  2.2015393467E-001 -1.8865175298E-001 -1.1348247023E-001
   1  7977   0    0  7.9170281414E+003  2.2015393467E-001 -1.8865175298E-001 -1.1348247023E-001
   1  7978   0    0  7.9180281415E+003  2.2015393467E-001 -1.8865175298E-001 -1.1348247023E-001
   1  7979   0    0  7.9190281416E+003  2.2015393467E-001 -1.8865175298E-001 -1.1348247023E-001
   1  7980   4  400  7.9200281417E+003  2.2015393467E-001 -1.8865175298E-001 -1.1348247023E-001
   1  7981   0    0  7.9210281418E+003  2.2015393467E-001 -1.8865175298E-001 -1.1348247023E-001
   1  7982   0    0  7.9220281419E+003  2.2015393467E-001 -1.8865175298E-001 -1.1348247023E-001
   1  7983   0    0  7.9230281420E+003  2.2015393467E-001 -1.8865175298E-001 -1.1348247023E-001
   1  7984   0    0  7.9240281421E+003  2.2015393467E-001 -1.8865175298E-001 -1.1348247023E-001
   1  7985   0    0  7.9250281422E+003  2.2015393467E-001 -1.8865175298E-001 -1.1348247023E-001
   1  7986   0    0  7.9260281423E+003  2.2015393467E-001 -1.8865175298E-001 -1.1348247023E-001
   1  7987   0    0  7.9270281424E+003  2.2015393467E-001 -1.8865175298E-001 -1.1348247023E-001
   1  7988   0    0  7.9280281425E+003  2.2015393467E-001 -1.8865175298E-001 -1.1348247023E-001
   1  7989   0    0  7.9290281426E+003  2.2015393467E-001 -1.8865175298E-001 -1.1348247023E-001
   1  7990   0    0  7.9300281427E+003  2.2015393467E-001 -1.8865175298E-001 -1.1348247023E-001
   1  7991   0    0  7.9310281428E+003  2.2015393467E-001 -1.8865175298E-001 -1.1348247023E-001
   1  7992   0    0  7.9320281429E+003  2.2015393467E-001 -1.8865175298E-001 -1.1348247023E-001
   1  7993   0    0  7.9330281430E+003  2.2015393467E-001 -1.8865175298E-001 -1.1348247023E-001
   1  7994   0    0  7.9340281431E+003  2.2015393467E-001 -1.8865175298E-001 -1.1348247023E-001
   1  7995   0    0  7.9350281432E+003  2.2015393467E-001 -1.8865175298E-001 -1.1348247023E-001
   1  7996   0    0  7.9360281433E+003  2.2015393467E-001 -1.8865175298E-001 -1.1348247023E-001
   1  7997   0    0  7.9370281434E+003  2.2015393467E-001 -1.8865175298E-001 -1.1348247023E-001
   1  7998   0    0  7.9380281435E+003  2.2015393467E-001 -1.8865175298E-001 -1.1348247023E-001
   1  7999   0    0  7.9390281436E+003  2.2015393467E-001 -1.8865175298E-001 -1.1348247023E-001
   1  8000   4  401  7.9400281437E+003  2.2015393467E-001 -1.8865175298E-001 -1.1348247023E-001
   1  8001   0    0  7.9410281438E+003  2.2015393467E-001 -1.8865175298E-001 -1.1348247023E-001
   1  8002   0    0  7.9420281439E+003  2.2015393467E-001 -1.8865175298E-001 -1.1348247023E-001
   1  8003   0    0  7.9430281440E+003  2.2015393467E-001 -1.8865175298E-001 -1.1348247023E-001
   1  8004   0    0  7.9440281441E+003  2.2015393467E-001 -1.8865175298E-001 -1.1348247023E-001
   1  8005   0    0  7.9450281442E+003  2.2015393467E-001 -1.8865175298E-001 -1.1348247023E-001
   1  8006   0    0  7.9460281443E+003  2.2015393467E-001 -1.8865175298E-001 -1.1348247023E-001
   1  8007   0    0  7.9470281444E+003  2.2015393467E-001 -1.8865175298E-001 -1.1348247023E-001
   1  8008   0    0  7.9480281445E+003  2.2015393467E-001 -1.8865175298E-001 -1.1348247023E-001
   1  8009   0    0  7.9490281446E+003  2.2015393467E-001 -1.8865175298E-001 -1.1348247023E-001
   1  8010   0    0  7.9500281447E+003  2.2015393467E-001 -1.8865175298E-001 -1.1348247023E-001
   1  8011   0    0  7.9510281448E+003  2.2015393467E-001 -1.8865175298E-001 -1.1348247023E-001
   1  8012   0    0  7.9520281449E+003  2.2015393467E-001 -1.8865175298E-001 -1.1348247023E-001
   1  8013   0    0  7.9530281450E+003  2.2015393467E-001 -1.8865175298E-001 -1.1348247023E-001
   1  8014   0    0  7.9540281451E+003  2.2015393467E-001 -1.8865175298E-001 -1.1348247023E-001
   1  8015   0    0  7.9550281452E+003  2.2015393467E-001 -1.8865175298E-001 -1.1348247023E-001
   1  8016   0    0  7.9560281453E+003  2.2015393467E-001 -1.8865175298E-001 -1.1348247023E-001
   1  8017   0    0  7.9570281454E+003  2.2015393467E-001 -1.8865175298E-001 -1.1348247023E-001
   1  8018   0    0  7.9580281455E+003  2.2015393467E-001 -1.8865175298E-001 -1.1348247023E-001
   1  8019   0    0  7.9590281456E+003  2.2015393467E-001 -1.8865175298E-001 -1.1348247023E-001
   1  8020   4  402  7.9600281457E+003  2.2015393467E-001 -1.8865175298E-001 -1.1348247023E-001
   1  8021   0    0  7.9610281458E+003  2.2015393467E-001 -1.8865175298E-001 -1.1348247023E-001
   1  8022   0    0  7.9620281459E+003  2.2015393467E-001 -1.8865175298E-001 -1.1348247023E-001
   1  8023   0    0  7.9630281460E+003  2.2015393467E-001 -1.8865175298E-001 -1.1348247023E-001
   1  8024   0    0  7.9640281461E+003  2.2015393467E-001 -1.8865175298E-001 -1.1348247023E-001
   1  8025   0    0  7.9650281462E+003  2.2015393467E-001 -1.8865175298E-001 -1.1348247023E-001
   1  8026   0    0  7.9660281463E+003  2.2015393467E-001 -1.8865175298E-001 -1.1348247023E-001
   1  8027   0    0  7.9670281464E+003  2.2015393467E-001 -1.8865175298E-001 -1.1348247023E-001
   1  8028   0    0  7.9680281465E+003  2.2015393467E-001 -1.8865175298E-001 -1.1348247023E-001
   1  8029   0    0  7.9690281466E+003  2.2015393467E-001 -1.8865175298E-001 -1.1348247023E-001
   1  8030   0    0  7.9700281467E+003  2.2015393467E-001 -1.8865175298E-001 -1.1348247023E-001
   1  8031   0    0  7.9710281468E+003  2.2015393467E-001 -1.8865175298E-001 -1.1348247023E-001
   1  8032   0    0  7.9720281469E+003  2.2015393467E-001 -1.8865175298E-001 -1.1348247023E-001
   1  8033   0    0  7.9730281470E+003  2.2015393467E-001 -1.8865175298E-001 -1.1348247023E-001
   1  8034   0    0  7.9740281471E+003  2.2015393467E-001 -1.8865175298E-001 -1.1348247023E-001
   1  8035   0    0  7.9750281472E+003  2.2015393467E-001 -1.8865175298E-001 -1.1348247023E-001
   1  8036   0    0  7.9760281473E+003  2.2015393467E-001 -1.8865175298E-001 -1.1348247023E-001
   1  8037   0    0  7.9770281474E+003  2.2015393467E-001 -1.8865175298E-001 -1.1348247023E-001
   1  8038   0    0  7.9780281475E+003  2.2015393467E-001 -1.8865175298E-001 -1.1348247023E-001
   1  8039   0    0  7.9790281476E+003  2.2015393467E-001 -1.8865175298E-001 -1.1348247023E-001
   1  8040   4  403  7.9800281477E+003  2.2015393467E-001 -1.8865175298E-001 -1.1348247023E-001
   1  8041   0    0  7.9810281478E+003  2.2015393467E-001 -1.8865175298E-001 -1.1348247023E-001
   1  8042   0    0  7.9820281479E+003  2.2015393467E-001 -1.8865175298E-001 -1.1348247023E-001
   1  8043   0    0  7.9830281480E+003  2.2015393467E-001 -1.8865175298E-001 -1.1348247023E-001
   1  8044   0    0  7.9840281481E+003  2.2015393467E-001 -1.8865175298E-001 -1.1348247023E-001
   1  8045   0    0  7.9850281482E+003  2.2015393467E-001 -1.8865175298E-001 -1.1348247023E-001
   1  8046   0    0  7.9860281483E+003  2.2015393467E-001 -1.8865175298E-001 -1.1348247023E-001
   1  8047   0    0  7.9870281484E+003  2.2015393467E-001 -1.8865175298E-001 -1.1348247023E-001
   1  8048   0    0  7.9880281485E+003  2.2015393467E-001 -1.8865175298E-001 -1.1348247023E-001
   1  8049   0    0  7.9890281486E+003  2.2015393467E-001 -1.8865175298E-001 -1.1348247023E-001
   1  8050   0    0  7.9900281487E+003  2.2015393467E-001 -1.8865175298E-001 -1.1348247023E-001
   1  8051   0    0  7.9910281488E+003  2.2015393467E-001 -1.8865175298E-001 -1.1348247023E-001
   1  8052   0    0  7.9920281489E+003  2.2015393467E-001 -1.8865175298E-001 -1.1348247023E-001
   1  8053   0    0  7.9930281490E+003  2.2015393467E-001 -1.8865175298E-001 -1.1348247023E-001
   1  8054   0    0  7.9940281491E+003  2.2015393467E-001 -1.8865175298E-001 -1.1348247023E-001
   1  8055   0    0  7.9950281492E+003  2.2015393467E-001 -1.8865175298E-001 -1.1348247023E-001
   1  8056   0    0  7.9960281493E+003  2.2015393467E-001 -1.8865175298E-001 -1.1348247023E-001
   1  8057   0    0  7.9970281494E+003  2.2015393467E-001 -1.8865175298E-001 -1.1348247023E-001
   1  8058   0    0  7.9980281495E+003  2.2015393467E-001 -1.8865175298E-001 -1.1348247023E-001
   1  8059   0    0  7.9990281496E+003  2.2015393467E-001 -1.8865175298E-001 -1.1348247023E-001
   1  8060   4  404  8.0000281497E+003  2.2015393467E-001 -1.8865175298E-001 -1.1348247023E-001
   1  8061   0    0  8.0010281498E+003  2.2015393467E-001 -1.8865175298E-001 -1.1348247023E-001
   1  8062   0    0  8.0020281499E+003  2.2015393467E-001 -1.8865175298E-001 -1.1348247023E-001
   1  8063   0    0  8.0030281500E+003  2.2015393467E-001 -1.8865175298E-001 -1.1348247023E-001
   1  8064   0    0  8.0040281501E+003  2.2015393467E-001 -1.8865175298E-001 -1.1348247023E-001
   1  8065   0    0  8.0050281502E+003  2.2015393467E-001 -1.8865175298E-001 -1.1348247023E-001
   1  8066   0    0  8.0060281503E+003  2.2015393467E-001 -1.8865175298E-001 -1.1348247023E-001
   1  8067   0    0  8.0070281504E+003  2.2015393467E-001 -1.8865175298E-001 -1.1348247023E-001
   1  8068   0    0  8.0080281505E+003  2.2015393467E-001 -1.8865175298E-001 -1.1348247023E-001
   1  8069   0    0  8.0090281506E+003  2.2015393467E-001 -1.8865175298E-001 -1.1348247023E-001
   1  8070   0    0  8.0100281507E+003  2.2015393467E-001 -1.8865175298E-001 -1.1348247023E-001
   1  8071   0    0  8.0110281508E+003  2.2015393467E-001 -1.8865175298E-001 -1.1348247023E-001
   1  8072   0    0  8.0120281509E+003  2.2015393467E-001 -1.8865175298E-001 -1.1348247023E-001
   1  8073   0    0  8.0130281510E+003  2.2015393467E-001 -1.8865175298E-001 -1.1348247023E-001
   1  8074   0    0  8.0140281511E+003  2.2015393467E-001 -1.8865175298E-001 -1.1348247023E-001
   1  8075   0    0  8.0150281512E+003  2.2015393467E-001 -1.8865175298E-001 -1.1348247023E-001
   1  8076   0    0  8.0160281513E+003  2.2015393467E-001 -1.8865175298E-001 -1.1348247023E-001
   1  8077   0    0  8.0170281514E+003  2.2015393467E-001 -1.8865175298E-001 -1.1348247023E-001
   1  8078   0    0  8.0180281515E+003  2.2015393467E-001 -1.8865175298E-001 -1.1348247023E-001
   1  8079   0    0  8.0190281516E+003  2.2015393467E-001 -1.8865175298E-001 -1.1348247023E-001
   1  8080   4  405  8.0200281517E+003  2.2015393467E-001 -1.8865175298E-001 -1.1348247023E-001
   1  8081   0    0  8.0210281518E+003  2.2015393467E-001 -1.8865175298E-001 -1.1348247023E-001
   1  8082   0    0  8.0220281519E+003  2.2015393467E-001 -1.8865175298E-001 -1.1348247023E-001
   1  8083   0    0  8.0230281520E+003  2.2015393467E-001 -1.8865175298E-001 -1.1348247023E-001
   1  8084   0    0  8.0240281521E+003  2.2015393467E-001 -1.8865175298E-001 -1.1348247023E-001
   1  8085   0    0  8.0250281522E+003  2.2015393467E-001 -1.8865175298E-001 -1.1348247023E-001
   1  8086   0    0  8.0260281523E+003  2.2015393467E-001 -1.8865175298E-001 -1.1348247023E-001
   1  8087   0    0  8.0270281524E+003  2.2015393467E-001 -1.8865175298E-001 -1.1348247023E-001
   1  8088   0    0  8.0280281525E+003  2.2015393467E-001 -1.8865175298E-001 -1.1348247023E-001
   1  8089   0    0  8.0290281526E+003  2.2015393467E-001 -1.8865175298E-001 -1.1348247023E-001
   1  8090   0    0  8.0300281527E+003  2.2015393467E-001 -1.8865175298E-001 -1.1348247023E-001
   1  8091   0    0  8.0310281528E+003  2.2015393467E-001 -1.8865175298E-001 -1.1348247023E-001
   1  8092   0    0  8.0320281529E+003  2.2015393467E-001 -1.8865175298E-001 -1.1348247023E-001
   1  8093   0    0  8.0330281530E+003  2.2015393467E-001 -1.8865175298E-001 -1.1348247023E-001
   1  8094   0    0  8.0340281531E+003  2.2015393467E-001 -1.8865175298E-001 -1.1348247023E-001
   1  8095   0    0  8.0350281532E+003  2.2015393467E-001 -1.8865175298E-001 -1.1348247023E-001
   1  8096   0    0  8.0360281533E+003  2.2015393467E-001 -1.8865175298E-001 -1.1348247023E-001
   1  8097   0    0  8.0370281534E+003  2.2015393467E-001 -1.8865175298E-001 -1.1348247023E-001
   1  8098   0    0  8.0380281535E+003  2.2015393467E-001 -1.8865175298E-001 -1.1348247023E-001
   1  8099   0    0  8.0390281536E+003  2.2015393467E-001 -1.8865175298E-001 -1.1348247023E-001
   1  8100   4  406  8.0400281537E+003  2.2015393467E-001 -1.8865175298E-001 -1.1348247023E-001
   1  8101   0    0  8.0410281538E+003  2.2015393467E-001 -1.8865175298E-001 -1.1348247023E-001
   1  8102   0    0  8.0420281539E+003  2.2015393467E-001 -1.8865175298E-001 -1.1348247023E-001
   1  8103   0    0  8.0430281540E+003  2.2015393467E-001 -1.8865175298E-001 -1.1348247023E-001
   1  8104   0    0  8.0440281541E+003  2.2015393467E-001 -1.8865175298E-001 -1.1348247023E-001
   1  8105   0    0  8.0450281542E+003  2.2015393467E-001 -1.8865175298E-001 -1.1348247023E-001
   1  8106   0    0  8.0460281543E+003  2.2015393467E-001 -1.8865175298E-001 -1.1348247023E-001
   1  8107   0    0  8.0470281544E+003  2.2015393467E-001 -1.8865175298E-001 -1.1348247023E-001
   1  8108   0    0  8.0480281545E+003  2.2015393467E-001 -1.8865175298E-001 -1.1348247023E-001
   1  8109   0    0  8.0490281546E+003  2.2015393467E-001 -1.8865175298E-001 -1.1348247023E-001
   1  8110   0    0  8.0500281547E+003  2.2015393467E-001 -1.8865175298E-001 -1.1348247023E-001
   1  8111   0    0  8.0510281548E+003  2.2015393467E-001 -1.8865175298E-001 -1.1348247023E-001
   1  8112   0    0  8.0520281549E+003  2.2015393467E-001 -1.8865175298E-001 -1.1348247023E-001
   1  8113   0    0  8.0530281550E+003  2.2015393467E-001 -1.8865175298E-001 -1.1348247023E-001
   1  8114   0    0  8.0540281551E+003  2.2015393467E-001 -1.8865175298E-001 -1.1348247023E-001
   1  8115   0    0  8.0550281552E+003  2.2015393467E-001 -1.8865175298E-001 -1.1348247023E-001
   1  8116   0    0  8.0560281553E+003  2.2015393467E-001 -1.8865175298E-001 -1.1348247023E-001
   1  8117   0    0  8.0570281554E+003  2.2015393467E-001 -1.8865175298E-001 -1.1348247023E-001
   1  8118   0    0  8.0580281555E+003  2.2015393467E-001 -1.8865175298E-001 -1.1348247023E-001
   1  8119   0    0  8.0590281556E+003  2.2015393467E-001 -1.8865175298E-001 -1.1348247023E-001
   1  8120   4  407  8.0600281557E+003  2.2015393467E-001 -1.8865175298E-001 -1.1348247023E-001
   1  8121   0    0  8.0610281558E+003  2.2015393467E-001 -1.8865175298E-001 -1.1348247023E-001
   1  8122   0    0  8.0620281559E+003  2.2015393467E-001 -1.8865175298E-001 -1.1348247023E-001
   1  8123   0    0  8.0630281560E+003  2.2015393467E-001 -1.8865175298E-001 -1.1348247023E-001
   1  8124   0    0  8.0640281561E+003  2.2015393467E-001 -1.8865175298E-001 -1.1348247023E-001
   1  8125   0    0  8.0650281562E+003  2.2015393467E-001 -1.8865175298E-001 -1.1348247023E-001
   1  8126   0    0  8.0660281563E+003  2.2015393467E-001 -1.8865175298E-001 -1.1348247023E-001
   1  8127   0    0  8.0670281564E+003  2.2015393467E-001 -1.8865175298E-001 -1.1348247023E-001
   1  8128   0    0  8.0680281565E+003  2.2015393467E-001 -1.8865175298E-001 -1.1348247023E-001
   1  8129   0    0  8.0690281566E+003  2.2015393467E-001 -1.8865175298E-001 -1.1348247023E-001
   1  8130   0    0  8.0700281567E+003  2.2015393467E-001 -1.8865175298E-001 -1.1348247023E-001
   1  8131   0    0  8.0710281568E+003  2.2015393467E-001 -1.8865175298E-001 -1.1348247023E-001
   1  8132   0    0  8.0720281569E+003  2.2015393467E-001 -1.8865175298E-001 -1.1348247023E-001
   1  8133   0    0  8.0730281570E+003  2.2015393467E-001 -1.8865175298E-001 -1.1348247023E-001
   1  8134   0    0  8.0740281571E+003  2.2015393467E-001 -1.8865175298E-001 -1.1348247023E-001
   1  8135   0    0  8.0750281572E+003  2.2015393467E-001 -1.8865175298E-001 -1.1348247023E-001
   1  8136   0    0  8.0760281573E+003  2.2015393467E-001 -1.8865175298E-001 -1.1348247023E-001
   1  8137   0    0  8.0770281574E+003  2.2015393467E-001 -1.8865175298E-001 -1.1348247023E-001
   1  8138   0    0  8.0780281575E+003  2.2015393467E-001 -1.8865175298E-001 -1.1348247023E-001
   1  8139   0    0  8.0790281576E+003  2.2015393467E-001 -1.8865175298E-001 -1.1348247023E-001
   1  8140   4  408  8.0800281577E+003  2.2015393467E-001 -1.8865175298E-001 -1.1348247023E-001
   1  8141   0    0  8.0810281578E+003  2.2015393467E-001 -1.8865175298E-001 -1.1348247023E-001
   1  8142   0    0  8.0820281579E+003  2.2015393467E-001 -1.8865175298E-001 -1.1348247023E-001
   1  8143   0    0  8.0830281580E+003  2.2015393467E-001 -1.8865175298E-001 -1.1348247023E-001
   1  8144   0    0  8.0840281581E+003  2.2015393467E-001 -1.8865175298E-001 -1.1348247023E-001
   1  8145   0    0  8.0850281582E+003  2.2015393467E-001 -1.8865175298E-001 -1.1348247023E-001
   1  8146   0    0  8.0860281583E+003  2.2015393467E-001 -1.8865175298E-001 -1.1348247023E-001
   1  8147   0    0  8.0870281584E+003  2.2015393467E-001 -1.8865175298E-001 -1.1348247023E-001
   1  8148   0    0  8.0880281585E+003  2.2015393467E-001 -1.8865175298E-001 -1.1348247023E-001
   1  8149   0    0  8.0890281586E+003  2.2015393467E-001 -1.8865175298E-001 -1.1348247023E-001
   1  8150   0    0  8.0900281587E+003  2.2015393467E-001 -1.8865175298E-001 -1.1348247023E-001
   1  8151   0    0  8.0910281588E+003  2.2015393467E-001 -1.8865175298E-001 -1.1348247023E-001
   1  8152   0    0  8.0920281589E+003  2.2015393467E-001 -1.8865175298E-001 -1.1348247023E-001
   1  8153   0    0  8.0930281590E+003  2.2015393467E-001 -1.8865175298E-001 -1.1348247023E-001
   1  8154   0    0  8.0940281591E+003  2.2015393467E-001 -1.8865175298E-001 -1.1348247023E-001
   1  8155   0    0  8.0950281592E+003  2.2015393467E-001 -1.8865175298E-001 -1.1348247023E-001
   1  8156   0    0  8.0960281593E+003  2.2015393467E-001 -1.8865175298E-001 -1.1348247023E-001
   1  8157   0    0  8.0970281594E+003  2.2015393467E-001 -1.8865175298E-001 -1.1348247023E-001
   1  8158   0    0  8.0980281595E+003  2.2015393467E-001 -1.8865175298E-001 -1.1348247023E-001
   1  8159   0    0  8.0990281596E+003  2.2015393467E-001 -1.8865175298E-001 -1.1348247023E-001
   1  8160   4  409  8.1000281597E+003  2.2015393467E-001 -1.8865175298E-001 -1.1348247023E-001
   1  8161   0    0  8.1010281598E+003  2.2015393467E-001 -1.8865175298E-001 -1.1348247023E-001
   1  8162   0    0  8.1020281599E+003  2.2015393467E-001 -1.8865175298E-001 -1.1348247023E-001
   1  8163   0    0  8.1030281600E+003  2.2015393467E-001 -1.8865175298E-001 -1.1348247023E-001
   1  8164   0    0  8.1040281601E+003  2.2015393467E-001 -1.8865175298E-001 -1.1348247023E-001
   1  8165   0    0  8.1050281602E+003  2.2015393467E-001 -1.8865175298E-001 -1.1348247023E-001
   1  8166   0    0  8.1060281603E+003  2.2015393467E-001 -1.8865175298E-001 -1.1348247023E-001
   1  8167   0    0  8.1070281604E+003  2.2015393467E-001 -1.8865175298E-001 -1.1348247023E-001
   1  8168   0    0  8.1080281605E+003  2.2015393467E-001 -1.8865175298E-001 -1.1348247023E-001
   1  8169   0    0  8.1090281606E+003  2.2015393467E-001 -1.8865175298E-001 -1.1348247023E-001
   1  8170   0    0  8.1100281607E+003  2.2015393467E-001 -1.8865175298E-001 -1.1348247023E-001
   1  8171   0    0  8.1110281608E+003  2.2015393467E-001 -1.8865175298E-001 -1.1348247023E-001
   1  8172   0    0  8.1120281609E+003  2.2015393467E-001 -1.8865175298E-001 -1.1348247023E-001
   1  8173   0    0  8.1130281610E+003  2.2015393467E-001 -1.8865175298E-001 -1.1348247023E-001
   1  8174   0    0  8.1140281611E+003  2.2015393467E-001 -1.8865175298E-001 -1.1348247023E-001
   1  8175   0    0  8.1150281612E+003  2.2015393467E-001 -1.8865175298E-001 -1.1348247023E-001
   1  8176   0    0  8.1160281613E+003  2.2015393467E-001 -1.8865175298E-001 -1.1348247023E-001
   1  8177   0    0  8.1170281614E+003  2.2015393467E-001 -1.8865175298E-001 -1.1348247023E-001
   1  8178   0    0  8.1180281615E+003  2.2015393467E-001 -1.8865175298E-001 -1.1348247023E-001
   1  8179   0    0  8.1190281616E+003  2.2015393467E-001 -1.8865175298E-001 -1.1348247023E-001
   1  8180   4  410  8.1200281617E+003  2.2015393467E-001 -1.8865175298E-001 -1.1348247023E-001
   1  8181   0    0  8.1210281618E+003  2.2015393467E-001 -1.8865175298E-001 -1.1348247023E-001
   1  8182   0    0  8.1220281619E+003  2.2015393467E-001 -1.8865175298E-001 -1.1348247023E-001
   1  8183   0    0  8.1230281620E+003  2.2015393467E-001 -1.8865175298E-001 -1.1348247023E-001
   1  8184   0    0  8.1240281621E+003  2.2015393467E-001 -1.8865175298E-001 -1.1348247023E-001
   1  8185   0    0  8.1250281622E+003  2.2015393467E-001 -1.8865175298E-001 -1.1348247023E-001
   1  8186   0    0  8.1260281623E+003  2.2015393467E-001 -1.8865175298E-001 -1.1348247023E-001
   1  8187   0    0  8.1270281624E+003  2.2015393467E-001 -1.8865175298E-001 -1.1348247023E-001
   1  8188   0    0  8.1280281625E+003  2.2015393467E-001 -1.8865175298E-001 -1.1348247023E-001
   1  8189   0    0  8.1290281626E+003  2.2015393467E-001 -1.8865175298E-001 -1.1348247023E-001
   1  8190   0    0  8.1300281627E+003  2.2015393467E-001 -1.8865175298E-001 -1.1348247023E-001
   1  8191   0    0  8.1310281628E+003  2.2015393467E-001 -1.8865175298E-001 -1.1348247023E-001
   1  8192   0    0  8.1320281629E+003  2.2015393467E-001 -1.8865175298E-001 -1.1348247023E-001
   1  8193   0    0  8.1330281630E+003  2.2015393467E-001 -1.8865175298E-001 -1.1348247023E-001
   1  8194   0    0  8.1340281631E+003  2.2015393467E-001 -1.8865175298E-001 -1.1348247023E-001
   1  8195   0    0  8.1350281632E+003  2.2015393467E-001 -1.8865175298E-001 -1.1348247023E-001
   1  8196   0    0  8.1360281633E+003  2.2015393467E-001 -1.8865175298E-001 -1.1348247023E-001
   1  8197   0    0  8.1370281634E+003  2.2015393467E-001 -1.8865175298E-001 -1.1348247023E-001
   1  8198   0    0  8.1380281635E+003  2.2015393467E-001 -1.8865175298E-001 -1.1348247023E-001
   1  8199   0    0  8.1390281636E+003  2.2015393467E-001 -1.8865175298E-001 -1.1348247023E-001
   1  8200   4  411  8.1400281637E+003  2.2015393467E-001 -1.8865175298E-001 -1.1348247023E-001
   1  8201   0    0  8.1410281638E+003  2.2015393467E-001 -1.8865175298E-001 -1.1348247023E-001
   1  8202   0    0  8.1420281639E+003  2.2015393467E-001 -1.8865175298E-001 -1.1348247023E-001
   1  8203   0    0  8.1430281640E+003  2.2015393467E-001 -1.8865175298E-001 -1.1348247023E-001
   1  8204   0    0  8.1440281641E+003  2.2015393467E-001 -1.8865175298E-001 -1.1348247023E-001
   1  8205   0    0  8.1450281642E+003  2.2015393467E-001 -1.8865175298E-001 -1.1348247023E-001
   1  8206   0    0  8.1460281643E+003  2.2015393467E-001 -1.8865175298E-001 -1.1348247023E-001
   1  8207   0    0  8.1470281644E+003  2.2015393467E-001 -1.8865175298E-001 -1.1348247023E-001
   1  8208   0    0  8.1480281645E+003  2.2015393467E-001 -1.8865175298E-001 -1.1348247023E-001
   1  8209   0    0  8.1490281646E+003  2.2015393467E-001 -1.8865175298E-001 -1.1348247023E-001
   1  8210   0    0  8.1500281647E+003  2.2015393467E-001 -1.8865175298E-001 -1.1348247023E-001
   1  8211   0    0  8.1510281648E+003  2.2015393467E-001 -1.8865175298E-001 -1.1348247023E-001
   1  8212   0    0  8.1520281649E+003  2.2015393467E-001 -1.8865175298E-001 -1.1348247023E-001
   1  8213   0    0  8.1530281650E+003  2.2015393467E-001 -1.8865175298E-001 -1.1348247023E-001
   1  8214   0    0  8.1540281651E+003  2.2015393467E-001 -1.8865175298E-001 -1.1348247023E-001
   1  8215   0    0  8.1550281652E+003  2.2015393467E-001 -1.8865175298E-001 -1.1348247023E-001
   1  8216   0    0  8.1560281653E+003  2.2015393467E-001 -1.8865175298E-001 -1.1348247023E-001
   1  8217   0    0  8.1570281654E+003  2.2015393467E-001 -1.8865175298E-001 -1.1348247023E-001
   1  8218   0    0  8.1580281655E+003  2.2015393467E-001 -1.8865175298E-001 -1.1348247023E-001
   1  8219   0    0  8.1590281656E+003  2.2015393467E-001 -1.8865175298E-001 -1.1348247023E-001
   1  8220   4  412  8.1600281657E+003  2.2015393467E-001 -1.8865175298E-001 -1.1348247023E-001
   1  8221   0    0  8.1610281658E+003  2.2015393467E-001 -1.8865175298E-001 -1.1348247023E-001
   1  8222   0    0  8.1620281659E+003  2.2015393467E-001 -1.8865175298E-001 -1.1348247023E-001
   1  8223   0    0  8.1630281660E+003  2.2015393467E-001 -1.8865175298E-001 -1.1348247023E-001
   1  8224   0    0  8.1640281661E+003  2.2015393467E-001 -1.8865175298E-001 -1.1348247023E-001
   1  8225   0    0  8.1650281662E+003  2.2015393467E-001 -1.8865175298E-001 -1.1348247023E-001
   1  8226   0    0  8.1660281663E+003  2.2015393467E-001 -1.8865175298E-001 -1.1348247023E-001
   1  8227   0    0  8.1670281664E+003  2.2015393467E-001 -1.8865175298E-001 -1.1348247023E-001
   1  8228   0    0  8.1680281665E+003  2.2015393467E-001 -1.8865175298E-001 -1.1348247023E-001
   1  8229   0    0  8.1690281666E+003  2.2015393467E-001 -1.8865175298E-001 -1.1348247023E-001
   1  8230   0    0  8.1700281667E+003  2.2015393467E-001 -1.8865175298E-001 -1.1348247023E-001
   1  8231   0    0  8.1710281668E+003  2.2015393467E-001 -1.8865175298E-001 -1.1348247023E-001
   1  8232   0    0  8.1720281669E+003  2.2015393467E-001 -1.8865175298E-001 -1.1348247023E-001
   1  8233   0    0  8.1730281670E+003  2.2015393467E-001 -1.8865175298E-001 -1.1348247023E-001
   1  8234   0    0  8.1740281671E+003  2.2015393467E-001 -1.8865175298E-001 -1.1348247023E-001
   1  8235   0    0  8.1750281672E+003  2.2015393467E-001 -1.8865175298E-001 -1.1348247023E-001
   1  8236   0    0  8.1760281673E+003  2.2015393467E-001 -1.8865175298E-001 -1.1348247023E-001
   1  8237   0    0  8.1770281674E+003  2.2015393467E-001 -1.8865175298E-001 -1.1348247023E-001
   1  8238   0    0  8.1780281675E+003  2.2015393467E-001 -1.8865175298E-001 -1.1348247023E-001
   1  8239   0    0  8.1790281676E+003  2.2015393467E-001 -1.8865175298E-001 -1.1348247023E-001
   1  8240   4  413  8.1800281677E+003  2.2015393467E-001 -1.8865175298E-001 -1.1348247023E-001
   1  8241   0    0  8.1810281678E+003  2.2015393467E-001 -1.8865175298E-001 -1.1348247023E-001
   1  8242   0    0  8.1820281679E+003  2.2015393467E-001 -1.8865175298E-001 -1.1348247023E-001
   1  8243   0    0  8.1830281680E+003  2.2015393467E-001 -1.8865175298E-001 -1.1348247023E-001
   1  8244   0    0  8.1840281681E+003  2.2015393467E-001 -1.8865175298E-001 -1.1348247023E-001
   1  8245   0    0  8.1850281682E+003  2.2015393467E-001 -1.8865175298E-001 -1.1348247023E-001
   1  8246   0    0  8.1860281683E+003  2.2015393467E-001 -1.8865175298E-001 -1.1348247023E-001
   1  8247   0    0  8.1870281684E+003  2.2015393467E-001 -1.8865175298E-001 -1.1348247023E-001
   1  8248   0    0  8.1880281685E+003  2.2015393467E-001 -1.8865175298E-001 -1.1348247023E-001
   1  8249   0    0  8.1890281686E+003  2.2015393467E-001 -1.8865175298E-001 -1.1348247023E-001
   1  8250   0    0  8.1900281687E+003  2.2015393467E-001 -1.8865175298E-001 -1.1348247023E-001
   1  8251   0    0  8.1910281688E+003  2.2015393467E-001 -1.8865175298E-001 -1.1348247023E-001
   1  8252   0    0  8.1920281689E+003  2.2015393467E-001 -1.8865175298E-001 -1.1348247023E-001
   1  8253   0    0  8.1930281690E+003  2.2015393467E-001 -1.8865175298E-001 -1.1348247023E-001
   1  8254   0    0  8.1940281691E+003  2.2015393467E-001 -1.8865175298E-001 -1.1348247023E-001
   1  8255   0    0  8.1950281692E+003  2.2015393467E-001 -1.8865175298E-001 -1.1348247023E-001
   1  8256   0    0  8.1960281693E+003  2.2015393467E-001 -1.8865175298E-001 -1.1348247023E-001
   1  8257   0    0  8.1970281694E+003  2.2015393467E-001 -1.8865175298E-001 -1.1348247023E-001
   1  8258   0    0  8.1980281695E+003  2.2015393467E-001 -1.8865175298E-001 -1.1348247023E-001
   1  8259   0    0  8.1990281696E+003  2.2015393467E-001 -1.8865175298E-001 -1.1348247023E-001
   1  8260   4  414  8.2000281697E+003  2.2015393467E-001 -1.8865175298E-001 -1.1348247023E-001
   1  8261   0    0  8.2010281698E+003  2.2015393467E-001 -1.8865175298E-001 -1.1348247023E-001
   1  8262   0    0  8.2020281699E+003  2.2015393467E-001 -1.8865175298E-001 -1.1348247023E-001
   1  8263   0    0  8.2030281700E+003  2.2015393467E-001 -1.8865175298E-001 -1.1348247023E-001
   1  8264   0    0  8.2040281701E+003  2.2015393467E-001 -1.8865175298E-001 -1.1348247023E-001
   1  8265   0    0  8.2050281702E+003  2.2015393467E-001 -1.8865175298E-001 -1.1348247023E-001
   1  8266   0    0  8.2060281703E+003  2.2015393467E-001 -1.8865175298E-001 -1.1348247023E-001
   1  8267   0    0  8.2070281704E+003  2.2015393467E-001 -1.8865175298E-001 -1.1348247023E-001
   1  8268   0    0  8.2080281705E+003  2.2015393467E-001 -1.8865175298E-001 -1.1348247023E-001
   1  8269   0    0  8.2090281706E+003  2.2015393467E-001 -1.8865175298E-001 -1.1348247023E-001
   1  8270   0    0  8.2100281707E+003  2.2015393467E-001 -1.8865175298E-001 -1.1348247023E-001
   1  8271   0    0  8.2110281708E+003  2.2015393467E-001 -1.8865175298E-001 -1.1348247023E-001
   1  8272   0    0  8.2120281709E+003  2.2015393467E-001 -1.8865175298E-001 -1.1348247023E-001
   1  8273   0    0  8.2130281710E+003  2.2015393467E-001 -1.8865175298E-001 -1.1348247023E-001
   1  8274   0    0  8.2140281711E+003  2.2015393467E-001 -1.8865175298E-001 -1.1348247023E-001
   1  8275   0    0  8.2150281712E+003  2.2015393467E-001 -1.8865175298E-001 -1.1348247023E-001
   1  8276   0    0  8.2160281713E+003  2.2015393467E-001 -1.8865175298E-001 -1.1348247023E-001
   1  8277   0    0  8.2170281714E+003  2.2015393467E-001 -1.8865175298E-001 -1.1348247023E-001
   1  8278   0    0  8.2180281715E+003  2.2015393467E-001 -1.8865175298E-001 -1.1348247023E-001
   1  8279   0    0  8.2190281716E+003  2.2015393467E-001 -1.8865175298E-001 -1.1348247023E-001
   1  8280   4  415  8.2200281717E+003  2.2015393467E-001 -1.8865175298E-001 -1.1348247023E-001
   1  8281   0    0  8.2210281718E+003  2.2015393467E-001 -1.8865175298E-001 -1.1348247023E-001
   1  8282   0    0  8.2220281719E+003  2.2015393467E-001 -1.8865175298E-001 -1.1348247023E-001
   1  8283   0    0  8.2230281720E+003  2.2015393467E-001 -1.8865175298E-001 -1.1348247023E-001
   1  8284   0    0  8.2240281721E+003  2.2015393467E-001 -1.8865175298E-001 -1.1348247023E-001
   1  8285   0    0  8.2250281722E+003  2.2015393467E-001 -1.8865175298E-001 -1.1348247023E-001
   1  8286   0    0  8.2260281723E+003  2.2015393467E-001 -1.8865175298E-001 -1.1348247023E-001
   1  8287   0    0  8.2270281724E+003  2.2015393467E-001 -1.8865175298E-001 -1.1348247023E-001
   1  8288   0    0  8.2280281725E+003  2.2015393467E-001 -1.8865175298E-001 -1.1348247023E-001
   1  8289   0    0  8.2290281726E+003  2.2015393467E-001 -1.8865175298E-001 -1.1348247023E-001
   1  8290   0    0  8.2300281727E+003  2.2015393467E-001 -1.8865175298E-001 -1.1348247023E-001
   1  8291   0    0  8.2310281728E+003  2.2015393467E-001 -1.8865175298E-001 -1.1348247023E-001
   1  8292   0    0  8.2320281729E+003  2.2015393467E-001 -1.8865175298E-001 -1.1348247023E-001
   1  8293   0    0  8.2330281730E+003  2.2015393467E-001 -1.8865175298E-001 -1.1348247023E-001
   1  8294   0    0  8.2340281731E+003  2.2015393467E-001 -1.8865175298E-001 -1.1348247023E-001
   1  8295   0    0  8.2350281732E+003  2.2015393467E-001 -1.8865175298E-001 -1.1348247023E-001
   1  8296   0    0  8.2360281733E+003  2.2015393467E-001 -1.8865175298E-001 -1.1348247023E-001
   1  8297   0    0  8.2370281734E+003  2.2015393467E-001 -1.8865175298E-001 -1.1348247023E-001
   1  8298   0    0  8.2380281735E+003  2.2015393467E-001 -1.8865175298E-001 -1.1348247023E-001
   1  8299   0    0  8.2390281736E+003  2.2015393467E-001 -1.8865175298E-001 -1.1348247023E-001
   1  8300   4  416  8.2400281737E+003  2.2015393467E-001 -1.8865175298E-001 -1.1348247023E-001
   1  8301   0    0  8.2410281738E+003  2.2015393467E-001 -1.8865175298E-001 -1.1348247023E-001
   1  8302   0    0  8.2420281739E+003  2.2015393467E-001 -1.8865175298E-001 -1.1348247023E-001
   1  8303   0    0  8.2430281740E+003  2.2015393467E-001 -1.8865175298E-001 -1.1348247023E-001
   1  8304   0    0  8.2440281741E+003  2.2015393467E-001 -1.8865175298E-001 -1.1348247023E-001
   1  8305   0    0  8.2450281742E+003  2.2015393467E-001 -1.8865175298E-001 -1.1348247023E-001
   1  8306   0    0  8.2460281743E+003  2.2015393467E-001 -1.8865175298E-001 -1.1348247023E-001
   1  8307   0    0  8.2470281744E+003  2.2015393467E-001 -1.8865175298E-001 -1.1348247023E-001
   1  8308   0    0  8.2480281745E+003  2.2015393467E-001 -1.8865175298E-001 -1.1348247023E-001
   1  8309   0    0  8.2490281746E+003  2.2015393467E-001 -1.8865175298E-001 -1.1348247023E-001
   1  8310   0    0  8.2500281747E+003  2.2015393467E-001 -1.8865175298E-001 -1.1348247023E-001
   1  8311   0    0  8.2510281748E+003  2.2015393467E-001 -1.8865175298E-001 -1.1348247023E-001
   1  8312   0    0  8.2520281749E+003  2.2015393467E-001 -1.8865175298E-001 -1.1348247023E-001
   1  8313   0    0  8.2530281750E+003  2.2015393467E-001 -1.8865175298E-001 -1.1348247023E-001
   1  8314   0    0  8.2540281751E+003  2.2015393467E-001 -1.8865175298E-001 -1.1348247023E-001
   1  8315   0    0  8.2550281752E+003  2.2015393467E-001 -1.8865175298E-001 -1.1348247023E-001
   1  8316   0    0  8.2560281753E+003  2.2015393467E-001 -1.8865175298E-001 -1.1348247023E-001
   1  8317   0    0  8.2570281754E+003  2.2015393467E-001 -1.8865175298E-001 -1.1348247023E-001
   1  8318   0    0  8.2580281755E+003  2.2015393467E-001 -1.8865175298E-001 -1.1348247023E-001
   1  8319   0    0  8.2590281756E+003  2.2015393467E-001 -1.8865175298E-001 -1.1348247023E-001
   1  8320   4  417  8.2600281757E+003  2.2015393467E-001 -1.8865175298E-001 -1.1348247023E-001
   1  8321   0    0  8.2610281758E+003  2.2015393467E-001 -1.8865175298E-001 -1.1348247023E-001
   1  8322   0    0  8.2620281759E+003  2.2015393467E-001 -1.8865175298E-001 -1.1348247023E-001
   1  8323   0    0  8.2630281760E+003  2.2015393467E-001 -1.8865175298E-001 -1.1348247023E-001
   1  8324   0    0  8.2640281761E+003  2.2015393467E-001 -1.8865175298E-001 -1.1348247023E-001
   1  8325   0    0  8.2650281762E+003  2.2015393467E-001 -1.8865175298E-001 -1.1348247023E-001
   1  8326   0    0  8.2660281763E+003  2.2015393467E-001 -1.8865175298E-001 -1.1348247023E-001
   1  8327   0    0  8.2670281764E+003  2.2015393467E-001 -1.8865175298E-001 -1.1348247023E-001
   1  8328   0    0  8.2680281765E+003  2.2015393467E-001 -1.8865175298E-001 -1.1348247023E-001
   1  8329   0    0  8.2690281766E+003  2.2015393467E-001 -1.8865175298E-001 -1.1348247023E-001
   1  8330   0    0  8.2700281767E+003  2.2015393467E-001 -1.8865175298E-001 -1.1348247023E-001
   1  8331   0    0  8.2710281768E+003  2.2015393467E-001 -1.8865175298E-001 -1.1348247023E-001
   1  8332   0    0  8.2720281769E+003  2.2015393467E-001 -1.8865175298E-001 -1.1348247023E-001
   1  8333   0    0  8.2730281770E+003  2.2015393467E-001 -1.8865175298E-001 -1.1348247023E-001
   1  8334   0    0  8.2740281771E+003  2.2015393467E-001 -1.8865175298E-001 -1.1348247023E-001
   1  8335   0    0  8.2750281772E+003  2.2015393467E-001 -1.8865175298E-001 -1.1348247023E-001
   1  8336   0    0  8.2760281773E+003  2.2015393467E-001 -1.8865175298E-001 -1.1348247023E-001
   1  8337   0    0  8.2770281774E+003  2.2015393467E-001 -1.8865175298E-001 -1.1348247023E-001
   1  8338   0    0  8.2780281775E+003  2.2015393467E-001 -1.8865175298E-001 -1.1348247023E-001
   1  8339   0    0  8.2790281776E+003  2.2015393467E-001 -1.8865175298E-001 -1.1348247023E-001
   1  8340   4  418  8.2800281777E+003  2.2015393467E-001 -1.8865175298E-001 -1.1348247023E-001
   1  8341   0    0  8.2810281778E+003  2.2015393467E-001 -1.8865175298E-001 -1.1348247023E-001
   1  8342   0    0  8.2820281779E+003  2.2015393467E-001 -1.8865175298E-001 -1.1348247023E-001
   1  8343   0    0  8.2830281780E+003  2.2015393467E-001 -1.8865175298E-001 -1.1348247023E-001
   1  8344   0    0  8.2840281781E+003  2.2015393467E-001 -1.8865175298E-001 -1.1348247023E-001
   1  8345   0    0  8.2850281782E+003  2.2015393467E-001 -1.8865175298E-001 -1.1348247023E-001
   1  8346   0    0  8.2860281783E+003  2.2015393467E-001 -1.8865175298E-001 -1.1348247023E-001
   1  8347   0    0  8.2870281784E+003  2.2015393467E-001 -1.8865175298E-001 -1.1348247023E-001
   1  8348   0    0  8.2880281785E+003  2.2015393467E-001 -1.8865175298E-001 -1.1348247023E-001
   1  8349   0    0  8.2890281786E+003  2.2015393467E-001 -1.8865175298E-001 -1.1348247023E-001
   1  8350   0    0  8.2900281787E+003  2.2015393467E-001 -1.8865175298E-001 -1.1348247023E-001
   1  8351   0    0  8.2910281788E+003  2.2015393467E-001 -1.8865175298E-001 -1.1348247023E-001
   1  8352   0    0  8.2920281789E+003  2.2015393467E-001 -1.8865175298E-001 -1.1348247023E-001
   1  8353   0    0  8.2930281790E+003  2.2015393467E-001 -1.8865175298E-001 -1.1348247023E-001
   1  8354   0    0  8.2940281791E+003  2.2015393467E-001 -1.8865175298E-001 -1.1348247023E-001
   1  8355   0    0  8.2950281792E+003  2.2015393467E-001 -1.8865175298E-001 -1.1348247023E-001
   1  8356   0    0  8.2960281793E+003  2.2015393467E-001 -1.8865175298E-001 -1.1348247023E-001
   1  8357   0    0  8.2970281794E+003  2.2015393467E-001 -1.8865175298E-001 -1.1348247023E-001
   1  8358   0    0  8.2980281795E+003  2.2015393467E-001 -1.8865175298E-001 -1.1348247023E-001
   1  8359   0    0  8.2990281796E+003  2.2015393467E-001 -1.8865175298E-001 -1.1348247023E-001
   1  8360   4  419  8.3000281797E+003  2.2015393467E-001 -1.8865175298E-001 -1.1348247023E-001
   1  8361   0    0  8.3010281798E+003  2.2015393467E-001 -1.8865175298E-001 -1.1348247023E-001
   1  8362   0    0  8.3020281799E+003  2.2015393467E-001 -1.8865175298E-001 -1.1348247023E-001
   1  8363   0    0  8.3030281800E+003  2.2015393467E-001 -1.8865175298E-001 -1.1348247023E-001
   1  8364   0    0  8.3040281801E+003  2.2015393467E-001 -1.8865175298E-001 -1.1348247023E-001
   1  8365   0    0  8.3050281802E+003  2.2015393467E-001 -1.8865175298E-001 -1.1348247023E-001
   1  8366   0    0  8.3060281803E+003  2.2015393467E-001 -1.8865175298E-001 -1.1348247023E-001
   1  8367   0    0  8.3070281804E+003  2.2015393467E-001 -1.8865175298E-001 -1.1348247023E-001
   1  8368   0    0  8.3080281805E+003  2.2015393467E-001 -1.8865175298E-001 -1.1348247023E-001
   1  8369   0    0  8.3090281806E+003  2.2015393467E-001 -1.8865175298E-001 -1.1348247023E-001
   1  8370   0    0  8.3100281807E+003  2.2015393467E-001 -1.8865175298E-001 -1.1348247023E-001
   1  8371   0    0  8.3110281808E+003  2.2015393467E-001 -1.8865175298E-001 -1.1348247023E-001
   1  8372   0    0  8.3120281809E+003  2.2015393467E-001 -1.8865175298E-001 -1.1348247023E-001
   1  8373   0    0  8.3130281810E+003  2.2015393467E-001 -1.8865175298E-001 -1.1348247023E-001
   1  8374   0    0  8.3140281811E+003  2.2015393467E-001 -1.8865175298E-001 -1.1348247023E-001
   1  8375   0    0  8.3150281812E+003  2.2015393467E-001 -1.8865175298E-001 -1.1348247023E-001
   1  8376   0    0  8.3160281813E+003  2.2015393467E-001 -1.8865175298E-001 -1.1348247023E-001
   1  8377   0    0  8.3170281814E+003  2.2015393467E-001 -1.8865175298E-001 -1.1348247023E-001
   1  8378   0    0  8.3180281815E+003  2.2015393467E-001 -1.8865175298E-001 -1.1348247023E-001
   1  8379   0    0  8.3190281816E+003  2.2015393467E-001 -1.8865175298E-001 -1.1348247023E-001
   1  8380   4  420  8.3200281817E+003  2.2015393467E-001 -1.8865175298E-001 -1.1348247023E-001
   1  8381   0    0  8.3210281818E+003  2.2015393467E-001 -1.8865175298E-001 -1.1348247023E-001
   1  8382   0    0  8.3220281819E+003  2.2015393467E-001 -1.8865175298E-001 -1.1348247023E-001
   1  8383   0    0  8.3230281820E+003  2.2015393467E-001 -1.8865175298E-001 -1.1348247023E-001
   1  8384   0    0  8.3240281821E+003  2.2015393467E-001 -1.8865175298E-001 -1.1348247023E-001
   1  8385   0    0  8.3250281822E+003  2.2015393467E-001 -1.8865175298E-001 -1.1348247023E-001
   1  8386   0    0  8.3260281823E+003  2.2015393467E-001 -1.8865175298E-001 -1.1348247023E-001
   1  8387   0    0  8.3270281824E+003  2.2015393467E-001 -1.8865175298E-001 -1.1348247023E-001
   1  8388   0    0  8.3280281825E+003  2.2015393467E-001 -1.8865175298E-001 -1.1348247023E-001
   1  8389   0    0  8.3290281826E+003  2.2015393467E-001 -1.8865175298E-001 -1.1348247023E-001
   1  8390   0    0  8.3300281827E+003  2.2015393467E-001 -1.8865175298E-001 -1.1348247023E-001
   1  8391   0    0  8.3310281828E+003  2.2015393467E-001 -1.8865175298E-001 -1.1348247023E-001
   1  8392   0    0  8.3320281829E+003  2.2015393467E-001 -1.8865175298E-001 -1.1348247023E-001
   1  8393   0    0  8.3330281830E+003  2.2015393467E-001 -1.8865175298E-001 -1.1348247023E-001
   1  8394   0    0  8.3340281831E+003  2.2015393467E-001 -1.8865175298E-001 -1.1348247023E-001
   1  8395   0    0  8.3350281832E+003  2.2015393467E-001 -1.8865175298E-001 -1.1348247023E-001
   1  8396   0    0  8.3360281833E+003  2.2015393467E-001 -1.8865175298E-001 -1.1348247023E-001
   1  8397   0    0  8.3370281834E+003  2.2015393467E-001 -1.8865175298E-001 -1.1348247023E-001
   1  8398   0    0  8.3380281835E+003  2.2015393467E-001 -1.8865175298E-001 -1.1348247023E-001
   1  8399   0    0  8.3390281836E+003  2.2015393467E-001 -1.8865175298E-001 -1.1348247023E-001
   1  8400   4  421  8.3400281837E+003  2.2015393467E-001 -1.8865175298E-001 -1.1348247023E-001
   1  8401   0    0  8.3410281838E+003  2.2015393467E-001 -1.8865175298E-001 -1.1348247023E-001
   1  8402   0    0  8.3420281839E+003  2.2015393467E-001 -1.8865175298E-001 -1.1348247023E-001
   1  8403   0    0  8.3430281840E+003  2.2015393467E-001 -1.8865175298E-001 -1.1348247023E-001
   1  8404   0    0  8.3440281841E+003  2.2015393467E-001 -1.8865175298E-001 -1.1348247023E-001
   1  8405   0    0  8.3450281842E+003  2.2015393467E-001 -1.8865175298E-001 -1.1348247023E-001
   1  8406   0    0  8.3460281843E+003  2.2015393467E-001 -1.8865175298E-001 -1.1348247023E-001
   1  8407   0    0  8.3470281844E+003  2.2015393467E-001 -1.8865175298E-001 -1.1348247023E-001
   1  8408   0    0  8.3480281845E+003  2.2015393467E-001 -1.8865175298E-001 -1.1348247023E-001
   1  8409   0    0  8.3490281846E+003  2.2015393467E-001 -1.8865175298E-001 -1.1348247023E-001
   1  8410   0    0  8.3500281847E+003  2.2015393467E-001 -1.8865175298E-001 -1.1348247023E-001
   1  8411   0    0  8.3510281848E+003  2.2015393467E-001 -1.8865175298E-001 -1.1348247023E-001
   1  8412   0    0  8.3520281849E+003  2.2015393467E-001 -1.8865175298E-001 -1.1348247023E-001
   1  8413   0    0  8.3530281850E+003  2.2015393467E-001 -1.8865175298E-001 -1.1348247023E-001
   1  8414   0    0  8.3540281851E+003  2.2015393467E-001 -1.8865175298E-001 -1.1348247023E-001
   1  8415   0    0  8.3550281852E+003  2.2015393467E-001 -1.8865175298E-001 -1.1348247023E-001
   1  8416   0    0  8.3560281853E+003  2.2015393467E-001 -1.8865175298E-001 -1.1348247023E-001
   1  8417   0    0  8.3570281854E+003  2.2015393467E-001 -1.8865175298E-001 -1.1348247023E-001
   1  8418   0    0  8.3580281855E+003  2.2015393467E-001 -1.8865175298E-001 -1.1348247023E-001
   1  8419   0    0  8.3590281856E+003  2.2015393467E-001 -1.8865175298E-001 -1.1348247023E-001
   1  8420   4  422  8.3600281857E+003  2.2015393467E-001 -1.8865175298E-001 -1.1348247023E-001
   1  8421   0    0  8.3610281858E+003  2.2015393467E-001 -1.8865175298E-001 -1.1348247023E-001
   1  8422   0    0  8.3620281859E+003  2.2015393467E-001 -1.8865175298E-001 -1.1348247023E-001
   1  8423   0    0  8.3630281860E+003  2.2015393467E-001 -1.8865175298E-001 -1.1348247023E-001
   1  8424   0    0  8.3640281861E+003  2.2015393467E-001 -1.8865175298E-001 -1.1348247023E-001
   1  8425   0    0  8.3650281862E+003  2.2015393467E-001 -1.8865175298E-001 -1.1348247023E-001
   1  8426   0    0  8.3660281863E+003  2.2015393467E-001 -1.8865175298E-001 -1.1348247023E-001
   1  8427   0    0  8.3670281864E+003  2.2015393467E-001 -1.8865175298E-001 -1.1348247023E-001
   1  8428   0    0  8.3680281865E+003  2.2015393467E-001 -1.8865175298E-001 -1.1348247023E-001
   1  8429   0    0  8.3690281866E+003  2.2015393467E-001 -1.8865175298E-001 -1.1348247023E-001
   1  8430   0    0  8.3700281867E+003  2.2015393467E-001 -1.8865175298E-001 -1.1348247023E-001
   1  8431   0    0  8.3710281868E+003  2.2015393467E-001 -1.8865175298E-001 -1.1348247023E-001
   1  8432   0    0  8.3720281869E+003  2.2015393467E-001 -1.8865175298E-001 -1.1348247023E-001
   1  8433   0    0  8.3730281870E+003  2.2015393467E-001 -1.8865175298E-001 -1.1348247023E-001
   1  8434   0    0  8.3740281871E+003  2.2015393467E-001 -1.8865175298E-001 -1.1348247023E-001
   1  8435   0    0  8.3750281872E+003  2.2015393467E-001 -1.8865175298E-001 -1.1348247023E-001
   1  8436   0    0  8.3760281873E+003  2.2015393467E-001 -1.8865175298E-001 -1.1348247023E-001
   1  8437   0    0  8.3770281874E+003  2.2015393467E-001 -1.8865175298E-001 -1.1348247023E-001
   1  8438   0    0  8.3780281875E+003  2.2015393467E-001 -1.8865175298E-001 -1.1348247023E-001
   1  8439   0    0  8.3790281876E+003  2.2015393467E-001 -1.8865175298E-001 -1.1348247023E-001
   1  8440   4  423  8.3800281877E+003  2.2015393467E-001 -1.8865175298E-001 -1.1348247023E-001
   1  8441   0    0  8.3810281878E+003  2.2015393467E-001 -1.8865175298E-001 -1.1348247023E-001
   1  8442   0    0  8.3820281879E+003  2.2015393467E-001 -1.8865175298E-001 -1.1348247023E-001
   1  8443   0    0  8.3830281880E+003  2.2015393467E-001 -1.8865175298E-001 -1.1348247023E-001
   1  8444   0    0  8.3840281881E+003  2.2015393467E-001 -1.8865175298E-001 -1.1348247023E-001
   1  8445   0    0  8.3850281882E+003  2.2015393467E-001 -1.8865175298E-001 -1.1348247023E-001
   1  8446   0    0  8.3860281883E+003  2.2015393467E-001 -1.8865175298E-001 -1.1348247023E-001
   1  8447   0    0  8.3870281884E+003  2.2015393467E-001 -1.8865175298E-001 -1.1348247023E-001
   1  8448   0    0  8.3880281885E+003  2.2015393467E-001 -1.8865175298E-001 -1.1348247023E-001
   1  8449   0    0  8.3890281886E+003  2.2015393467E-001 -1.8865175298E-001 -1.1348247023E-001
   1  8450   0    0  8.3900281887E+003  2.2015393467E-001 -1.8865175298E-001 -1.1348247023E-001
   1  8451   0    0  8.3910281888E+003  2.2015393467E-001 -1.8865175298E-001 -1.1348247023E-001
   1  8452   0    0  8.3920281889E+003  2.2015393467E-001 -1.8865175298E-001 -1.1348247023E-001
   1  8453   0    0  8.3930281890E+003  2.2015393467E-001 -1.8865175298E-001 -1.1348247023E-001
   1  8454   0    0  8.3940281891E+003  2.2015393467E-001 -1.8865175298E-001 -1.1348247023E-001
   1  8455   0    0  8.3950281892E+003  2.2015393467E-001 -1.8865175298E-001 -1.1348247023E-001
   1  8456   0    0  8.3960281893E+003  2.2015393467E-001 -1.8865175298E-001 -1.1348247023E-001
   1  8457   0    0  8.3970281894E+003  2.2015393467E-001 -1.8865175298E-001 -1.1348247023E-001
   1  8458   0    0  8.3980281895E+003  2.2015393467E-001 -1.8865175298E-001 -1.1348247023E-001
   1  8459   0    0  8.3990281896E+003  2.2015393467E-001 -1.8865175298E-001 -1.1348247023E-001
   1  8460   4  424  8.4000281897E+003  2.2015393467E-001 -1.8865175298E-001 -1.1348247023E-001
   1  8461   0    0  8.4010281898E+003  2.2015393467E-001 -1.8865175298E-001 -1.1348247023E-001
   1  8462   0    0  8.4020281899E+003  2.2015393467E-001 -1.8865175298E-001 -1.1348247023E-001
   1  8463   0    0  8.4030281900E+003  2.2015393467E-001 -1.8865175298E-001 -1.1348247023E-001
   1  8464   0    0  8.4040281901E+003  2.2015393467E-001 -1.8865175298E-001 -1.1348247023E-001
   1  8465   0    0  8.4050281902E+003  2.2015393467E-001 -1.8865175298E-001 -1.1348247023E-001
   1  8466   0    0  8.4060281903E+003  2.2015393467E-001 -1.8865175298E-001 -1.1348247023E-001
   1  8467   0    0  8.4070281904E+003  2.2015393467E-001 -1.8865175298E-001 -1.1348247023E-001
   1  8468   0    0  8.4080281905E+003  2.2015393467E-001 -1.8865175298E-001 -1.1348247023E-001
   1  8469   0    0  8.4090281906E+003  2.2015393467E-001 -1.8865175298E-001 -1.1348247023E-001
   1  8470   0    0  8.4100281907E+003  2.2015393467E-001 -1.8865175298E-001 -1.1348247023E-001
   1  8471   0    0  8.4110281908E+003  2.2015393467E-001 -1.8865175298E-001 -1.1348247023E-001
   1  8472   0    0  8.4120281909E+003  2.2015393467E-001 -1.8865175298E-001 -1.1348247023E-001
   1  8473   0    0  8.4130281910E+003  2.2015393467E-001 -1.8865175298E-001 -1.1348247023E-001
   1  8474   0    0  8.4140281911E+003  2.2015393467E-001 -1.8865175298E-001 -1.1348247023E-001
   1  8475   0    0  8.4150281912E+003  2.2015393467E-001 -1.8865175298E-001 -1.1348247023E-001
   1  8476   0    0  8.4160281913E+003  2.2015393467E-001 -1.8865175298E-001 -1.1348247023E-001
   1  8477   0    0  8.4170281914E+003  2.2015393467E-001 -1.8865175298E-001 -1.1348247023E-001
   1  8478   0    0  8.4180281915E+003  2.2015393467E-001 -1.8865175298E-001 -1.1348247023E-001
   1  8479   0    0  8.4190281916E+003  2.2015393467E-001 -1.8865175298E-001 -1.1348247023E-001
   1  8480   4  425  8.4200281917E+003  2.2015393467E-001 -1.8865175298E-001 -1.1348247023E-001
   1  8481   0    0  8.4210281918E+003  2.2015393467E-001 -1.8865175298E-001 -1.1348247023E-001
   1  8482   0    0  8.4220281919E+003  2.2015393467E-001 -1.8865175298E-001 -1.1348247023E-001
   1  8483   0    0  8.4230281920E+003  2.2015393467E-001 -1.8865175298E-001 -1.1348247023E-001
   1  8484   0    0  8.4240281921E+003  2.2015393467E-001 -1.8865175298E-001 -1.1348247023E-001
   1  8485   0    0  8.4250281922E+003  2.2015393467E-001 -1.8865175298E-001 -1.1348247023E-001
   1  8486   0    0  8.4260281923E+003  2.2015393467E-001 -1.8865175298E-001 -1.1348247023E-001
   1  8487   0    0  8.4270281924E+003  2.2015393467E-001 -1.8865175298E-001 -1.1348247023E-001
   1  8488   0    0  8.4280281925E+003  2.2015393467E-001 -1.8865175298E-001 -1.1348247023E-001
   1  8489   0    0  8.4290281926E+003  2.2015393467E-001 -1.8865175298E-001 -1.1348247023E-001
   1  8490   0    0  8.4300281927E+003  2.2015393467E-001 -1.8865175298E-001 -1.1348247023E-001
   1  8491   0    0  8.4310281928E+003  2.2015393467E-001 -1.8865175298E-001 -1.1348247023E-001
   1  8492   0    0  8.4320281929E+003  2.2015393467E-001 -1.8865175298E-001 -1.1348247023E-001
   1  8493   0    0  8.4330281930E+003  2.2015393467E-001 -1.8865175298E-001 -1.1348247023E-001
   1  8494   0    0  8.4340281931E+003  2.2015393467E-001 -1.8865175298E-001 -1.1348247023E-001
   1  8495   0    0  8.4350281932E+003  2.2015393467E-001 -1.8865175298E-001 -1.1348247023E-001
   1  8496   0    0  8.4360281933E+003  2.2015393467E-001 -1.8865175298E-001 -1.1348247023E-001
   1  8497   0    0  8.4370281934E+003  2.2015393467E-001 -1.8865175298E-001 -1.1348247023E-001
   1  8498   0    0  8.4380281935E+003  2.2015393467E-001 -1.8865175298E-001 -1.1348247023E-001
   1  8499   0    0  8.4390281936E+003  2.2015393467E-001 -1.8865175298E-001 -1.1348247023E-001
   1  8500   4  426  8.4400281937E+003  2.2015393467E-001 -1.8865175298E-001 -1.1348247023E-001
   1  8501   0    0  8.4410281938E+003  2.2015393467E-001 -1.8865175298E-001 -1.1348247023E-001
   1  8502   0    0  8.4420281939E+003  2.2015393467E-001 -1.8865175298E-001 -1.1348247023E-001
   1  8503   0    0  8.4430281940E+003  2.2015393467E-001 -1.8865175298E-001 -1.1348247023E-001
   1  8504   0    0  8.4440281941E+003  2.2015393467E-001 -1.8865175298E-001 -1.1348247023E-001
   1  8505   0    0  8.4450281942E+003  2.2015393467E-001 -1.8865175298E-001 -1.1348247023E-001
   1  8506   0    0  8.4460281943E+003  2.2015393467E-001 -1.8865175298E-001 -1.1348247023E-001
   1  8507   0    0  8.4470281944E+003  2.2015393467E-001 -1.8865175298E-001 -1.1348247023E-001
   1  8508   0    0  8.4480281945E+003  2.2015393467E-001 -1.8865175298E-001 -1.1348247023E-001
   1  8509   0    0  8.4490281946E+003  2.2015393467E-001 -1.8865175298E-001 -1.1348247023E-001
   1  8510   0    0  8.4500281947E+003  2.2015393467E-001 -1.8865175298E-001 -1.1348247023E-001
   1  8511   0    0  8.4510281948E+003  2.2015393467E-001 -1.8865175298E-001 -1.1348247023E-001
   1  8512   0    0  8.4520281949E+003  2.2015393467E-001 -1.8865175298E-001 -1.1348247023E-001
   1  8513   0    0  8.4530281950E+003  2.2015393467E-001 -1.8865175298E-001 -1.1348247023E-001
   1  8514   0    0  8.4540281951E+003  2.2015393467E-001 -1.8865175298E-001 -1.1348247023E-001
   1  8515   0    0  8.4550281952E+003  2.2015393467E-001 -1.8865175298E-001 -1.1348247023E-001
   1  8516   0    0  8.4560281953E+003  2.2015393467E-001 -1.8865175298E-001 -1.1348247023E-001
   1  8517   0    0  8.4570281954E+003  2.2015393467E-001 -1.8865175298E-001 -1.1348247023E-001
   1  8518   0    0  8.4580281955E+003  2.2015393467E-001 -1.8865175298E-001 -1.1348247023E-001
   1  8519   0    0  8.4590281956E+003  2.2015393467E-001 -1.8865175298E-001 -1.1348247023E-001
   1  8520   4  427  8.4600281957E+003  2.2015393467E-001 -1.8865175298E-001 -1.1348247023E-001
   1  8521   0    0  8.4610281958E+003  2.2015393467E-001 -1.8865175298E-001 -1.1348247023E-001
   1  8522   0    0  8.4620281959E+003  2.2015393467E-001 -1.8865175298E-001 -1.1348247023E-001
   1  8523   0    0  8.4630281960E+003  2.2015393467E-001 -1.8865175298E-001 -1.1348247023E-001
   1  8524   0    0  8.4640281961E+003  2.2015393467E-001 -1.8865175298E-001 -1.1348247023E-001
   1  8525   0    0  8.4650281962E+003  2.2015393467E-001 -1.8865175298E-001 -1.1348247023E-001
   1  8526   0    0  8.4660281963E+003  2.2015393467E-001 -1.8865175298E-001 -1.1348247023E-001
   1  8527   0    0  8.4670281964E+003  2.2015393467E-001 -1.8865175298E-001 -1.1348247023E-001
   1  8528   0    0  8.4680281965E+003  2.2015393467E-001 -1.8865175298E-001 -1.1348247023E-001
   1  8529   0    0  8.4690281966E+003  2.2015393467E-001 -1.8865175298E-001 -1.1348247023E-001
   1  8530   0    0  8.4700281967E+003  2.2015393467E-001 -1.8865175298E-001 -1.1348247023E-001
   1  8531   0    0  8.4710281968E+003  2.2015393467E-001 -1.8865175298E-001 -1.1348247023E-001
   1  8532   0    0  8.4720281969E+003  2.2015393467E-001 -1.8865175298E-001 -1.1348247023E-001
   1  8533   0    0  8.4730281970E+003  2.2015393467E-001 -1.8865175298E-001 -1.1348247023E-001
   1  8534   0    0  8.4740281971E+003  2.2015393467E-001 -1.8865175298E-001 -1.1348247023E-001
   1  8535   0    0  8.4750281972E+003  2.2015393467E-001 -1.8865175298E-001 -1.1348247023E-001
   1  8536   0    0  8.4760281973E+003  2.2015393467E-001 -1.8865175298E-001 -1.1348247023E-001
   1  8537   0    0  8.4770281974E+003  2.2015393467E-001 -1.8865175298E-001 -1.1348247023E-001
   1  8538   0    0  8.4780281975E+003  2.2015393467E-001 -1.8865175298E-001 -1.1348247023E-001
   1  8539   0    0  8.4790281976E+003  2.2015393467E-001 -1.8865175298E-001 -1.1348247023E-001
   1  8540   4  428  8.4800281977E+003  2.2015393467E-001 -1.8865175298E-001 -1.1348247023E-001
   1  8541   0    0  8.4810281978E+003  2.2015393467E-001 -1.8865175298E-001 -1.1348247023E-001
   1  8542   0    0  8.4820281979E+003  2.2015393467E-001 -1.8865175298E-001 -1.1348247023E-001
   1  8543   0    0  8.4830281980E+003  2.2015393467E-001 -1.8865175298E-001 -1.1348247023E-001
   1  8544   0    0  8.4840281981E+003  2.2015393467E-001 -1.8865175298E-001 -1.1348247023E-001
   1  8545   0    0  8.4850281982E+003  2.2015393467E-001 -1.8865175298E-001 -1.1348247023E-001
   1  8546   0    0  8.4860281983E+003  2.2015393467E-001 -1.8865175298E-001 -1.1348247023E-001
   1  8547   0    0  8.4870281984E+003  2.2015393467E-001 -1.8865175298E-001 -1.1348247023E-001
   1  8548   0    0  8.4880281985E+003  2.2015393467E-001 -1.8865175298E-001 -1.1348247023E-001
   1  8549   0    0  8.4890281986E+003  2.2015393467E-001 -1.8865175298E-001 -1.1348247023E-001
   1  8550   0    0  8.4900281987E+003  2.2015393467E-001 -1.8865175298E-001 -1.1348247023E-001
   1  8551   0    0  8.4910281988E+003  2.2015393467E-001 -1.8865175298E-001 -1.1348247023E-001
   1  8552   0    0  8.4920281989E+003  2.2015393467E-001 -1.8865175298E-001 -1.1348247023E-001
   1  8553   0    0  8.4930281990E+003  2.2015393467E-001 -1.8865175298E-001 -1.1348247023E-001
   1  8554   0    0  8.4940281991E+003  2.2015393467E-001 -1.8865175298E-001 -1.1348247023E-001
   1  8555   0    0  8.4950281992E+003  2.2015393467E-001 -1.8865175298E-001 -1.1348247023E-001
   1  8556   0    0  8.4960281993E+003  2.2015393467E-001 -1.8865175298E-001 -1.1348247023E-001
   1  8557   0    0  8.4970281994E+003  2.2015393467E-001 -1.8865175298E-001 -1.1348247023E-001
   1  8558   0    0  8.4980281995E+003  2.2015393467E-001 -1.8865175298E-001 -1.1348247023E-001
   1  8559   0    0  8.4990281996E+003  2.2015393467E-001 -1.8865175298E-001 -1.1348247023E-001
   1  8560   4  429  8.5000281997E+003  2.2015393467E-001 -1.8865175298E-001 -1.1348247023E-001
   1  8561   0    0  8.5010281998E+003  2.2015393467E-001 -1.8865175298E-001 -1.1348247023E-001
   1  8562   0    0  8.5020281999E+003  2.2015393467E-001 -1.8865175298E-001 -1.1348247023E-001
   1  8563   0    0  8.5030282000E+003  2.2015393467E-001 -1.8865175298E-001 -1.1348247023E-001
   1  8564   0    0  8.5040282001E+003  2.2015393467E-001 -1.8865175298E-001 -1.1348247023E-001
   1  8565   0    0  8.5050282002E+003  2.2015393467E-001 -1.8865175298E-001 -1.1348247023E-001
   1  8566   0    0  8.5060282003E+003  2.2015393467E-001 -1.8865175298E-001 -1.1348247023E-001
   1  8567   0    0  8.5070282004E+003  2.2015393467E-001 -1.8865175298E-001 -1.1348247023E-001
   1  8568   0    0  8.5080282005E+003  2.2015393467E-001 -1.8865175298E-001 -1.1348247023E-001
   1  8569   0    0  8.5090282006E+003  2.2015393467E-001 -1.8865175298E-001 -1.1348247023E-001
   1  8570   0    0  8.5100282007E+003  2.2015393467E-001 -1.8865175298E-001 -1.1348247023E-001
   1  8571   0    0  8.5110282008E+003  2.2015393467E-001 -1.8865175298E-001 -1.1348247023E-001
   1  8572   0    0  8.5120282009E+003  2.2015393467E-001 -1.8865175298E-001 -1.1348247023E-001
   1  8573   0    0  8.5130282010E+003  2.2015393467E-001 -1.8865175298E-001 -1.1348247023E-001
   1  8574   0    0  8.5140282011E+003  2.2015393467E-001 -1.8865175298E-001 -1.1348247023E-001
   1  8575   0    0  8.5150282012E+003  2.2015393467E-001 -1.8865175298E-001 -1.1348247023E-001
   1  8576   0    0  8.5160282013E+003  2.2015393467E-001 -1.8865175298E-001 -1.1348247023E-001
   1  8577   0    0  8.5170282014E+003  2.2015393467E-001 -1.8865175298E-001 -1.1348247023E-001
   1  8578   0    0  8.5180282015E+003  2.2015393467E-001 -1.8865175298E-001 -1.1348247023E-001
   1  8579   0    0  8.5190282016E+003  2.2015393467E-001 -1.8865175298E-001 -1.1348247023E-001
   1  8580   4  430  8.5200282017E+003  2.2015393467E-001 -1.8865175298E-001 -1.1348247023E-001
   1  8581   0    0  8.5210282018E+003  2.2015393467E-001 -1.8865175298E-001 -1.1348247023E-001
   1  8582   0    0  8.5220282019E+003  2.2015393467E-001 -1.8865175298E-001 -1.1348247023E-001
   1  8583   0    0  8.5230282020E+003  2.2015393467E-001 -1.8865175298E-001 -1.1348247023E-001
   1  8584   0    0  8.5240282021E+003  2.2015393467E-001 -1.8865175298E-001 -1.1348247023E-001
   1  8585   0    0  8.5250282022E+003  2.2015393467E-001 -1.8865175298E-001 -1.1348247023E-001
   1  8586   0    0  8.5260282023E+003  2.2015393467E-001 -1.8865175298E-001 -1.1348247023E-001
   1  8587   0    0  8.5270282024E+003  2.2015393467E-001 -1.8865175298E-001 -1.1348247023E-001
   1  8588   0    0  8.5280282025E+003  2.2015393467E-001 -1.8865175298E-001 -1.1348247023E-001
   1  8589   0    0  8.5290282026E+003  2.2015393467E-001 -1.8865175298E-001 -1.1348247023E-001
   1  8590   0    0  8.5300282027E+003  2.2015393467E-001 -1.8865175298E-001 -1.1348247023E-001
   1  8591   0    0  8.5310282028E+003  2.2015393467E-001 -1.8865175298E-001 -1.1348247023E-001
   1  8592   0    0  8.5320282029E+003  2.2015393467E-001 -1.8865175298E-001 -1.1348247023E-001
   1  8593   0    0  8.5330282030E+003  2.2015393467E-001 -1.8865175298E-001 -1.1348247023E-001
   1  8594   0    0  8.5340282031E+003  2.2015393467E-001 -1.8865175298E-001 -1.1348247023E-001
   1  8595   0    0  8.5350282032E+003  2.2015393467E-001 -1.8865175298E-001 -1.1348247023E-001
   1  8596   0    0  8.5360282033E+003  2.2015393467E-001 -1.8865175298E-001 -1.1348247023E-001
   1  8597   0    0  8.5370282034E+003  2.2015393467E-001 -1.8865175298E-001 -1.1348247023E-001
   1  8598   0    0  8.5380282035E+003  2.2015393467E-001 -1.8865175298E-001 -1.1348247023E-001
   1  8599   0    0  8.5390282036E+003  2.2015393467E-001 -1.8865175298E-001 -1.1348247023E-001
   1  8600   4  431  8.5400282037E+003  2.2015393467E-001 -1.8865175298E-001 -1.1348247023E-001
   1  8601   0    0  8.5410282038E+003  2.2015393467E-001 -1.8865175298E-001 -1.1348247023E-001
   1  8602   0    0  8.5420282039E+003  2.2015393467E-001 -1.8865175298E-001 -1.1348247023E-001
   1  8603   0    0  8.5430282040E+003  2.2015393467E-001 -1.8865175298E-001 -1.1348247023E-001
   1  8604   0    0  8.5440282041E+003  2.2015393467E-001 -1.8865175298E-001 -1.1348247023E-001
   1  8605   0    0  8.5450282042E+003  2.2015393467E-001 -1.8865175298E-001 -1.1348247023E-001
   1  8606   0    0  8.5460282043E+003  2.2015393467E-001 -1.8865175298E-001 -1.1348247023E-001
   1  8607   0    0  8.5470282044E+003  2.2015393467E-001 -1.8865175298E-001 -1.1348247023E-001
   1  8608   0    0  8.5480282045E+003  2.2015393467E-001 -1.8865175298E-001 -1.1348247023E-001
   1  8609   0    0  8.5490282046E+003  2.2015393467E-001 -1.8865175298E-001 -1.1348247023E-001
   1  8610   0    0  8.5500282047E+003  2.2015393467E-001 -1.8865175298E-001 -1.1348247023E-001
   1  8611   0    0  8.5510282048E+003  2.2015393467E-001 -1.8865175298E-001 -1.1348247023E-001
   1  8612   0    0  8.5520282049E+003  2.2015393467E-001 -1.8865175298E-001 -1.1348247023E-001
   1  8613   0    0  8.5530282050E+003  2.2015393467E-001 -1.8865175298E-001 -1.1348247023E-001
   1  8614   0    0  8.5540282051E+003  2.2015393467E-001 -1.8865175298E-001 -1.1348247023E-001
   1  8615   0    0  8.5550282052E+003  2.2015393467E-001 -1.8865175298E-001 -1.1348247023E-001
   1  8616   0    0  8.5560282053E+003  2.2015393467E-001 -1.8865175298E-001 -1.1348247023E-001
   1  8617   0    0  8.5570282054E+003  2.2015393467E-001 -1.8865175298E-001 -1.1348247023E-001
   1  8618   0    0  8.5580282055E+003  2.2015393467E-001 -1.8865175298E-001 -1.1348247023E-001
   1  8619   0    0  8.5590282056E+003  2.2015393467E-001 -1.8865175298E-001 -1.1348247023E-001
   1  8620   4  432  8.5600282057E+003  2.2015393467E-001 -1.8865175298E-001 -1.1348247023E-001
   1  8621   0    0  8.5610282058E+003  2.2015393467E-001 -1.8865175298E-001 -1.1348247023E-001
   1  8622   0    0  8.5620282059E+003  2.2015393467E-001 -1.8865175298E-001 -1.1348247023E-001
   1  8623   0    0  8.5630282060E+003  2.2015393467E-001 -1.8865175298E-001 -1.1348247023E-001
   1  8624   0    0  8.5640282061E+003  2.2015393467E-001 -1.8865175298E-001 -1.1348247023E-001
   1  8625   0    0  8.5650282062E+003  2.2015393467E-001 -1.8865175298E-001 -1.1348247023E-001
   1  8626   0    0  8.5660282063E+003  2.2015393467E-001 -1.8865175298E-001 -1.1348247023E-001
   1  8627   0    0  8.5670282064E+003  2.2015393467E-001 -1.8865175298E-001 -1.1348247023E-001
   1  8628   0    0  8.5680282065E+003  2.2015393467E-001 -1.8865175298E-001 -1.1348247023E-001
   1  8629   0    0  8.5690282066E+003  2.2015393467E-001 -1.8865175298E-001 -1.1348247023E-001
   1  8630   0    0  8.5700282067E+003  2.2015393467E-001 -1.8865175298E-001 -1.1348247023E-001
   1  8631   0    0  8.5710282068E+003  2.2015393467E-001 -1.8865175298E-001 -1.1348247023E-001
   1  8632   0    0  8.5720282069E+003  2.2015393467E-001 -1.8865175298E-001 -1.1348247023E-001
   1  8633   0    0  8.5730282070E+003  2.2015393467E-001 -1.8865175298E-001 -1.1348247023E-001
   1  8634   0    0  8.5740282071E+003  2.2015393467E-001 -1.8865175298E-001 -1.1348247023E-001
   1  8635   0    0  8.5750282072E+003  2.2015393467E-001 -1.8865175298E-001 -1.1348247023E-001
   1  8636   0    0  8.5760282073E+003  2.2015393467E-001 -1.8865175298E-001 -1.1348247023E-001
   1  8637   0    0  8.5770282074E+003  2.2015393467E-001 -1.8865175298E-001 -1.1348247023E-001
   1  8638   0    0  8.5780282075E+003  2.2015393467E-001 -1.8865175298E-001 -1.1348247023E-001
   1  8639   0    0  8.5790282076E+003  2.2015393467E-001 -1.8865175298E-001 -1.1348247023E-001
   1  8640   4  433  8.5800282077E+003  2.2015393467E-001 -1.8865175298E-001 -1.1348247023E-001
   1  8641   0    0  8.5810282078E+003  2.2015393467E-001 -1.8865175298E-001 -1.1348247023E-001
   1  8642   0    0  8.5820282079E+003  2.2015393467E-001 -1.8865175298E-001 -1.1348247023E-001
   1  8643   0    0  8.5830282080E+003  2.2015393467E-001 -1.8865175298E-001 -1.1348247023E-001
   1  8644   0    0  8.5840282081E+003  2.2015393467E-001 -1.8865175298E-001 -1.1348247023E-001
   1  8645   0    0  8.5850282082E+003  2.2015393467E-001 -1.8865175298E-001 -1.1348247023E-001
   1  8646   0    0  8.5860282083E+003  2.2015393467E-001 -1.8865175298E-001 -1.1348247023E-001
   1  8647   0    0  8.5870282084E+003  2.2015393467E-001 -1.8865175298E-001 -1.1348247023E-001
   1  8648   0    0  8.5880282085E+003  2.2015393467E-001 -1.8865175298E-001 -1.1348247023E-001
   1  8649   0    0  8.5890282086E+003  2.2015393467E-001 -1.8865175298E-001 -1.1348247023E-001
   1  8650   0    0  8.5900282087E+003  2.2015393467E-001 -1.8865175298E-001 -1.1348247023E-001
   1  8651   0    0  8.5910282088E+003  2.2015393467E-001 -1.8865175298E-001 -1.1348247023E-001
   1  8652   0    0  8.5920282089E+003  2.2015393467E-001 -1.8865175298E-001 -1.1348247023E-001
   1  8653   0    0  8.5930282090E+003  2.2015393467E-001 -1.8865175298E-001 -1.1348247023E-001
   1  8654   0    0  8.5940282091E+003  2.2015393467E-001 -1.8865175298E-001 -1.1348247023E-001
   1  8655   0    0  8.5950282092E+003  2.2015393467E-001 -1.8865175298E-001 -1.1348247023E-001
   1  8656   0    0  8.5960282093E+003  2.2015393467E-001 -1.8865175298E-001 -1.1348247023E-001
   1  8657   0    0  8.5970282094E+003  2.2015393467E-001 -1.8865175298E-001 -1.1348247023E-001
   1  8658   0    0  8.5980282095E+003  2.2015393467E-001 -1.8865175298E-001 -1.1348247023E-001
   1  8659   0    0  8.5990282096E+003  2.2015393467E-001 -1.8865175298E-001 -1.1348247023E-001
   1  8660   4  434  8.6000282097E+003  2.2015393467E-001 -1.8865175298E-001 -1.1348247023E-001
   1  8661   0    0  8.6010282098E+003  2.2015393467E-001 -1.8865175298E-001 -1.1348247023E-001
   1  8662   0    0  8.6020282099E+003  2.2015393467E-001 -1.8865175298E-001 -1.1348247023E-001
   1  8663   0    0  8.6030282100E+003  2.2015393467E-001 -1.8865175298E-001 -1.1348247023E-001
   1  8664   0    0  8.6040282101E+003  2.2015393467E-001 -1.8865175298E-001 -1.1348247023E-001
   1  8665   0    0  8.6050282102E+003  2.2015393467E-001 -1.8865175298E-001 -1.1348247023E-001
   1  8666   0    0  8.6060282103E+003  2.2015393467E-001 -1.8865175298E-001 -1.1348247023E-001
   1  8667   0    0  8.6070282104E+003  2.2015393467E-001 -1.8865175298E-001 -1.1348247023E-001
   1  8668   0    0  8.6080282105E+003  2.2015393467E-001 -1.8865175298E-001 -1.1348247023E-001
   1  8669   0    0  8.6090282106E+003  2.2015393467E-001 -1.8865175298E-001 -1.1348247023E-001
   1  8670   0    0  8.6100282107E+003  2.2015393467E-001 -1.8865175298E-001 -1.1348247023E-001
   1  8671   0    0  8.6110282108E+003  2.2015393467E-001 -1.8865175298E-001 -1.1348247023E-001
   1  8672   0    0  8.6120282109E+003  2.2015393467E-001 -1.8865175298E-001 -1.1348247023E-001
   1  8673   0    0  8.6130282110E+003  2.2015393467E-001 -1.8865175298E-001 -1.1348247023E-001
   1  8674   0    0  8.6140282111E+003  2.2015393467E-001 -1.8865175298E-001 -1.1348247023E-001
   1  8675   0    0  8.6150282112E+003  2.2015393467E-001 -1.8865175298E-001 -1.1348247023E-001
   1  8676   0    0  8.6160282113E+003  2.2015393467E-001 -1.8865175298E-001 -1.1348247023E-001
   1  8677   0    0  8.6170282114E+003  2.2015393467E-001 -1.8865175298E-001 -1.1348247023E-001
   1  8678   0    0  8.6180282115E+003  2.2015393467E-001 -1.8865175298E-001 -1.1348247023E-001
   1  8679   0    0  8.6190282116E+003  2.2015393467E-001 -1.8865175298E-001 -1.1348247023E-001
   1  8680   4  435  8.6200282117E+003  2.2015393467E-001 -1.8865175298E-001 -1.1348247023E-001
   1  8681   0    0  8.6210282118E+003  2.2015393467E-001 -1.8865175298E-001 -1.1348247023E-001
   1  8682   0    0  8.6220282119E+003  2.2015393467E-001 -1.8865175298E-001 -1.1348247023E-001
   1  8683   0    0  8.6230282120E+003  2.2015393467E-001 -1.8865175298E-001 -1.1348247023E-001
   1  8684   0    0  8.6240282121E+003  2.2015393467E-001 -1.8865175298E-001 -1.1348247023E-001
   1  8685   0    0  8.6250282122E+003  2.2015393467E-001 -1.8865175298E-001 -1.1348247023E-001
   1  8686   0    0  8.6260282123E+003  2.2015393467E-001 -1.8865175298E-001 -1.1348247023E-001
   1  8687   0    0  8.6270282124E+003  2.2015393467E-001 -1.8865175298E-001 -1.1348247023E-001
   1  8688   0    0  8.6280282125E+003  2.2015393467E-001 -1.8865175298E-001 -1.1348247023E-001
   1  8689   0    0  8.6290282126E+003  2.2015393467E-001 -1.8865175298E-001 -1.1348247023E-001
   1  8690   0    0  8.6300282127E+003  2.2015393467E-001 -1.8865175298E-001 -1.1348247023E-001
   1  8691   0    0  8.6310282128E+003  2.2015393467E-001 -1.8865175298E-001 -1.1348247023E-001
   1  8692   0    0  8.6320282129E+003  2.2015393467E-001 -1.8865175298E-001 -1.1348247023E-001
   1  8693   0    0  8.6330282130E+003  2.2015393467E-001 -1.8865175298E-001 -1.1348247023E-001
   1  8694   0    0  8.6340282131E+003  2.2015393467E-001 -1.8865175298E-001 -1.1348247023E-001
   1  8695   0    0  8.6350282132E+003  2.2015393467E-001 -1.8865175298E-001 -1.1348247023E-001
   1  8696   0    0  8.6360282133E+003  2.2015393467E-001 -1.8865175298E-001 -1.1348247023E-001
   1  8697   0    0  8.6370282134E+003  2.2015393467E-001 -1.8865175298E-001 -1.1348247023E-001
   1  8698   0    0  8.6380282135E+003  2.2015393467E-001 -1.8865175298E-001 -1.1348247023E-001
   1  8699   0    0  8.6390282136E+003  2.2015393467E-001 -1.8865175298E-001 -1.1348247023E-001
   1  8700   4  436  8.6400282137E+003  2.2015393467E-001 -1.8865175298E-001 -1.1348247023E-001
   1  8701   0    0  8.6410282138E+003  2.2015393467E-001 -1.8865175298E-001 -1.1348247023E-001
   1  8702   0    0  8.6420282139E+003  2.2015393467E-001 -1.8865175298E-001 -1.1348247023E-001
   1  8703   0    0  8.6430282140E+003  2.2015393467E-001 -1.8865175298E-001 -1.1348247023E-001
   1  8704   0    0  8.6440282141E+003  2.2015393467E-001 -1.8865175298E-001 -1.1348247023E-001
   1  8705   0    0  8.6450282142E+003  2.2015393467E-001 -1.8865175298E-001 -1.1348247023E-001
   1  8706   0    0  8.6460282143E+003  2.2015393467E-001 -1.8865175298E-001 -1.1348247023E-001
   1  8707   0    0  8.6470282144E+003  2.2015393467E-001 -1.8865175298E-001 -1.1348247023E-001
   1  8708   0    0  8.6480282145E+003  2.2015393467E-001 -1.8865175298E-001 -1.1348247023E-001
   1  8709   0    0  8.6490282146E+003  2.2015393467E-001 -1.8865175298E-001 -1.1348247023E-001
   1  8710   0    0  8.6500282147E+003  2.2015393467E-001 -1.8865175298E-001 -1.1348247023E-001
   1  8711   0    0  8.6510282148E+003  2.2015393467E-001 -1.8865175298E-001 -1.1348247023E-001
   1  8712   0    0  8.6520282149E+003  2.2015393467E-001 -1.8865175298E-001 -1.1348247023E-001
   1  8713   0    0  8.6530282150E+003  2.2015393467E-001 -1.8865175298E-001 -1.1348247023E-001
   1  8714   0    0  8.6540282151E+003  2.2015393467E-001 -1.8865175298E-001 -1.1348247023E-001
   1  8715   0    0  8.6550282152E+003  2.2015393467E-001 -1.8865175298E-001 -1.1348247023E-001
   1  8716   0    0  8.6560282153E+003  2.2015393467E-001 -1.8865175298E-001 -1.1348247023E-001
   1  8717   0    0  8.6570282154E+003  2.2015393467E-001 -1.8865175298E-001 -1.1348247023E-001
   1  8718   0    0  8.6580282155E+003  2.2015393467E-001 -1.8865175298E-001 -1.1348247023E-001
   1  8719   0    0  8.6590282156E+003  2.2015393467E-001 -1.8865175298E-001 -1.1348247023E-001
   1  8720   4  437  8.6600282157E+003  2.2015393467E-001 -1.8865175298E-001 -1.1348247023E-001
   1  8721   0    0  8.6610282158E+003  2.2015393467E-001 -1.8865175298E-001 -1.1348247023E-001
   1  8722   0    0  8.6620282159E+003  2.2015393467E-001 -1.8865175298E-001 -1.1348247023E-001
   1  8723   0    0  8.6630282160E+003  2.2015393467E-001 -1.8865175298E-001 -1.1348247023E-001
   1  8724   0    0  8.6640282161E+003  2.2015393467E-001 -1.8865175298E-001 -1.1348247023E-001
   1  8725   0    0  8.6650282162E+003  2.2015393467E-001 -1.8865175298E-001 -1.1348247023E-001
   1  8726   0    0  8.6660282163E+003  2.2015393467E-001 -1.8865175298E-001 -1.1348247023E-001
   1  8727   0    0  8.6670282164E+003  2.2015393467E-001 -1.8865175298E-001 -1.1348247023E-001
   1  8728   0    0  8.6680282165E+003  2.2015393467E-001 -1.8865175298E-001 -1.1348247023E-001
   1  8729   0    0  8.6690282166E+003  2.2015393467E-001 -1.8865175298E-001 -1.1348247023E-001
   1  8730   0    0  8.6700282167E+003  2.2015393467E-001 -1.8865175298E-001 -1.1348247023E-001
   1  8731   0    0  8.6710282168E+003  2.2015393467E-001 -1.8865175298E-001 -1.1348247023E-001
   1  8732   0    0  8.6720282169E+003  2.2015393467E-001 -1.8865175298E-001 -1.1348247023E-001
   1  8733   0    0  8.6730282170E+003  2.2015393467E-001 -1.8865175298E-001 -1.1348247023E-001
   1  8734   0    0  8.6740282171E+003  2.2015393467E-001 -1.8865175298E-001 -1.1348247023E-001
   1  8735   0    0  8.6750282172E+003  2.2015393467E-001 -1.8865175298E-001 -1.1348247023E-001
   1  8736   0    0  8.6760282173E+003  2.2015393467E-001 -1.8865175298E-001 -1.1348247023E-001
   1  8737   0    0  8.6770282174E+003  2.2015393467E-001 -1.8865175298E-001 -1.1348247023E-001
   1  8738   0    0  8.6780282175E+003  2.2015393467E-001 -1.8865175298E-001 -1.1348247023E-001
   1  8739   0    0  8.6790282176E+003  2.2015393467E-001 -1.8865175298E-001 -1.1348247023E-001
   1  8740   4  438  8.6800282177E+003  2.2015393467E-001 -1.8865175298E-001 -1.1348247023E-001
   1  8741   0    0  8.6810282178E+003  2.2015393467E-001 -1.8865175298E-001 -1.1348247023E-001
   1  8742   0    0  8.6820282179E+003  2.2015393467E-001 -1.8865175298E-001 -1.1348247023E-001
   1  8743   0    0  8.6830282180E+003  2.2015393467E-001 -1.8865175298E-001 -1.1348247023E-001
   1  8744   0    0  8.6840282181E+003  2.2015393467E-001 -1.8865175298E-001 -1.1348247023E-001
   1  8745   0    0  8.6850282182E+003  2.2015393467E-001 -1.8865175298E-001 -1.1348247023E-001
   1  8746   0    0  8.6860282183E+003  2.2015393467E-001 -1.8865175298E-001 -1.1348247023E-001
   1  8747   0    0  8.6870282184E+003  2.2015393467E-001 -1.8865175298E-001 -1.1348247023E-001
   1  8748   0    0  8.6880282185E+003  2.2015393467E-001 -1.8865175298E-001 -1.1348247023E-001
   1  8749   0    0  8.6890282186E+003  2.2015393467E-001 -1.8865175298E-001 -1.1348247023E-001
   1  8750   0    0  8.6900282187E+003  2.2015393467E-001 -1.8865175298E-001 -1.1348247023E-001
   1  8751   0    0  8.6910282188E+003  2.2015393467E-001 -1.8865175298E-001 -1.1348247023E-001
   1  8752   0    0  8.6920282189E+003  2.2015393467E-001 -1.8865175298E-001 -1.1348247023E-001
   1  8753   0    0  8.6930282190E+003  2.2015393467E-001 -1.8865175298E-001 -1.1348247023E-001
   1  8754   0    0  8.6940282191E+003  2.2015393467E-001 -1.8865175298E-001 -1.1348247023E-001
   1  8755   0    0  8.6950282192E+003  2.2015393467E-001 -1.8865175298E-001 -1.1348247023E-001
   1  8756   0    0  8.6960282193E+003  2.2015393467E-001 -1.8865175298E-001 -1.1348247023E-001
   1  8757   0    0  8.6970282194E+003  2.2015393467E-001 -1.8865175298E-001 -1.1348247023E-001
   1  8758   0    0  8.6980282195E+003  2.2015393467E-001 -1.8865175298E-001 -1.1348247023E-001
   1  8759   0    0  8.6990282196E+003  2.2015393467E-001 -1.8865175298E-001 -1.1348247023E-001
   1  8760   4  439  8.7000282197E+003  2.2015393467E-001 -1.8865175298E-001 -1.1348247023E-001
   1  8761   0    0  8.7010282198E+003  2.2015393467E-001 -1.8865175298E-001 -1.1348247023E-001
   1  8762   0    0  8.7020282199E+003  2.2015393467E-001 -1.8865175298E-001 -1.1348247023E-001
   1  8763   0    0  8.7030282200E+003  2.2015393467E-001 -1.8865175298E-001 -1.1348247023E-001
   1  8764   0    0  8.7040282201E+003  2.2015393467E-001 -1.8865175298E-001 -1.1348247023E-001
   1  8765   0    0  8.7050282202E+003  2.2015393467E-001 -1.8865175298E-001 -1.1348247023E-001
   1  8766   0    0  8.7060282203E+003  2.2015393467E-001 -1.8865175298E-001 -1.1348247023E-001
   1  8767   0    0  8.7070282204E+003  2.2015393467E-001 -1.8865175298E-001 -1.1348247023E-001
   1  8768   0    0  8.7080282205E+003  2.2015393467E-001 -1.8865175298E-001 -1.1348247023E-001
   1  8769   0    0  8.7090282206E+003  2.2015393467E-001 -1.8865175298E-001 -1.1348247023E-001
   1  8770   0    0  8.7100282207E+003  2.2015393467E-001 -1.8865175298E-001 -1.1348247023E-001
   1  8771   0    0  8.7110282208E+003  2.2015393467E-001 -1.8865175298E-001 -1.1348247023E-001
   1  8772   0    0  8.7120282209E+003  2.2015393467E-001 -1.8865175298E-001 -1.1348247023E-001
   1  8773   0    0  8.7130282210E+003  2.2015393467E-001 -1.8865175298E-001 -1.1348247023E-001
   1  8774   0    0  8.7140282211E+003  2.2015393467E-001 -1.8865175298E-001 -1.1348247023E-001
   1  8775   0    0  8.7150282212E+003  2.2015393467E-001 -1.8865175298E-001 -1.1348247023E-001
   1  8776   0    0  8.7160282213E+003  2.2015393467E-001 -1.8865175298E-001 -1.1348247023E-001
   1  8777   0    0  8.7170282214E+003  2.2015393467E-001 -1.8865175298E-001 -1.1348247023E-001
   1  8778   0    0  8.7180282215E+003  2.2015393467E-001 -1.8865175298E-001 -1.1348247023E-001
   1  8779   0    0  8.7190282216E+003  2.2015393467E-001 -1.8865175298E-001 -1.1348247023E-001
   1  8780   4  440  8.7200282217E+003  2.2015393467E-001 -1.8865175298E-001 -1.1348247023E-001
   1  8781   0    0  8.7210282218E+003  2.2015393467E-001 -1.8865175298E-001 -1.1348247023E-001
   1  8782   0    0  8.7220282219E+003  2.2015393467E-001 -1.8865175298E-001 -1.1348247023E-001
   1  8783   0    0  8.7230282220E+003  2.2015393467E-001 -1.8865175298E-001 -1.1348247023E-001
   1  8784   0    0  8.7240282221E+003  2.2015393467E-001 -1.8865175298E-001 -1.1348247023E-001
   1  8785   0    0  8.7250282222E+003  2.2015393467E-001 -1.8865175298E-001 -1.1348247023E-001
   1  8786   0    0  8.7260282223E+003  2.2015393467E-001 -1.8865175298E-001 -1.1348247023E-001
   1  8787   0    0  8.7270282224E+003  2.2015393467E-001 -1.8865175298E-001 -1.1348247023E-001
   1  8788   0    0  8.7280282225E+003  2.2015393467E-001 -1.8865175298E-001 -1.1348247023E-001
   1  8789   0    0  8.7290282226E+003  2.2015393467E-001 -1.8865175298E-001 -1.1348247023E-001
   1  8790   0    0  8.7300282227E+003  2.2015393467E-001 -1.8865175298E-001 -1.1348247023E-001
   1  8791   0    0  8.7310282228E+003  2.2015393467E-001 -1.8865175298E-001 -1.1348247023E-001
   1  8792   0    0  8.7320282229E+003  2.2015393467E-001 -1.8865175298E-001 -1.1348247023E-001
   1  8793   0    0  8.7330282230E+003  2.2015393467E-001 -1.8865175298E-001 -1.1348247023E-001
   1  8794   0    0  8.7340282231E+003  2.2015393467E-001 -1.8865175298E-001 -1.1348247023E-001
   1  8795   0    0  8.7350282232E+003  2.2015393467E-001 -1.8865175298E-001 -1.1348247023E-001
   1  8796   0    0  8.7360282233E+003  2.2015393467E-001 -1.8865175298E-001 -1.1348247023E-001
   1  8797   0    0  8.7370282234E+003  2.2015393467E-001 -1.8865175298E-001 -1.1348247023E-001
   1  8798   0    0  8.7380282235E+003  2.2015393467E-001 -1.8865175298E-001 -1.1348247023E-001
   1  8799   0    0  8.7390282236E+003  2.2015393467E-001 -1.8865175298E-001 -1.1348247023E-001
   1  8800   4  441  8.7400282237E+003  2.2015393467E-001 -1.8865175298E-001 -1.1348247023E-001
   1  8801   0    0  8.7410282238E+003  2.2015393467E-001 -1.8865175298E-001 -1.1348247023E-001
   1  8802   0    0  8.7420282239E+003  2.2015393467E-001 -1.8865175298E-001 -1.1348247023E-001
   1  8803   0    0  8.7430282240E+003  2.2015393467E-001 -1.8865175298E-001 -1.1348247023E-001
   1  8804   0    0  8.7440282241E+003  2.2015393467E-001 -1.8865175298E-001 -1.1348247023E-001
   1  8805   0    0  8.7450282242E+003  2.2015393467E-001 -1.8865175298E-001 -1.1348247023E-001
   1  8806   0    0  8.7460282243E+003  2.2015393467E-001 -1.8865175298E-001 -1.1348247023E-001
   1  8807   0    0  8.7470282244E+003  2.2015393467E-001 -1.8865175298E-001 -1.1348247023E-001
   1  8808   0    0  8.7480282245E+003  2.2015393467E-001 -1.8865175298E-001 -1.1348247023E-001
   1  8809   0    0  8.7490282246E+003  2.2015393467E-001 -1.8865175298E-001 -1.1348247023E-001
   1  8810   0    0  8.7500282247E+003  2.2015393467E-001 -1.8865175298E-001 -1.1348247023E-001
   1  8811   0    0  8.7510282248E+003  2.2015393467E-001 -1.8865175298E-001 -1.1348247023E-001
   1  8812   0    0  8.7520282249E+003  2.2015393467E-001 -1.8865175298E-001 -1.1348247023E-001
   1  8813   0    0  8.7530282250E+003  2.2015393467E-001 -1.8865175298E-001 -1.1348247023E-001
   1  8814   0    0  8.7540282251E+003  2.2015393467E-001 -1.8865175298E-001 -1.1348247023E-001
   1  8815   0    0  8.7550282252E+003  2.2015393467E-001 -1.8865175298E-001 -1.1348247023E-001
   1  8816   0    0  8.7560282253E+003  2.2015393467E-001 -1.8865175298E-001 -1.1348247023E-001
   1  8817   0    0  8.7570282254E+003  2.2015393467E-001 -1.8865175298E-001 -1.1348247023E-001
   1  8818   0    0  8.7580282255E+003  2.2015393467E-001 -1.8865175298E-001 -1.1348247023E-001
   1  8819   0    0  8.7590282256E+003  2.2015393467E-001 -1.8865175298E-001 -1.1348247023E-001
   1  8820   4  442  8.7600282257E+003  2.2015393467E-001 -1.8865175298E-001 -1.1348247023E-001
   1  8821   0    0  8.7610282258E+003  2.2015393467E-001 -1.8865175298E-001 -1.1348247023E-001
   1  8822   0    0  8.7620282259E+003  2.2015393467E-001 -1.8865175298E-001 -1.1348247023E-001
   1  8823   0    0  8.7630282260E+003  2.2015393467E-001 -1.8865175298E-001 -1.1348247023E-001
   1  8824   0    0  8.7640282261E+003  2.2015393467E-001 -1.8865175298E-001 -1.1348247023E-001
   1  8825   0    0  8.7650282262E+003  2.2015393467E-001 -1.8865175298E-001 -1.1348247023E-001
   1  8826   0    0  8.7660282263E+003  2.2015393467E-001 -1.8865175298E-001 -1.1348247023E-001
   1  8827   0    0  8.7670282264E+003  2.2015393467E-001 -1.8865175298E-001 -1.1348247023E-001
   1  8828   0    0  8.7680282265E+003  2.2015393467E-001 -1.8865175298E-001 -1.1348247023E-001
   1  8829   0    0  8.7690282266E+003  2.2015393467E-001 -1.8865175298E-001 -1.1348247023E-001
   1  8830   0    0  8.7700282267E+003  2.2015393467E-001 -1.8865175298E-001 -1.1348247023E-001
   1  8831   0    0  8.7710282268E+003  2.2015393467E-001 -1.8865175298E-001 -1.1348247023E-001
   1  8832   0    0  8.7720282269E+003  2.2015393467E-001 -1.8865175298E-001 -1.1348247023E-001
   1  8833   0    0  8.7730282270E+003  2.2015393467E-001 -1.8865175298E-001 -1.1348247023E-001
   1  8834   0    0  8.7740282271E+003  2.2015393467E-001 -1.8865175298E-001 -1.1348247023E-001
   1  8835   0    0  8.7750282272E+003  2.2015393467E-001 -1.8865175298E-001 -1.1348247023E-001
   1  8836   0    0  8.7760282273E+003  2.2015393467E-001 -1.8865175298E-001 -1.1348247023E-001
   1  8837   0    0  8.7770282274E+003  2.2015393467E-001 -1.8865175298E-001 -1.1348247023E-001
   1  8838   0    0  8.7780282275E+003  2.2015393467E-001 -1.8865175298E-001 -1.1348247023E-001
   1  8839   0    0  8.7790282276E+003  2.2015393467E-001 -1.8865175298E-001 -1.1348247023E-001
   1  8840   4  443  8.7800282277E+003  2.2015393467E-001 -1.8865175298E-001 -1.1348247023E-001
   1  8841   0    0  8.7810282278E+003  2.2015393467E-001 -1.8865175298E-001 -1.1348247023E-001
   1  8842   0    0  8.7820282279E+003  2.2015393467E-001 -1.8865175298E-001 -1.1348247023E-001
   1  8843   0    0  8.7830282280E+003  2.2015393467E-001 -1.8865175298E-001 -1.1348247023E-001
   1  8844   0    0  8.7840282281E+003  2.2015393467E-001 -1.8865175298E-001 -1.1348247023E-001
   1  8845   0    0  8.7850282282E+003  2.2015393467E-001 -1.8865175298E-001 -1.1348247023E-001
   1  8846   0    0  8.7860282283E+003  2.2015393467E-001 -1.8865175298E-001 -1.1348247023E-001
   1  8847   0    0  8.7870282284E+003  2.2015393467E-001 -1.8865175298E-001 -1.1348247023E-001
   1  8848   0    0  8.7880282285E+003  2.2015393467E-001 -1.8865175298E-001 -1.1348247023E-001
   1  8849   0    0  8.7890282286E+003  2.2015393467E-001 -1.8865175298E-001 -1.1348247023E-001
   1  8850   0    0  8.7900282287E+003  2.2015393467E-001 -1.8865175298E-001 -1.1348247023E-001
   1  8851   0    0  8.7910282288E+003  2.2015393467E-001 -1.8865175298E-001 -1.1348247023E-001
   1  8852   0    0  8.7920282289E+003  2.2015393467E-001 -1.8865175298E-001 -1.1348247023E-001
   1  8853   0    0  8.7930282290E+003  2.2015393467E-001 -1.8865175298E-001 -1.1348247023E-001
   1  8854   0    0  8.7940282291E+003  2.2015393467E-001 -1.8865175298E-001 -1.1348247023E-001
   1  8855   0    0  8.7950282292E+003  2.2015393467E-001 -1.8865175298E-001 -1.1348247023E-001
   1  8856   0    0  8.7960282293E+003  2.2015393467E-001 -1.8865175298E-001 -1.1348247023E-001
   1  8857   0    0  8.7970282294E+003  2.2015393467E-001 -1.8865175298E-001 -1.1348247023E-001
   1  8858   0    0  8.7980282295E+003  2.2015393467E-001 -1.8865175298E-001 -1.1348247023E-001
   1  8859   0    0  8.7990282296E+003  2.2015393467E-001 -1.8865175298E-001 -1.1348247023E-001
   1  8860   4  444  8.8000282297E+003  2.2015393467E-001 -1.8865175298E-001 -1.1348247023E-001
   1  8861   0    0  8.8010282298E+003  2.2015393467E-001 -1.8865175298E-001 -1.1348247023E-001
   1  8862   0    0  8.8020282299E+003  2.2015393467E-001 -1.8865175298E-001 -1.1348247023E-001
   1  8863   0    0  8.8030282300E+003  2.2015393467E-001 -1.8865175298E-001 -1.1348247023E-001
   1  8864   0    0  8.8040282301E+003  2.2015393467E-001 -1.8865175298E-001 -1.1348247023E-001
   1  8865   0    0  8.8050282302E+003  2.2015393467E-001 -1.8865175298E-001 -1.1348247023E-001
   1  8866   0    0  8.8060282303E+003  2.2015393467E-001 -1.8865175298E-001 -1.1348247023E-001
   1  8867   0    0  8.8070282304E+003  2.2015393467E-001 -1.8865175298E-001 -1.1348247023E-001
   1  8868   0    0  8.8080282305E+003  2.2015393467E-001 -1.8865175298E-001 -1.1348247023E-001
   1  8869   0    0  8.8090282306E+003  2.2015393467E-001 -1.8865175298E-001 -1.1348247023E-001
   1  8870   0    0  8.8100282307E+003  2.2015393467E-001 -1.8865175298E-001 -1.1348247023E-001
   1  8871   0    0  8.8110282308E+003  2.2015393467E-001 -1.8865175298E-001 -1.1348247023E-001
   1  8872   0    0  8.8120282309E+003  2.2015393467E-001 -1.8865175298E-001 -1.1348247023E-001
   1  8873   0    0  8.8130282310E+003  2.2015393467E-001 -1.8865175298E-001 -1.1348247023E-001
   1  8874   0    0  8.8140282311E+003  2.2015393467E-001 -1.8865175298E-001 -1.1348247023E-001
   1  8875   0    0  8.8150282312E+003  2.2015393467E-001 -1.8865175298E-001 -1.1348247023E-001
   1  8876   0    0  8.8160282313E+003  2.2015393467E-001 -1.8865175298E-001 -1.1348247023E-001
   1  8877   0    0  8.8170282314E+003  2.2015393467E-001 -1.8865175298E-001 -1.1348247023E-001
   1  8878   0    0  8.8180282315E+003  2.2015393467E-001 -1.8865175298E-001 -1.1348247023E-001
   1  8879   0    0  8.8190282316E+003  2.2015393467E-001 -1.8865175298E-001 -1.1348247023E-001
   1  8880   4  445  8.8200282317E+003  2.2015393467E-001 -1.8865175298E-001 -1.1348247023E-001
   1  8881   0    0  8.8210282318E+003  2.2015393467E-001 -1.8865175298E-001 -1.1348247023E-001
   1  8882   0    0  8.8220282319E+003  2.2015393467E-001 -1.8865175298E-001 -1.1348247023E-001
   1  8883   0    0  8.8230282320E+003  2.2015393467E-001 -1.8865175298E-001 -1.1348247023E-001
   1  8884   0    0  8.8240282321E+003  2.2015393467E-001 -1.8865175298E-001 -1.1348247023E-001
   1  8885   0    0  8.8250282322E+003  2.2015393467E-001 -1.8865175298E-001 -1.1348247023E-001
   1  8886   0    0  8.8260282323E+003  2.2015393467E-001 -1.8865175298E-001 -1.1348247023E-001
   1  8887   0    0  8.8270282324E+003  2.2015393467E-001 -1.8865175298E-001 -1.1348247023E-001
   1  8888   0    0  8.8280282325E+003  2.2015393467E-001 -1.8865175298E-001 -1.1348247023E-001
   1  8889   0    0  8.8290282326E+003  2.2015393467E-001 -1.8865175298E-001 -1.1348247023E-001
   1  8890   0    0  8.8300282327E+003  2.2015393467E-001 -1.8865175298E-001 -1.1348247023E-001
   1  8891   0    0  8.8310282328E+003  2.2015393467E-001 -1.8865175298E-001 -1.1348247023E-001
   1  8892   0    0  8.8320282329E+003  2.2015393467E-001 -1.8865175298E-001 -1.1348247023E-001
   1  8893   0    0  8.8330282330E+003  2.2015393467E-001 -1.8865175298E-001 -1.1348247023E-001
   1  8894   0    0  8.8340282331E+003  2.2015393467E-001 -1.8865175298E-001 -1.1348247023E-001
   1  8895   0    0  8.8350282332E+003  2.2015393467E-001 -1.8865175298E-001 -1.1348247023E-001
   1  8896   0    0  8.8360282333E+003  2.2015393467E-001 -1.8865175298E-001 -1.1348247023E-001
   1  8897   0    0  8.8370282334E+003  2.2015393467E-001 -1.8865175298E-001 -1.1348247023E-001
   1  8898   0    0  8.8380282335E+003  2.2015393467E-001 -1.8865175298E-001 -1.1348247023E-001
   1  8899   0    0  8.8390282336E+003  2.2015393467E-001 -1.8865175298E-001 -1.1348247023E-001
   1  8900   4  446  8.8400282337E+003  2.2015393467E-001 -1.8865175298E-001 -1.1348247023E-001
   1  8901   0    0  8.8410282338E+003  2.2015393467E-001 -1.8865175298E-001 -1.1348247023E-001
   1  8902   0    0  8.8420282339E+003  2.2015393467E-001 -1.8865175298E-001 -1.1348247023E-001
   1  8903   0    0  8.8430282340E+003  2.2015393467E-001 -1.8865175298E-001 -1.1348247023E-001
   1  8904   0    0  8.8440282341E+003  2.2015393467E-001 -1.8865175298E-001 -1.1348247023E-001
   1  8905   0    0  8.8450282342E+003  2.2015393467E-001 -1.8865175298E-001 -1.1348247023E-001
   1  8906   0    0  8.8460282343E+003  2.2015393467E-001 -1.8865175298E-001 -1.1348247023E-001
   1  8907   0    0  8.8470282344E+003  2.2015393467E-001 -1.8865175298E-001 -1.1348247023E-001
   1  8908   0    0  8.8480282345E+003  2.2015393467E-001 -1.8865175298E-001 -1.1348247023E-001
   1  8909   0    0  8.8490282346E+003  2.2015393467E-001 -1.8865175298E-001 -1.1348247023E-001
   1  8910   0    0  8.8500282347E+003  2.2015393467E-001 -1.8865175298E-001 -1.1348247023E-001
   1  8911   0    0  8.8510282348E+003  2.2015393467E-001 -1.8865175298E-001 -1.1348247023E-001
   1  8912   0    0  8.8520282349E+003  2.2015393467E-001 -1.8865175298E-001 -1.1348247023E-001
   1  8913   0    0  8.8530282350E+003  2.2015393467E-001 -1.8865175298E-001 -1.1348247023E-001
   1  8914   0    0  8.8540282351E+003  2.2015393467E-001 -1.8865175298E-001 -1.1348247023E-001
   1  8915   0    0  8.8550282352E+003  2.2015393467E-001 -1.8865175298E-001 -1.1348247023E-001
   1  8916   0    0  8.8560282353E+003  2.2015393467E-001 -1.8865175298E-001 -1.1348247023E-001
   1  8917   0    0  8.8570282354E+003  2.2015393467E-001 -1.8865175298E-001 -1.1348247023E-001
   1  8918   0    0  8.8580282355E+003  2.2015393467E-001 -1.8865175298E-001 -1.1348247023E-001
   1  8919   0    0  8.8590282356E+003  2.2015393467E-001 -1.8865175298E-001 -1.1348247023E-001
   1  8920   4  447  8.8600282357E+003  2.2015393467E-001 -1.8865175298E-001 -1.1348247023E-001
   1  8921   0    0  8.8610282358E+003  2.2015393467E-001 -1.8865175298E-001 -1.1348247023E-001
   1  8922   0    0  8.8620282359E+003  2.2015393467E-001 -1.8865175298E-001 -1.1348247023E-001
   1  8923   0    0  8.8630282360E+003  2.2015393467E-001 -1.8865175298E-001 -1.1348247023E-001
   1  8924   0    0  8.8640282361E+003  2.2015393467E-001 -1.8865175298E-001 -1.1348247023E-001
   1  8925   0    0  8.8650282362E+003  2.2015393467E-001 -1.8865175298E-001 -1.1348247023E-001
   1  8926   0    0  8.8660282363E+003  2.2015393467E-001 -1.8865175298E-001 -1.1348247023E-001
   1  8927   0    0  8.8670282364E+003  2.2015393467E-001 -1.8865175298E-001 -1.1348247023E-001
   1  8928   0    0  8.8680282365E+003  2.2015393467E-001 -1.8865175298E-001 -1.1348247023E-001
   1  8929   0    0  8.8690282366E+003  2.2015393467E-001 -1.8865175298E-001 -1.1348247023E-001
   1  8930   0    0  8.8700282367E+003  2.2015393467E-001 -1.8865175298E-001 -1.1348247023E-001
   1  8931   0    0  8.8710282368E+003  2.2015393467E-001 -1.8865175298E-001 -1.1348247023E-001
   1  8932   0    0  8.8720282369E+003  2.2015393467E-001 -1.8865175298E-001 -1.1348247023E-001
   1  8933   0    0  8.8730282370E+003  2.2015393467E-001 -1.8865175298E-001 -1.1348247023E-001
   1  8934   0    0  8.8740282371E+003  2.2015393467E-001 -1.8865175298E-001 -1.1348247023E-001
   1  8935   0    0  8.8750282372E+003  2.2015393467E-001 -1.8865175298E-001 -1.1348247023E-001
   1  8936   0    0  8.8760282373E+003  2.2015393467E-001 -1.8865175298E-001 -1.1348247023E-001
   1  8937   0    0  8.8770282374E+003  2.2015393467E-001 -1.8865175298E-001 -1.1348247023E-001
   1  8938   0    0  8.8780282375E+003  2.2015393467E-001 -1.8865175298E-001 -1.1348247023E-001
   1  8939   0    0  8.8790282376E+003  2.2015393467E-001 -1.8865175298E-001 -1.1348247023E-001
   1  8940   4  448  8.8800282377E+003  2.2015393467E-001 -1.8865175298E-001 -1.1348247023E-001
   1  8941   0    0  8.8810282378E+003  2.2015393467E-001 -1.8865175298E-001 -1.1348247023E-001
   1  8942   0    0  8.8820282379E+003  2.2015393467E-001 -1.8865175298E-001 -1.1348247023E-001
   1  8943   0    0  8.8830282380E+003  2.2015393467E-001 -1.8865175298E-001 -1.1348247023E-001
   1  8944   0    0  8.8840282381E+003  2.2015393467E-001 -1.8865175298E-001 -1.1348247023E-001
   1  8945   0    0  8.8850282382E+003  2.2015393467E-001 -1.8865175298E-001 -1.1348247023E-001
   1  8946   0    0  8.8860282383E+003  2.2015393467E-001 -1.8865175298E-001 -1.1348247023E-001
   1  8947   0    0  8.8870282384E+003  2.2015393467E-001 -1.8865175298E-001 -1.1348247023E-001
   1  8948   0    0  8.8880282385E+003  2.2015393467E-001 -1.8865175298E-001 -1.1348247023E-001
   1  8949   0    0  8.8890282386E+003  2.2015393467E-001 -1.8865175298E-001 -1.1348247023E-001
   1  8950   0    0  8.8900282387E+003  2.2015393467E-001 -1.8865175298E-001 -1.1348247023E-001
   1  8951   0    0  8.8910282388E+003  2.2015393467E-001 -1.8865175298E-001 -1.1348247023E-001
   1  8952   0    0  8.8920282389E+003  2.2015393467E-001 -1.8865175298E-001 -1.1348247023E-001
   1  8953   0    0  8.8930282390E+003  2.2015393467E-001 -1.8865175298E-001 -1.1348247023E-001
   1  8954   0    0  8.8940282391E+003  2.2015393467E-001 -1.8865175298E-001 -1.1348247023E-001
   1  8955   0    0  8.8950282392E+003  2.2015393467E-001 -1.8865175298E-001 -1.1348247023E-001
   1  8956   0    0  8.8960282393E+003  2.2015393467E-001 -1.8865175298E-001 -1.1348247023E-001
   1  8957   0    0  8.8970282394E+003  2.2015393467E-001 -1.8865175298E-001 -1.1348247023E-001
   1  8958   0    0  8.8980282395E+003  2.2015393467E-001 -1.8865175298E-001 -1.1348247023E-001
   1  8959   0    0  8.8990282396E+003  2.2015393467E-001 -1.8865175298E-001 -1.1348247023E-001
   1  8960   4  449  8.9000282397E+003  2.2015393467E-001 -1.8865175298E-001 -1.1348247023E-001
   1  8961   0    0  8.9010282398E+003  2.2015393467E-001 -1.8865175298E-001 -1.1348247023E-001
   1  8962   0    0  8.9020282399E+003  2.2015393467E-001 -1.8865175298E-001 -1.1348247023E-001
   1  8963   0    0  8.9030282400E+003  2.2015393467E-001 -1.8865175298E-001 -1.1348247023E-001
   1  8964   0    0  8.9040282401E+003  2.2015393467E-001 -1.8865175298E-001 -1.1348247023E-001
   1  8965   0    0  8.9050282402E+003  2.2015393467E-001 -1.8865175298E-001 -1.1348247023E-001
   1  8966   0    0  8.9060282403E+003  2.2015393467E-001 -1.8865175298E-001 -1.1348247023E-001
   1  8967   0    0  8.9070282404E+003  2.2015393467E-001 -1.8865175298E-001 -1.1348247023E-001
   1  8968   0    0  8.9080282405E+003  2.2015393467E-001 -1.8865175298E-001 -1.1348247023E-001
   1  8969   0    0  8.9090282406E+003  2.2015393467E-001 -1.8865175298E-001 -1.1348247023E-001
   1  8970   0    0  8.9100282407E+003  2.2015393467E-001 -1.8865175298E-001 -1.1348247023E-001
   1  8971   0    0  8.9110282408E+003  2.2015393467E-001 -1.8865175298E-001 -1.1348247023E-001
   1  8972   0    0  8.9120282409E+003  2.2015393467E-001 -1.8865175298E-001 -1.1348247023E-001
   1  8973   0    0  8.9130282410E+003  2.2015393467E-001 -1.8865175298E-001 -1.1348247023E-001
   1  8974   0    0  8.9140282411E+003  2.2015393467E-001 -1.8865175298E-001 -1.1348247023E-001
   1  8975   0    0  8.9150282412E+003  2.2015393467E-001 -1.8865175298E-001 -1.1348247023E-001
   1  8976   0    0  8.9160282413E+003  2.2015393467E-001 -1.8865175298E-001 -1.1348247023E-001
   1  8977   0    0  8.9170282414E+003  2.2015393467E-001 -1.8865175298E-001 -1.1348247023E-001
   1  8978   0    0  8.9180282415E+003  2.2015393467E-001 -1.8865175298E-001 -1.1348247023E-001
   1  8979   0    0  8.9190282416E+003  2.2015393467E-001 -1.8865175298E-001 -1.1348247023E-001
   1  8980   4  450  8.9200282417E+003  2.2015393467E-001 -1.8865175298E-001 -1.1348247023E-001
   1  8981   0    0  8.9210282418E+003  2.2015393467E-001 -1.8865175298E-001 -1.1348247023E-001
   1  8982   0    0  8.9220282419E+003  2.2015393467E-001 -1.8865175298E-001 -1.1348247023E-001
   1  8983   0    0  8.9230282420E+003  2.2015393467E-001 -1.8865175298E-001 -1.1348247023E-001
   1  8984   0    0  8.9240282421E+003  2.2015393467E-001 -1.8865175298E-001 -1.1348247023E-001
   1  8985   0    0  8.9250282422E+003  2.2015393467E-001 -1.8865175298E-001 -1.1348247023E-001
   1  8986   0    0  8.9260282423E+003  2.2015393467E-001 -1.8865175298E-001 -1.1348247023E-001
   1  8987   0    0  8.9270282424E+003  2.2015393467E-001 -1.8865175298E-001 -1.1348247023E-001
   1  8988   0    0  8.9280282425E+003  2.2015393467E-001 -1.8865175298E-001 -1.1348247023E-001
   1  8989   0    0  8.9290282426E+003  2.2015393467E-001 -1.8865175298E-001 -1.1348247023E-001
   1  8990   0    0  8.9300282427E+003  2.2015393467E-001 -1.8865175298E-001 -1.1348247023E-001
   1  8991   0    0  8.9310282428E+003  2.2015393467E-001 -1.8865175298E-001 -1.1348247023E-001
   1  8992   0    0  8.9320282429E+003  2.2015393467E-001 -1.8865175298E-001 -1.1348247023E-001
   1  8993   0    0  8.9330282430E+003  2.2015393467E-001 -1.8865175298E-001 -1.1348247023E-001
   1  8994   0    0  8.9340282431E+003  2.2015393467E-001 -1.8865175298E-001 -1.1348247023E-001
   1  8995   0    0  8.9350282432E+003  2.2015393467E-001 -1.8865175298E-001 -1.1348247023E-001
   1  8996   0    0  8.9360282433E+003  2.2015393467E-001 -1.8865175298E-001 -1.1348247023E-001
   1  8997   0    0  8.9370282434E+003  2.2015393467E-001 -1.8865175298E-001 -1.1348247023E-001
   1  8998   0    0  8.9380282435E+003  2.2015393467E-001 -1.8865175298E-001 -1.1348247023E-001
   1  8999   0    0  8.9390282436E+003  2.2015393467E-001 -1.8865175298E-001 -1.1348247023E-001
   1  9000   4  451  8.9400282437E+003  2.2015393467E-001 -1.8865175298E-001 -1.1348247023E-001
   1  9001   0    0  8.9410282438E+003  2.2015393467E-001 -1.8865175298E-001 -1.1348247023E-001
   1  9002   0    0  8.9420282439E+003  2.2015393467E-001 -1.8865175298E-001 -1.1348247023E-001
   1  9003   0    0  8.9430282440E+003  2.2015393467E-001 -1.8865175298E-001 -1.1348247023E-001
   1  9004   0    0  8.9440282441E+003  2.2015393467E-001 -1.8865175298E-001 -1.1348247023E-001
   1  9005   0    0  8.9450282442E+003  2.2015393467E-001 -1.8865175298E-001 -1.1348247023E-001
   1  9006   0    0  8.9460282443E+003  2.2015393467E-001 -1.8865175298E-001 -1.1348247023E-001
   1  9007   0    0  8.9470282444E+003  2.2015393467E-001 -1.8865175298E-001 -1.1348247023E-001
   1  9008   0    0  8.9480282445E+003  2.2015393467E-001 -1.8865175298E-001 -1.1348247023E-001
   1  9009   0    0  8.9490282446E+003  2.2015393467E-001 -1.8865175298E-001 -1.1348247023E-001
   1  9010   0    0  8.9500282447E+003  2.2015393467E-001 -1.8865175298E-001 -1.1348247023E-001
   1  9011   0    0  8.9510282448E+003  2.2015393467E-001 -1.8865175298E-001 -1.1348247023E-001
   1  9012   0    0  8.9520282449E+003  2.2015393467E-001 -1.8865175298E-001 -1.1348247023E-001
   1  9013   0    0  8.9530282450E+003  2.2015393467E-001 -1.8865175298E-001 -1.1348247023E-001
   1  9014   0    0  8.9540282451E+003  2.2015393467E-001 -1.8865175298E-001 -1.1348247023E-001
   1  9015   0    0  8.9550282452E+003  2.2015393467E-001 -1.8865175298E-001 -1.1348247023E-001
   1  9016   0    0  8.9560282453E+003  2.2015393467E-001 -1.8865175298E-001 -1.1348247023E-001
   1  9017   0    0  8.9570282454E+003  2.2015393467E-001 -1.8865175298E-001 -1.1348247023E-001
   1  9018   0    0  8.9580282455E+003  2.2015393467E-001 -1.8865175298E-001 -1.1348247023E-001
   1  9019   0    0  8.9590282456E+003  2.2015393467E-001 -1.8865175298E-001 -1.1348247023E-001
   1  9020   4  452  8.9600282457E+003  2.2015393467E-001 -1.8865175298E-001 -1.1348247023E-001
   1  9021   0    0  8.9610282458E+003  2.2015393467E-001 -1.8865175298E-001 -1.1348247023E-001
   1  9022   0    0  8.9620282459E+003  2.2015393467E-001 -1.8865175298E-001 -1.1348247023E-001
   1  9023   0    0  8.9630282460E+003  2.2015393467E-001 -1.8865175298E-001 -1.1348247023E-001
   1  9024   0    0  8.9640282461E+003  2.2015393467E-001 -1.8865175298E-001 -1.1348247023E-001
   1  9025   0    0  8.9650282462E+003  2.2015393467E-001 -1.8865175298E-001 -1.1348247023E-001
   1  9026   0    0  8.9660282463E+003  2.2015393467E-001 -1.8865175298E-001 -1.1348247023E-001
   1  9027   0    0  8.9670282464E+003  2.2015393467E-001 -1.8865175298E-001 -1.1348247023E-001
   1  9028   0    0  8.9680282465E+003  2.2015393467E-001 -1.8865175298E-001 -1.1348247023E-001
   1  9029   0    0  8.9690282466E+003  2.2015393467E-001 -1.8865175298E-001 -1.1348247023E-001
   1  9030   0    0  8.9700282467E+003  2.2015393467E-001 -1.8865175298E-001 -1.1348247023E-001
   1  9031   0    0  8.9710282468E+003  2.2015393467E-001 -1.8865175298E-001 -1.1348247023E-001
   1  9032   0    0  8.9720282469E+003  2.2015393467E-001 -1.8865175298E-001 -1.1348247023E-001
   1  9033   0    0  8.9730282470E+003  2.2015393467E-001 -1.8865175298E-001 -1.1348247023E-001
   1  9034   0    0  8.9740282471E+003  2.2015393467E-001 -1.8865175298E-001 -1.1348247023E-001
   1  9035   0    0  8.9750282472E+003  2.2015393467E-001 -1.8865175298E-001 -1.1348247023E-001
   1  9036   0    0  8.9760282473E+003  2.2015393467E-001 -1.8865175298E-001 -1.1348247023E-001
   1  9037   0    0  8.9770282474E+003  2.2015393467E-001 -1.8865175298E-001 -1.1348247023E-001
   1  9038   0    0  8.9780282475E+003  2.2015393467E-001 -1.8865175298E-001 -1.1348247023E-001
   1  9039   0    0  8.9790282476E+003  2.2015393467E-001 -1.8865175298E-001 -1.1348247023E-001
   1  9040   4  453  8.9800282477E+003  2.2015393467E-001 -1.8865175298E-001 -1.1348247023E-001
   1  9041   0    0  8.9810282478E+003  2.2015393467E-001 -1.8865175298E-001 -1.1348247023E-001
   1  9042   0    0  8.9820282479E+003  2.2015393467E-001 -1.8865175298E-001 -1.1348247023E-001
   1  9043   0    0  8.9830282480E+003  2.2015393467E-001 -1.8865175298E-001 -1.1348247023E-001
   1  9044   0    0  8.9840282481E+003  2.2015393467E-001 -1.8865175298E-001 -1.1348247023E-001
   1  9045   0    0  8.9850282482E+003  2.2015393467E-001 -1.8865175298E-001 -1.1348247023E-001
   1  9046   0    0  8.9860282483E+003  2.2015393467E-001 -1.8865175298E-001 -1.1348247023E-001
   1  9047   0    0  8.9870282484E+003  2.2015393467E-001 -1.8865175298E-001 -1.1348247023E-001
   1  9048   0    0  8.9880282485E+003  2.2015393467E-001 -1.8865175298E-001 -1.1348247023E-001
   1  9049   0    0  8.9890282486E+003  2.2015393467E-001 -1.8865175298E-001 -1.1348247023E-001
   1  9050   0    0  8.9900282487E+003  2.2015393467E-001 -1.8865175298E-001 -1.1348247023E-001
   1  9051   0    0  8.9910282488E+003  2.2015393467E-001 -1.8865175298E-001 -1.1348247023E-001
   1  9052   0    0  8.9920282489E+003  2.2015393467E-001 -1.8865175298E-001 -1.1348247023E-001
   1  9053   0    0  8.9930282490E+003  2.2015393467E-001 -1.8865175298E-001 -1.1348247023E-001
   1  9054   0    0  8.9940282491E+003  2.2015393467E-001 -1.8865175298E-001 -1.1348247023E-001
   1  9055   0    0  8.9950282492E+003  2.2015393467E-001 -1.8865175298E-001 -1.1348247023E-001
   1  9056   0    0  8.9960282493E+003  2.2015393467E-001 -1.8865175298E-001 -1.1348247023E-001
   1  9057   0    0  8.9970282494E+003  2.2015393467E-001 -1.8865175298E-001 -1.1348247023E-001
   1  9058   0    0  8.9980282495E+003  2.2015393467E-001 -1.8865175298E-001 -1.1348247023E-001
   1  9059   0    0  8.9990282496E+003  2.2015393467E-001 -1.8865175298E-001 -1.1348247023E-001
   1  9060   4  454  9.0000282497E+003  2.2015393467E-001 -1.8865175298E-001 -1.1348247023E-001
   1  9061   0    0  9.0010282498E+003  2.2015393467E-001 -1.8865175298E-001 -1.1348247023E-001
   1  9062   0    0  9.0020282499E+003  2.2015393467E-001 -1.8865175298E-001 -1.1348247023E-001
   1  9063   0    0  9.0030282500E+003  2.2015393467E-001 -1.8865175298E-001 -1.1348247023E-001
   1  9064   0    0  9.0040282501E+003  2.2015393467E-001 -1.8865175298E-001 -1.1348247023E-001
   1  9065   0    0  9.0050282502E+003  2.2015393467E-001 -1.8865175298E-001 -1.1348247023E-001
   1  9066   0    0  9.0060282503E+003  2.2015393467E-001 -1.8865175298E-001 -1.1348247023E-001
   1  9067   0    0  9.0070282504E+003  2.2015393467E-001 -1.8865175298E-001 -1.1348247023E-001
   1  9068   0    0  9.0080282505E+003  2.2015393467E-001 -1.8865175298E-001 -1.1348247023E-001
   1  9069   0    0  9.0090282506E+003  2.2015393467E-001 -1.8865175298E-001 -1.1348247023E-001
   1  9070   0    0  9.0100282507E+003  2.2015393467E-001 -1.8865175298E-001 -1.1348247023E-001
   1  9071   0    0  9.0110282508E+003  2.2015393467E-001 -1.8865175298E-001 -1.1348247023E-001
   1  9072   0    0  9.0120282509E+003  2.2015393467E-001 -1.8865175298E-001 -1.1348247023E-001
   1  9073   0    0  9.0130282510E+003  2.2015393467E-001 -1.8865175298E-001 -1.1348247023E-001
   1  9074   0    0  9.0140282511E+003  2.2015393467E-001 -1.8865175298E-001 -1.1348247023E-001
   1  9075   0    0  9.0150282512E+003  2.2015393467E-001 -1.8865175298E-001 -1.1348247023E-001
   1  9076   0    0  9.0160282513E+003  2.2015393467E-001 -1.8865175298E-001 -1.1348247023E-001
   1  9077   0    0  9.0170282514E+003  2.2015393467E-001 -1.8865175298E-001 -1.1348247023E-001
   1  9078   0    0  9.0180282515E+003  2.2015393467E-001 -1.8865175298E-001 -1.1348247023E-001
   1  9079   0    0  9.0190282516E+003  2.2015393467E-001 -1.8865175298E-001 -1.1348247023E-001
   1  9080   4  455  9.0200282517E+003  2.2015393467E-001 -1.8865175298E-001 -1.1348247023E-001
   1  9081   0    0  9.0210282518E+003  2.2015393467E-001 -1.8865175298E-001 -1.1348247023E-001
   1  9082   0    0  9.0220282519E+003  2.2015393467E-001 -1.8865175298E-001 -1.1348247023E-001
   1  9083   0    0  9.0230282520E+003  2.2015393467E-001 -1.8865175298E-001 -1.1348247023E-001
   1  9084   0    0  9.0240282521E+003  2.2015393467E-001 -1.8865175298E-001 -1.1348247023E-001
   1  9085   0    0  9.0250282522E+003  2.2015393467E-001 -1.8865175298E-001 -1.1348247023E-001
   1  9086   0    0  9.0260282523E+003  2.2015393467E-001 -1.8865175298E-001 -1.1348247023E-001
   1  9087   0    0  9.0270282524E+003  2.2015393467E-001 -1.8865175298E-001 -1.1348247023E-001
   1  9088   0    0  9.0280282525E+003  2.2015393467E-001 -1.8865175298E-001 -1.1348247023E-001
   1  9089   0    0  9.0290282526E+003  2.2015393467E-001 -1.8865175298E-001 -1.1348247023E-001
   1  9090   0    0  9.0300282527E+003  2.2015393467E-001 -1.8865175298E-001 -1.1348247023E-001
   1  9091   0    0  9.0310282528E+003  2.2015393467E-001 -1.8865175298E-001 -1.1348247023E-001
   1  9092   0    0  9.0320282529E+003  2.2015393467E-001 -1.8865175298E-001 -1.1348247023E-001
   1  9093   0    0  9.0330282530E+003  2.2015393467E-001 -1.8865175298E-001 -1.1348247023E-001
   1  9094   0    0  9.0340282531E+003  2.2015393467E-001 -1.8865175298E-001 -1.1348247023E-001
   1  9095   0    0  9.0350282532E+003  2.2015393467E-001 -1.8865175298E-001 -1.1348247023E-001
   1  9096   0    0  9.0360282533E+003  2.2015393467E-001 -1.8865175298E-001 -1.1348247023E-001
   1  9097   0    0  9.0370282534E+003  2.2015393467E-001 -1.8865175298E-001 -1.1348247023E-001
   1  9098   0    0  9.0380282535E+003  2.2015393467E-001 -1.8865175298E-001 -1.1348247023E-001
   1  9099   0    0  9.0390282536E+003  2.2015393467E-001 -1.8865175298E-001 -1.1348247023E-001
   1  9100   4  456  9.0400282537E+003  2.2015393467E-001 -1.8865175298E-001 -1.1348247023E-001
   1  9101   0    0  9.0410282538E+003  2.2015393467E-001 -1.8865175298E-001 -1.1348247023E-001
   1  9102   0    0  9.0420282539E+003  2.2015393467E-001 -1.8865175298E-001 -1.1348247023E-001
   1  9103   0    0  9.0430282540E+003  2.2015393467E-001 -1.8865175298E-001 -1.1348247023E-001
   1  9104   0    0  9.0440282541E+003  2.2015393467E-001 -1.8865175298E-001 -1.1348247023E-001
   1  9105   0    0  9.0450282542E+003  2.2015393467E-001 -1.8865175298E-001 -1.1348247023E-001
   1  9106   0    0  9.0460282543E+003  2.2015393467E-001 -1.8865175298E-001 -1.1348247023E-001
   1  9107   0    0  9.0470282544E+003  2.2015393467E-001 -1.8865175298E-001 -1.1348247023E-001
   1  9108   0    0  9.0480282545E+003  2.2015393467E-001 -1.8865175298E-001 -1.1348247023E-001
   1  9109   0    0  9.0490282546E+003  2.2015393467E-001 -1.8865175298E-001 -1.1348247023E-001
   1  9110   0    0  9.0500282547E+003  2.2015393467E-001 -1.8865175298E-001 -1.1348247023E-001
   1  9111   0    0  9.0510282548E+003  2.2015393467E-001 -1.8865175298E-001 -1.1348247023E-001
   1  9112   0    0  9.0520282549E+003  2.2015393467E-001 -1.8865175298E-001 -1.1348247023E-001
   1  9113   0    0  9.0530282550E+003  2.2015393467E-001 -1.8865175298E-001 -1.1348247023E-001
   1  9114   0    0  9.0540282551E+003  2.2015393467E-001 -1.8865175298E-001 -1.1348247023E-001
   1  9115   0    0  9.0550282552E+003  2.2015393467E-001 -1.8865175298E-001 -1.1348247023E-001
   1  9116   0    0  9.0560282553E+003  2.2015393467E-001 -1.8865175298E-001 -1.1348247023E-001
   1  9117   0    0  9.0570282554E+003  2.2015393467E-001 -1.8865175298E-001 -1.1348247023E-001
   1  9118   0    0  9.0580282555E+003  2.2015393467E-001 -1.8865175298E-001 -1.1348247023E-001
   1  9119   0    0  9.0590282556E+003  2.2015393467E-001 -1.8865175298E-001 -1.1348247023E-001
   1  9120   4  457  9.0600282557E+003  2.2015393467E-001 -1.8865175298E-001 -1.1348247023E-001
   1  9121   0    0  9.0610282558E+003  2.2015393467E-001 -1.8865175298E-001 -1.1348247023E-001
   1  9122   0    0  9.0620282559E+003  2.2015393467E-001 -1.8865175298E-001 -1.1348247023E-001
   1  9123   0    0  9.0630282560E+003  2.2015393467E-001 -1.8865175298E-001 -1.1348247023E-001
   1  9124   0    0  9.0640282561E+003  2.2015393467E-001 -1.8865175298E-001 -1.1348247023E-001
   1  9125   0    0  9.0650282562E+003  2.2015393467E-001 -1.8865175298E-001 -1.1348247023E-001
   1  9126   0    0  9.0660282563E+003  2.2015393467E-001 -1.8865175298E-001 -1.1348247023E-001
   1  9127   0    0  9.0670282564E+003  2.2015393467E-001 -1.8865175298E-001 -1.1348247023E-001
   1  9128   0    0  9.0680282565E+003  2.2015393467E-001 -1.8865175298E-001 -1.1348247023E-001
   1  9129   0    0  9.0690282566E+003  2.2015393467E-001 -1.8865175298E-001 -1.1348247023E-001
   1  9130   0    0  9.0700282567E+003  2.2015393467E-001 -1.8865175298E-001 -1.1348247023E-001
   1  9131   0    0  9.0710282568E+003  2.2015393467E-001 -1.8865175298E-001 -1.1348247023E-001
   1  9132   0    0  9.0720282569E+003  2.2015393467E-001 -1.8865175298E-001 -1.1348247023E-001
   1  9133   0    0  9.0730282570E+003  2.2015393467E-001 -1.8865175298E-001 -1.1348247023E-001
   1  9134   0    0  9.0740282571E+003  2.2015393467E-001 -1.8865175298E-001 -1.1348247023E-001
   1  9135   0    0  9.0750282572E+003  2.2015393467E-001 -1.8865175298E-001 -1.1348247023E-001
   1  9136   0    0  9.0760282573E+003  2.2015393467E-001 -1.8865175298E-001 -1.1348247023E-001
   1  9137   0    0  9.0770282574E+003  2.2015393467E-001 -1.8865175298E-001 -1.1348247023E-001
   1  9138   0    0  9.0780282575E+003  2.2015393467E-001 -1.8865175298E-001 -1.1348247023E-001
   1  9139   0    0  9.0790282576E+003  2.2015393467E-001 -1.8865175298E-001 -1.1348247023E-001
   1  9140   4  458  9.0800282577E+003  2.2015393467E-001 -1.8865175298E-001 -1.1348247023E-001
   1  9141   0    0  9.0810282578E+003  2.2015393467E-001 -1.8865175298E-001 -1.1348247023E-001
   1  9142   0    0  9.0820282579E+003  2.2015393467E-001 -1.8865175298E-001 -1.1348247023E-001
   1  9143   0    0  9.0830282580E+003  2.2015393467E-001 -1.8865175298E-001 -1.1348247023E-001
   1  9144   0    0  9.0840282581E+003  2.2015393467E-001 -1.8865175298E-001 -1.1348247023E-001
   1  9145   0    0  9.0850282582E+003  2.2015393467E-001 -1.8865175298E-001 -1.1348247023E-001
   1  9146   0    0  9.0860282583E+003  2.2015393467E-001 -1.8865175298E-001 -1.1348247023E-001
   1  9147   0    0  9.0870282584E+003  2.2015393467E-001 -1.8865175298E-001 -1.1348247023E-001
   1  9148   0    0  9.0880282585E+003  2.2015393467E-001 -1.8865175298E-001 -1.1348247023E-001
   1  9149   0    0  9.0890282586E+003  2.2015393467E-001 -1.8865175298E-001 -1.1348247023E-001
   1  9150   0    0  9.0900282587E+003  2.2015393467E-001 -1.8865175298E-001 -1.1348247023E-001
   1  9151   0    0  9.0910282588E+003  2.2015393467E-001 -1.8865175298E-001 -1.1348247023E-001
   1  9152   0    0  9.0920282589E+003  2.2015393467E-001 -1.8865175298E-001 -1.1348247023E-001
   1  9153   0    0  9.0930282590E+003  2.2015393467E-001 -1.8865175298E-001 -1.1348247023E-001
   1  9154   0    0  9.0940282591E+003  2.2015393467E-001 -1.8865175298E-001 -1.1348247023E-001
   1  9155   0    0  9.0950282592E+003  2.2015393467E-001 -1.8865175298E-001 -1.1348247023E-001
   1  9156   0    0  9.0960282593E+003  2.2015393467E-001 -1.8865175298E-001 -1.1348247023E-001
   1  9157   0    0  9.0970282594E+003  2.2015393467E-001 -1.8865175298E-001 -1.1348247023E-001
   1  9158   0    0  9.0980282595E+003  2.2015393467E-001 -1.8865175298E-001 -1.1348247023E-001
   1  9159   0    0  9.0990282596E+003  2.2015393467E-001 -1.8865175298E-001 -1.1348247023E-001
   1  9160   4  459  9.1000282597E+003  2.2015393467E-001 -1.8865175298E-001 -1.1348247023E-001
   1  9161   0    0  9.1010282598E+003  2.2015393467E-001 -1.8865175298E-001 -1.1348247023E-001
   1  9162   0    0  9.1020282599E+003  2.2015393467E-001 -1.8865175298E-001 -1.1348247023E-001
   1  9163   0    0  9.1030282600E+003  2.2015393467E-001 -1.8865175298E-001 -1.1348247023E-001
   1  9164   0    0  9.1040282601E+003  2.2015393467E-001 -1.8865175298E-001 -1.1348247023E-001
   1  9165   0    0  9.1050282602E+003  2.2015393467E-001 -1.8865175298E-001 -1.1348247023E-001
   1  9166   0    0  9.1060282603E+003  2.2015393467E-001 -1.8865175298E-001 -1.1348247023E-001
   1  9167   0    0  9.1070282604E+003  2.2015393467E-001 -1.8865175298E-001 -1.1348247023E-001
   1  9168   0    0  9.1080282605E+003  2.2015393467E-001 -1.8865175298E-001 -1.1348247023E-001
   1  9169   0    0  9.1090282606E+003  2.2015393467E-001 -1.8865175298E-001 -1.1348247023E-001
   1  9170   0    0  9.1100282607E+003  2.2015393467E-001 -1.8865175298E-001 -1.1348247023E-001
   1  9171   0    0  9.1110282608E+003  2.2015393467E-001 -1.8865175298E-001 -1.1348247023E-001
   1  9172   0    0  9.1120282609E+003  2.2015393467E-001 -1.8865175298E-001 -1.1348247023E-001
   1  9173   0    0  9.1130282610E+003  2.2015393467E-001 -1.8865175298E-001 -1.1348247023E-001
   1  9174   0    0  9.1140282611E+003  2.2015393467E-001 -1.8865175298E-001 -1.1348247023E-001
   1  9175   0    0  9.1150282612E+003  2.2015393467E-001 -1.8865175298E-001 -1.1348247023E-001
   1  9176   0    0  9.1160282613E+003  2.2015393467E-001 -1.8865175298E-001 -1.1348247023E-001
   1  9177   0    0  9.1170282614E+003  2.2015393467E-001 -1.8865175298E-001 -1.1348247023E-001
   1  9178   0    0  9.1180282615E+003  2.2015393467E-001 -1.8865175298E-001 -1.1348247023E-001
   1  9179   0    0  9.1190282616E+003  2.2015393467E-001 -1.8865175298E-001 -1.1348247023E-001
   1  9180   4  460  9.1200282617E+003  2.2015393467E-001 -1.8865175298E-001 -1.1348247023E-001
   1  9181   0    0  9.1210282618E+003  2.2015393467E-001 -1.8865175298E-001 -1.1348247023E-001
   1  9182   0    0  9.1220282619E+003  2.2015393467E-001 -1.8865175298E-001 -1.1348247023E-001
   1  9183   0    0  9.1230282620E+003  2.2015393467E-001 -1.8865175298E-001 -1.1348247023E-001
   1  9184   0    0  9.1240282621E+003  2.2015393467E-001 -1.8865175298E-001 -1.1348247023E-001
   1  9185   0    0  9.1250282622E+003  2.2015393467E-001 -1.8865175298E-001 -1.1348247023E-001
   1  9186   0    0  9.1260282623E+003  2.2015393467E-001 -1.8865175298E-001 -1.1348247023E-001
   1  9187   0    0  9.1270282624E+003  2.2015393467E-001 -1.8865175298E-001 -1.1348247023E-001
   1  9188   0    0  9.1280282625E+003  2.2015393467E-001 -1.8865175298E-001 -1.1348247023E-001
   1  9189   0    0  9.1290282626E+003  2.2015393467E-001 -1.8865175298E-001 -1.1348247023E-001
   1  9190   0    0  9.1300282627E+003  2.2015393467E-001 -1.8865175298E-001 -1.1348247023E-001
   1  9191   0    0  9.1310282628E+003  2.2015393467E-001 -1.8865175298E-001 -1.1348247023E-001
   1  9192   0    0  9.1320282629E+003  2.2015393467E-001 -1.8865175298E-001 -1.1348247023E-001
   1  9193   0    0  9.1330282630E+003  2.2015393467E-001 -1.8865175298E-001 -1.1348247023E-001
   1  9194   0    0  9.1340282631E+003  2.2015393467E-001 -1.8865175298E-001 -1.1348247023E-001
   1  9195   0    0  9.1350282632E+003  2.2015393467E-001 -1.8865175298E-001 -1.1348247023E-001
   1  9196   0    0  9.1360282633E+003  2.2015393467E-001 -1.8865175298E-001 -1.1348247023E-001
   1  9197   0    0  9.1370282634E+003  2.2015393467E-001 -1.8865175298E-001 -1.1348247023E-001
   1  9198   0    0  9.1380282635E+003  2.2015393467E-001 -1.8865175298E-001 -1.1348247023E-001
   1  9199   0    0  9.1390282636E+003  2.2015393467E-001 -1.8865175298E-001 -1.1348247023E-001
   1  9200   4  461  9.1400282637E+003  2.2015393467E-001 -1.8865175298E-001 -1.1348247023E-001
   1  9201   0    0  9.1410282638E+003  2.2015393467E-001 -1.8865175298E-001 -1.1348247023E-001
   1  9202   0    0  9.1420282639E+003  2.2015393467E-001 -1.8865175298E-001 -1.1348247023E-001
   1  9203   0    0  9.1430282640E+003  2.2015393467E-001 -1.8865175298E-001 -1.1348247023E-001
   1  9204   0    0  9.1440282641E+003  2.2015393467E-001 -1.8865175298E-001 -1.1348247023E-001
   1  9205   0    0  9.1450282642E+003  2.2015393467E-001 -1.8865175298E-001 -1.1348247023E-001
   1  9206   0    0  9.1460282643E+003  2.2015393467E-001 -1.8865175298E-001 -1.1348247023E-001
   1  9207   0    0  9.1470282644E+003  2.2015393467E-001 -1.8865175298E-001 -1.1348247023E-001
   1  9208   0    0  9.1480282645E+003  2.2015393467E-001 -1.8865175298E-001 -1.1348247023E-001
   1  9209   0    0  9.1490282646E+003  2.2015393467E-001 -1.8865175298E-001 -1.1348247023E-001
   1  9210   0    0  9.1500282647E+003  2.2015393467E-001 -1.8865175298E-001 -1.1348247023E-001
   1  9211   0    0  9.1510282648E+003  2.2015393467E-001 -1.8865175298E-001 -1.1348247023E-001
   1  9212   0    0  9.1520282649E+003  2.2015393467E-001 -1.8865175298E-001 -1.1348247023E-001
   1  9213   0    0  9.1530282650E+003  2.2015393467E-001 -1.8865175298E-001 -1.1348247023E-001
   1  9214   0    0  9.1540282651E+003  2.2015393467E-001 -1.8865175298E-001 -1.1348247023E-001
   1  9215   0    0  9.1550282652E+003  2.2015393467E-001 -1.8865175298E-001 -1.1348247023E-001
   1  9216   0    0  9.1560282653E+003  2.2015393467E-001 -1.8865175298E-001 -1.1348247023E-001
   1  9217   0    0  9.1570282654E+003  2.2015393467E-001 -1.8865175298E-001 -1.1348247023E-001
   1  9218   0    0  9.1580282655E+003  2.2015393467E-001 -1.8865175298E-001 -1.1348247023E-001
   1  9219   0    0  9.1590282656E+003  2.2015393467E-001 -1.8865175298E-001 -1.1348247023E-001
   1  9220   4  462  9.1600282657E+003  2.2015393467E-001 -1.8865175298E-001 -1.1348247023E-001
   1  9221   0    0  9.1610282658E+003  2.2015393467E-001 -1.8865175298E-001 -1.1348247023E-001
   1  9222   0    0  9.1620282659E+003  2.2015393467E-001 -1.8865175298E-001 -1.1348247023E-001
   1  9223   0    0  9.1630282660E+003  2.2015393467E-001 -1.8865175298E-001 -1.1348247023E-001
   1  9224   0    0  9.1640282661E+003  2.2015393467E-001 -1.8865175298E-001 -1.1348247023E-001
   1  9225   0    0  9.1650282662E+003  2.2015393467E-001 -1.8865175298E-001 -1.1348247023E-001
   1  9226   0    0  9.1660282663E+003  2.2015393467E-001 -1.8865175298E-001 -1.1348247023E-001
   1  9227   0    0  9.1670282664E+003  2.2015393467E-001 -1.8865175298E-001 -1.1348247023E-001
   1  9228   0    0  9.1680282665E+003  2.2015393467E-001 -1.8865175298E-001 -1.1348247023E-001
   1  9229   0    0  9.1690282666E+003  2.2015393467E-001 -1.8865175298E-001 -1.1348247023E-001
   1  9230   0    0  9.1700282667E+003  2.2015393467E-001 -1.8865175298E-001 -1.1348247023E-001
   1  9231   0    0  9.1710282668E+003  2.2015393467E-001 -1.8865175298E-001 -1.1348247023E-001
   1  9232   0    0  9.1720282669E+003  2.2015393467E-001 -1.8865175298E-001 -1.1348247023E-001
   1  9233   0    0  9.1730282670E+003  2.2015393467E-001 -1.8865175298E-001 -1.1348247023E-001
   1  9234   0    0  9.1740282671E+003  2.2015393467E-001 -1.8865175298E-001 -1.1348247023E-001
   1  9235   0    0  9.1750282672E+003  2.2015393467E-001 -1.8865175298E-001 -1.1348247023E-001
   1  9236   0    0  9.1760282673E+003  2.2015393467E-001 -1.8865175298E-001 -1.1348247023E-001
   1  9237   0    0  9.1770282674E+003  2.2015393467E-001 -1.8865175298E-001 -1.1348247023E-001
   1  9238   0    0  9.1780282675E+003  2.2015393467E-001 -1.8865175298E-001 -1.1348247023E-001
   1  9239   0    0  9.1790282676E+003  2.2015393467E-001 -1.8865175298E-001 -1.1348247023E-001
   1  9240   4  463  9.1800282677E+003  2.2015393467E-001 -1.8865175298E-001 -1.1348247023E-001
   1  9241   0    0  9.1810282678E+003  2.2015393467E-001 -1.8865175298E-001 -1.1348247023E-001
   1  9242   0    0  9.1820282679E+003  2.2015393467E-001 -1.8865175298E-001 -1.1348247023E-001
   1  9243   0    0  9.1830282680E+003  2.2015393467E-001 -1.8865175298E-001 -1.1348247023E-001
   1  9244   0    0  9.1840282681E+003  2.2015393467E-001 -1.8865175298E-001 -1.1348247023E-001
   1  9245   0    0  9.1850282682E+003  2.2015393467E-001 -1.8865175298E-001 -1.1348247023E-001
   1  9246   0    0  9.1860282683E+003  2.2015393467E-001 -1.8865175298E-001 -1.1348247023E-001
   1  9247   0    0  9.1870282684E+003  2.2015393467E-001 -1.8865175298E-001 -1.1348247023E-001
   1  9248   0    0  9.1880282685E+003  2.2015393467E-001 -1.8865175298E-001 -1.1348247023E-001
   1  9249   0    0  9.1890282686E+003  2.2015393467E-001 -1.8865175298E-001 -1.1348247023E-001
   1  9250   0    0  9.1900282687E+003  2.2015393467E-001 -1.8865175298E-001 -1.1348247023E-001
   1  9251   0    0  9.1910282688E+003  2.2015393467E-001 -1.8865175298E-001 -1.1348247023E-001
   1  9252   0    0  9.1920282689E+003  2.2015393467E-001 -1.8865175298E-001 -1.1348247023E-001
   1  9253   0    0  9.1930282690E+003  2.2015393467E-001 -1.8865175298E-001 -1.1348247023E-001
   1  9254   0    0  9.1940282691E+003  2.2015393467E-001 -1.8865175298E-001 -1.1348247023E-001
   1  9255   0    0  9.1950282692E+003  2.2015393467E-001 -1.8865175298E-001 -1.1348247023E-001
   1  9256   0    0  9.1960282693E+003  2.2015393467E-001 -1.8865175298E-001 -1.1348247023E-001
   1  9257   0    0  9.1970282694E+003  2.2015393467E-001 -1.8865175298E-001 -1.1348247023E-001
   1  9258   0    0  9.1980282695E+003  2.2015393467E-001 -1.8865175298E-001 -1.1348247023E-001
   1  9259   0    0  9.1990282696E+003  2.2015393467E-001 -1.8865175298E-001 -1.1348247023E-001
   1  9260   4  464  9.2000282697E+003  2.2015393467E-001 -1.8865175298E-001 -1.1348247023E-001
   1  9261   0    0  9.2010282698E+003  2.2015393467E-001 -1.8865175298E-001 -1.1348247023E-001
   1  9262   0    0  9.2020282699E+003  2.2015393467E-001 -1.8865175298E-001 -1.1348247023E-001
   1  9263   0    0  9.2030282700E+003  2.2015393467E-001 -1.8865175298E-001 -1.1348247023E-001
   1  9264   0    0  9.2040282701E+003  2.2015393467E-001 -1.8865175298E-001 -1.1348247023E-001
   1  9265   0    0  9.2050282702E+003  2.2015393467E-001 -1.8865175298E-001 -1.1348247023E-001
   1  9266   0    0  9.2060282703E+003  2.2015393467E-001 -1.8865175298E-001 -1.1348247023E-001
   1  9267   0    0  9.2070282704E+003  2.2015393467E-001 -1.8865175298E-001 -1.1348247023E-001
   1  9268   0    0  9.2080282705E+003  2.2015393467E-001 -1.8865175298E-001 -1.1348247023E-001
   1  9269   0    0  9.2090282706E+003  2.2015393467E-001 -1.8865175298E-001 -1.1348247023E-001
   1  9270   0    0  9.2100282707E+003  2.2015393467E-001 -1.8865175298E-001 -1.1348247023E-001
   1  9271   0    0  9.2110282708E+003  2.2015393467E-001 -1.8865175298E-001 -1.1348247023E-001
   1  9272   0    0  9.2120282709E+003  2.2015393467E-001 -1.8865175298E-001 -1.1348247023E-001
   1  9273   0    0  9.2130282710E+003  2.2015393467E-001 -1.8865175298E-001 -1.1348247023E-001
   1  9274   0    0  9.2140282711E+003  2.2015393467E-001 -1.8865175298E-001 -1.1348247023E-001
   1  9275   0    0  9.2150282712E+003  2.2015393467E-001 -1.8865175298E-001 -1.1348247023E-001
   1  9276   0    0  9.2160282713E+003  2.2015393467E-001 -1.8865175298E-001 -1.1348247023E-001
   1  9277   0    0  9.2170282714E+003  2.2015393467E-001 -1.8865175298E-001 -1.1348247023E-001
   1  9278   0    0  9.2180282715E+003  2.2015393467E-001 -1.8865175298E-001 -1.1348247023E-001
   1  9279   0    0  9.2190282716E+003  2.2015393467E-001 -1.8865175298E-001 -1.1348247023E-001
   1  9280   4  465  9.2200282717E+003  2.2015393467E-001 -1.8865175298E-001 -1.1348247023E-001
   1  9281   0    0  9.2210282718E+003  2.2015393467E-001 -1.8865175298E-001 -1.1348247023E-001
   1  9282   0    0  9.2220282719E+003  2.2015393467E-001 -1.8865175298E-001 -1.1348247023E-001
   1  9283   0    0  9.2230282720E+003  2.2015393467E-001 -1.8865175298E-001 -1.1348247023E-001
   1  9284   0    0  9.2240282721E+003  2.2015393467E-001 -1.8865175298E-001 -1.1348247023E-001
   1  9285   0    0  9.2250282722E+003  2.2015393467E-001 -1.8865175298E-001 -1.1348247023E-001
   1  9286   0    0  9.2260282723E+003  2.2015393467E-001 -1.8865175298E-001 -1.1348247023E-001
   1  9287   0    0  9.2270282724E+003  2.2015393467E-001 -1.8865175298E-001 -1.1348247023E-001
   1  9288   0    0  9.2280282725E+003  2.2015393467E-001 -1.8865175298E-001 -1.1348247023E-001
   1  9289   0    0  9.2290282726E+003  2.2015393467E-001 -1.8865175298E-001 -1.1348247023E-001
   1  9290   0    0  9.2300282727E+003  2.2015393467E-001 -1.8865175298E-001 -1.1348247023E-001
   1  9291   0    0  9.2310282728E+003  2.2015393467E-001 -1.8865175298E-001 -1.1348247023E-001
   1  9292   0    0  9.2320282729E+003  2.2015393467E-001 -1.8865175298E-001 -1.1348247023E-001
   1  9293   0    0  9.2330282730E+003  2.2015393467E-001 -1.8865175298E-001 -1.1348247023E-001
   1  9294   0    0  9.2340282731E+003  2.2015393467E-001 -1.8865175298E-001 -1.1348247023E-001
   1  9295   0    0  9.2350282732E+003  2.2015393467E-001 -1.8865175298E-001 -1.1348247023E-001
   1  9296   0    0  9.2360282733E+003  2.2015393467E-001 -1.8865175298E-001 -1.1348247023E-001
   1  9297   0    0  9.2370282734E+003  2.2015393467E-001 -1.8865175298E-001 -1.1348247023E-001
   1  9298   0    0  9.2380282735E+003  2.2015393467E-001 -1.8865175298E-001 -1.1348247023E-001
   1  9299   0    0  9.2390282736E+003  2.2015393467E-001 -1.8865175298E-001 -1.1348247023E-001
   1  9300   4  466  9.2400282737E+003  2.2015393467E-001 -1.8865175298E-001 -1.1348247023E-001
   1  9301   0    0  9.2410282738E+003  2.2015393467E-001 -1.8865175298E-001 -1.1348247023E-001
   1  9302   0    0  9.2420282739E+003  2.2015393467E-001 -1.8865175298E-001 -1.1348247023E-001
   1  9303   0    0  9.2430282740E+003  2.2015393467E-001 -1.8865175298E-001 -1.1348247023E-001
   1  9304   0    0  9.2440282741E+003  2.2015393467E-001 -1.8865175298E-001 -1.1348247023E-001
   1  9305   0    0  9.2450282742E+003  2.2015393467E-001 -1.8865175298E-001 -1.1348247023E-001
   1  9306   0    0  9.2460282743E+003  2.2015393467E-001 -1.8865175298E-001 -1.1348247023E-001
   1  9307   0    0  9.2470282744E+003  2.2015393467E-001 -1.8865175298E-001 -1.1348247023E-001
   1  9308   0    0  9.2480282745E+003  2.2015393467E-001 -1.8865175298E-001 -1.1348247023E-001
   1  9309   0    0  9.2490282746E+003  2.2015393467E-001 -1.8865175298E-001 -1.1348247023E-001
   1  9310   0    0  9.2500282747E+003  2.2015393467E-001 -1.8865175298E-001 -1.1348247023E-001
   1  9311   0    0  9.2510282748E+003  2.2015393467E-001 -1.8865175298E-001 -1.1348247023E-001
   1  9312   0    0  9.2520282749E+003  2.2015393467E-001 -1.8865175298E-001 -1.1348247023E-001
   1  9313   0    0  9.2530282750E+003  2.2015393467E-001 -1.8865175298E-001 -1.1348247023E-001
   1  9314   0    0  9.2540282751E+003  2.2015393467E-001 -1.8865175298E-001 -1.1348247023E-001
   1  9315   0    0  9.2550282752E+003  2.2015393467E-001 -1.8865175298E-001 -1.1348247023E-001
   1  9316   0    0  9.2560282753E+003  2.2015393467E-001 -1.8865175298E-001 -1.1348247023E-001
   1  9317   0    0  9.2570282754E+003  2.2015393467E-001 -1.8865175298E-001 -1.1348247023E-001
   1  9318   0    0  9.2580282755E+003  2.2015393467E-001 -1.8865175298E-001 -1.1348247023E-001
   1  9319   0    0  9.2590282756E+003  2.2015393467E-001 -1.8865175298E-001 -1.1348247023E-001
   1  9320   4  467  9.2600282757E+003  2.2015393467E-001 -1.8865175298E-001 -1.1348247023E-001
   1  9321   0    0  9.2610282758E+003  2.2015393467E-001 -1.8865175298E-001 -1.1348247023E-001
   1  9322   0    0  9.2620282759E+003  2.2015393467E-001 -1.8865175298E-001 -1.1348247023E-001
   1  9323   0    0  9.2630282760E+003  2.2015393467E-001 -1.8865175298E-001 -1.1348247023E-001
   1  9324   0    0  9.2640282761E+003  2.2015393467E-001 -1.8865175298E-001 -1.1348247023E-001
   1  9325   0    0  9.2650282762E+003  2.2015393467E-001 -1.8865175298E-001 -1.1348247023E-001
   1  9326   0    0  9.2660282763E+003  2.2015393467E-001 -1.8865175298E-001 -1.1348247023E-001
   1  9327   0    0  9.2670282764E+003  2.2015393467E-001 -1.8865175298E-001 -1.1348247023E-001
   1  9328   0    0  9.2680282765E+003  2.2015393467E-001 -1.8865175298E-001 -1.1348247023E-001
   1  9329   0    0  9.2690282766E+003  2.2015393467E-001 -1.8865175298E-001 -1.1348247023E-001
   1  9330   0    0  9.2700282767E+003  2.2015393467E-001 -1.8865175298E-001 -1.1348247023E-001
   1  9331   0    0  9.2710282768E+003  2.2015393467E-001 -1.8865175298E-001 -1.1348247023E-001
   1  9332   0    0  9.2720282769E+003  2.2015393467E-001 -1.8865175298E-001 -1.1348247023E-001
   1  9333   0    0  9.2730282770E+003  2.2015393467E-001 -1.8865175298E-001 -1.1348247023E-001
   1  9334   0    0  9.2740282771E+003  2.2015393467E-001 -1.8865175298E-001 -1.1348247023E-001
   1  9335   0    0  9.2750282772E+003  2.2015393467E-001 -1.8865175298E-001 -1.1348247023E-001
   1  9336   0    0  9.2760282773E+003  2.2015393467E-001 -1.8865175298E-001 -1.1348247023E-001
   1  9337   0    0  9.2770282774E+003  2.2015393467E-001 -1.8865175298E-001 -1.1348247023E-001
   1  9338   0    0  9.2780282775E+003  2.2015393467E-001 -1.8865175298E-001 -1.1348247023E-001
   1  9339   0    0  9.2790282776E+003  2.2015393467E-001 -1.8865175298E-001 -1.1348247023E-001
   1  9340   4  468  9.2800282777E+003  2.2015393467E-001 -1.8865175298E-001 -1.1348247023E-001
   1  9341   0    0  9.2810282778E+003  2.2015393467E-001 -1.8865175298E-001 -1.1348247023E-001
   1  9342   0    0  9.2820282779E+003  2.2015393467E-001 -1.8865175298E-001 -1.1348247023E-001
   1  9343   0    0  9.2830282780E+003  2.2015393467E-001 -1.8865175298E-001 -1.1348247023E-001
   1  9344   0    0  9.2840282781E+003  2.2015393467E-001 -1.8865175298E-001 -1.1348247023E-001
   1  9345   0    0  9.2850282782E+003  2.2015393467E-001 -1.8865175298E-001 -1.1348247023E-001
   1  9346   0    0  9.2860282783E+003  2.2015393467E-001 -1.8865175298E-001 -1.1348247023E-001
   1  9347   0    0  9.2870282784E+003  2.2015393467E-001 -1.8865175298E-001 -1.1348247023E-001
   1  9348   0    0  9.2880282785E+003  2.2015393467E-001 -1.8865175298E-001 -1.1348247023E-001
   1  9349   0    0  9.2890282786E+003  2.2015393467E-001 -1.8865175298E-001 -1.1348247023E-001
   1  9350   0    0  9.2900282787E+003  2.2015393467E-001 -1.8865175298E-001 -1.1348247023E-001
   1  9351   0    0  9.2910282788E+003  2.2015393467E-001 -1.8865175298E-001 -1.1348247023E-001
   1  9352   0    0  9.2920282789E+003  2.2015393467E-001 -1.8865175298E-001 -1.1348247023E-001
   1  9353   0    0  9.2930282790E+003  2.2015393467E-001 -1.8865175298E-001 -1.1348247023E-001
   1  9354   0    0  9.2940282791E+003  2.2015393467E-001 -1.8865175298E-001 -1.1348247023E-001
   1  9355   0    0  9.2950282792E+003  2.2015393467E-001 -1.8865175298E-001 -1.1348247023E-001
   1  9356   0    0  9.2960282793E+003  2.2015393467E-001 -1.8865175298E-001 -1.1348247023E-001
   1  9357   0    0  9.2970282794E+003  2.2015393467E-001 -1.8865175298E-001 -1.1348247023E-001
   1  9358   0    0  9.2980282795E+003  2.2015393467E-001 -1.8865175298E-001 -1.1348247023E-001
   1  9359   0    0  9.2990282796E+003  2.2015393467E-001 -1.8865175298E-001 -1.1348247023E-001
   1  9360   4  469  9.3000282797E+003  2.2015393467E-001 -1.8865175298E-001 -1.1348247023E-001
   1  9361   0    0  9.3010282798E+003  2.2015393467E-001 -1.8865175298E-001 -1.1348247023E-001
   1  9362   0    0  9.3020282799E+003  2.2015393467E-001 -1.8865175298E-001 -1.1348247023E-001
   1  9363   0    0  9.3030282800E+003  2.2015393467E-001 -1.8865175298E-001 -1.1348247023E-001
   1  9364   0    0  9.3040282801E+003  2.2015393467E-001 -1.8865175298E-001 -1.1348247023E-001
   1  9365   0    0  9.3050282802E+003  2.2015393467E-001 -1.8865175298E-001 -1.1348247023E-001
   1  9366   0    0  9.3060282803E+003  2.2015393467E-001 -1.8865175298E-001 -1.1348247023E-001
   1  9367   0    0  9.3070282804E+003  2.2015393467E-001 -1.8865175298E-001 -1.1348247023E-001
   1  9368   0    0  9.3080282805E+003  2.2015393467E-001 -1.8865175298E-001 -1.1348247023E-001
   1  9369   0    0  9.3090282806E+003  2.2015393467E-001 -1.8865175298E-001 -1.1348247023E-001
   1  9370   0    0  9.3100282807E+003  2.2015393467E-001 -1.8865175298E-001 -1.1348247023E-001
   1  9371   0    0  9.3110282808E+003  2.2015393467E-001 -1.8865175298E-001 -1.1348247023E-001
   1  9372   0    0  9.3120282809E+003  2.2015393467E-001 -1.8865175298E-001 -1.1348247023E-001
   1  9373   0    0  9.3130282810E+003  2.2015393467E-001 -1.8865175298E-001 -1.1348247023E-001
   1  9374   0    0  9.3140282811E+003  2.2015393467E-001 -1.8865175298E-001 -1.1348247023E-001
   1  9375   0    0  9.3150282812E+003  2.2015393467E-001 -1.8865175298E-001 -1.1348247023E-001
   1  9376   0    0  9.3160282813E+003  2.2015393467E-001 -1.8865175298E-001 -1.1348247023E-001
   1  9377   0    0  9.3170282814E+003  2.2015393467E-001 -1.8865175298E-001 -1.1348247023E-001
   1  9378   0    0  9.3180282815E+003  2.2015393467E-001 -1.8865175298E-001 -1.1348247023E-001
   1  9379   0    0  9.3190282816E+003  2.2015393467E-001 -1.8865175298E-001 -1.1348247023E-001
   1  9380   4  470  9.3200282817E+003  2.2015393467E-001 -1.8865175298E-001 -1.1348247023E-001
   1  9381   0    0  9.3210282818E+003  2.2015393467E-001 -1.8865175298E-001 -1.1348247023E-001
   1  9382   0    0  9.3220282819E+003  2.2015393467E-001 -1.8865175298E-001 -1.1348247023E-001
   1  9383   0    0  9.3230282820E+003  2.2015393467E-001 -1.8865175298E-001 -1.1348247023E-001
   1  9384   0    0  9.3240282821E+003  2.2015393467E-001 -1.8865175298E-001 -1.1348247023E-001
   1  9385   0    0  9.3250282822E+003  2.2015393467E-001 -1.8865175298E-001 -1.1348247023E-001
   1  9386   0    0  9.3260282823E+003  2.2015393467E-001 -1.8865175298E-001 -1.1348247023E-001
   1  9387   0    0  9.3270282824E+003  2.2015393467E-001 -1.8865175298E-001 -1.1348247023E-001
   1  9388   0    0  9.3280282825E+003  2.2015393467E-001 -1.8865175298E-001 -1.1348247023E-001
   1  9389   0    0  9.3290282826E+003  2.2015393467E-001 -1.8865175298E-001 -1.1348247023E-001
   1  9390   0    0  9.3300282827E+003  2.2015393467E-001 -1.8865175298E-001 -1.1348247023E-001
   1  9391   0    0  9.3310282828E+003  2.2015393467E-001 -1.8865175298E-001 -1.1348247023E-001
   1  9392   0    0  9.3320282829E+003  2.2015393467E-001 -1.8865175298E-001 -1.1348247023E-001
   1  9393   0    0  9.3330282830E+003  2.2015393467E-001 -1.8865175298E-001 -1.1348247023E-001
   1  9394   0    0  9.3340282831E+003  2.2015393467E-001 -1.8865175298E-001 -1.1348247023E-001
   1  9395   0    0  9.3350282832E+003  2.2015393467E-001 -1.8865175298E-001 -1.1348247023E-001
   1  9396   0    0  9.3360282833E+003  2.2015393467E-001 -1.8865175298E-001 -1.1348247023E-001
   1  9397   0    0  9.3370282834E+003  2.2015393467E-001 -1.8865175298E-001 -1.1348247023E-001
   1  9398   0    0  9.3380282835E+003  2.2015393467E-001 -1.8865175298E-001 -1.1348247023E-001
   1  9399   0    0  9.3390282836E+003  2.2015393467E-001 -1.8865175298E-001 -1.1348247023E-001
   1  9400   4  471  9.3400282837E+003  2.2015393467E-001 -1.8865175298E-001 -1.1348247023E-001
   1  9401   0    0  9.3410282838E+003  2.2015393467E-001 -1.8865175298E-001 -1.1348247023E-001
   1  9402   0    0  9.3420282839E+003  2.2015393467E-001 -1.8865175298E-001 -1.1348247023E-001
   1  9403   0    0  9.3430282840E+003  2.2015393467E-001 -1.8865175298E-001 -1.1348247023E-001
   1  9404   0    0  9.3440282841E+003  2.2015393467E-001 -1.8865175298E-001 -1.1348247023E-001
   1  9405   0    0  9.3450282842E+003  2.2015393467E-001 -1.8865175298E-001 -1.1348247023E-001
   1  9406   0    0  9.3460282843E+003  2.2015393467E-001 -1.8865175298E-001 -1.1348247023E-001
   1  9407   0    0  9.3470282844E+003  2.2015393467E-001 -1.8865175298E-001 -1.1348247023E-001
   1  9408   0    0  9.3480282845E+003  2.2015393467E-001 -1.8865175298E-001 -1.1348247023E-001
   1  9409   0    0  9.3490282846E+003  2.2015393467E-001 -1.8865175298E-001 -1.1348247023E-001
   1  9410   0    0  9.3500282847E+003  2.2015393467E-001 -1.8865175298E-001 -1.1348247023E-001
   1  9411   0    0  9.3510282848E+003  2.2015393467E-001 -1.8865175298E-001 -1.1348247023E-001
   1  9412   0    0  9.3520282849E+003  2.2015393467E-001 -1.8865175298E-001 -1.1348247023E-001
   1  9413   0    0  9.3530282850E+003  2.2015393467E-001 -1.8865175298E-001 -1.1348247023E-001
   1  9414   0    0  9.3540282851E+003  2.2015393467E-001 -1.8865175298E-001 -1.1348247023E-001
   1  9415   0    0  9.3550282852E+003  2.2015393467E-001 -1.8865175298E-001 -1.1348247023E-001
   1  9416   0    0  9.3560282853E+003  2.2015393467E-001 -1.8865175298E-001 -1.1348247023E-001
   1  9417   0    0  9.3570282854E+003  2.2015393467E-001 -1.8865175298E-001 -1.1348247023E-001
   1  9418   0    0  9.3580282855E+003  2.2015393467E-001 -1.8865175298E-001 -1.1348247023E-001
   1  9419   0    0  9.3590282856E+003  2.2015393467E-001 -1.8865175298E-001 -1.1348247023E-001
   1  9420   4  472  9.3600282857E+003  2.2015393467E-001 -1.8865175298E-001 -1.1348247023E-001
   1  9421   0    0  9.3610282858E+003  2.2015393467E-001 -1.8865175298E-001 -1.1348247023E-001
   1  9422   0    0  9.3620282859E+003  2.2015393467E-001 -1.8865175298E-001 -1.1348247023E-001
   1  9423   0    0  9.3630282860E+003  2.2015393467E-001 -1.8865175298E-001 -1.1348247023E-001
   1  9424   0    0  9.3640282861E+003  2.2015393467E-001 -1.8865175298E-001 -1.1348247023E-001
   1  9425   0    0  9.3650282862E+003  2.2015393467E-001 -1.8865175298E-001 -1.1348247023E-001
   1  9426   0    0  9.3660282863E+003  2.2015393467E-001 -1.8865175298E-001 -1.1348247023E-001
   1  9427   0    0  9.3670282864E+003  2.2015393467E-001 -1.8865175298E-001 -1.1348247023E-001
   1  9428   0    0  9.3680282865E+003  2.2015393467E-001 -1.8865175298E-001 -1.1348247023E-001
   1  9429   0    0  9.3690282866E+003  2.2015393467E-001 -1.8865175298E-001 -1.1348247023E-001
   1  9430   0    0  9.3700282867E+003  2.2015393467E-001 -1.8865175298E-001 -1.1348247023E-001
   1  9431   0    0  9.3710282868E+003  2.2015393467E-001 -1.8865175298E-001 -1.1348247023E-001
   1  9432   0    0  9.3720282869E+003  2.2015393467E-001 -1.8865175298E-001 -1.1348247023E-001
   1  9433   0    0  9.3730282870E+003  2.2015393467E-001 -1.8865175298E-001 -1.1348247023E-001
   1  9434   0    0  9.3740282871E+003  2.2015393467E-001 -1.8865175298E-001 -1.1348247023E-001
   1  9435   0    0  9.3750282872E+003  2.2015393467E-001 -1.8865175298E-001 -1.1348247023E-001
   1  9436   0    0  9.3760282873E+003  2.2015393467E-001 -1.8865175298E-001 -1.1348247023E-001
   1  9437   0    0  9.3770282874E+003  2.2015393467E-001 -1.8865175298E-001 -1.1348247023E-001
   1  9438   0    0  9.3780282875E+003  2.2015393467E-001 -1.8865175298E-001 -1.1348247023E-001
   1  9439   0    0  9.3790282876E+003  2.2015393467E-001 -1.8865175298E-001 -1.1348247023E-001
   1  9440   4  473  9.3800282877E+003  2.2015393467E-001 -1.8865175298E-001 -1.1348247023E-001
   1  9441   0    0  9.3810282878E+003  2.2015393467E-001 -1.8865175298E-001 -1.1348247023E-001
   1  9442   0    0  9.3820282879E+003  2.2015393467E-001 -1.8865175298E-001 -1.1348247023E-001
   1  9443   0    0  9.3830282880E+003  2.2015393467E-001 -1.8865175298E-001 -1.1348247023E-001
   1  9444   0    0  9.3840282881E+003  2.2015393467E-001 -1.8865175298E-001 -1.1348247023E-001
   1  9445   0    0  9.3850282882E+003  2.2015393467E-001 -1.8865175298E-001 -1.1348247023E-001
   1  9446   0    0  9.3860282883E+003  2.2015393467E-001 -1.8865175298E-001 -1.1348247023E-001
   1  9447   0    0  9.3870282884E+003  2.2015393467E-001 -1.8865175298E-001 -1.1348247023E-001
   1  9448   0    0  9.3880282885E+003  2.2015393467E-001 -1.8865175298E-001 -1.1348247023E-001
   1  9449   0    0  9.3890282886E+003  2.2015393467E-001 -1.8865175298E-001 -1.1348247023E-001
   1  9450   0    0  9.3900282887E+003  2.2015393467E-001 -1.8865175298E-001 -1.1348247023E-001
   1  9451   0    0  9.3910282888E+003  2.2015393467E-001 -1.8865175298E-001 -1.1348247023E-001
   1  9452   0    0  9.3920282889E+003  2.2015393467E-001 -1.8865175298E-001 -1.1348247023E-001
   1  9453   0    0  9.3930282890E+003  2.2015393467E-001 -1.8865175298E-001 -1.1348247023E-001
   1  9454   0    0  9.3940282891E+003  2.2015393467E-001 -1.8865175298E-001 -1.1348247023E-001
   1  9455   0    0  9.3950282892E+003  2.2015393467E-001 -1.8865175298E-001 -1.1348247023E-001
   1  9456   0    0  9.3960282893E+003  2.2015393467E-001 -1.8865175298E-001 -1.1348247023E-001
   1  9457   0    0  9.3970282894E+003  2.2015393467E-001 -1.8865175298E-001 -1.1348247023E-001
   1  9458   0    0  9.3980282895E+003  2.2015393467E-001 -1.8865175298E-001 -1.1348247023E-001
   1  9459   0    0  9.3990282896E+003  2.2015393467E-001 -1.8865175298E-001 -1.1348247023E-001
   1  9460   4  474  9.4000282897E+003  2.2015393467E-001 -1.8865175298E-001 -1.1348247023E-001
   1  9461   0    0  9.4010282898E+003  2.2015393467E-001 -1.8865175298E-001 -1.1348247023E-001
   1  9462   0    0  9.4020282899E+003  2.2015393467E-001 -1.8865175298E-001 -1.1348247023E-001
   1  9463   0    0  9.4030282900E+003  2.2015393467E-001 -1.8865175298E-001 -1.1348247023E-001
   1  9464   0    0  9.4040282901E+003  2.2015393467E-001 -1.8865175298E-001 -1.1348247023E-001
   1  9465   0    0  9.4050282902E+003  2.2015393467E-001 -1.8865175298E-001 -1.1348247023E-001
   1  9466   0    0  9.4060282903E+003  2.2015393467E-001 -1.8865175298E-001 -1.1348247023E-001
   1  9467   0    0  9.4070282904E+003  2.2015393467E-001 -1.8865175298E-001 -1.1348247023E-001
   1  9468   0    0  9.4080282905E+003  2.2015393467E-001 -1.8865175298E-001 -1.1348247023E-001
   1  9469   0    0  9.4090282906E+003  2.2015393467E-001 -1.8865175298E-001 -1.1348247023E-001
   1  9470   0    0  9.4100282907E+003  2.2015393467E-001 -1.8865175298E-001 -1.1348247023E-001
   1  9471   0    0  9.4110282908E+003  2.2015393467E-001 -1.8865175298E-001 -1.1348247023E-001
   1  9472   0    0  9.4120282909E+003  2.2015393467E-001 -1.8865175298E-001 -1.1348247023E-001
   1  9473   0    0  9.4130282910E+003  2.2015393467E-001 -1.8865175298E-001 -1.1348247023E-001
   1  9474   0    0  9.4140282911E+003  2.2015393467E-001 -1.8865175298E-001 -1.1348247023E-001
   1  9475   0    0  9.4150282912E+003  2.2015393467E-001 -1.8865175298E-001 -1.1348247023E-001
   1  9476   0    0  9.4160282913E+003  2.2015393467E-001 -1.8865175298E-001 -1.1348247023E-001
   1  9477   0    0  9.4170282914E+003  2.2015393467E-001 -1.8865175298E-001 -1.1348247023E-001
   1  9478   0    0  9.4180282915E+003  2.2015393467E-001 -1.8865175298E-001 -1.1348247023E-001
   1  9479   0    0  9.4190282916E+003  2.2015393467E-001 -1.8865175298E-001 -1.1348247023E-001
   1  9480   4  475  9.4200282917E+003  2.2015393467E-001 -1.8865175298E-001 -1.1348247023E-001
   1  9481   0    0  9.4210282918E+003  2.2015393467E-001 -1.8865175298E-001 -1.1348247023E-001
   1  9482   0    0  9.4220282919E+003  2.2015393467E-001 -1.8865175298E-001 -1.1348247023E-001
   1  9483   0    0  9.4230282920E+003  2.2015393467E-001 -1.8865175298E-001 -1.1348247023E-001
   1  9484   0    0  9.4240282921E+003  2.2015393467E-001 -1.8865175298E-001 -1.1348247023E-001
   1  9485   0    0  9.4250282922E+003  2.2015393467E-001 -1.8865175298E-001 -1.1348247023E-001
   1  9486   0    0  9.4260282923E+003  2.2015393467E-001 -1.8865175298E-001 -1.1348247023E-001
   1  9487   0    0  9.4270282924E+003  2.2015393467E-001 -1.8865175298E-001 -1.1348247023E-001
   1  9488   0    0  9.4280282925E+003  2.2015393467E-001 -1.8865175298E-001 -1.1348247023E-001
   1  9489   0    0  9.4290282926E+003  2.2015393467E-001 -1.8865175298E-001 -1.1348247023E-001
   1  9490   0    0  9.4300282927E+003  2.2015393467E-001 -1.8865175298E-001 -1.1348247023E-001
   1  9491   0    0  9.4310282928E+003  2.2015393467E-001 -1.8865175298E-001 -1.1348247023E-001
   1  9492   0    0  9.4320282929E+003  2.2015393467E-001 -1.8865175298E-001 -1.1348247023E-001
   1  9493   0    0  9.4330282930E+003  2.2015393467E-001 -1.8865175298E-001 -1.1348247023E-001
   1  9494   0    0  9.4340282931E+003  2.2015393467E-001 -1.8865175298E-001 -1.1348247023E-001
   1  9495   0    0  9.4350282932E+003  2.2015393467E-001 -1.8865175298E-001 -1.1348247023E-001
   1  9496   0    0  9.4360282933E+003  2.2015393467E-001 -1.8865175298E-001 -1.1348247023E-001
   1  9497   0    0  9.4370282934E+003  2.2015393467E-001 -1.8865175298E-001 -1.1348247023E-001
   1  9498   0    0  9.4380282935E+003  2.2015393467E-001 -1.8865175298E-001 -1.1348247023E-001
   1  9499   0    0  9.4390282936E+003  2.2015393467E-001 -1.8865175298E-001 -1.1348247023E-001
   1  9500   4  476  9.4400282937E+003  2.2015393467E-001 -1.8865175298E-001 -1.1348247023E-001
   1  9501   0    0  9.4410282938E+003  2.2015393467E-001 -1.8865175298E-001 -1.1348247023E-001
   1  9502   0    0  9.4420282939E+003  2.2015393467E-001 -1.8865175298E-001 -1.1348247023E-001
   1  9503   0    0  9.4430282940E+003  2.2015393467E-001 -1.8865175298E-001 -1.1348247023E-001
   1  9504   0    0  9.4440282941E+003  2.2015393467E-001 -1.8865175298E-001 -1.1348247023E-001
   1  9505   0    0  9.4450282942E+003  2.2015393467E-001 -1.8865175298E-001 -1.1348247023E-001
   1  9506   0    0  9.4460282943E+003  2.2015393467E-001 -1.8865175298E-001 -1.1348247023E-001
   1  9507   0    0  9.4470282944E+003  2.2015393467E-001 -1.8865175298E-001 -1.1348247023E-001
   1  9508   0    0  9.4480282945E+003  2.2015393467E-001 -1.8865175298E-001 -1.1348247023E-001
   1  9509   0    0  9.4490282946E+003  2.2015393467E-001 -1.8865175298E-001 -1.1348247023E-001
   1  9510   0    0  9.4500282947E+003  2.2015393467E-001 -1.8865175298E-001 -1.1348247023E-001
   1  9511   0    0  9.4510282948E+003  2.2015393467E-001 -1.8865175298E-001 -1.1348247023E-001
   1  9512   0    0  9.4520282949E+003  2.2015393467E-001 -1.8865175298E-001 -1.1348247023E-001
   1  9513   0    0  9.4530282950E+003  2.2015393467E-001 -1.8865175298E-001 -1.1348247023E-001
   1  9514   0    0  9.4540282951E+003  2.2015393467E-001 -1.8865175298E-001 -1.1348247023E-001
   1  9515   0    0  9.4550282952E+003  2.2015393467E-001 -1.8865175298E-001 -1.1348247023E-001
   1  9516   0    0  9.4560282953E+003  2.2015393467E-001 -1.8865175298E-001 -1.1348247023E-001
   1  9517   0    0  9.4570282954E+003  2.2015393467E-001 -1.8865175298E-001 -1.1348247023E-001
   1  9518   0    0  9.4580282955E+003  2.2015393467E-001 -1.8865175298E-001 -1.1348247023E-001
   1  9519   0    0  9.4590282956E+003  2.2015393467E-001 -1.8865175298E-001 -1.1348247023E-001
   1  9520   4  477  9.4600282957E+003  2.2015393467E-001 -1.8865175298E-001 -1.1348247023E-001
   1  9521   0    0  9.4610282958E+003  2.2015393467E-001 -1.8865175298E-001 -1.1348247023E-001
   1  9522   0    0  9.4620282959E+003  2.2015393467E-001 -1.8865175298E-001 -1.1348247023E-001
   1  9523   0    0  9.4630282960E+003  2.2015393467E-001 -1.8865175298E-001 -1.1348247023E-001
   1  9524   0    0  9.4640282961E+003  2.2015393467E-001 -1.8865175298E-001 -1.1348247023E-001
   1  9525   0    0  9.4650282962E+003  2.2015393467E-001 -1.8865175298E-001 -1.1348247023E-001
   1  9526   0    0  9.4660282963E+003  2.2015393467E-001 -1.8865175298E-001 -1.1348247023E-001
   1  9527   0    0  9.4670282964E+003  2.2015393467E-001 -1.8865175298E-001 -1.1348247023E-001
   1  9528   0    0  9.4680282965E+003  2.2015393467E-001 -1.8865175298E-001 -1.1348247023E-001
   1  9529   0    0  9.4690282966E+003  2.2015393467E-001 -1.8865175298E-001 -1.1348247023E-001
   1  9530   0    0  9.4700282967E+003  2.2015393467E-001 -1.8865175298E-001 -1.1348247023E-001
   1  9531   0    0  9.4710282968E+003  2.2015393467E-001 -1.8865175298E-001 -1.1348247023E-001
   1  9532   0    0  9.4720282969E+003  2.2015393467E-001 -1.8865175298E-001 -1.1348247023E-001
   1  9533   0    0  9.4730282970E+003  2.2015393467E-001 -1.8865175298E-001 -1.1348247023E-001
   1  9534   0    0  9.4740282971E+003  2.2015393467E-001 -1.8865175298E-001 -1.1348247023E-001
   1  9535   0    0  9.4750282972E+003  2.2015393467E-001 -1.8865175298E-001 -1.1348247023E-001
   1  9536   0    0  9.4760282973E+003  2.2015393467E-001 -1.8865175298E-001 -1.1348247023E-001
   1  9537   0    0  9.4770282974E+003  2.2015393467E-001 -1.8865175298E-001 -1.1348247023E-001
   1  9538   0    0  9.4780282975E+003  2.2015393467E-001 -1.8865175298E-001 -1.1348247023E-001
   1  9539   0    0  9.4790282976E+003  2.2015393467E-001 -1.8865175298E-001 -1.1348247023E-001
   1  9540   4  478  9.4800282977E+003  2.2015393467E-001 -1.8865175298E-001 -1.1348247023E-001
   1  9541   0    0  9.4810282978E+003  2.2015393467E-001 -1.8865175298E-001 -1.1348247023E-001
   1  9542   0    0  9.4820282979E+003  2.2015393467E-001 -1.8865175298E-001 -1.1348247023E-001
   1  9543   0    0  9.4830282980E+003  2.2015393467E-001 -1.8865175298E-001 -1.1348247023E-001
   1  9544   0    0  9.4840282981E+003  2.2015393467E-001 -1.8865175298E-001 -1.1348247023E-001
   1  9545   0    0  9.4850282982E+003  2.2015393467E-001 -1.8865175298E-001 -1.1348247023E-001
   1  9546   0    0  9.4860282983E+003  2.2015393467E-001 -1.8865175298E-001 -1.1348247023E-001
   1  9547   0    0  9.4870282984E+003  2.2015393467E-001 -1.8865175298E-001 -1.1348247023E-001
   1  9548   0    0  9.4880282985E+003  2.2015393467E-001 -1.8865175298E-001 -1.1348247023E-001
   1  9549   0    0  9.4890282986E+003  2.2015393467E-001 -1.8865175298E-001 -1.1348247023E-001
   1  9550   0    0  9.4900282987E+003  2.2015393467E-001 -1.8865175298E-001 -1.1348247023E-001
   1  9551   0    0  9.4910282988E+003  2.2015393467E-001 -1.8865175298E-001 -1.1348247023E-001
   1  9552   0    0  9.4920282989E+003  2.2015393467E-001 -1.8865175298E-001 -1.1348247023E-001
   1  9553   0    0  9.4930282990E+003  2.2015393467E-001 -1.8865175298E-001 -1.1348247023E-001
   1  9554   0    0  9.4940282991E+003  2.2015393467E-001 -1.8865175298E-001 -1.1348247023E-001
   1  9555   0    0  9.4950282992E+003  2.2015393467E-001 -1.8865175298E-001 -1.1348247023E-001
   1  9556   0    0  9.4960282993E+003  2.2015393467E-001 -1.8865175298E-001 -1.1348247023E-001
   1  9557   0    0  9.4970282994E+003  2.2015393467E-001 -1.8865175298E-001 -1.1348247023E-001
   1  9558   0    0  9.4980282995E+003  2.2015393467E-001 -1.8865175298E-001 -1.1348247023E-001
   1  9559   0    0  9.4990282996E+003  2.2015393467E-001 -1.8865175298E-001 -1.1348247023E-001
   1  9560   4  479  9.5000282997E+003  2.2015393467E-001 -1.8865175298E-001 -1.1348247023E-001
   1  9561   0    0  9.5010282998E+003  2.2015393467E-001 -1.8865175298E-001 -1.1348247023E-001
   1  9562   0    0  9.5020282999E+003  2.2015393467E-001 -1.8865175298E-001 -1.1348247023E-001
   1  9563   0    0  9.5030283000E+003  2.2015393467E-001 -1.8865175298E-001 -1.1348247023E-001
   1  9564   0    0  9.5040283001E+003  2.2015393467E-001 -1.8865175298E-001 -1.1348247023E-001
   1  9565   0    0  9.5050283002E+003  2.2015393467E-001 -1.8865175298E-001 -1.1348247023E-001
   1  9566   0    0  9.5060283003E+003  2.2015393467E-001 -1.8865175298E-001 -1.1348247023E-001
   1  9567   0    0  9.5070283004E+003  2.2015393467E-001 -1.8865175298E-001 -1.1348247023E-001
   1  9568   0    0  9.5080283005E+003  2.2015393467E-001 -1.8865175298E-001 -1.1348247023E-001
   1  9569   0    0  9.5090283006E+003  2.2015393467E-001 -1.8865175298E-001 -1.1348247023E-001
   1  9570   0    0  9.5100283007E+003  2.2015393467E-001 -1.8865175298E-001 -1.1348247023E-001
   1  9571   0    0  9.5110283008E+003  2.2015393467E-001 -1.8865175298E-001 -1.1348247023E-001
   1  9572   0    0  9.5120283009E+003  2.2015393467E-001 -1.8865175298E-001 -1.1348247023E-001
   1  9573   0    0  9.5130283010E+003  2.2015393467E-001 -1.8865175298E-001 -1.1348247023E-001
   1  9574   0    0  9.5140283011E+003  2.2015393467E-001 -1.8865175298E-001 -1.1348247023E-001
   1  9575   0    0  9.5150283012E+003  2.2015393467E-001 -1.8865175298E-001 -1.1348247023E-001
   1  9576   0    0  9.5160283013E+003  2.2015393467E-001 -1.8865175298E-001 -1.1348247023E-001
   1  9577   0    0  9.5170283014E+003  2.2015393467E-001 -1.8865175298E-001 -1.1348247023E-001
   1  9578   0    0  9.5180283015E+003  2.2015393467E-001 -1.8865175298E-001 -1.1348247023E-001
   1  9579   0    0  9.5190283016E+003  2.2015393467E-001 -1.8865175298E-001 -1.1348247023E-001
   1  9580   4  480  9.5200283017E+003  2.2015393467E-001 -1.8865175298E-001 -1.1348247023E-001
   1  9581   0    0  9.5210283018E+003  2.2015393467E-001 -1.8865175298E-001 -1.1348247023E-001
   1  9582   0    0  9.5220283019E+003  2.2015393467E-001 -1.8865175298E-001 -1.1348247023E-001
   1  9583   0    0  9.5230283020E+003  2.2015393467E-001 -1.8865175298E-001 -1.1348247023E-001
   1  9584   0    0  9.5240283021E+003  2.2015393467E-001 -1.8865175298E-001 -1.1348247023E-001
   1  9585   0    0  9.5250283022E+003  2.2015393467E-001 -1.8865175298E-001 -1.1348247023E-001
   1  9586   0    0  9.5260283023E+003  2.2015393467E-001 -1.8865175298E-001 -1.1348247023E-001
   1  9587   0    0  9.5270283024E+003  2.2015393467E-001 -1.8865175298E-001 -1.1348247023E-001
   1  9588   0    0  9.5280283025E+003  2.2015393467E-001 -1.8865175298E-001 -1.1348247023E-001
   1  9589   0    0  9.5290283026E+003  2.2015393467E-001 -1.8865175298E-001 -1.1348247023E-001
   1  9590   0    0  9.5300283027E+003  2.2015393467E-001 -1.8865175298E-001 -1.1348247023E-001
   1  9591   0    0  9.5310283028E+003  2.2015393467E-001 -1.8865175298E-001 -1.1348247023E-001
   1  9592   0    0  9.5320283029E+003  2.2015393467E-001 -1.8865175298E-001 -1.1348247023E-001
   1  9593   0    0  9.5330283030E+003  2.2015393467E-001 -1.8865175298E-001 -1.1348247023E-001
   1  9594   0    0  9.5340283031E+003  2.2015393467E-001 -1.8865175298E-001 -1.1348247023E-001
   1  9595   0    0  9.5350283032E+003  2.2015393467E-001 -1.8865175298E-001 -1.1348247023E-001
   1  9596   0    0  9.5360283033E+003  2.2015393467E-001 -1.8865175298E-001 -1.1348247023E-001
   1  9597   0    0  9.5370283034E+003  2.2015393467E-001 -1.8865175298E-001 -1.1348247023E-001
   1  9598   0    0  9.5380283035E+003  2.2015393467E-001 -1.8865175298E-001 -1.1348247023E-001
   1  9599   0    0  9.5390283036E+003  2.2015393467E-001 -1.8865175298E-001 -1.1348247023E-001
   1  9600   4  481  9.5400283037E+003  2.2015393467E-001 -1.8865175298E-001 -1.1348247023E-001
   1  9601   0    0  9.5410283038E+003  2.2015393467E-001 -1.8865175298E-001 -1.1348247023E-001
   1  9602   0    0  9.5420283039E+003  2.2015393467E-001 -1.8865175298E-001 -1.1348247023E-001
   1  9603   0    0  9.5430283040E+003  2.2015393467E-001 -1.8865175298E-001 -1.1348247023E-001
   1  9604   0    0  9.5440283041E+003  2.2015393467E-001 -1.8865175298E-001 -1.1348247023E-001
   1  9605   0    0  9.5450283042E+003  2.2015393467E-001 -1.8865175298E-001 -1.1348247023E-001
   1  9606   0    0  9.5460283043E+003  2.2015393467E-001 -1.8865175298E-001 -1.1348247023E-001
   1  9607   0    0  9.5470283044E+003  2.2015393467E-001 -1.8865175298E-001 -1.1348247023E-001
   1  9608   0    0  9.5480283045E+003  2.2015393467E-001 -1.8865175298E-001 -1.1348247023E-001
   1  9609   0    0  9.5490283046E+003  2.2015393467E-001 -1.8865175298E-001 -1.1348247023E-001
   1  9610   0    0  9.5500283047E+003  2.2015393467E-001 -1.8865175298E-001 -1.1348247023E-001
   1  9611   0    0  9.5510283048E+003  2.2015393467E-001 -1.8865175298E-001 -1.1348247023E-001
   1  9612   0    0  9.5520283049E+003  2.2015393467E-001 -1.8865175298E-001 -1.1348247023E-001
   1  9613   0    0  9.5530283050E+003  2.2015393467E-001 -1.8865175298E-001 -1.1348247023E-001
   1  9614   0    0  9.5540283051E+003  2.2015393467E-001 -1.8865175298E-001 -1.1348247023E-001
   1  9615   0    0  9.5550283052E+003  2.2015393467E-001 -1.8865175298E-001 -1.1348247023E-001
   1  9616   0    0  9.5560283053E+003  2.2015393467E-001 -1.8865175298E-001 -1.1348247023E-001
   1  9617   0    0  9.5570283054E+003  2.2015393467E-001 -1.8865175298E-001 -1.1348247023E-001
   1  9618   0    0  9.5580283055E+003  2.2015393467E-001 -1.8865175298E-001 -1.1348247023E-001
   1  9619   0    0  9.5590283056E+003  2.2015393467E-001 -1.8865175298E-001 -1.1348247023E-001
   1  9620   4  482  9.5600283057E+003  2.2015393467E-001 -1.8865175298E-001 -1.1348247023E-001
   1  9621   0    0  9.5610283058E+003  2.2015393467E-001 -1.8865175298E-001 -1.1348247023E-001
   1  9622   0    0  9.5620283059E+003  2.2015393467E-001 -1.8865175298E-001 -1.1348247023E-001
   1  9623   0    0  9.5630283060E+003  2.2015393467E-001 -1.8865175298E-001 -1.1348247023E-001
   1  9624   0    0  9.5640283061E+003  2.2015393467E-001 -1.8865175298E-001 -1.1348247023E-001
   1  9625   0    0  9.5650283062E+003  2.2015393467E-001 -1.8865175298E-001 -1.1348247023E-001
   1  9626   0    0  9.5660283063E+003  2.2015393467E-001 -1.8865175298E-001 -1.1348247023E-001
   1  9627   0    0  9.5670283064E+003  2.2015393467E-001 -1.8865175298E-001 -1.1348247023E-001
   1  9628   0    0  9.5680283065E+003  2.2015393467E-001 -1.8865175298E-001 -1.1348247023E-001
   1  9629   0    0  9.5690283066E+003  2.2015393467E-001 -1.8865175298E-001 -1.1348247023E-001
   1  9630   0    0  9.5700283067E+003  2.2015393467E-001 -1.8865175298E-001 -1.1348247023E-001
   1  9631   0    0  9.5710283068E+003  2.2015393467E-001 -1.8865175298E-001 -1.1348247023E-001
   1  9632   0    0  9.5720283069E+003  2.2015393467E-001 -1.8865175298E-001 -1.1348247023E-001
   1  9633   0    0  9.5730283070E+003  2.2015393467E-001 -1.8865175298E-001 -1.1348247023E-001
   1  9634   0    0  9.5740283071E+003  2.2015393467E-001 -1.8865175298E-001 -1.1348247023E-001
   1  9635   0    0  9.5750283072E+003  2.2015393467E-001 -1.8865175298E-001 -1.1348247023E-001
   1  9636   0    0  9.5760283073E+003  2.2015393467E-001 -1.8865175298E-001 -1.1348247023E-001
   1  9637   0    0  9.5770283074E+003  2.2015393467E-001 -1.8865175298E-001 -1.1348247023E-001
   1  9638   0    0  9.5780283075E+003  2.2015393467E-001 -1.8865175298E-001 -1.1348247023E-001
   1  9639   0    0  9.5790283076E+003  2.2015393467E-001 -1.8865175298E-001 -1.1348247023E-001
   1  9640   4  483  9.5800283077E+003  2.2015393467E-001 -1.8865175298E-001 -1.1348247023E-001
   1  9641   0    0  9.5810283078E+003  2.2015393467E-001 -1.8865175298E-001 -1.1348247023E-001
   1  9642   0    0  9.5820283079E+003  2.2015393467E-001 -1.8865175298E-001 -1.1348247023E-001
   1  9643   0    0  9.5830283080E+003  2.2015393467E-001 -1.8865175298E-001 -1.1348247023E-001
   1  9644   0    0  9.5840283081E+003  2.2015393467E-001 -1.8865175298E-001 -1.1348247023E-001
   1  9645   0    0  9.5850283082E+003  2.2015393467E-001 -1.8865175298E-001 -1.1348247023E-001
   1  9646   0    0  9.5860283083E+003  2.2015393467E-001 -1.8865175298E-001 -1.1348247023E-001
   1  9647   0    0  9.5870283084E+003  2.2015393467E-001 -1.8865175298E-001 -1.1348247023E-001
   1  9648   0    0  9.5880283085E+003  2.2015393467E-001 -1.8865175298E-001 -1.1348247023E-001
   1  9649   0    0  9.5890283086E+003  2.2015393467E-001 -1.8865175298E-001 -1.1348247023E-001
   1  9650   0    0  9.5900283087E+003  2.2015393467E-001 -1.8865175298E-001 -1.1348247023E-001
   1  9651   0    0  9.5910283088E+003  2.2015393467E-001 -1.8865175298E-001 -1.1348247023E-001
   1  9652   0    0  9.5920283089E+003  2.2015393467E-001 -1.8865175298E-001 -1.1348247023E-001
   1  9653   0    0  9.5930283090E+003  2.2015393467E-001 -1.8865175298E-001 -1.1348247023E-001
   1  9654   0    0  9.5940283091E+003  2.2015393467E-001 -1.8865175298E-001 -1.1348247023E-001
   1  9655   0    0  9.5950283092E+003  2.2015393467E-001 -1.8865175298E-001 -1.1348247023E-001
   1  9656   0    0  9.5960283093E+003  2.2015393467E-001 -1.8865175298E-001 -1.1348247023E-001
   1  9657   0    0  9.5970283094E+003  2.2015393467E-001 -1.8865175298E-001 -1.1348247023E-001
   1  9658   0    0  9.5980283095E+003  2.2015393467E-001 -1.8865175298E-001 -1.1348247023E-001
   1  9659   0    0  9.5990283096E+003  2.2015393467E-001 -1.8865175298E-001 -1.1348247023E-001
   1  9660   4  484  9.6000283097E+003  2.2015393467E-001 -1.8865175298E-001 -1.1348247023E-001
   1  9661   0    0  9.6010283098E+003  2.2015393467E-001 -1.8865175298E-001 -1.1348247023E-001
   1  9662   0    0  9.6020283099E+003  2.2015393467E-001 -1.8865175298E-001 -1.1348247023E-001
   1  9663   0    0  9.6030283100E+003  2.2015393467E-001 -1.8865175298E-001 -1.1348247023E-001
   1  9664   0    0  9.6040283101E+003  2.2015393467E-001 -1.8865175298E-001 -1.1348247023E-001
   1  9665   0    0  9.6050283102E+003  2.2015393467E-001 -1.8865175298E-001 -1.1348247023E-001
   1  9666   0    0  9.6060283103E+003  2.2015393467E-001 -1.8865175298E-001 -1.1348247023E-001
   1  9667   0    0  9.6070283104E+003  2.2015393467E-001 -1.8865175298E-001 -1.1348247023E-001
   1  9668   0    0  9.6080283105E+003  2.2015393467E-001 -1.8865175298E-001 -1.1348247023E-001
   1  9669   0    0  9.6090283106E+003  2.2015393467E-001 -1.8865175298E-001 -1.1348247023E-001
   1  9670   0    0  9.6100283107E+003  2.2015393467E-001 -1.8865175298E-001 -1.1348247023E-001
   1  9671   0    0  9.6110283108E+003  2.2015393467E-001 -1.8865175298E-001 -1.1348247023E-001
   1  9672   0    0  9.6120283109E+003  2.2015393467E-001 -1.8865175298E-001 -1.1348247023E-001
   1  9673   0    0  9.6130283110E+003  2.2015393467E-001 -1.8865175298E-001 -1.1348247023E-001
   1  9674   0    0  9.6140283111E+003  2.2015393467E-001 -1.8865175298E-001 -1.1348247023E-001
   1  9675   0    0  9.6150283112E+003  2.2015393467E-001 -1.8865175298E-001 -1.1348247023E-001
   1  9676   0    0  9.6160283113E+003  2.2015393467E-001 -1.8865175298E-001 -1.1348247023E-001
   1  9677   0    0  9.6170283114E+003  2.2015393467E-001 -1.8865175298E-001 -1.1348247023E-001
   1  9678   0    0  9.6180283115E+003  2.2015393467E-001 -1.8865175298E-001 -1.1348247023E-001
   1  9679   0    0  9.6190283116E+003  2.2015393467E-001 -1.8865175298E-001 -1.1348247023E-001
   1  9680   4  485  9.6200283117E+003  2.2015393467E-001 -1.8865175298E-001 -1.1348247023E-001
   1  9681   0    0  9.6210283118E+003  2.2015393467E-001 -1.8865175298E-001 -1.1348247023E-001
   1  9682   0    0  9.6220283119E+003  2.2015393467E-001 -1.8865175298E-001 -1.1348247023E-001
   1  9683   0    0  9.6230283120E+003  2.2015393467E-001 -1.8865175298E-001 -1.1348247023E-001
   1  9684   0    0  9.6240283121E+003  2.2015393467E-001 -1.8865175298E-001 -1.1348247023E-001
   1  9685   0    0  9.6250283122E+003  2.2015393467E-001 -1.8865175298E-001 -1.1348247023E-001
   1  9686   0    0  9.6260283123E+003  2.2015393467E-001 -1.8865175298E-001 -1.1348247023E-001
   1  9687   0    0  9.6270283124E+003  2.2015393467E-001 -1.8865175298E-001 -1.1348247023E-001
   1  9688   0    0  9.6280283125E+003  2.2015393467E-001 -1.8865175298E-001 -1.1348247023E-001
   1  9689   0    0  9.6290283126E+003  2.2015393467E-001 -1.8865175298E-001 -1.1348247023E-001
   1  9690   0    0  9.6300283127E+003  2.2015393467E-001 -1.8865175298E-001 -1.1348247023E-001
   1  9691   0    0  9.6310283128E+003  2.2015393467E-001 -1.8865175298E-001 -1.1348247023E-001
   1  9692   0    0  9.6320283129E+003  2.2015393467E-001 -1.8865175298E-001 -1.1348247023E-001
   1  9693   0    0  9.6330283130E+003  2.2015393467E-001 -1.8865175298E-001 -1.1348247023E-001
   1  9694   0    0  9.6340283131E+003  2.2015393467E-001 -1.8865175298E-001 -1.1348247023E-001
   1  9695   0    0  9.6350283132E+003  2.2015393467E-001 -1.8865175298E-001 -1.1348247023E-001
   1  9696   0    0  9.6360283133E+003  2.2015393467E-001 -1.8865175298E-001 -1.1348247023E-001
   1  9697   0    0  9.6370283134E+003  2.2015393467E-001 -1.8865175298E-001 -1.1348247023E-001
   1  9698   0    0  9.6380283135E+003  2.2015393467E-001 -1.8865175298E-001 -1.1348247023E-001
   1  9699   0    0  9.6390283136E+003  2.2015393467E-001 -1.8865175298E-001 -1.1348247023E-001
   1  9700   4  486  9.6400283137E+003  2.2015393467E-001 -1.8865175298E-001 -1.1348247023E-001
   1  9701   0    0  9.6410283138E+003  2.2015393467E-001 -1.8865175298E-001 -1.1348247023E-001
   1  9702   0    0  9.6420283139E+003  2.2015393467E-001 -1.8865175298E-001 -1.1348247023E-001
   1  9703   0    0  9.6430283140E+003  2.2015393467E-001 -1.8865175298E-001 -1.1348247023E-001
   1  9704   0    0  9.6440283141E+003  2.2015393467E-001 -1.8865175298E-001 -1.1348247023E-001
   1  9705   0    0  9.6450283142E+003  2.2015393467E-001 -1.8865175298E-001 -1.1348247023E-001
   1  9706   0    0  9.6460283143E+003  2.2015393467E-001 -1.8865175298E-001 -1.1348247023E-001
   1  9707   0    0  9.6470283144E+003  2.2015393467E-001 -1.8865175298E-001 -1.1348247023E-001
   1  9708   0    0  9.6480283145E+003  2.2015393467E-001 -1.8865175298E-001 -1.1348247023E-001
   1  9709   0    0  9.6490283146E+003  2.2015393467E-001 -1.8865175298E-001 -1.1348247023E-001
   1  9710   0    0  9.6500283147E+003  2.2015393467E-001 -1.8865175298E-001 -1.1348247023E-001
   1  9711   0    0  9.6510283148E+003  2.2015393467E-001 -1.8865175298E-001 -1.1348247023E-001
   1  9712   0    0  9.6520283149E+003  2.2015393467E-001 -1.8865175298E-001 -1.1348247023E-001
   1  9713   0    0  9.6530283150E+003  2.2015393467E-001 -1.8865175298E-001 -1.1348247023E-001
   1  9714   0    0  9.6540283151E+003  2.2015393467E-001 -1.8865175298E-001 -1.1348247023E-001
   1  9715   0    0  9.6550283152E+003  2.2015393467E-001 -1.8865175298E-001 -1.1348247023E-001
   1  9716   0    0  9.6560283153E+003  2.2015393467E-001 -1.8865175298E-001 -1.1348247023E-001
   1  9717   0    0  9.6570283154E+003  2.2015393467E-001 -1.8865175298E-001 -1.1348247023E-001
   1  9718   0    0  9.6580283155E+003  2.2015393467E-001 -1.8865175298E-001 -1.1348247023E-001
   1  9719   0    0  9.6590283156E+003  2.2015393467E-001 -1.8865175298E-001 -1.1348247023E-001
   1  9720   4  487  9.6600283157E+003  2.2015393467E-001 -1.8865175298E-001 -1.1348247023E-001
   1  9721   0    0  9.6610283158E+003  2.2015393467E-001 -1.8865175298E-001 -1.1348247023E-001
   1  9722   0    0  9.6620283159E+003  2.2015393467E-001 -1.8865175298E-001 -1.1348247023E-001
   1  9723   0    0  9.6630283160E+003  2.2015393467E-001 -1.8865175298E-001 -1.1348247023E-001
   1  9724   0    0  9.6640283161E+003  2.2015393467E-001 -1.8865175298E-001 -1.1348247023E-001
   1  9725   0    0  9.6650283162E+003  2.2015393467E-001 -1.8865175298E-001 -1.1348247023E-001
   1  9726   0    0  9.6660283163E+003  2.2015393467E-001 -1.8865175298E-001 -1.1348247023E-001
   1  9727   0    0  9.6670283164E+003  2.2015393467E-001 -1.8865175298E-001 -1.1348247023E-001
   1  9728   0    0  9.6680283165E+003  2.2015393467E-001 -1.8865175298E-001 -1.1348247023E-001
   1  9729   0    0  9.6690283166E+003  2.2015393467E-001 -1.8865175298E-001 -1.1348247023E-001
   1  9730   0    0  9.6700283167E+003  2.2015393467E-001 -1.8865175298E-001 -1.1348247023E-001
   1  9731   0    0  9.6710283168E+003  2.2015393467E-001 -1.8865175298E-001 -1.1348247023E-001
   1  9732   0    0  9.6720283169E+003  2.2015393467E-001 -1.8865175298E-001 -1.1348247023E-001
   1  9733   0    0  9.6730283170E+003  2.2015393467E-001 -1.8865175298E-001 -1.1348247023E-001
   1  9734   0    0  9.6740283171E+003  2.2015393467E-001 -1.8865175298E-001 -1.1348247023E-001
   1  9735   0    0  9.6750283172E+003  2.2015393467E-001 -1.8865175298E-001 -1.1348247023E-001
   1  9736   0    0  9.6760283173E+003  2.2015393467E-001 -1.8865175298E-001 -1.1348247023E-001
   1  9737   0    0  9.6770283174E+003  2.2015393467E-001 -1.8865175298E-001 -1.1348247023E-001
   1  9738   0    0  9.6780283175E+003  2.2015393467E-001 -1.8865175298E-001 -1.1348247023E-001
   1  9739   0    0  9.6790283176E+003  2.2015393467E-001 -1.8865175298E-001 -1.1348247023E-001
   1  9740   4  488  9.6800283177E+003  2.2015393467E-001 -1.8865175298E-001 -1.1348247023E-001
   1  9741   0    0  9.6810283178E+003  2.2015393467E-001 -1.8865175298E-001 -1.1348247023E-001
   1  9742   0    0  9.6820283179E+003  2.2015393467E-001 -1.8865175298E-001 -1.1348247023E-001
   1  9743   0    0  9.6830283180E+003  2.2015393467E-001 -1.8865175298E-001 -1.1348247023E-001
   1  9744   0    0  9.6840283181E+003  2.2015393467E-001 -1.8865175298E-001 -1.1348247023E-001
   1  9745   0    0  9.6850283182E+003  2.2015393467E-001 -1.8865175298E-001 -1.1348247023E-001
   1  9746   0    0  9.6860283183E+003  2.2015393467E-001 -1.8865175298E-001 -1.1348247023E-001
   1  9747   0    0  9.6870283184E+003  2.2015393467E-001 -1.8865175298E-001 -1.1348247023E-001
   1  9748   0    0  9.6880283185E+003  2.2015393467E-001 -1.8865175298E-001 -1.1348247023E-001
   1  9749   0    0  9.6890283186E+003  2.2015393467E-001 -1.8865175298E-001 -1.1348247023E-001
   1  9750   0    0  9.6900283187E+003  2.2015393467E-001 -1.8865175298E-001 -1.1348247023E-001
   1  9751   0    0  9.6910283188E+003  2.2015393467E-001 -1.8865175298E-001 -1.1348247023E-001
   1  9752   0    0  9.6920283189E+003  2.2015393467E-001 -1.8865175298E-001 -1.1348247023E-001
   1  9753   0    0  9.6930283190E+003  2.2015393467E-001 -1.8865175298E-001 -1.1348247023E-001
   1  9754   0    0  9.6940283191E+003  2.2015393467E-001 -1.8865175298E-001 -1.1348247023E-001
   1  9755   0    0  9.6950283192E+003  2.2015393467E-001 -1.8865175298E-001 -1.1348247023E-001
   1  9756   0    0  9.6960283193E+003  2.2015393467E-001 -1.8865175298E-001 -1.1348247023E-001
   1  9757   0    0  9.6970283194E+003  2.2015393467E-001 -1.8865175298E-001 -1.1348247023E-001
   1  9758   0    0  9.6980283195E+003  2.2015393467E-001 -1.8865175298E-001 -1.1348247023E-001
   1  9759   0    0  9.6990283196E+003  2.2015393467E-001 -1.8865175298E-001 -1.1348247023E-001
   1  9760   4  489  9.7000283197E+003  2.2015393467E-001 -1.8865175298E-001 -1.1348247023E-001
   1  9761   0    0  9.7010283198E+003  2.2015393467E-001 -1.8865175298E-001 -1.1348247023E-001
   1  9762   0    0  9.7020283199E+003  2.2015393467E-001 -1.8865175298E-001 -1.1348247023E-001
   1  9763   0    0  9.7030283200E+003  2.2015393467E-001 -1.8865175298E-001 -1.1348247023E-001
   1  9764   0    0  9.7040283201E+003  2.2015393467E-001 -1.8865175298E-001 -1.1348247023E-001
   1  9765   0    0  9.7050283202E+003  2.2015393467E-001 -1.8865175298E-001 -1.1348247023E-001
   1  9766   0    0  9.7060283203E+003  2.2015393467E-001 -1.8865175298E-001 -1.1348247023E-001
   1  9767   0    0  9.7070283204E+003  2.2015393467E-001 -1.8865175298E-001 -1.1348247023E-001
   1  9768   0    0  9.7080283205E+003  2.2015393467E-001 -1.8865175298E-001 -1.1348247023E-001
   1  9769   0    0  9.7090283206E+003  2.2015393467E-001 -1.8865175298E-001 -1.1348247023E-001
   1  9770   0    0  9.7100283207E+003  2.2015393467E-001 -1.8865175298E-001 -1.1348247023E-001
   1  9771   0    0  9.7110283208E+003  2.2015393467E-001 -1.8865175298E-001 -1.1348247023E-001
   1  9772   0    0  9.7120283209E+003  2.2015393467E-001 -1.8865175298E-001 -1.1348247023E-001
   1  9773   0    0  9.7130283210E+003  2.2015393467E-001 -1.8865175298E-001 -1.1348247023E-001
   1  9774   0    0  9.7140283211E+003  2.2015393467E-001 -1.8865175298E-001 -1.1348247023E-001
   1  9775   0    0  9.7150283212E+003  2.2015393467E-001 -1.8865175298E-001 -1.1348247023E-001
   1  9776   0    0  9.7160283213E+003  2.2015393467E-001 -1.8865175298E-001 -1.1348247023E-001
   1  9777   0    0  9.7170283214E+003  2.2015393467E-001 -1.8865175298E-001 -1.1348247023E-001
   1  9778   0    0  9.7180283215E+003  2.2015393467E-001 -1.8865175298E-001 -1.1348247023E-001
   1  9779   0    0  9.7190283216E+003  2.2015393467E-001 -1.8865175298E-001 -1.1348247023E-001
   1  9780   4  490  9.7200283217E+003  2.2015393467E-001 -1.8865175298E-001 -1.1348247023E-001
   1  9781   0    0  9.7210283218E+003  2.2015393467E-001 -1.8865175298E-001 -1.1348247023E-001
   1  9782   0    0  9.7220283219E+003  2.2015393467E-001 -1.8865175298E-001 -1.1348247023E-001
   1  9783   0    0  9.7230283220E+003  2.2015393467E-001 -1.8865175298E-001 -1.1348247023E-001
   1  9784   0    0  9.7240283221E+003  2.2015393467E-001 -1.8865175298E-001 -1.1348247023E-001
   1  9785   0    0  9.7250283222E+003  2.2015393467E-001 -1.8865175298E-001 -1.1348247023E-001
   1  9786   0    0  9.7260283223E+003  2.2015393467E-001 -1.8865175298E-001 -1.1348247023E-001
   1  9787   0    0  9.7270283224E+003  2.2015393467E-001 -1.8865175298E-001 -1.1348247023E-001
   1  9788   0    0  9.7280283225E+003  2.2015393467E-001 -1.8865175298E-001 -1.1348247023E-001
   1  9789   0    0  9.7290283226E+003  2.2015393467E-001 -1.8865175298E-001 -1.1348247023E-001
   1  9790   0    0  9.7300283227E+003  2.2015393467E-001 -1.8865175298E-001 -1.1348247023E-001
   1  9791   0    0  9.7310283228E+003  2.2015393467E-001 -1.8865175298E-001 -1.1348247023E-001
   1  9792   0    0  9.7320283229E+003  2.2015393467E-001 -1.8865175298E-001 -1.1348247023E-001
   1  9793   0    0  9.7330283230E+003  2.2015393467E-001 -1.8865175298E-001 -1.1348247023E-001
   1  9794   0    0  9.7340283231E+003  2.2015393467E-001 -1.8865175298E-001 -1.1348247023E-001
   1  9795   0    0  9.7350283232E+003  2.2015393467E-001 -1.8865175298E-001 -1.1348247023E-001
   1  9796   0    0  9.7360283233E+003  2.2015393467E-001 -1.8865175298E-001 -1.1348247023E-001
   1  9797   0    0  9.7370283234E+003  2.2015393467E-001 -1.8865175298E-001 -1.1348247023E-001
   1  9798   0    0  9.7380283235E+003  2.2015393467E-001 -1.8865175298E-001 -1.1348247023E-001
   1  9799   0    0  9.7390283236E+003  2.2015393467E-001 -1.8865175298E-001 -1.1348247023E-001
   1  9800   4  491  9.7400283237E+003  2.2015393467E-001 -1.8865175298E-001 -1.1348247023E-001
   1  9801   0    0  9.7410283238E+003  2.2015393467E-001 -1.8865175298E-001 -1.1348247023E-001
   1  9802   0    0  9.7420283239E+003  2.2015393467E-001 -1.8865175298E-001 -1.1348247023E-001
   1  9803   0    0  9.7430283240E+003  2.2015393467E-001 -1.8865175298E-001 -1.1348247023E-001
   1  9804   0    0  9.7440283241E+003  2.2015393467E-001 -1.8865175298E-001 -1.1348247023E-001
   1  9805   0    0  9.7450283242E+003  2.2015393467E-001 -1.8865175298E-001 -1.1348247023E-001
   1  9806   0    0  9.7460283243E+003  2.2015393467E-001 -1.8865175298E-001 -1.1348247023E-001
   1  9807   0    0  9.7470283244E+003  2.2015393467E-001 -1.8865175298E-001 -1.1348247023E-001
   1  9808   0    0  9.7480283245E+003  2.2015393467E-001 -1.8865175298E-001 -1.1348247023E-001
   1  9809   0    0  9.7490283246E+003  2.2015393467E-001 -1.8865175298E-001 -1.1348247023E-001
   1  9810   0    0  9.7500283247E+003  2.2015393467E-001 -1.8865175298E-001 -1.1348247023E-001
   1  9811   0    0  9.7510283248E+003  2.2015393467E-001 -1.8865175298E-001 -1.1348247023E-001
   1  9812   0    0  9.7520283249E+003  2.2015393467E-001 -1.8865175298E-001 -1.1348247023E-001
   1  9813   0    0  9.7530283250E+003  2.2015393467E-001 -1.8865175298E-001 -1.1348247023E-001
   1  9814   0    0  9.7540283251E+003  2.2015393467E-001 -1.8865175298E-001 -1.1348247023E-001
   1  9815   0    0  9.7550283252E+003  2.2015393467E-001 -1.8865175298E-001 -1.1348247023E-001
   1  9816   0    0  9.7560283253E+003  2.2015393467E-001 -1.8865175298E-001 -1.1348247023E-001
   1  9817   0    0  9.7570283254E+003  2.2015393467E-001 -1.8865175298E-001 -1.1348247023E-001
   1  9818   0    0  9.7580283255E+003  2.2015393467E-001 -1.8865175298E-001 -1.1348247023E-001
   1  9819   0    0  9.7590283256E+003  2.2015393467E-001 -1.8865175298E-001 -1.1348247023E-001
   1  9820   4  492  9.7600283257E+003  2.2015393467E-001 -1.8865175298E-001 -1.1348247023E-001
   1  9821   0    0  9.7610283258E+003  2.2015393467E-001 -1.8865175298E-001 -1.1348247023E-001
   1  9822   0    0  9.7620283259E+003  2.2015393467E-001 -1.8865175298E-001 -1.1348247023E-001
   1  9823   0    0  9.7630283260E+003  2.2015393467E-001 -1.8865175298E-001 -1.1348247023E-001
   1  9824   0    0  9.7640283261E+003  2.2015393467E-001 -1.8865175298E-001 -1.1348247023E-001
   1  9825   0    0  9.7650283262E+003  2.2015393467E-001 -1.8865175298E-001 -1.1348247023E-001
   1  9826   0    0  9.7660283263E+003  2.2015393467E-001 -1.8865175298E-001 -1.1348247023E-001
   1  9827   0    0  9.7670283264E+003  2.2015393467E-001 -1.8865175298E-001 -1.1348247023E-001
   1  9828   0    0  9.7680283265E+003  2.2015393467E-001 -1.8865175298E-001 -1.1348247023E-001
   1  9829   0    0  9.7690283266E+003  2.2015393467E-001 -1.8865175298E-001 -1.1348247023E-001
   1  9830   0    0  9.7700283267E+003  2.2015393467E-001 -1.8865175298E-001 -1.1348247023E-001
   1  9831   0    0  9.7710283268E+003  2.2015393467E-001 -1.8865175298E-001 -1.1348247023E-001
   1  9832   0    0  9.7720283269E+003  2.2015393467E-001 -1.8865175298E-001 -1.1348247023E-001
   1  9833   0    0  9.7730283270E+003  2.2015393467E-001 -1.8865175298E-001 -1.1348247023E-001
   1  9834   0    0  9.7740283271E+003  2.2015393467E-001 -1.8865175298E-001 -1.1348247023E-001
   1  9835   0    0  9.7750283272E+003  2.2015393467E-001 -1.8865175298E-001 -1.1348247023E-001
   1  9836   0    0  9.7760283273E+003  2.2015393467E-001 -1.8865175298E-001 -1.1348247023E-001
   1  9837   0    0  9.7770283274E+003  2.2015393467E-001 -1.8865175298E-001 -1.1348247023E-001
   1  9838   0    0  9.7780283275E+003  2.2015393467E-001 -1.8865175298E-001 -1.1348247023E-001
   1  9839   0    0  9.7790283276E+003  2.2015393467E-001 -1.8865175298E-001 -1.1348247023E-001
   1  9840   4  493  9.7800283277E+003  2.2015393467E-001 -1.8865175298E-001 -1.1348247023E-001
   1  9841   0    0  9.7810283278E+003  2.2015393467E-001 -1.8865175298E-001 -1.1348247023E-001
   1  9842   0    0  9.7820283279E+003  2.2015393467E-001 -1.8865175298E-001 -1.1348247023E-001
   1  9843   0    0  9.7830283280E+003  2.2015393467E-001 -1.8865175298E-001 -1.1348247023E-001
   1  9844   0    0  9.7840283281E+003  2.2015393467E-001 -1.8865175298E-001 -1.1348247023E-001
   1  9845   0    0  9.7850283282E+003  2.2015393467E-001 -1.8865175298E-001 -1.1348247023E-001
   1  9846   0    0  9.7860283283E+003  2.2015393467E-001 -1.8865175298E-001 -1.1348247023E-001
   1  9847   0    0  9.7870283284E+003  2.2015393467E-001 -1.8865175298E-001 -1.1348247023E-001
   1  9848   0    0  9.7880283285E+003  2.2015393467E-001 -1.8865175298E-001 -1.1348247023E-001
   1  9849   0    0  9.7890283286E+003  2.2015393467E-001 -1.8865175298E-001 -1.1348247023E-001
   1  9850   0    0  9.7900283287E+003  2.2015393467E-001 -1.8865175298E-001 -1.1348247023E-001
   1  9851   0    0  9.7910283288E+003  2.2015393467E-001 -1.8865175298E-001 -1.1348247023E-001
   1  9852   0    0  9.7920283289E+003  2.2015393467E-001 -1.8865175298E-001 -1.1348247023E-001
   1  9853   0    0  9.7930283290E+003  2.2015393467E-001 -1.8865175298E-001 -1.1348247023E-001
   1  9854   0    0  9.7940283291E+003  2.2015393467E-001 -1.8865175298E-001 -1.1348247023E-001
   1  9855   0    0  9.7950283292E+003  2.2015393467E-001 -1.8865175298E-001 -1.1348247023E-001
   1  9856   0    0  9.7960283293E+003  2.2015393467E-001 -1.8865175298E-001 -1.1348247023E-001
   1  9857   0    0  9.7970283294E+003  2.2015393467E-001 -1.8865175298E-001 -1.1348247023E-001
   1  9858   0    0  9.7980283295E+003  2.2015393467E-001 -1.8865175298E-001 -1.1348247023E-001
   1  9859   0    0  9.7990283296E+003  2.2015393467E-001 -1.8865175298E-001 -1.1348247023E-001
   1  9860   4  494  9.8000283297E+003  2.2015393467E-001 -1.8865175298E-001 -1.1348247023E-001
   1  9861   0    0  9.8010283298E+003  2.2015393467E-001 -1.8865175298E-001 -1.1348247023E-001
   1  9862   0    0  9.8020283299E+003  2.2015393467E-001 -1.8865175298E-001 -1.1348247023E-001
   1  9863   0    0  9.8030283300E+003  2.2015393467E-001 -1.8865175298E-001 -1.1348247023E-001
   1  9864   0    0  9.8040283301E+003  2.2015393467E-001 -1.8865175298E-001 -1.1348247023E-001
   1  9865   0    0  9.8050283302E+003  2.2015393467E-001 -1.8865175298E-001 -1.1348247023E-001
   1  9866   0    0  9.8060283303E+003  2.2015393467E-001 -1.8865175298E-001 -1.1348247023E-001
   1  9867   0    0  9.8070283304E+003  2.2015393467E-001 -1.8865175298E-001 -1.1348247023E-001
   1  9868   0    0  9.8080283305E+003  2.2015393467E-001 -1.8865175298E-001 -1.1348247023E-001
   1  9869   0    0  9.8090283306E+003  2.2015393467E-001 -1.8865175298E-001 -1.1348247023E-001
   1  9870   0    0  9.8100283307E+003  2.2015393467E-001 -1.8865175298E-001 -1.1348247023E-001
   1  9871   0    0  9.8110283308E+003  2.2015393467E-001 -1.8865175298E-001 -1.1348247023E-001
   1  9872   0    0  9.8120283309E+003  2.2015393467E-001 -1.8865175298E-001 -1.1348247023E-001
   1  9873   0    0  9.8130283310E+003  2.2015393467E-001 -1.8865175298E-001 -1.1348247023E-001
   1  9874   0    0  9.8140283311E+003  2.2015393467E-001 -1.8865175298E-001 -1.1348247023E-001
   1  9875   0    0  9.8150283312E+003  2.2015393467E-001 -1.8865175298E-001 -1.1348247023E-001
   1  9876   0    0  9.8160283313E+003  2.2015393467E-001 -1.8865175298E-001 -1.1348247023E-001
   1  9877   0    0  9.8170283314E+003  2.2015393467E-001 -1.8865175298E-001 -1.1348247023E-001
   1  9878   0    0  9.8180283315E+003  2.2015393467E-001 -1.8865175298E-001 -1.1348247023E-001
   1  9879   0    0  9.8190283316E+003  2.2015393467E-001 -1.8865175298E-001 -1.1348247023E-001
   1  9880   4  495  9.8200283317E+003  2.2015393467E-001 -1.8865175298E-001 -1.1348247023E-001
   1  9881   0    0  9.8210283318E+003  2.2015393467E-001 -1.8865175298E-001 -1.1348247023E-001
   1  9882   0    0  9.8220283319E+003  2.2015393467E-001 -1.8865175298E-001 -1.1348247023E-001
   1  9883   0    0  9.8230283320E+003  2.2015393467E-001 -1.8865175298E-001 -1.1348247023E-001
   1  9884   0    0  9.8240283321E+003  2.2015393467E-001 -1.8865175298E-001 -1.1348247023E-001
   1  9885   0    0  9.8250283322E+003  2.2015393467E-001 -1.8865175298E-001 -1.1348247023E-001
   1  9886   0    0  9.8260283323E+003  2.2015393467E-001 -1.8865175298E-001 -1.1348247023E-001
   1  9887   0    0  9.8270283324E+003  2.2015393467E-001 -1.8865175298E-001 -1.1348247023E-001
   1  9888   0    0  9.8280283325E+003  2.2015393467E-001 -1.8865175298E-001 -1.1348247023E-001
   1  9889   0    0  9.8290283326E+003  2.2015393467E-001 -1.8865175298E-001 -1.1348247023E-001
   1  9890   0    0  9.8300283327E+003  2.2015393467E-001 -1.8865175298E-001 -1.1348247023E-001
   1  9891   0    0  9.8310283328E+003  2.2015393467E-001 -1.8865175298E-001 -1.1348247023E-001
   1  9892   0    0  9.8320283329E+003  2.2015393467E-001 -1.8865175298E-001 -1.1348247023E-001
   1  9893   0    0  9.8330283330E+003  2.2015393467E-001 -1.8865175298E-001 -1.1348247023E-001
   1  9894   0    0  9.8340283331E+003  2.2015393467E-001 -1.8865175298E-001 -1.1348247023E-001
   1  9895   0    0  9.8350283332E+003  2.2015393467E-001 -1.8865175298E-001 -1.1348247023E-001
   1  9896   0    0  9.8360283333E+003  2.2015393467E-001 -1.8865175298E-001 -1.1348247023E-001
   1  9897   0    0  9.8370283334E+003  2.2015393467E-001 -1.8865175298E-001 -1.1348247023E-001
   1  9898   0    0  9.8380283335E+003  2.2015393467E-001 -1.8865175298E-001 -1.1348247023E-001
   1  9899   0    0  9.8390283336E+003  2.2015393467E-001 -1.8865175298E-001 -1.1348247023E-001
   1  9900   4  496  9.8400283337E+003  2.2015393467E-001 -1.8865175298E-001 -1.1348247023E-001
   1  9901   0    0  9.8410283338E+003  2.2015393467E-001 -1.8865175298E-001 -1.1348247023E-001
   1  9902   0    0  9.8420283339E+003  2.2015393467E-001 -1.8865175298E-001 -1.1348247023E-001
   1  9903   0    0  9.8430283340E+003  2.2015393467E-001 -1.8865175298E-001 -1.1348247023E-001
   1  9904   0    0  9.8440283341E+003  2.2015393467E-001 -1.8865175298E-001 -1.1348247023E-001
   1  9905   0    0  9.8450283342E+003  2.2015393467E-001 -1.8865175298E-001 -1.1348247023E-001
   1  9906   0    0  9.8460283343E+003  2.2015393467E-001 -1.8865175298E-001 -1.1348247023E-001
   1  9907   0    0  9.8470283344E+003  2.2015393467E-001 -1.8865175298E-001 -1.1348247023E-001
   1  9908   0    0  9.8480283345E+003  2.2015393467E-001 -1.8865175298E-001 -1.1348247023E-001
   1  9909   0    0  9.8490283346E+003  2.2015393467E-001 -1.8865175298E-001 -1.1348247023E-001
   1  9910   0    0  9.8500283347E+003  2.2015393467E-001 -1.8865175298E-001 -1.1348247023E-001
   1  9911   0    0  9.8510283348E+003  2.2015393467E-001 -1.8865175298E-001 -1.1348247023E-001
   1  9912   0    0  9.8520283349E+003  2.2015393467E-001 -1.8865175298E-001 -1.1348247023E-001
   1  9913   0    0  9.8530283350E+003  2.2015393467E-001 -1.8865175298E-001 -1.1348247023E-001
   1  9914   0    0  9.8540283351E+003  2.2015393467E-001 -1.8865175298E-001 -1.1348247023E-001
   1  9915   0    0  9.8550283352E+003  2.2015393467E-001 -1.8865175298E-001 -1.1348247023E-001
   1  9916   0    0  9.8560283353E+003  2.2015393467E-001 -1.8865175298E-001 -1.1348247023E-001
   1  9917   0    0  9.8570283354E+003  2.2015393467E-001 -1.8865175298E-001 -1.1348247023E-001
   1  9918   0    0  9.8580283355E+003  2.2015393467E-001 -1.8865175298E-001 -1.1348247023E-001
   1  9919   0    0  9.8590283356E+003  2.2015393467E-001 -1.8865175298E-001 -1.1348247023E-001
   1  9920   4  497  9.8600283357E+003  2.2015393467E-001 -1.8865175298E-001 -1.1348247023E-001
   1  9921   0    0  9.8610283358E+003  2.2015393467E-001 -1.8865175298E-001 -1.1348247023E-001
   1  9922   0    0  9.8620283359E+003  2.2015393467E-001 -1.8865175298E-001 -1.1348247023E-001
   1  9923   0    0  9.8630283360E+003  2.2015393467E-001 -1.8865175298E-001 -1.1348247023E-001
   1  9924   0    0  9.8640283361E+003  2.2015393467E-001 -1.8865175298E-001 -1.1348247023E-001
   1  9925   0    0  9.8650283362E+003  2.2015393467E-001 -1.8865175298E-001 -1.1348247023E-001
   1  9926   0    0  9.8660283363E+003  2.2015393467E-001 -1.8865175298E-001 -1.1348247023E-001
   1  9927   0    0  9.8670283364E+003  2.2015393467E-001 -1.8865175298E-001 -1.1348247023E-001
   1  9928   0    0  9.8680283365E+003  2.2015393467E-001 -1.8865175298E-001 -1.1348247023E-001
   1  9929   0    0  9.8690283366E+003  2.2015393467E-001 -1.8865175298E-001 -1.1348247023E-001
   1  9930   0    0  9.8700283367E+003  2.2015393467E-001 -1.8865175298E-001 -1.1348247023E-001
   1  9931   0    0  9.8710283368E+003  2.2015393467E-001 -1.8865175298E-001 -1.1348247023E-001
   1  9932   0    0  9.8720283369E+003  2.2015393467E-001 -1.8865175298E-001 -1.1348247023E-001
   1  9933   0    0  9.8730283370E+003  2.2015393467E-001 -1.8865175298E-001 -1.1348247023E-001
   1  9934   0    0  9.8740283371E+003  2.2015393467E-001 -1.8865175298E-001 -1.1348247023E-001
   1  9935   0    0  9.8750283372E+003  2.2015393467E-001 -1.8865175298E-001 -1.1348247023E-001
   1  9936   0    0  9.8760283373E+003  2.2015393467E-001 -1.8865175298E-001 -1.1348247023E-001
   1  9937   0    0  9.8770283374E+003  2.2015393467E-001 -1.8865175298E-001 -1.1348247023E-001
   1  9938   0    0  9.8780283375E+003  2.2015393467E-001 -1.8865175298E-001 -1.1348247023E-001
   1  9939   0    0  9.8790283376E+003  2.2015393467E-001 -1.8865175298E-001 -1.1348247023E-001
   1  9940   4  498  9.8800283377E+003  2.2015393467E-001 -1.8865175298E-001 -1.1348247023E-001
   1  9941   0    0  9.8810283378E+003  2.2015393467E-001 -1.8865175298E-001 -1.1348247023E-001
   1  9942   0    0  9.8820283379E+003  2.2015393467E-001 -1.8865175298E-001 -1.1348247023E-001
   1  9943   0    0  9.8830283380E+003  2.2015393467E-001 -1.8865175298E-001 -1.1348247023E-001
   1  9944   0    0  9.8840283381E+003  2.2015393467E-001 -1.8865175298E-001 -1.1348247023E-001
   1  9945   0    0  9.8850283382E+003  2.2015393467E-001 -1.8865175298E-001 -1.1348247023E-001
   1  9946   0    0  9.8860283383E+003  2.2015393467E-001 -1.8865175298E-001 -1.1348247023E-001
   1  9947   0    0  9.8870283384E+003  2.2015393467E-001 -1.8865175298E-001 -1.1348247023E-001
   1  9948   0    0  9.8880283385E+003  2.2015393467E-001 -1.8865175298E-001 -1.1348247023E-001
   1  9949   0    0  9.8890283386E+003  2.2015393467E-001 -1.8865175298E-001 -1.1348247023E-001
   1  9950   0    0  9.8900283387E+003  2.2015393467E-001 -1.8865175298E-001 -1.1348247023E-001
   1  9951   0    0  9.8910283388E+003  2.2015393467E-001 -1.8865175298E-001 -1.1348247023E-001
   1  9952   0    0  9.8920283389E+003  2.2015393467E-001 -1.8865175298E-001 -1.1348247023E-001
   1  9953   0    0  9.8930283390E+003  2.2015393467E-001 -1.8865175298E-001 -1.1348247023E-001
   1  9954   0    0  9.8940283391E+003  2.2015393467E-001 -1.8865175298E-001 -1.1348247023E-001
   1  9955   0    0  9.8950283392E+003  2.2015393467E-001 -1.8865175298E-001 -1.1348247023E-001
   1  9956   0    0  9.8960283393E+003  2.2015393467E-001 -1.8865175298E-001 -1.1348247023E-001
   1  9957   0    0  9.8970283394E+003  2.2015393467E-001 -1.8865175298E-001 -1.1348247023E-001
   1  9958   0    0  9.8980283395E+003  2.2015393467E-001 -1.8865175298E-001 -1.1348247023E-001
   1  9959   0    0  9.8990283396E+003  2.2015393467E-001 -1.8865175298E-001 -1.1348247023E-001
   1  9960   4  499  9.9000283397E+003  2.2015393467E-001 -1.8865175298E-001 -1.1348247023E-001
   1  9961   0    0  9.9010283398E+003  2.2015393467E-001 -1.8865175298E-001 -1.1348247023E-001
   1  9962   0    0  9.9020283399E+003  2.2015393467E-001 -1.8865175298E-001 -1.1348247023E-001
   1  9963   0    0  9.9030283400E+003  2.2015393467E-001 -1.8865175298E-001 -1.1348247023E-001
   1  9964   0    0  9.9040283401E+003  2.2015393467E-001 -1.8865175298E-001 -1.1348247023E-001
   1  9965   0    0  9.9050283402E+003  2.2015393467E-001 -1.8865175298E-001 -1.1348247023E-001
   1  9966   0    0  9.9060283403E+003  2.2015393467E-001 -1.8865175298E-001 -1.1348247023E-001
   1  9967   0    0  9.9070283404E+003  2.2015393467E-001 -1.8865175298E-001 -1.1348247023E-001
   1  9968   0    0  9.9080283405E+003  2.2015393467E-001 -1.8865175298E-001 -1.1348247023E-001
   1  9969   0    0  9.9090283406E+003  2.2015393467E-001 -1.8865175298E-001 -1.1348247023E-001
   1  9970   0    0  9.9100283407E+003  2.2015393467E-001 -1.8865175298E-001 -1.1348247023E-001
   1  9971   0    0  9.9110283408E+003  2.2015393467E-001 -1.8865175298E-001 -1.1348247023E-001
   1  9972   0    0  9.9120283409E+003  2.2015393467E-001 -1.8865175298E-001 -1.1348247023E-001
   1  9973   0    0  9.9130283410E+003  2.2015393467E-001 -1.8865175298E-001 -1.1348247023E-001
   1  9974   0    0  9.9140283411E+003  2.2015393467E-001 -1.8865175298E-001 -1.1348247023E-001
   1  9975   0    0  9.9150283412E+003  2.2015393467E-001 -1.8865175298E-001 -1.1348247023E-001
   1  9976   0    0  9.9160283413E+003  2.2015393467E-001 -1.8865175298E-001 -1.1348247023E-001
   1  9977   0    0  9.9170283414E+003  2.2015393467E-001 -1.8865175298E-001 -1.1348247023E-001
   1  9978   0    0  9.9180283415E+003  2.2015393467E-001 -1.8865175298E-001 -1.1348247023E-001
   1  9979   0    0  9.9190283416E+003  2.2015393467E-001 -1.8865175298E-001 -1.1348247023E-001
   1  9980   4  500  9.9200283417E+003  2.2015393467E-001 -1.8865175298E-001 -1.1348247023E-001
   1  9981   0    0  9.9210283418E+003  2.2015393467E-001 -1.8865175298E-001 -1.1348247023E-001
   1  9982   0    0  9.9220283419E+003  2.2015393467E-001 -1.8865175298E-001 -1.1348247023E-001
   1  9983   0    0  9.9230283420E+003  2.2015393467E-001 -1.8865175298E-001 -1.1348247023E-001
   1  9984   0    0  9.9240283421E+003  2.2015393467E-001 -1.8865175298E-001 -1.1348247023E-001
   1  9985   0    0  9.9250283422E+003  2.2015393467E-001 -1.8865175298E-001 -1.1348247023E-001
   1  9986   0    0  9.9260283423E+003  2.2015393467E-001 -1.8865175298E-001 -1.1348247023E-001
   1  9987   0    0  9.9270283424E+003  2.2015393467E-001 -1.8865175298E-001 -1.1348247023E-001
   1  9988   0    0  9.9280283425E+003  2.2015393467E-001 -1.8865175298E-001 -1.1348247023E-001
   1  9989   0    0  9.9290283426E+003  2.2015393467E-001 -1.8865175298E-001 -1.1348247023E-001
   1  9990   0    0  9.9300283427E+003  2.2015393467E-001 -1.8865175298E-001 -1.1348247023E-001
   1  9991   0    0  9.9310283428E+003  2.2015393467E-001 -1.8865175298E-001 -1.1348247023E-001
   1  9992   0    0  9.9320283429E+003  2.2015393467E-001 -1.8865175298E-001 -1.1348247023E-001
   1  9993   0    0  9.9330283430E+003  2.2015393467E-001 -1.8865175298E-001 -1.1348247023E-001
   1  9994   0    0  9.9340283431E+003  2.2015393467E-001 -1.8865175298E-001 -1.1348247023E-001
   1  9995   0    0  9.9350283432E+003  2.2015393467E-001 -1.8865175298E-001 -1.1348247023E-001
   1  9996   0    0  9.9360283433E+003  2.2015393467E-001 -1.8865175298E-001 -1.1348247023E-001
   1  9997   0    0  9.9370283434E+003  2.2015393467E-001 -1.8865175298E-001 -1.1348247023E-001
   1  9998   0    0  9.9380283435E+003  2.2015393467E-001 -1.8865175298E-001 -1.1348247023E-001
   1  9999   0    0  9.9390283436E+003  2.2015393467E-001 -1.8865175298E-001 -1.1348247023E-001
   1     1   4  501  9.9400283437E+003  2.2015393467E-001 -1.8865175298E-001 -1.1348247023E-001
   1     2   0    0  9.9410283438E+003  2.2015393467E-001 -1.8865175298E-001 -1.1348247023E-001
   1     3   0    0  9.9420283439E+003  2.2015393467E-001 -1.8865175298E-001 -1.1348247023E-001
   1     4   0    0  9.9430283440E+003  2.2015393467E-001 -1.8865175298E-001 -1.1348247023E-001
   1     5   0    0  9.9440283441E+003  2.2015393467E-001 -1.8865175298E-001 -1.1348247023E-001
   1     6   0    0  9.9450283442E+003  2.2015393467E-001 -1.8865175298E-001 -1.1348247023E-001
   1     7   0    0  9.9460283443E+003  2.2015393467E-001 -1.8865175298E-001 -1.1348247023E-001
   1     8   0    0  9.9470283444E+003  2.2015393467E-001 -1.8865175298E-001 -1.1348247023E-001
   1     9   0    0  9.9480283445E+003  2.2015393467E-001 -1.8865175298E-001 -1.1348247023E-001
   1    10   0    0  9.9490283446E+003  2.2015393467E-001 -1.8865175298E-001 -1.1348247023E-001
   1    11   0    0  9.9500283447E+003  2.2015393467E-001 -1.8865175298E-001 -1.1348247023E-001
   1    12   0    0  9.9510283448E+003  2.2015393467E-001 -1.8865175298E-001 -1.1348247023E-001
   1    13   0    0  9.9520283449E+003  2.2015393467E-001 -1.8865175298E-001 -1.1348247023E-001
   1    14   0    0  9.9530283450E+003  2.2015393467E-001 -1.8865175298E-001 -1.1348247023E-001
   1    15   0    0  9.9540283451E+003  2.2015393467E-001 -1.8865175298E-001 -1.1348247023E-001
   1    16   0    0  9.9550283452E+003  2.2015393467E-001 -1.8865175298E-001 -1.1348247023E-001
   1    17   0    0  9.9560283453E+003  2.2015393467E-001 -1.8865175298E-001 -1.1348247023E-001
   1    18   0    0  9.9570283454E+003  2.2015393467E-001 -1.8865175298E-001 -1.1348247023E-001
   1    19   0    0  9.9580283455E+003  2.2015393467E-001 -1.8865175298E-001 -1.1348247023E-001
   1    20   0    0  9.9590283456E+003  2.2015393467E-001 -1.8865175298E-001 -1.1348247023E-001
   1    21   4  502  9.9600283457E+003  2.2015393467E-001 -1.8865175298E-001 -1.1348247023E-001
   1    22   0    0  9.9610283458E+003  2.2015393467E-001 -1.8865175298E-001 -1.1348247023E-001
   1    23   0    0  9.9620283459E+003  2.2015393467E-001 -1.8865175298E-001 -1.1348247023E-001
   1    24   0    0  9.9630283460E+003  2.2015393467E-001 -1.8865175298E-001 -1.1348247023E-001
   1    25   0    0  9.9640283461E+003  2.2015393467E-001 -1.8865175298E-001 -1.1348247023E-001
   1    26   0    0  9.9650283462E+003  2.2015393467E-001 -1.8865175298E-001 -1.1348247023E-001
   1    27   0    0  9.9660283463E+003  2.2015393467E-001 -1.8865175298E-001 -1.1348247023E-001
   1    28   0    0  9.9670283464E+003  2.2015393467E-001 -1.8865175298E-001 -1.1348247023E-001
   1    29   0    0  9.9680283465E+003  2.2015393467E-001 -1.8865175298E-001 -1.1348247023E-001
   1    30   0    0  9.9690283466E+003  2.2015393467E-001 -1.8865175298E-001 -1.1348247023E-001
   1    31   0    0  9.9700283467E+003  2.2015393467E-001 -1.8865175298E-001 -1.1348247023E-001
   1    32   0    0  9.9710283468E+003  2.2015393467E-001 -1.8865175298E-001 -1.1348247023E-001
   1    33   0    0  9.9720283469E+003  2.2015393467E-001 -1.8865175298E-001 -1.1348247023E-001
   1    34   0    0  9.9730283470E+003  2.2015393467E-001 -1.8865175298E-001 -1.1348247023E-001
   1    35   0    0  9.9740283471E+003  2.2015393467E-001 -1.8865175298E-001 -1.1348247023E-001
   1    36   0    0  9.9750283472E+003  2.2015393467E-001 -1.8865175298E-001 -1.1348247023E-001
   1    37   0    0  9.9760283473E+003  2.2015393467E-001 -1.8865175298E-001 -1.1348247023E-001
   1    38   0    0  9.9770283474E+003  2.2015393467E-001 -1.8865175298E-001 -1.1348247023E-001
   1    39   0    0  9.9780283475E+003  2.2015393467E-001 -1.8865175298E-001 -1.1348247023E-001
   1    40   0    0  9.9790283476E+003  2.2015393467E-001 -1.8865175298E-001 -1.1348247023E-001
   1    41   4  503  9.9800283477E+003  2.2015393467E-001 -1.8865175298E-001 -1.1348247023E-001
   1    42   0    0  9.9810283478E+003  2.2015393467E-001 -1.8865175298E-001 -1.1348247023E-001
   1    43   0    0  9.9820283479E+003  2.2015393467E-001 -1.8865175298E-001 -1.1348247023E-001
   1    44   0    0  9.9830283480E+003  2.2015393467E-001 -1.8865175298E-001 -1.1348247023E-001
   1    45   0    0  9.9840283481E+003  2.2015393467E-001 -1.8865175298E-001 -1.1348247023E-001
   1    46   0    0  9.9850283482E+003  2.2015393467E-001 -1.8865175298E-001 -1.1348247023E-001
   1    47   0    0  9.9860283483E+003  2.2015393467E-001 -1.8865175298E-001 -1.1348247023E-001
   1    48   0    0  9.9870283484E+003  2.2015393467E-001 -1.8865175298E-001 -1.1348247023E-001
   1    49   0    0  9.9880283485E+003  2.2015393467E-001 -1.8865175298E-001 -1.1348247023E-001
   1    50   0    0  9.9890283486E+003  2.2015393467E-001 -1.8865175298E-001 -1.1348247023E-001
   1    51   0    0  9.9900283487E+003  2.2015393467E-001 -1.8865175298E-001 -1.1348247023E-001
   1    52   0    0  9.9910283488E+003  2.2015393467E-001 -1.8865175298E-001 -1.1348247023E-001
   1    53   0    0  9.9920283489E+003  2.2015393467E-001 -1.8865175298E-001 -1.1348247023E-001
   1    54   0    0  9.9930283490E+003  2.2015393467E-001 -1.8865175298E-001 -1.1348247023E-001
   1    55   0    0  9.9940283491E+003  2.2015393467E-001 -1.8865175298E-001 -1.1348247023E-001
   1    56   0    0  9.9950283492E+003  2.2015393467E-001 -1.8865175298E-001 -1.1348247023E-001
   1    57   0    0  9.9960283493E+003  2.2015393467E-001 -1.8865175298E-001 -1.1348247023E-001
   1    58   0    0  9.9970283494E+003  2.2015393467E-001 -1.8865175298E-001 -1.1348247023E-001
   1    59   0    0  9.9980283495E+003  2.2015393467E-001 -1.8865175298E-001 -1.1348247023E-001
   1    60   0    0  9.9990283496E+003  2.2015393467E-001 -1.8865175298E-001 -1.1348247023E-001
   1    61  -4  504  1.0000000000E+004  2.2015393467E-001 -1.8865175298E-001 -1.1348247023E-001
